dmv_entry_id,player_id,pass_number,year,date,tournament_id,tournament_name,location,category,place,rating_value,identity_status,source
DMV-150001,66059.0,66059.0,2016,2016-04-10,2016-04-10-Uerdingen,,,,,109.57,pass_verified,DMV_Teilnahmen_2015_2025_VOLLSTAENDIG
DMV-150002,66059.0,66059.0,2016,2016-04-23,2016-04-23-Herne,,,,,108.78,pass_verified,DMV_Teilnahmen_2015_2025_VOLLSTAENDIG
DMV-150003,66059.0,66059.0,2016,2016-05-22,2016-05-22-Mönchengladbach,,,,,113.119,pass_verified,DMV_Teilnahmen_2015_2025_VOLLSTAENDIG
DMV-150004,66059.0,66059.0,2016,2016-06-05,2016-06-05-Dormagen,,,,,114.28,pass_verified,DMV_Teilnahmen_2015_2025_VOLLSTAENDIG
DMV-150005,66059.0,66059.0,2016,2016-08-07,2016-08-07-Duisburg_Rheinhausen,"NBV-Landesliga Staffel I, 5. Spieltag",Kaarst,,,109.551,pass_verified,DMV_Teilnahmen_2015_2025_VOLLSTAENDIG
DMV-150006,66059.0,66059.0,2016,2016-09-04,2016-09-04-Kaarst,"3. Bundesliga Nord, Staffel I, 5. Spieltag",Dormagen,,,112.398,pass_verified,DMV_Teilnahmen_2015_2025_VOLLSTAENDIG
DMV-150007,66059.0,66059.0,2016,2016-09-25,2016-09-25-Kaarst,,,,,111.691,pass_verified,DMV_Teilnahmen_2015_2025_VOLLSTAENDIG
DMV-150008,66059.0,66059.0,2016,2016-09-04,2016-09-04-Büttgen,"3. Bundesliga Nord, Staffel I, 5. Spieltag",Dormagen,,,112.398,pass_verified,DMV_Teilnahmen_2015_2025_VOLLSTAENDIG
DMV-150009,66059.0,66059.0,2016,2016-09-25,2016-09-25-Büttgen,,,,,111.691,pass_verified,DMV_Teilnahmen_2015_2025_VOLLSTAENDIG
DMV-150010,66060.0,66060.0,2016,2016-01-30,2016-01-30-Mannheim_Sandhofen_Halle,,,,,101.773,pass_verified,DMV_Teilnahmen_2015_2025_VOLLSTAENDIG
DMV-150011,66060.0,66060.0,2016,2016-04-17,2016-04-17-Ludwigshafen,,,,,103.727,pass_verified,DMV_Teilnahmen_2015_2025_VOLLSTAENDIG
DMV-150012,66060.0,66060.0,2016,2016-04-24,2016-04-24-Bad_Kreuznach2,,,,,100.826,pass_verified,DMV_Teilnahmen_2015_2025_VOLLSTAENDIG
DMV-150013,66060.0,66060.0,2016,2016-05-01,2016-05-01-Mainz_Hartenberg2,MRP - Seniorenliga/A-Rangliste,Mainz,,14.0,103.546,pass_verified,DMV_Teilnahmen_2015_2025_VOLLSTAENDIG
DMV-150014,66060.0,66060.0,2016,2016-06-05,2016-06-05-Künzell,,,,,103.363,pass_verified,DMV_Teilnahmen_2015_2025_VOLLSTAENDIG
DMV-150015,66060.0,66060.0,2016,2016-06-12,2016-06-12-Traben_Trarbach,,,,,104.803,pass_verified,DMV_Teilnahmen_2015_2025_VOLLSTAENDIG
DMV-150016,66060.0,66060.0,2016,2016-08-18,2016-08-18-Traben_Trarbach,,,,,105.579,pass_verified,DMV_Teilnahmen_2015_2025_VOLLSTAENDIG
DMV-150017,66064.0,66064.0,2016,2016-01-24,2016-01-24-Mannheim_Sandhofen_Halle2,Südwestdeutsche Jugendmeisterschaft,Mannheim,,,109.101,pass_verified,DMV_Teilnahmen_2015_2025_VOLLSTAENDIG
DMV-150018,66064.0,66064.0,2016,2016-04-01,2016-04-01-Schweinfurt,,,,,105.374,pass_verified,DMV_Teilnahmen_2015_2025_VOLLSTAENDIG
DMV-150019,66064.0,66064.0,2016,2016-04-10,2016-04-10-Weinheim,2. Spieltag Jugendrangliste BBS / MRP,Weinheim,,4.0,105.725,pass_verified,DMV_Teilnahmen_2015_2025_VOLLSTAENDIG
DMV-150020,66064.0,66064.0,2016,2016-04-17,2016-04-17-Mainz_Hartenberg,,,,,106.673,pass_verified,DMV_Teilnahmen_2015_2025_VOLLSTAENDIG
DMV-150021,66064.0,66064.0,2016,2016-05-22,2016-05-22-Bad_Ems,,,,,106.017,pass_verified,DMV_Teilnahmen_2015_2025_VOLLSTAENDIG
DMV-150022,66064.0,66064.0,2016,2016-05-29,2016-05-29-Mainz_Hartenberg2,MRP-Jugendliga/A-Rangliste,Mainz,,3.0,103.783,pass_verified,DMV_Teilnahmen_2015_2025_VOLLSTAENDIG
DMV-150023,66064.0,66064.0,2016,2016-06-05,2016-06-05-Hachenburg,,,,,101.401,pass_verified,DMV_Teilnahmen_2015_2025_VOLLSTAENDIG
DMV-150024,66064.0,66064.0,2016,2016-06-19,2016-06-19-Rodalben,,,,,105.949,pass_verified,DMV_Teilnahmen_2015_2025_VOLLSTAENDIG
DMV-150025,66064.0,66064.0,2016,2016-07-21,2016-07-21-Weinheim,,,,,105.321,pass_verified,DMV_Teilnahmen_2015_2025_VOLLSTAENDIG
DMV-150026,66064.0,66064.0,2016,2016-09-04,2016-09-04-Bad_Bodendorf,"3. Bundesliga Nord, Staffel I, 5. Spieltag",Dormagen,,,105.061,pass_verified,DMV_Teilnahmen_2015_2025_VOLLSTAENDIG
DMV-150027,66064.0,66064.0,2016,2016-09-25,2016-09-25-Bad_Ems,,,,,102.904,pass_verified,DMV_Teilnahmen_2015_2025_VOLLSTAENDIG
DMV-150028,66064.0,66064.0,2016,2016-10-23,2016-10-23-Bildstock,,,,,101.822,pass_verified,DMV_Teilnahmen_2015_2025_VOLLSTAENDIG
DMV-150029,66066.0,66066.0,2016,2016-04-10,2016-04-10-Paderborn_Lieth,,,,,122.496,pass_verified,DMV_Teilnahmen_2015_2025_VOLLSTAENDIG
DMV-150030,66067.0,66067.0,2016,2016-04-10,2016-04-10-Neu_Wulmstorf,,,,,112.051,pass_verified,DMV_Teilnahmen_2015_2025_VOLLSTAENDIG
DMV-150031,66067.0,66067.0,2016,2016-04-24,2016-04-24-Hamburg_Niendorf,,,,,111.101,pass_verified,DMV_Teilnahmen_2015_2025_VOLLSTAENDIG
DMV-150032,66067.0,66067.0,2016,2016-05-14,2016-05-14-Celle,,,,,105.475,pass_verified,DMV_Teilnahmen_2015_2025_VOLLSTAENDIG
DMV-150033,66067.0,66067.0,2016,2016-05-22,2016-05-22-Hamburg_Lurup,,,,,106.06,pass_verified,DMV_Teilnahmen_2015_2025_VOLLSTAENDIG
DMV-150034,66067.0,66067.0,2016,2016-05-29,2016-05-29-Hamburg_Rahlstedt,MRP-Jugendliga/A-Rangliste,Mainz,,,99.53,pass_verified,DMV_Teilnahmen_2015_2025_VOLLSTAENDIG
DMV-150035,66067.0,66067.0,2016,2016-06-12,2016-06-12-Hamburg_Lurup,,,,,106.834,pass_verified,DMV_Teilnahmen_2015_2025_VOLLSTAENDIG
DMV-150036,66067.0,66067.0,2016,2016-06-19,2016-06-19-Hamburg_Lohbrügge,,,,,108.486,pass_verified,DMV_Teilnahmen_2015_2025_VOLLSTAENDIG
DMV-150037,66067.0,66067.0,2016,2016-07-23,2016-07-23-Bremen_Hastedt,,,,,108.215,pass_verified,DMV_Teilnahmen_2015_2025_VOLLSTAENDIG
DMV-150038,66067.0,66067.0,2016,2016-08-06,2016-08-06-Bad_Oldesloe,,,,,111.371,pass_verified,DMV_Teilnahmen_2015_2025_VOLLSTAENDIG
DMV-150039,66067.0,66067.0,2016,2016-09-04,2016-09-04-Hamburg_Rahlstedt,"3. Bundesliga Nord, Staffel I, 5. Spieltag",Dormagen,,,106.878,pass_verified,DMV_Teilnahmen_2015_2025_VOLLSTAENDIG
DMV-150040,66067.0,66067.0,2016,2016-09-25,2016-09-25-Neu_Wulmstorf,,,,,107.821,pass_verified,DMV_Teilnahmen_2015_2025_VOLLSTAENDIG
DMV-150041,66067.0,66067.0,2016,2016-10-02,2016-10-02-Hamburg_Lohbrügge,,,,,104.549,pass_verified,DMV_Teilnahmen_2015_2025_VOLLSTAENDIG
DMV-150042,66068.0,66068.0,2016,2016-04-17,2016-04-17-Bremen_Vahr,,,,,106.221,pass_verified,DMV_Teilnahmen_2015_2025_VOLLSTAENDIG
DMV-150043,66068.0,66068.0,2016,2016-05-22,2016-05-22-Bremen_Hastedt,,,,,106.739,pass_verified,DMV_Teilnahmen_2015_2025_VOLLSTAENDIG
DMV-150044,66068.0,66068.0,2016,2016-06-05,2016-06-05-Bremen_Vahr,,,,,107.821,pass_verified,DMV_Teilnahmen_2015_2025_VOLLSTAENDIG
DMV-150045,66068.0,66068.0,2016,2016-06-19,2016-06-19-Cuxhaven,,,,,108.911,pass_verified,DMV_Teilnahmen_2015_2025_VOLLSTAENDIG
DMV-150046,66068.0,66068.0,2016,2016-07-23,2016-07-23-Bremen_Hastedt,,,,,105.715,pass_verified,DMV_Teilnahmen_2015_2025_VOLLSTAENDIG
DMV-150047,66068.0,66068.0,2016,2016-07-31,2016-07-31-Lüneburg,,,,,104.492,pass_verified,DMV_Teilnahmen_2015_2025_VOLLSTAENDIG
DMV-150048,66071.0,66071.0,2016,2016-04-17,2016-04-17-Ludwigsburg,,,,,100.868,pass_verified,DMV_Teilnahmen_2015_2025_VOLLSTAENDIG
DMV-150049,66071.0,66071.0,2016,2016-05-22,2016-05-22-Wendlingen,,,,,102.031,pass_verified,DMV_Teilnahmen_2015_2025_VOLLSTAENDIG
DMV-150050,66071.0,66071.0,2016,2016-06-05,2016-06-05-Wernau,,,,,103.551,pass_verified,DMV_Teilnahmen_2015_2025_VOLLSTAENDIG
DMV-150051,66071.0,66071.0,2016,2016-06-19,2016-06-19-Ulm,,,,,104.283,pass_verified,DMV_Teilnahmen_2015_2025_VOLLSTAENDIG
DMV-150052,66071.0,66071.0,2016,2016-07-31,2016-07-31-Metzingen,,,,,102.216,pass_verified,DMV_Teilnahmen_2015_2025_VOLLSTAENDIG
DMV-150053,66071.0,66071.0,2016,2016-09-04,2016-09-04-Bad_Urach,"3. Bundesliga Nord, Staffel I, 5. Spieltag",Dormagen,,,101.348,pass_verified,DMV_Teilnahmen_2015_2025_VOLLSTAENDIG
DMV-150054,66072.0,66072.0,2016,2016-04-17,2016-04-17-Rheinstetten,1. Spieltag BBS-Verbandsliga Allg. Klasse,Rheinstetten,,,106.356,pass_verified,DMV_Teilnahmen_2015_2025_VOLLSTAENDIG
DMV-150055,66072.0,66072.0,2016,2016-05-22,2016-05-22-Sulzfeld,,,,,110.578,pass_verified,DMV_Teilnahmen_2015_2025_VOLLSTAENDIG
DMV-150056,66073.0,66073.0,2016,2016-01-03,2016-01-03-Mannheim_Sandhofen_Halle,,,,,103.063,pass_verified,DMV_Teilnahmen_2015_2025_VOLLSTAENDIG
DMV-150057,66073.0,66073.0,2016,2016-01-30,2016-01-30-Mannheim_Sandhofen_Halle,,,,,99.023,pass_verified,DMV_Teilnahmen_2015_2025_VOLLSTAENDIG
DMV-150058,66073.0,66073.0,2016,2016-03-27,2016-03-27-Bad_Homburg_Kirdorf,,,,,106.195,pass_verified,DMV_Teilnahmen_2015_2025_VOLLSTAENDIG
DMV-150059,66073.0,66073.0,2016,2016-05-22,2016-05-22-Traben_Trarbach,,,,,103.233,pass_verified,DMV_Teilnahmen_2015_2025_VOLLSTAENDIG
DMV-150060,66073.0,66073.0,2016,2016-06-05,2016-06-05-Bad_Kreuznach,,,,,103.05,pass_verified,DMV_Teilnahmen_2015_2025_VOLLSTAENDIG
DMV-150061,66073.0,66073.0,2016,2016-06-19,2016-06-19-Bad_Homburg_Hirschgarten,,,,,100.424,pass_verified,DMV_Teilnahmen_2015_2025_VOLLSTAENDIG
DMV-150062,66073.0,66073.0,2016,2016-07-31,2016-07-31-Bensheim,,,,,101.384,pass_verified,DMV_Teilnahmen_2015_2025_VOLLSTAENDIG
DMV-150063,66073.0,66073.0,2016,2016-08-28,2016-08-28-Traben_Trarbach,,,,,104.118,pass_verified,DMV_Teilnahmen_2015_2025_VOLLSTAENDIG
DMV-150064,66073.0,66073.0,2016,2016-09-24,2016-09-24-Bad_Homburg_Hirschgarten+Dreieich,,,,,101.144,pass_verified,DMV_Teilnahmen_2015_2025_VOLLSTAENDIG
DMV-150065,66073.0,66073.0,2016,2016-11-05,2016-11-05-Mannheim_Sandhofen_Halle,,,,,104.125,pass_verified,DMV_Teilnahmen_2015_2025_VOLLSTAENDIG
DMV-150066,66073.0,66073.0,2016,2016-12-03,2016-12-03-Mannheim_Sandhofen_Halle,,,,,100.697,pass_verified,DMV_Teilnahmen_2015_2025_VOLLSTAENDIG
DMV-150067,66073.0,66073.0,2016,2016-12-27,2016-12-27-Mannheim_Sandhofen_Halle,,,,,102.344,pass_verified,DMV_Teilnahmen_2015_2025_VOLLSTAENDIG
DMV-150068,66076.0,66076.0,2016,2016-04-10,2016-04-10-Leipzig_Clara_Zetkin_Park,,,,,114.706,pass_verified,DMV_Teilnahmen_2015_2025_VOLLSTAENDIG
DMV-150069,66076.0,66076.0,2016,2016-05-08,2016-05-08-Köthen,Badische Meisterschaften,Tuttlingen,,,113.396,pass_verified,DMV_Teilnahmen_2015_2025_VOLLSTAENDIG
DMV-150070,66076.0,66076.0,2016,2016-06-12,2016-06-12-Havelberg,,,,,111.53,pass_verified,DMV_Teilnahmen_2015_2025_VOLLSTAENDIG
DMV-150071,66076.0,66076.0,2016,2016-09-25,2016-09-25-Leipzig_Probstheida,,,,,109.174,pass_verified,DMV_Teilnahmen_2015_2025_VOLLSTAENDIG
DMV-150072,66076.0,66076.0,2016,2016-11-05,2016-11-05-Eibenstock_Halle,,,,,108.234,pass_verified,DMV_Teilnahmen_2015_2025_VOLLSTAENDIG
DMV-150073,66077.0,66077.0,2016,2016-04-10,2016-04-10-Leipzig_Clara_Zetkin_Park,,,,,111.039,pass_verified,DMV_Teilnahmen_2015_2025_VOLLSTAENDIG
DMV-150074,66077.0,66077.0,2016,2016-05-08,2016-05-08-Köthen,Badische Meisterschaften,Tuttlingen,,,116.396,pass_verified,DMV_Teilnahmen_2015_2025_VOLLSTAENDIG
DMV-150075,66077.0,66077.0,2016,2016-06-12,2016-06-12-Havelberg,,,,,114.03,pass_verified,DMV_Teilnahmen_2015_2025_VOLLSTAENDIG
DMV-150076,66077.0,66077.0,2016,2016-09-25,2016-09-25-Leipzig_Probstheida,,,,,112.924,pass_verified,DMV_Teilnahmen_2015_2025_VOLLSTAENDIG
DMV-150077,66077.0,66077.0,2016,2016-11-05,2016-11-05-Eibenstock_Halle,,,,,110.734,pass_verified,DMV_Teilnahmen_2015_2025_VOLLSTAENDIG
DMV-150078,66081.0,66081.0,2016,2016-04-24,2016-04-24-Olching,,,,,130.947,pass_verified,DMV_Teilnahmen_2015_2025_VOLLSTAENDIG
DMV-150079,66081.0,66081.0,2016,2016-08-21,2016-08-21-Olching,,,,,113.081,pass_verified,DMV_Teilnahmen_2015_2025_VOLLSTAENDIG
DMV-150080,66082.0,66082.0,2016,2016-04-24,2016-04-24-Olching,,,,,117.947,pass_verified,DMV_Teilnahmen_2015_2025_VOLLSTAENDIG
DMV-150081,66082.0,66082.0,2016,2016-05-26,2016-05-26-Kelheim,,,,,115.556,pass_verified,DMV_Teilnahmen_2015_2025_VOLLSTAENDIG
DMV-150082,66082.0,66082.0,2016,2016-08-21,2016-08-21-Olching,,,,,110.081,pass_verified,DMV_Teilnahmen_2015_2025_VOLLSTAENDIG
DMV-150083,66082.0,66082.0,2016,2016-10-09,2016-10-09-Kelheim,BMW Knopf Trophy 2016,Schriesheim,,,116.513,pass_verified,DMV_Teilnahmen_2015_2025_VOLLSTAENDIG
DMV-150084,66085.0,66085.0,2016,2016-05-22,2016-05-22-Wallenhorst_Rulle,,,,,108.943,pass_verified,DMV_Teilnahmen_2015_2025_VOLLSTAENDIG
DMV-150085,66086.0,66086.0,2016,2016-04-17,2016-04-17-Bremen_Vahr,,,,,108.971,pass_verified,DMV_Teilnahmen_2015_2025_VOLLSTAENDIG
DMV-150086,66086.0,66086.0,2016,2016-05-22,2016-05-22-Bremen_Hastedt,,,,,107.489,pass_verified,DMV_Teilnahmen_2015_2025_VOLLSTAENDIG
DMV-150087,66086.0,66086.0,2016,2016-06-05,2016-06-05-Bremen_Vahr,,,,,110.571,pass_verified,DMV_Teilnahmen_2015_2025_VOLLSTAENDIG
DMV-150088,66086.0,66086.0,2016,2016-06-19,2016-06-19-Cuxhaven,,,,,107.661,pass_verified,DMV_Teilnahmen_2015_2025_VOLLSTAENDIG
DMV-150089,66086.0,66086.0,2016,2016-07-31,2016-07-31-Lüneburg,,,,,108.742,pass_verified,DMV_Teilnahmen_2015_2025_VOLLSTAENDIG
DMV-150090,66088.0,66088.0,2016,2016-04-24,2016-04-24-Olching,,,,,112.28,pass_verified,DMV_Teilnahmen_2015_2025_VOLLSTAENDIG
DMV-150091,66088.0,66088.0,2016,2016-05-26,2016-05-26-Kelheim,,,,,107.848,pass_verified,DMV_Teilnahmen_2015_2025_VOLLSTAENDIG
DMV-150092,66088.0,66088.0,2016,2016-09-25,2016-09-25-Karlsfeld,,,,,113.243,pass_verified,DMV_Teilnahmen_2015_2025_VOLLSTAENDIG
DMV-150093,66088.0,66088.0,2016,2016-10-09,2016-10-09-Kelheim,BMW Knopf Trophy 2016,Schriesheim,,,106.18,pass_verified,DMV_Teilnahmen_2015_2025_VOLLSTAENDIG
DMV-150094,66089.0,66089.0,2016,2016-04-24,2016-04-24-Olching,,,,,110.28,pass_verified,DMV_Teilnahmen_2015_2025_VOLLSTAENDIG
DMV-150095,66089.0,66089.0,2016,2016-05-26,2016-05-26-Kelheim,,,,,108.348,pass_verified,DMV_Teilnahmen_2015_2025_VOLLSTAENDIG
DMV-150096,66089.0,66089.0,2016,2016-07-21,2016-07-21-Weinheim,,,,,110.196,pass_verified,DMV_Teilnahmen_2015_2025_VOLLSTAENDIG
DMV-150097,66089.0,66089.0,2016,2016-09-25,2016-09-25-Karlsfeld,,,,,107.243,pass_verified,DMV_Teilnahmen_2015_2025_VOLLSTAENDIG
DMV-150098,66096.0,66096.0,2016,2016-04-17,2016-04-17-Northeim,,,,,106.815,pass_verified,DMV_Teilnahmen_2015_2025_VOLLSTAENDIG
DMV-150099,66096.0,66096.0,2016,2016-05-22,2016-05-22-Vellmar,,,,,102.634,pass_verified,DMV_Teilnahmen_2015_2025_VOLLSTAENDIG
DMV-150100,66096.0,66096.0,2016,2016-06-05,2016-06-05-Gebhardshagen,"MVBN-Verbandsliga Süd, 3. Punktspiel",Gebhardshagen,,16.0,104.23,pass_verified,DMV_Teilnahmen_2015_2025_VOLLSTAENDIG
DMV-150101,66100.0,66100.0,2016,2016-03-20,2016-03-20-Bad_Godesberg,,,,,108.115,pass_verified,DMV_Teilnahmen_2015_2025_VOLLSTAENDIG
DMV-150102,66100.0,66100.0,2016,2016-04-17,2016-04-17-Mainz_Hartenberg,,,,,107.923,pass_verified,DMV_Teilnahmen_2015_2025_VOLLSTAENDIG
DMV-150103,66100.0,66100.0,2016,2016-04-24,2016-04-24-Bad_Kreuznach,,,,,109.166,pass_verified,DMV_Teilnahmen_2015_2025_VOLLSTAENDIG
DMV-150104,66100.0,66100.0,2016,2016-05-01,2016-05-01-Mainz_Hartenberg,MRP - Seniorenliga/A-Rangliste,Mainz,,11.0,108.224,pass_verified,DMV_Teilnahmen_2015_2025_VOLLSTAENDIG
DMV-150105,66100.0,66100.0,2016,2016-05-22,2016-05-22-Bad_Ems,,,,,105.767,pass_verified,DMV_Teilnahmen_2015_2025_VOLLSTAENDIG
DMV-150106,66100.0,66100.0,2016,2016-06-05,2016-06-05-Hachenburg,,,,,105.151,pass_verified,DMV_Teilnahmen_2015_2025_VOLLSTAENDIG
DMV-150107,66100.0,66100.0,2016,2016-06-19,2016-06-19-Rodalben,,,,,106.949,pass_verified,DMV_Teilnahmen_2015_2025_VOLLSTAENDIG
DMV-150108,66100.0,66100.0,2016,2016-07-09,2016-07-09-Bad_Bodendorf,,,,,104.764,pass_verified,DMV_Teilnahmen_2015_2025_VOLLSTAENDIG
DMV-150109,66100.0,66100.0,2016,2016-09-04,2016-09-04-Bad_Bodendorf,"3. Bundesliga Nord, Staffel I, 5. Spieltag",Dormagen,,,102.811,pass_verified,DMV_Teilnahmen_2015_2025_VOLLSTAENDIG
DMV-150110,66100.0,66100.0,2016,2016-09-25,2016-09-25-Bad_Ems,,,,,108.154,pass_verified,DMV_Teilnahmen_2015_2025_VOLLSTAENDIG
DMV-150111,66103.0,66103.0,2016,2016-04-17,2016-04-17-Bad_Godesberg,,,,,104.771,pass_verified,DMV_Teilnahmen_2015_2025_VOLLSTAENDIG
DMV-150112,66103.0,66103.0,2016,2016-05-22,2016-05-22-Castrop,"3. Bundesliga Nord Staffel 1, 2. Spieltag",Castrop-Rauxel,,2.0,104.043,pass_verified,DMV_Teilnahmen_2015_2025_VOLLSTAENDIG
DMV-150113,66103.0,66103.0,2016,2016-07-21,2016-07-21-Weinheim,,,,,102.971,pass_verified,DMV_Teilnahmen_2015_2025_VOLLSTAENDIG
DMV-150114,66103.0,66103.0,2016,2016-09-04,2016-09-04-Dormagen_Hackenbroich,"3. Bundesliga Nord, Staffel I, 5. Spieltag",Dormagen,,,102.983,pass_verified,DMV_Teilnahmen_2015_2025_VOLLSTAENDIG
DMV-150115,66105.0,66105.0,2016,2016-05-22,2016-05-22-Bensheim,,,,,106.534,pass_verified,DMV_Teilnahmen_2015_2025_VOLLSTAENDIG
DMV-150116,66105.0,66105.0,2016,2016-01-03,2016-01-03-Mannheim_Sandhofen_Halle,,,,,104.313,pass_verified,DMV_Teilnahmen_2015_2025_VOLLSTAENDIG
DMV-150117,66105.0,66105.0,2016,2016-01-30,2016-01-30-Mannheim_Sandhofen_Halle,,,,,104.523,pass_verified,DMV_Teilnahmen_2015_2025_VOLLSTAENDIG
DMV-150118,66105.0,66105.0,2016,2016-03-20,2016-03-20-Mannheim_Sandhofen_Halle,,,,,102.398,pass_verified,DMV_Teilnahmen_2015_2025_VOLLSTAENDIG
DMV-150119,66105.0,66105.0,2016,2016-04-10,2016-04-10-Bensheim,,,,,105.83,pass_verified,DMV_Teilnahmen_2015_2025_VOLLSTAENDIG
DMV-150120,66105.0,66105.0,2016,2016-04-17,2016-04-17-Pfungstadt,,,,,104.069,pass_verified,DMV_Teilnahmen_2015_2025_VOLLSTAENDIG
DMV-150121,66105.0,66105.0,2016,2016-05-01,2016-05-01-Bad_Soden,,,,,106.155,pass_verified,DMV_Teilnahmen_2015_2025_VOLLSTAENDIG
DMV-150122,66105.0,66105.0,2016,2016-06-05,2016-06-05-Arheilgen,,,,,106.037,pass_verified,DMV_Teilnahmen_2015_2025_VOLLSTAENDIG
DMV-150123,66105.0,66105.0,2016,2016-07-31,2016-07-31-Bad_Homburg_Hirschgarten,,,,,103.877,pass_verified,DMV_Teilnahmen_2015_2025_VOLLSTAENDIG
DMV-150124,66105.0,66105.0,2016,2016-08-06,2016-08-06-Mannheim,,,,,108.078,pass_verified,DMV_Teilnahmen_2015_2025_VOLLSTAENDIG
DMV-150125,66105.0,66105.0,2016,2016-08-18,2016-08-18-Mannheim,,,,,104.561,pass_verified,DMV_Teilnahmen_2015_2025_VOLLSTAENDIG
DMV-150126,66105.0,66105.0,2016,2016-09-04,2016-09-04-Mannheim_Sandhofen_Halle,"3. Bundesliga Nord, Staffel I, 5. Spieltag",Dormagen,,,104.456,pass_verified,DMV_Teilnahmen_2015_2025_VOLLSTAENDIG
DMV-150127,66105.0,66105.0,2016,2016-10-09,2016-10-09-Schriesheim,BMW Knopf Trophy 2016,Schriesheim,,18.0,110.356,pass_verified,DMV_Teilnahmen_2015_2025_VOLLSTAENDIG
DMV-150128,66110.0,66110.0,2016,2016-08-18,2016-08-18-Rauschenberg,,,,,111.019,pass_verified,DMV_Teilnahmen_2015_2025_VOLLSTAENDIG
DMV-150129,66112.0,66112.0,2016,2016-08-21,2016-08-21-Olching,,,,,121.081,pass_verified,DMV_Teilnahmen_2015_2025_VOLLSTAENDIG
DMV-150130,66114.0,66114.0,2016,2016-06-05,2016-06-05-Murnau_See,,,,,107.749,pass_verified,DMV_Teilnahmen_2015_2025_VOLLSTAENDIG
DMV-150131,66114.0,66114.0,2016,2016-09-04,2016-09-04-Kempten_Steinbruch,"3. Bundesliga Nord, Staffel I, 5. Spieltag",Dormagen,,,106.282,pass_verified,DMV_Teilnahmen_2015_2025_VOLLSTAENDIG
DMV-150132,66114.0,66114.0,2016,2016-10-01,2016-10-01-Landshut2,Europacup 2016,Neutraubling,,,111.12,pass_verified,DMV_Teilnahmen_2015_2025_VOLLSTAENDIG
DMV-150133,66115.0,66115.0,2016,2016-06-05,2016-06-05-Murnau_See,,,,,105.999,pass_verified,DMV_Teilnahmen_2015_2025_VOLLSTAENDIG
DMV-150134,66115.0,66115.0,2016,2016-07-31,2016-07-31-Illertissen,,,,,105.245,pass_verified,DMV_Teilnahmen_2015_2025_VOLLSTAENDIG
DMV-150135,66115.0,66115.0,2016,2016-09-04,2016-09-04-Kempten_Steinbruch,"3. Bundesliga Nord, Staffel I, 5. Spieltag",Dormagen,,,104.616,pass_verified,DMV_Teilnahmen_2015_2025_VOLLSTAENDIG
DMV-150136,66115.0,66115.0,2016,2016-10-01,2016-10-01-Landshut2,Europacup 2016,Neutraubling,,,102.787,pass_verified,DMV_Teilnahmen_2015_2025_VOLLSTAENDIG
DMV-150137,66117.0,66117.0,2016,2016-02-21,2016-02-21-Celle_Halle,,,,,107.855,pass_verified,DMV_Teilnahmen_2015_2025_VOLLSTAENDIG
DMV-150138,66117.0,66117.0,2016,2016-05-01,2016-05-01-Vellmar,,,,,106.434,pass_verified,DMV_Teilnahmen_2015_2025_VOLLSTAENDIG
DMV-150139,66117.0,66117.0,2016,2016-05-22,2016-05-22-Goslar,,,,,111.281,pass_verified,DMV_Teilnahmen_2015_2025_VOLLSTAENDIG
DMV-150140,66118.0,66118.0,2016,2016-03-04,2016-03-04-Celle_Halle,,,,,109.57,pass_verified,DMV_Teilnahmen_2015_2025_VOLLSTAENDIG
DMV-150141,66118.0,66118.0,2016,2016-05-01,2016-05-01-Vellmar,,,,,105.767,pass_verified,DMV_Teilnahmen_2015_2025_VOLLSTAENDIG
DMV-150142,66118.0,66118.0,2016,2016-05-22,2016-05-22-Goslar,,,,,106.281,pass_verified,DMV_Teilnahmen_2015_2025_VOLLSTAENDIG
DMV-150143,66118.0,66118.0,2016,2016-06-05,2016-06-05-Vellmar,,,,,108.144,pass_verified,DMV_Teilnahmen_2015_2025_VOLLSTAENDIG
DMV-150144,66119.0,66119.0,2016,2016-05-22,2016-05-22-Bensheim,,,,,102.284,pass_verified,DMV_Teilnahmen_2015_2025_VOLLSTAENDIG
DMV-150145,66119.0,66119.0,2016,2016-04-17,2016-04-17-Pfungstadt,,,,,102.319,pass_verified,DMV_Teilnahmen_2015_2025_VOLLSTAENDIG
DMV-150146,66119.0,66119.0,2016,2016-06-05,2016-06-05-Arheilgen,,,,,103.537,pass_verified,DMV_Teilnahmen_2015_2025_VOLLSTAENDIG
DMV-150147,66119.0,66119.0,2016,2016-07-31,2016-07-31-Bad_Homburg_Hirschgarten,,,,,101.127,pass_verified,DMV_Teilnahmen_2015_2025_VOLLSTAENDIG
DMV-150148,66119.0,66119.0,2016,2016-09-04,2016-09-04-Mannheim_Sandhofen_Halle,"3. Bundesliga Nord, Staffel I, 5. Spieltag",Dormagen,,,100.456,pass_verified,DMV_Teilnahmen_2015_2025_VOLLSTAENDIG
DMV-150149,66119.0,66119.0,2016,2016-09-24,2016-09-24-Bad_Homburg_Hirschgarten+Dreieich,,,,,101.894,pass_verified,DMV_Teilnahmen_2015_2025_VOLLSTAENDIG
DMV-150150,66120.0,66120.0,2016,2016-04-17,2016-04-17-Pfungstadt,,,,,111.569,pass_verified,DMV_Teilnahmen_2015_2025_VOLLSTAENDIG
DMV-150151,66120.0,66120.0,2016,2016-06-05,2016-06-05-Arheilgen,,,,,111.037,pass_verified,DMV_Teilnahmen_2015_2025_VOLLSTAENDIG
DMV-150152,66120.0,66120.0,2016,2016-07-31,2016-07-31-Bad_Homburg_Hirschgarten,,,,,106.377,pass_verified,DMV_Teilnahmen_2015_2025_VOLLSTAENDIG
DMV-150153,66123.0,66123.0,2016,2016-01-24,2016-01-24-Mannheim_Sandhofen_Halle,Südwestdeutsche Jugendmeisterschaft,Mannheim,,,106.478,pass_verified,DMV_Teilnahmen_2015_2025_VOLLSTAENDIG
DMV-150154,66123.0,66123.0,2016,2016-04-01,2016-04-01-Schweinfurt,,,,,108.674,pass_verified,DMV_Teilnahmen_2015_2025_VOLLSTAENDIG
DMV-150155,66123.0,66123.0,2016,2016-04-10,2016-04-10-Weinheim,2. Spieltag Jugendrangliste BBS / MRP,Weinheim,,12.0,102.975,pass_verified,DMV_Teilnahmen_2015_2025_VOLLSTAENDIG
DMV-150156,66123.0,66123.0,2016,2016-04-17,2016-04-17-Ohlsbach,,,,,103.855,pass_verified,DMV_Teilnahmen_2015_2025_VOLLSTAENDIG
DMV-150157,66123.0,66123.0,2016,2016-05-07,2016-05-07-Tuttlingen,,,,,101.023,pass_verified,DMV_Teilnahmen_2015_2025_VOLLSTAENDIG
DMV-150158,66123.0,66123.0,2016,2016-07-21,2016-07-21-Weinheim,,,,,106.946,pass_verified,DMV_Teilnahmen_2015_2025_VOLLSTAENDIG
DMV-150159,66123.0,66123.0,2016,2016-08-13,2016-08-13-Ohlsbach,,,,,104.338,pass_verified,DMV_Teilnahmen_2015_2025_VOLLSTAENDIG
DMV-150160,66123.0,66123.0,2016,2016-12-27,2016-12-27-Mannheim_Sandhofen_Halle,,,,,103.344,pass_verified,DMV_Teilnahmen_2015_2025_VOLLSTAENDIG
DMV-150161,66125.0,66125.0,2016,2016-05-01,2016-05-01-Berlin_Reinickendorf,,,,,102.36,pass_verified,DMV_Teilnahmen_2015_2025_VOLLSTAENDIG
DMV-150162,66125.0,66125.0,2016,2016-05-01,2016-05-01-Berlin_MärkischesViertel,,,,,102.36,pass_verified,DMV_Teilnahmen_2015_2025_VOLLSTAENDIG
DMV-150163,66125.0,66125.0,2016,2016-05-22,2016-05-22-Kiel_Gaarden,,,,,104.214,pass_verified,DMV_Teilnahmen_2015_2025_VOLLSTAENDIG
DMV-150164,66125.0,66125.0,2016,2016-05-29,2016-05-29-Berlin_Tegel_Adelheidallee,MRP-Jugendliga/A-Rangliste,Mainz,,,104.409,pass_verified,DMV_Teilnahmen_2015_2025_VOLLSTAENDIG
DMV-150165,66125.0,66125.0,2016,2016-06-05,2016-06-05-Berlin_Marienfelde,,,,,105.22,pass_verified,DMV_Teilnahmen_2015_2025_VOLLSTAENDIG
DMV-150166,66125.0,66125.0,2016,2016-06-12,2016-06-12-Berlin_Lankwitz,,,,,103.327,pass_verified,DMV_Teilnahmen_2015_2025_VOLLSTAENDIG
DMV-150167,66125.0,66125.0,2016,2016-06-19,2016-06-19-Berlin_MärkischesViertel,,,,,102.885,pass_verified,DMV_Teilnahmen_2015_2025_VOLLSTAENDIG
DMV-150168,66125.0,66125.0,2016,2016-09-04,2016-09-04-Cuxhaven,"3. Bundesliga Nord, Staffel I, 5. Spieltag",Dormagen,,,101.912,pass_verified,DMV_Teilnahmen_2015_2025_VOLLSTAENDIG
DMV-150169,66133.0,66133.0,2016,2016-04-17,2016-04-17-Bad_Münder,,,,,110.038,pass_verified,DMV_Teilnahmen_2015_2025_VOLLSTAENDIG
DMV-150170,66133.0,66133.0,2016,2016-05-22,2016-05-22-Springe,,,,,110.957,pass_verified,DMV_Teilnahmen_2015_2025_VOLLSTAENDIG
DMV-150171,66133.0,66133.0,2016,2016-06-05,2016-06-05-Diepholz,,,,,109.499,pass_verified,DMV_Teilnahmen_2015_2025_VOLLSTAENDIG
DMV-150172,66133.0,66133.0,2016,2016-07-31,2016-07-31-Hannover,,,,,108.346,pass_verified,DMV_Teilnahmen_2015_2025_VOLLSTAENDIG
DMV-150173,66134.0,66134.0,2016,2016-04-17,2016-04-17-Bad_Münder,,,,,118.038,pass_verified,DMV_Teilnahmen_2015_2025_VOLLSTAENDIG
DMV-150174,66134.0,66134.0,2016,2016-05-22,2016-05-22-Springe,,,,,111.707,pass_verified,DMV_Teilnahmen_2015_2025_VOLLSTAENDIG
DMV-150175,66134.0,66134.0,2016,2016-06-19,2016-06-19-Bad_Nenndorf,,,,,113.776,pass_verified,DMV_Teilnahmen_2015_2025_VOLLSTAENDIG
DMV-150176,66134.0,66134.0,2016,2016-07-31,2016-07-31-Hannover,,,,,112.846,pass_verified,DMV_Teilnahmen_2015_2025_VOLLSTAENDIG
DMV-150177,66136.0,66136.0,2016,2016-04-10,2016-04-10-Herne,,,,,104.269,pass_verified,DMV_Teilnahmen_2015_2025_VOLLSTAENDIG
DMV-150178,66136.0,66136.0,2016,2016-04-17,2016-04-17-Halver,,,,,105.737,pass_verified,DMV_Teilnahmen_2015_2025_VOLLSTAENDIG
DMV-150179,66136.0,66136.0,2016,2016-06-12,2016-06-12-Heilenbecke,,,,,102.53,pass_verified,DMV_Teilnahmen_2015_2025_VOLLSTAENDIG
DMV-150180,66136.0,66136.0,2016,2016-05-22,2016-05-22-Halver,,,,,105.3,pass_verified,DMV_Teilnahmen_2015_2025_VOLLSTAENDIG
DMV-150181,66136.0,66136.0,2016,2016-07-02,2016-07-02-Gevelsberg,,,,,100.867,pass_verified,DMV_Teilnahmen_2015_2025_VOLLSTAENDIG
DMV-150182,66136.0,66136.0,2016,2016-07-21,2016-07-21-Weinheim,,,,,103.671,pass_verified,DMV_Teilnahmen_2015_2025_VOLLSTAENDIG
DMV-150183,66136.0,66136.0,2016,2016-09-10,2016-09-10-Lüttringhausen,,,,,104.537,pass_verified,DMV_Teilnahmen_2015_2025_VOLLSTAENDIG
DMV-150184,66136.0,66136.0,2016,2016-10-23,2016-10-23-Gevelsberg,,,,,104.002,pass_verified,DMV_Teilnahmen_2015_2025_VOLLSTAENDIG
DMV-150185,66139.0,66139.0,2016,2016-05-22,2016-05-22-Bensheim,,,,,106.534,pass_verified,DMV_Teilnahmen_2015_2025_VOLLSTAENDIG
DMV-150186,66139.0,66139.0,2016,2016-04-17,2016-04-17-Pfungstadt,,,,,103.069,pass_verified,DMV_Teilnahmen_2015_2025_VOLLSTAENDIG
DMV-150187,66139.0,66139.0,2016,2016-07-31,2016-07-31-Bad_Homburg_Hirschgarten,,,,,106.627,pass_verified,DMV_Teilnahmen_2015_2025_VOLLSTAENDIG
DMV-150188,66139.0,66139.0,2016,2016-08-27,2016-08-27-Pfungstadt,,,,,105.351,pass_verified,DMV_Teilnahmen_2015_2025_VOLLSTAENDIG
DMV-150189,66139.0,66139.0,2016,2016-09-04,2016-09-04-Mannheim_Sandhofen_Halle,"3. Bundesliga Nord, Staffel I, 5. Spieltag",Dormagen,,,104.706,pass_verified,DMV_Teilnahmen_2015_2025_VOLLSTAENDIG
DMV-150190,66139.0,66139.0,2016,2016-09-24,2016-09-24-Bad_Homburg_Hirschgarten+Dreieich,,,,,107.519,pass_verified,DMV_Teilnahmen_2015_2025_VOLLSTAENDIG
DMV-150191,66140.0,66140.0,2016,2016-05-22,2016-05-22-Bad_Soden,,,,,116.762,pass_verified,DMV_Teilnahmen_2015_2025_VOLLSTAENDIG
DMV-150192,66140.0,66140.0,2016,2016-06-05,2016-06-05-Wetzlar,,,,,115.234,pass_verified,DMV_Teilnahmen_2015_2025_VOLLSTAENDIG
DMV-150193,66140.0,66140.0,2016,2016-06-19,2016-06-19-Biskirchen,,,,,118.106,pass_verified,DMV_Teilnahmen_2015_2025_VOLLSTAENDIG
DMV-150194,66140.0,66140.0,2016,2016-07-31,2016-07-31-Aßlar,,,,,113.885,pass_verified,DMV_Teilnahmen_2015_2025_VOLLSTAENDIG
DMV-150195,66140.0,66140.0,2016,2016-08-07,2016-08-07-Biskirchen,"NBV-Landesliga Staffel I, 5. Spieltag",Kaarst,,,113.721,pass_verified,DMV_Teilnahmen_2015_2025_VOLLSTAENDIG
DMV-150196,66140.0,66140.0,2016,2016-09-04,2016-09-04-Künzell,"3. Bundesliga Nord, Staffel I, 5. Spieltag",Dormagen,,,118.203,pass_verified,DMV_Teilnahmen_2015_2025_VOLLSTAENDIG
DMV-150197,66142.0,66142.0,2016,2016-05-22,2016-05-22-Mönchengladbach,,,,,113.786,pass_verified,DMV_Teilnahmen_2015_2025_VOLLSTAENDIG
DMV-150198,66142.0,66142.0,2016,2016-06-05,2016-06-05-Dormagen,,,,,110.28,pass_verified,DMV_Teilnahmen_2015_2025_VOLLSTAENDIG
DMV-150199,66142.0,66142.0,2016,2016-08-07,2016-08-07-Duisburg_Rheinhausen,"NBV-Landesliga Staffel I, 5. Spieltag",Kaarst,,,112.551,pass_verified,DMV_Teilnahmen_2015_2025_VOLLSTAENDIG
DMV-150200,66142.0,66142.0,2016,2016-09-04,2016-09-04-Kaarst,"3. Bundesliga Nord, Staffel I, 5. Spieltag",Dormagen,,,112.398,pass_verified,DMV_Teilnahmen_2015_2025_VOLLSTAENDIG
DMV-150201,66142.0,66142.0,2016,2016-09-04,2016-09-04-Büttgen,"3. Bundesliga Nord, Staffel I, 5. Spieltag",Dormagen,,,112.398,pass_verified,DMV_Teilnahmen_2015_2025_VOLLSTAENDIG
DMV-150202,66143.0,66143.0,2016,2016-04-23,2016-04-23-Herne,,,,,118.946,pass_verified,DMV_Teilnahmen_2015_2025_VOLLSTAENDIG
DMV-150203,66143.0,66143.0,2016,2016-05-22,2016-05-22-Mönchengladbach,,,,,120.453,pass_verified,DMV_Teilnahmen_2015_2025_VOLLSTAENDIG
DMV-150204,66143.0,66143.0,2016,2016-06-05,2016-06-05-Dormagen,,,,,117.28,pass_verified,DMV_Teilnahmen_2015_2025_VOLLSTAENDIG
DMV-150205,66143.0,66143.0,2016,2016-06-19,2016-06-19-Dormagen_Hackenbroich,,,,,122.227,pass_verified,DMV_Teilnahmen_2015_2025_VOLLSTAENDIG
DMV-150206,66143.0,66143.0,2016,2016-08-07,2016-08-07-Duisburg_Rheinhausen,"NBV-Landesliga Staffel I, 5. Spieltag",Kaarst,,,112.551,pass_verified,DMV_Teilnahmen_2015_2025_VOLLSTAENDIG
DMV-150207,66143.0,66143.0,2016,2016-09-04,2016-09-04-Kaarst,"3. Bundesliga Nord, Staffel I, 5. Spieltag",Dormagen,,,119.731,pass_verified,DMV_Teilnahmen_2015_2025_VOLLSTAENDIG
DMV-150208,66143.0,66143.0,2016,2016-09-04,2016-09-04-Büttgen,"3. Bundesliga Nord, Staffel I, 5. Spieltag",Dormagen,,,119.731,pass_verified,DMV_Teilnahmen_2015_2025_VOLLSTAENDIG
DMV-150209,66148.0,66148.0,2016,2016-07-31,2016-07-31-Wertheim,,,,,104.335,pass_verified,DMV_Teilnahmen_2015_2025_VOLLSTAENDIG
DMV-150210,66148.0,66148.0,2016,2016-09-04,2016-09-04-Würzburg_Löwenbrücke,"3. Bundesliga Nord, Staffel I, 5. Spieltag",Dormagen,,,105.551,pass_verified,DMV_Teilnahmen_2015_2025_VOLLSTAENDIG
DMV-150211,66148.0,66148.0,2016,2016-09-25,2016-09-25-Würzburg_Löwenbrücke,,,,,107.683,pass_verified,DMV_Teilnahmen_2015_2025_VOLLSTAENDIG
DMV-150212,66148.0,66148.0,2016,2016-11-05,2016-11-05-Eibenstock_Halle,,,,,104.567,pass_verified,DMV_Teilnahmen_2015_2025_VOLLSTAENDIG
DMV-150213,66150.0,66150.0,2016,2016-05-22,2016-05-22-Bensheim,,,,,106.034,pass_verified,DMV_Teilnahmen_2015_2025_VOLLSTAENDIG
DMV-150214,66150.0,66150.0,2016,2016-04-10,2016-04-10-Arheilgen2,,,,,112.201,pass_verified,DMV_Teilnahmen_2015_2025_VOLLSTAENDIG
DMV-150215,66150.0,66150.0,2016,2016-04-17,2016-04-17-Pfungstadt,,,,,105.819,pass_verified,DMV_Teilnahmen_2015_2025_VOLLSTAENDIG
DMV-150216,66150.0,66150.0,2016,2016-05-29,2016-05-29-Bensheim2,MRP-Jugendliga/A-Rangliste,Mainz,,,111.22,pass_verified,DMV_Teilnahmen_2015_2025_VOLLSTAENDIG
DMV-150217,66150.0,66150.0,2016,2016-06-05,2016-06-05-Arheilgen,,,,,111.537,pass_verified,DMV_Teilnahmen_2015_2025_VOLLSTAENDIG
DMV-150218,66150.0,66150.0,2016,2016-06-12,2016-06-12-Aßlar2,,,,,107.871,pass_verified,DMV_Teilnahmen_2015_2025_VOLLSTAENDIG
DMV-150219,66150.0,66150.0,2016,2016-07-21,2016-07-21-Weinheim,,,,,106.196,pass_verified,DMV_Teilnahmen_2015_2025_VOLLSTAENDIG
DMV-150220,66150.0,66150.0,2016,2016-08-27,2016-08-27-Pfungstadt,,,,,106.151,pass_verified,DMV_Teilnahmen_2015_2025_VOLLSTAENDIG
DMV-150221,66150.0,66150.0,2016,2016-09-04,2016-09-04-Mannheim_Sandhofen_Halle,"3. Bundesliga Nord, Staffel I, 5. Spieltag",Dormagen,,,106.206,pass_verified,DMV_Teilnahmen_2015_2025_VOLLSTAENDIG
DMV-150222,66150.0,66150.0,2016,2016-09-24,2016-09-24-Bad_Homburg_Hirschgarten+Dreieich,,,,,108.394,pass_verified,DMV_Teilnahmen_2015_2025_VOLLSTAENDIG
DMV-150223,66151.0,66151.0,2016,2016-04-10,2016-04-10-Arheilgen,,,,,108.735,pass_verified,DMV_Teilnahmen_2015_2025_VOLLSTAENDIG
DMV-150224,66151.0,66151.0,2016,2016-05-29,2016-05-29-Bensheim,MRP-Jugendliga/A-Rangliste,Mainz,,,102.933,pass_verified,DMV_Teilnahmen_2015_2025_VOLLSTAENDIG
DMV-150225,66151.0,66151.0,2016,2016-06-12,2016-06-12-Aßlar,,,,,105.038,pass_verified,DMV_Teilnahmen_2015_2025_VOLLSTAENDIG
DMV-150226,66151.0,66151.0,2016,2016-09-04,2016-09-04-Mannheim_Sandhofen_Halle,"3. Bundesliga Nord, Staffel I, 5. Spieltag",Dormagen,,,106.456,pass_verified,DMV_Teilnahmen_2015_2025_VOLLSTAENDIG
DMV-150227,66152.0,66152.0,2016,2016-04-10,2016-04-10-Uerdingen,,,,,115.237,pass_verified,DMV_Teilnahmen_2015_2025_VOLLSTAENDIG
DMV-150228,66152.0,66152.0,2016,2016-05-22,2016-05-22-Mönchengladbach,,,,,111.119,pass_verified,DMV_Teilnahmen_2015_2025_VOLLSTAENDIG
DMV-150229,66152.0,66152.0,2016,2016-06-19,2016-06-19-Dormagen_Hackenbroich,,,,,113.894,pass_verified,DMV_Teilnahmen_2015_2025_VOLLSTAENDIG
DMV-150230,66152.0,66152.0,2016,2016-08-07,2016-08-07-Duisburg_Rheinhausen,"NBV-Landesliga Staffel I, 5. Spieltag",Kaarst,,,110.884,pass_verified,DMV_Teilnahmen_2015_2025_VOLLSTAENDIG
DMV-150231,66152.0,66152.0,2016,2016-09-04,2016-09-04-Kaarst,"3. Bundesliga Nord, Staffel I, 5. Spieltag",Dormagen,,,116.065,pass_verified,DMV_Teilnahmen_2015_2025_VOLLSTAENDIG
DMV-150232,66152.0,66152.0,2016,2016-09-04,2016-09-04-Büttgen,"3. Bundesliga Nord, Staffel I, 5. Spieltag",Dormagen,,,116.065,pass_verified,DMV_Teilnahmen_2015_2025_VOLLSTAENDIG
DMV-150233,66157.0,66157.0,2016,2016-07-31,2016-07-31-Berlin_Britz,,,,,111.92,pass_verified,DMV_Teilnahmen_2015_2025_VOLLSTAENDIG
DMV-150234,66158.0,66158.0,2016,2016-04-10,2016-04-10-Ludwigshafen2,,,,,106.286,pass_verified,DMV_Teilnahmen_2015_2025_VOLLSTAENDIG
DMV-150235,66158.0,66158.0,2016,2016-01-03,2016-01-03-Mannheim_Sandhofen_Halle,,,,,101.813,pass_verified,DMV_Teilnahmen_2015_2025_VOLLSTAENDIG
DMV-150236,66158.0,66158.0,2016,2016-01-30,2016-01-30-Mannheim_Sandhofen_Halle,,,,,104.273,pass_verified,DMV_Teilnahmen_2015_2025_VOLLSTAENDIG
DMV-150237,66158.0,66158.0,2016,2016-04-24,2016-04-24-Bad_Kreuznach2,,,,,105.326,pass_verified,DMV_Teilnahmen_2015_2025_VOLLSTAENDIG
DMV-150238,66158.0,66158.0,2016,2016-05-08,2016-05-08-Schweinfurt,Badische Meisterschaften,Tuttlingen,,,108.231,pass_verified,DMV_Teilnahmen_2015_2025_VOLLSTAENDIG
DMV-150239,66158.0,66158.0,2016,2016-05-22,2016-05-22-Bad_Ems,,,,,105.517,pass_verified,DMV_Teilnahmen_2015_2025_VOLLSTAENDIG
DMV-150240,66158.0,66158.0,2016,2016-05-29,2016-05-29-Bad_Bodendorf,MRP-Jugendliga/A-Rangliste,Mainz,,,108.17,pass_verified,DMV_Teilnahmen_2015_2025_VOLLSTAENDIG
DMV-150241,66158.0,66158.0,2016,2016-06-05,2016-06-05-Hachenburg,,,,,110.401,pass_verified,DMV_Teilnahmen_2015_2025_VOLLSTAENDIG
DMV-150242,66158.0,66158.0,2016,2016-06-19,2016-06-19-Rodalben,,,,,109.449,pass_verified,DMV_Teilnahmen_2015_2025_VOLLSTAENDIG
DMV-150243,66158.0,66158.0,2016,2016-06-29,2016-06-29-Singen,,,,,106.326,pass_verified,DMV_Teilnahmen_2015_2025_VOLLSTAENDIG
DMV-150244,66158.0,66158.0,2016,2016-07-24,2016-07-24-Mitterteich,,,,,106.752,pass_verified,DMV_Teilnahmen_2015_2025_VOLLSTAENDIG
DMV-150245,66158.0,66158.0,2016,2016-08-06,2016-08-06-Mannheim,,,,,107.328,pass_verified,DMV_Teilnahmen_2015_2025_VOLLSTAENDIG
DMV-150246,66158.0,66158.0,2016,2016-09-04,2016-09-04-Bad_Bodendorf,"3. Bundesliga Nord, Staffel I, 5. Spieltag",Dormagen,,,107.311,pass_verified,DMV_Teilnahmen_2015_2025_VOLLSTAENDIG
DMV-150247,66158.0,66158.0,2016,2016-11-05,2016-11-05-Mannheim_Sandhofen_Halle,,,,,106.875,pass_verified,DMV_Teilnahmen_2015_2025_VOLLSTAENDIG
DMV-150248,66158.0,66158.0,2016,2016-12-03,2016-12-03-Mannheim_Sandhofen_Halle,,,,,103.947,pass_verified,DMV_Teilnahmen_2015_2025_VOLLSTAENDIG
DMV-150249,66159.0,66159.0,2016,2016-04-10,2016-04-10-Ludwigshafen2,,,,,110.286,pass_verified,DMV_Teilnahmen_2015_2025_VOLLSTAENDIG
DMV-150250,66159.0,66159.0,2016,2016-01-30,2016-01-30-Mannheim_Sandhofen_Halle,,,,,103.773,pass_verified,DMV_Teilnahmen_2015_2025_VOLLSTAENDIG
DMV-150251,66159.0,66159.0,2016,2016-04-24,2016-04-24-Bad_Kreuznach2,,,,,103.326,pass_verified,DMV_Teilnahmen_2015_2025_VOLLSTAENDIG
DMV-150252,66159.0,66159.0,2016,2016-05-08,2016-05-08-Schweinfurt,Badische Meisterschaften,Tuttlingen,,,110.981,pass_verified,DMV_Teilnahmen_2015_2025_VOLLSTAENDIG
DMV-150253,66159.0,66159.0,2016,2016-05-22,2016-05-22-Bad_Ems,,,,,109.267,pass_verified,DMV_Teilnahmen_2015_2025_VOLLSTAENDIG
DMV-150254,66159.0,66159.0,2016,2016-05-29,2016-05-29-Bad_Bodendorf,MRP-Jugendliga/A-Rangliste,Mainz,,,107.67,pass_verified,DMV_Teilnahmen_2015_2025_VOLLSTAENDIG
DMV-150255,66159.0,66159.0,2016,2016-06-05,2016-06-05-Hachenburg,,,,,110.901,pass_verified,DMV_Teilnahmen_2015_2025_VOLLSTAENDIG
DMV-150256,66159.0,66159.0,2016,2016-06-19,2016-06-19-Rodalben,,,,,111.199,pass_verified,DMV_Teilnahmen_2015_2025_VOLLSTAENDIG
DMV-150257,66159.0,66159.0,2016,2016-06-29,2016-06-29-Singen,,,,,105.726,pass_verified,DMV_Teilnahmen_2015_2025_VOLLSTAENDIG
DMV-150258,66159.0,66159.0,2016,2016-07-24,2016-07-24-Mitterteich,,,,,108.419,pass_verified,DMV_Teilnahmen_2015_2025_VOLLSTAENDIG
DMV-150259,66159.0,66159.0,2016,2016-11-05,2016-11-05-Mannheim_Sandhofen_Halle,,,,,111.375,pass_verified,DMV_Teilnahmen_2015_2025_VOLLSTAENDIG
DMV-150260,66160.0,66160.0,2016,2016-01-24,2016-01-24-Mannheim_Sandhofen_Halle2,Südwestdeutsche Jugendmeisterschaft,Mannheim,,,102.601,pass_verified,DMV_Teilnahmen_2015_2025_VOLLSTAENDIG
DMV-150261,66160.0,66160.0,2016,2016-01-30,2016-01-30-Mannheim_Sandhofen_Halle,,,,,103.773,pass_verified,DMV_Teilnahmen_2015_2025_VOLLSTAENDIG
DMV-150262,66160.0,66160.0,2016,2016-04-01,2016-04-01-Schweinfurt,,,,,106.774,pass_verified,DMV_Teilnahmen_2015_2025_VOLLSTAENDIG
DMV-150263,66160.0,66160.0,2016,2016-04-10,2016-04-10-Weinheim,2. Spieltag Jugendrangliste BBS / MRP,Weinheim,,2.0,104.225,pass_verified,DMV_Teilnahmen_2015_2025_VOLLSTAENDIG
DMV-150264,66160.0,66160.0,2016,2016-05-22,2016-05-22-Mannheim,,,,,102.729,pass_verified,DMV_Teilnahmen_2015_2025_VOLLSTAENDIG
DMV-150265,66160.0,66160.0,2016,2016-05-29,2016-05-29-Mainz_Hartenberg2,MRP-Jugendliga/A-Rangliste,Mainz,,1.0,101.783,pass_verified,DMV_Teilnahmen_2015_2025_VOLLSTAENDIG
DMV-150266,66160.0,66160.0,2016,2016-06-05,2016-06-05-Hachenburg,,,,,106.151,pass_verified,DMV_Teilnahmen_2015_2025_VOLLSTAENDIG
DMV-150267,66160.0,66160.0,2016,2016-06-12,2016-06-12-Traben_Trarbach,,,,,112.803,pass_verified,DMV_Teilnahmen_2015_2025_VOLLSTAENDIG
DMV-150268,66160.0,66160.0,2016,2016-06-19,2016-06-19-Rodalben,,,,,106.949,pass_verified,DMV_Teilnahmen_2015_2025_VOLLSTAENDIG
DMV-150269,66160.0,66160.0,2016,2016-09-04,2016-09-04-Bad_Bodendorf,"3. Bundesliga Nord, Staffel I, 5. Spieltag",Dormagen,,,104.561,pass_verified,DMV_Teilnahmen_2015_2025_VOLLSTAENDIG
DMV-150270,66160.0,66160.0,2016,2016-11-05,2016-11-05-Mannheim_Sandhofen_Halle,,,,,101.375,pass_verified,DMV_Teilnahmen_2015_2025_VOLLSTAENDIG
DMV-150271,66160.0,66160.0,2016,2016-12-03,2016-12-03-Mannheim_Sandhofen_Halle,,,,,101.447,pass_verified,DMV_Teilnahmen_2015_2025_VOLLSTAENDIG
DMV-150272,66161.0,66161.0,2016,2016-01-24,2016-01-24-Mannheim_Sandhofen_Halle2,Südwestdeutsche Jugendmeisterschaft,Mannheim,,,102.601,pass_verified,DMV_Teilnahmen_2015_2025_VOLLSTAENDIG
DMV-150273,66161.0,66161.0,2016,2016-01-30,2016-01-30-Mannheim_Sandhofen_Halle,,,,,100.273,pass_verified,DMV_Teilnahmen_2015_2025_VOLLSTAENDIG
DMV-150274,66161.0,66161.0,2016,2016-04-01,2016-04-01-Schweinfurt,,,,,101.974,pass_verified,DMV_Teilnahmen_2015_2025_VOLLSTAENDIG
DMV-150275,66161.0,66161.0,2016,2016-04-10,2016-04-10-Weinheim,2. Spieltag Jugendrangliste BBS / MRP,Weinheim,,2.0,102.725,pass_verified,DMV_Teilnahmen_2015_2025_VOLLSTAENDIG
DMV-150276,66161.0,66161.0,2016,2016-05-22,2016-05-22-Mannheim,,,,,99.729,pass_verified,DMV_Teilnahmen_2015_2025_VOLLSTAENDIG
DMV-150277,66161.0,66161.0,2016,2016-05-29,2016-05-29-Mainz_Hartenberg2,MRP-Jugendliga/A-Rangliste,Mainz,,2.0,102.283,pass_verified,DMV_Teilnahmen_2015_2025_VOLLSTAENDIG
DMV-150278,66161.0,66161.0,2016,2016-06-05,2016-06-05-Künzell,,,,,101.863,pass_verified,DMV_Teilnahmen_2015_2025_VOLLSTAENDIG
DMV-150279,66161.0,66161.0,2016,2016-06-12,2016-06-12-Traben_Trarbach,,,,,103.803,pass_verified,DMV_Teilnahmen_2015_2025_VOLLSTAENDIG
DMV-150280,66161.0,66161.0,2016,2016-06-19,2016-06-19-Schriesheim,"2. Bundesliga Süd Staffel I, 4. Spieltag",Schriesheim,,,98.701,pass_verified,DMV_Teilnahmen_2015_2025_VOLLSTAENDIG
DMV-150281,66161.0,66161.0,2016,2016-07-21,2016-07-21-Weinheim,,,,,101.154,pass_verified,DMV_Teilnahmen_2015_2025_VOLLSTAENDIG
DMV-150282,66161.0,66161.0,2016,2016-07-31,2016-07-31-Mainz_Hartenberg,"2. Bundesliga Süd, Staffel I, 5. Spieltag",Mainz,,,98.27,pass_verified,DMV_Teilnahmen_2015_2025_VOLLSTAENDIG
DMV-150283,66161.0,66161.0,2016,2016-08-06,2016-08-06-Mannheim,,,,,99.328,pass_verified,DMV_Teilnahmen_2015_2025_VOLLSTAENDIG
DMV-150284,66161.0,66161.0,2016,2016-10-01,2016-10-01-Landshut,Europacup 2016,Neutraubling,,,98.648,pass_verified,DMV_Teilnahmen_2015_2025_VOLLSTAENDIG
DMV-150285,66161.0,66161.0,2016,2016-11-05,2016-11-05-Mannheim_Sandhofen_Halle,,,,,99.375,pass_verified,DMV_Teilnahmen_2015_2025_VOLLSTAENDIG
DMV-150286,66161.0,66161.0,2016,2016-12-03,2016-12-03-Mannheim_Sandhofen_Halle,,,,,100.947,pass_verified,DMV_Teilnahmen_2015_2025_VOLLSTAENDIG
DMV-150287,66162.0,66162.0,2016,2016-04-01,2016-04-01-Schweinfurt,,,,,108.574,pass_verified,DMV_Teilnahmen_2015_2025_VOLLSTAENDIG
DMV-150288,66162.0,66162.0,2016,2016-04-10,2016-04-10-Arheilgen2,2. Spieltag Jugendrangliste BBS / MRP,Weinheim,,25.0,105.701,pass_verified,DMV_Teilnahmen_2015_2025_VOLLSTAENDIG
DMV-150289,66162.0,66162.0,2016,2016-05-01,2016-05-01-Pfungstadt2,,,,,107.567,pass_verified,DMV_Teilnahmen_2015_2025_VOLLSTAENDIG
DMV-150290,66162.0,66162.0,2016,2016-06-12,2016-06-12-Aßlar2,,,,,110.121,pass_verified,DMV_Teilnahmen_2015_2025_VOLLSTAENDIG
DMV-150291,66162.0,66162.0,2016,2016-07-10,2016-07-10-Arheilgen,,,,,107.313,pass_verified,DMV_Teilnahmen_2015_2025_VOLLSTAENDIG
DMV-150292,66162.0,66162.0,2016,2016-07-21,2016-07-21-Weinheim,,,,,106.321,pass_verified,DMV_Teilnahmen_2015_2025_VOLLSTAENDIG
DMV-150293,66163.0,66163.0,2016,2016-03-20,2016-03-20-Mannheim_Sandhofen_Halle,,,,,110.898,pass_verified,DMV_Teilnahmen_2015_2025_VOLLSTAENDIG
DMV-150294,66163.0,66163.0,2016,2016-04-10,2016-04-10-Bensheim,,,,,110.83,pass_verified,DMV_Teilnahmen_2015_2025_VOLLSTAENDIG
DMV-150295,66163.0,66163.0,2016,2016-05-01,2016-05-01-Bad_Soden,,,,,104.155,pass_verified,DMV_Teilnahmen_2015_2025_VOLLSTAENDIG
DMV-150296,66163.0,66163.0,2016,2016-05-22,2016-05-22-Dreieich,,,,,108.003,pass_verified,DMV_Teilnahmen_2015_2025_VOLLSTAENDIG
DMV-150297,66163.0,66163.0,2016,2016-05-29,2016-05-29-Arheilgen,MRP-Jugendliga/A-Rangliste,Mainz,,,108.324,pass_verified,DMV_Teilnahmen_2015_2025_VOLLSTAENDIG
DMV-150298,66163.0,66163.0,2016,2016-06-05,2016-06-05-Bad_Soden,,,,,105.758,pass_verified,DMV_Teilnahmen_2015_2025_VOLLSTAENDIG
DMV-150299,66163.0,66163.0,2016,2016-06-19,2016-06-19-Arheilgen,,,,,109.236,pass_verified,DMV_Teilnahmen_2015_2025_VOLLSTAENDIG
DMV-150300,66163.0,66163.0,2016,2016-07-31,2016-07-31-Weiterstadt,,,,,111.835,pass_verified,DMV_Teilnahmen_2015_2025_VOLLSTAENDIG
DMV-150301,66163.0,66163.0,2016,2016-09-04,2016-09-04-Bad_Homburg_Hirschgarten,"3. Bundesliga Nord, Staffel I, 5. Spieltag",Dormagen,,,108.412,pass_verified,DMV_Teilnahmen_2015_2025_VOLLSTAENDIG
DMV-150302,66163.0,66163.0,2016,2016-09-24,2016-09-24-Bad_Homburg_Hirschgarten+Dreieich,,,,,109.894,pass_verified,DMV_Teilnahmen_2015_2025_VOLLSTAENDIG
DMV-150303,66164.0,66164.0,2016,2016-04-10,2016-04-10-Herne,,,,,110.936,pass_verified,DMV_Teilnahmen_2015_2025_VOLLSTAENDIG
DMV-150304,66164.0,66164.0,2016,2016-04-17,2016-04-17-Halver,,,,,103.737,pass_verified,DMV_Teilnahmen_2015_2025_VOLLSTAENDIG
DMV-150305,66164.0,66164.0,2016,2016-06-12,2016-06-12-Heilenbecke,,,,,108.53,pass_verified,DMV_Teilnahmen_2015_2025_VOLLSTAENDIG
DMV-150306,66164.0,66164.0,2016,2016-05-22,2016-05-22-Halver,,,,,107.3,pass_verified,DMV_Teilnahmen_2015_2025_VOLLSTAENDIG
DMV-150307,66164.0,66164.0,2016,2016-07-02,2016-07-02-Gevelsberg,,,,,106.533,pass_verified,DMV_Teilnahmen_2015_2025_VOLLSTAENDIG
DMV-150308,66164.0,66164.0,2016,2016-07-21,2016-07-21-Weinheim,,,,,106.371,pass_verified,DMV_Teilnahmen_2015_2025_VOLLSTAENDIG
DMV-150309,66164.0,66164.0,2016,2016-08-07,2016-08-07-Witten_Herbede,"NBV-Landesliga Staffel I, 5. Spieltag",Kaarst,,4.0,106.32,pass_verified,DMV_Teilnahmen_2015_2025_VOLLSTAENDIG
DMV-150310,66173.0,66173.0,2016,2016-06-12,2016-06-12-Havelberg,,,,,107.53,pass_verified,DMV_Teilnahmen_2015_2025_VOLLSTAENDIG
DMV-150311,66174.0,66174.0,2016,2016-06-12,2016-06-12-Havelberg,,,,,111.28,pass_verified,DMV_Teilnahmen_2015_2025_VOLLSTAENDIG
DMV-150312,66176.0,66176.0,2016,2016-04-17,2016-04-17-Bad_Münder,,,,,112.288,pass_verified,DMV_Teilnahmen_2015_2025_VOLLSTAENDIG
DMV-150313,66176.0,66176.0,2016,2016-05-22,2016-05-22-Springe,,,,,112.457,pass_verified,DMV_Teilnahmen_2015_2025_VOLLSTAENDIG
DMV-150314,66176.0,66176.0,2016,2016-06-05,2016-06-05-Bad_Nenndorf,,,,,112.793,pass_verified,DMV_Teilnahmen_2015_2025_VOLLSTAENDIG
DMV-150315,66176.0,66176.0,2016,2016-06-19,2016-06-19-Seelze,,,,,112.981,pass_verified,DMV_Teilnahmen_2015_2025_VOLLSTAENDIG
DMV-150316,66176.0,66176.0,2016,2016-07-31,2016-07-31-Bad_Münder,,,,,106.066,pass_verified,DMV_Teilnahmen_2015_2025_VOLLSTAENDIG
DMV-150317,66176.0,66176.0,2016,2016-08-06,2016-08-06-Bad_Münder,,,,,105.102,pass_verified,DMV_Teilnahmen_2015_2025_VOLLSTAENDIG
DMV-150318,66176.0,66176.0,2016,2016-09-17,2016-09-17-Hannover,,,,,105.446,pass_verified,DMV_Teilnahmen_2015_2025_VOLLSTAENDIG
DMV-150319,66181.0,66181.0,2016,2016-04-17,2016-04-17-Peine,,,,,107.031,pass_verified,DMV_Teilnahmen_2015_2025_VOLLSTAENDIG
DMV-150320,66181.0,66181.0,2016,2016-06-25,2016-06-25-Goslar,,,,,105.128,pass_verified,DMV_Teilnahmen_2015_2025_VOLLSTAENDIG
DMV-150321,66181.0,66181.0,2016,2016-08-20,2016-08-20-Gebhardshagen,,,,,107.576,pass_verified,DMV_Teilnahmen_2015_2025_VOLLSTAENDIG
DMV-150322,66182.0,66182.0,2016,2016-04-17,2016-04-17-Peine,,,,,105.781,pass_verified,DMV_Teilnahmen_2015_2025_VOLLSTAENDIG
DMV-150323,66182.0,66182.0,2016,2016-05-22,2016-05-22-Gebhardshagen,,,,,104.702,pass_verified,DMV_Teilnahmen_2015_2025_VOLLSTAENDIG
DMV-150324,66182.0,66182.0,2016,2016-06-05,2016-06-05-Salzgitter,,,,,107.067,pass_verified,DMV_Teilnahmen_2015_2025_VOLLSTAENDIG
DMV-150325,66182.0,66182.0,2016,2016-06-19,2016-06-19-Peine,,,,,107.906,pass_verified,DMV_Teilnahmen_2015_2025_VOLLSTAENDIG
DMV-150326,66182.0,66182.0,2016,2016-06-25,2016-06-25-Goslar,,,,,108.878,pass_verified,DMV_Teilnahmen_2015_2025_VOLLSTAENDIG
DMV-150327,66182.0,66182.0,2016,2016-07-31,2016-07-31-Goslar,,,,,105.948,pass_verified,DMV_Teilnahmen_2015_2025_VOLLSTAENDIG
DMV-150328,66182.0,66182.0,2016,2016-08-13,2016-08-13-Salzgitter,,,,,105.555,pass_verified,DMV_Teilnahmen_2015_2025_VOLLSTAENDIG
DMV-150329,66182.0,66182.0,2016,2016-08-20,2016-08-20-Gebhardshagen,,,,,104.826,pass_verified,DMV_Teilnahmen_2015_2025_VOLLSTAENDIG
DMV-150330,66184.0,66184.0,2016,2016-04-10,2016-04-10-Epe,,,,,106.548,pass_verified,DMV_Teilnahmen_2015_2025_VOLLSTAENDIG
DMV-150331,66184.0,66184.0,2016,2016-05-22,2016-05-22-Wallenhorst_Rulle,,,,,109.943,pass_verified,DMV_Teilnahmen_2015_2025_VOLLSTAENDIG
DMV-150332,66184.0,66184.0,2016,2016-06-05,2016-06-05-Wesel,,,,,108.858,pass_verified,DMV_Teilnahmen_2015_2025_VOLLSTAENDIG
DMV-150333,66184.0,66184.0,2016,2016-06-19,2016-06-19-Gladbeck,,,,,109.687,pass_verified,DMV_Teilnahmen_2015_2025_VOLLSTAENDIG
DMV-150334,66184.0,66184.0,2016,2016-08-07,2016-08-07-Herten,"NBV-Landesliga Staffel I, 5. Spieltag",Kaarst,,,110.871,pass_verified,DMV_Teilnahmen_2015_2025_VOLLSTAENDIG
DMV-150335,66186.0,66186.0,2016,2016-04-10,2016-04-10-Witten_Herbede,,,,,110.309,pass_verified,DMV_Teilnahmen_2015_2025_VOLLSTAENDIG
DMV-150336,66186.0,66186.0,2016,2016-05-22,2016-05-22-Lüttringhausen,,,,,108.618,pass_verified,DMV_Teilnahmen_2015_2025_VOLLSTAENDIG
DMV-150337,66186.0,66186.0,2016,2016-06-05,2016-06-05-Witten_Herbede,,,,,108.409,pass_verified,DMV_Teilnahmen_2015_2025_VOLLSTAENDIG
DMV-150338,66186.0,66186.0,2016,2016-08-07,2016-08-07-Wermelskirchen,"NBV-Landesliga Staffel I, 5. Spieltag",Kaarst,,,108.607,pass_verified,DMV_Teilnahmen_2015_2025_VOLLSTAENDIG
DMV-150339,66186.0,66186.0,2016,2016-09-04,2016-09-04-Lünen,"3. Bundesliga Nord, Staffel I, 5. Spieltag",Dormagen,,,106.605,pass_verified,DMV_Teilnahmen_2015_2025_VOLLSTAENDIG
DMV-150340,66186.0,66186.0,2016,2016-10-23,2016-10-23-Gevelsberg,,,,,108.752,pass_verified,DMV_Teilnahmen_2015_2025_VOLLSTAENDIG
DMV-150341,66187.0,66187.0,2016,2016-04-17,2016-04-17-Peine,,,,,103.281,pass_verified,DMV_Teilnahmen_2015_2025_VOLLSTAENDIG
DMV-150342,66187.0,66187.0,2016,2016-05-22,2016-05-22-Gebhardshagen,,,,,103.202,pass_verified,DMV_Teilnahmen_2015_2025_VOLLSTAENDIG
DMV-150343,66187.0,66187.0,2016,2016-06-05,2016-06-05-Salzgitter,,,,,102.567,pass_verified,DMV_Teilnahmen_2015_2025_VOLLSTAENDIG
DMV-150344,66187.0,66187.0,2016,2016-06-19,2016-06-19-Peine,,,,,101.906,pass_verified,DMV_Teilnahmen_2015_2025_VOLLSTAENDIG
DMV-150345,66187.0,66187.0,2016,2016-07-31,2016-07-31-Goslar,,,,,106.198,pass_verified,DMV_Teilnahmen_2015_2025_VOLLSTAENDIG
DMV-150346,66188.0,66188.0,2016,2016-04-10,2016-04-10-Arheilgen2,,,,,113.701,pass_verified,DMV_Teilnahmen_2015_2025_VOLLSTAENDIG
DMV-150347,66188.0,66188.0,2016,2016-05-01,2016-05-01-Pfungstadt2,,,,,112.817,pass_verified,DMV_Teilnahmen_2015_2025_VOLLSTAENDIG
DMV-150348,66188.0,66188.0,2016,2016-05-22,2016-05-22-Bad_Soden,,,,,111.012,pass_verified,DMV_Teilnahmen_2015_2025_VOLLSTAENDIG
DMV-150349,66188.0,66188.0,2016,2016-05-29,2016-05-29-Bensheim2,MRP-Jugendliga/A-Rangliste,Mainz,,,111.72,pass_verified,DMV_Teilnahmen_2015_2025_VOLLSTAENDIG
DMV-150350,66188.0,66188.0,2016,2016-06-05,2016-06-05-Wetzlar,,,,,109.734,pass_verified,DMV_Teilnahmen_2015_2025_VOLLSTAENDIG
DMV-150351,66188.0,66188.0,2016,2016-06-12,2016-06-12-Aßlar2,,,,,113.871,pass_verified,DMV_Teilnahmen_2015_2025_VOLLSTAENDIG
DMV-150352,66188.0,66188.0,2016,2016-06-19,2016-06-19-Biskirchen,,,,,113.106,pass_verified,DMV_Teilnahmen_2015_2025_VOLLSTAENDIG
DMV-150353,66188.0,66188.0,2016,2016-07-31,2016-07-31-Aßlar,,,,,113.885,pass_verified,DMV_Teilnahmen_2015_2025_VOLLSTAENDIG
DMV-150354,66188.0,66188.0,2016,2016-08-07,2016-08-07-Biskirchen,"NBV-Landesliga Staffel I, 5. Spieltag",Kaarst,,,112.121,pass_verified,DMV_Teilnahmen_2015_2025_VOLLSTAENDIG
DMV-150355,66188.0,66188.0,2016,2016-09-04,2016-09-04-Künzell,"3. Bundesliga Nord, Staffel I, 5. Spieltag",Dormagen,,,111.87,pass_verified,DMV_Teilnahmen_2015_2025_VOLLSTAENDIG
DMV-150356,66192.0,66192.0,2016,2016-08-28,2016-08-28-Gladbeck,,,,,111.339,pass_verified,DMV_Teilnahmen_2015_2025_VOLLSTAENDIG
DMV-150357,66192.0,66192.0,2016,2016-09-17,2016-09-17-Witten_Herbede,,,,,114.342,pass_verified,DMV_Teilnahmen_2015_2025_VOLLSTAENDIG
DMV-150358,66195.0,66195.0,2016,2016-04-01,2016-04-01-Schweinfurt,,,,,107.374,pass_verified,DMV_Teilnahmen_2015_2025_VOLLSTAENDIG
DMV-150359,66195.0,66195.0,2016,2016-05-29,2016-05-29-Bliesen,MRP-Jugendliga/A-Rangliste,Mainz,,,112.069,pass_verified,DMV_Teilnahmen_2015_2025_VOLLSTAENDIG
DMV-150360,66195.0,66195.0,2016,2016-06-26,2016-06-26-Dudweiler,,,,,114.6,pass_verified,DMV_Teilnahmen_2015_2025_VOLLSTAENDIG
DMV-150361,66195.0,66195.0,2016,2016-07-21,2016-07-21-Weinheim,,,,,106.946,pass_verified,DMV_Teilnahmen_2015_2025_VOLLSTAENDIG
DMV-150362,66196.0,66196.0,2016,2016-03-20,2016-03-20-Bad_Godesberg,,,,,108.782,pass_verified,DMV_Teilnahmen_2015_2025_VOLLSTAENDIG
DMV-150363,66196.0,66196.0,2016,2016-04-10,2016-04-10-Köln_Freizeitinsel,,,,,109.979,pass_verified,DMV_Teilnahmen_2015_2025_VOLLSTAENDIG
DMV-150364,66196.0,66196.0,2016,2016-05-22,2016-05-22-Bad_Godesberg,,,,,108.129,pass_verified,DMV_Teilnahmen_2015_2025_VOLLSTAENDIG
DMV-150365,66196.0,66196.0,2016,2016-07-23,2016-07-23-Bremen_Hastedt,,,,,114.465,pass_verified,DMV_Teilnahmen_2015_2025_VOLLSTAENDIG
DMV-150366,66198.0,66198.0,2016,2016-03-28,2016-03-28-Kempten_Steinbruch,,,,,105.651,pass_verified,DMV_Teilnahmen_2015_2025_VOLLSTAENDIG
DMV-150367,66198.0,66198.0,2016,2016-06-05,2016-06-05-Murnau_See,,,,,109.499,pass_verified,DMV_Teilnahmen_2015_2025_VOLLSTAENDIG
DMV-150368,66198.0,66198.0,2016,2016-06-12,2016-06-12-Ottobrunn,,,,,113.166,pass_verified,DMV_Teilnahmen_2015_2025_VOLLSTAENDIG
DMV-150369,66198.0,66198.0,2016,2016-07-31,2016-07-31-Illertissen,,,,,112.745,pass_verified,DMV_Teilnahmen_2015_2025_VOLLSTAENDIG
DMV-150370,66198.0,66198.0,2016,2016-08-07,2016-08-07-Garmisch_Partenkirchen,"NBV-Landesliga Staffel I, 5. Spieltag",Kaarst,,,105.965,pass_verified,DMV_Teilnahmen_2015_2025_VOLLSTAENDIG
DMV-150371,66198.0,66198.0,2016,2016-08-28,2016-08-28-Kempten_Steinbruch,,,,,108.878,pass_verified,DMV_Teilnahmen_2015_2025_VOLLSTAENDIG
DMV-150372,66198.0,66198.0,2016,2016-09-04,2016-09-04-Kempten_Steinbruch,"3. Bundesliga Nord, Staffel I, 5. Spieltag",Dormagen,,,108.282,pass_verified,DMV_Teilnahmen_2015_2025_VOLLSTAENDIG
DMV-150373,66203.0,66203.0,2016,2016-04-17,2016-04-17-Bad_Mergentheim,,,,,99.267,pass_verified,DMV_Teilnahmen_2015_2025_VOLLSTAENDIG
DMV-150374,66203.0,66203.0,2016,2016-05-22,2016-05-22-Neutraubling,,,,,102.866,pass_verified,DMV_Teilnahmen_2015_2025_VOLLSTAENDIG
DMV-150375,66203.0,66203.0,2016,2016-06-19,2016-06-19-Höchberg,,,,,100.058,pass_verified,DMV_Teilnahmen_2015_2025_VOLLSTAENDIG
DMV-150376,66203.0,66203.0,2016,2016-08-21,2016-08-21-Olching,,,,,99.081,pass_verified,DMV_Teilnahmen_2015_2025_VOLLSTAENDIG
DMV-150377,66203.0,66203.0,2016,2016-09-04,2016-09-04-Olching,"3. Bundesliga Nord, Staffel I, 5. Spieltag",Dormagen,,,103.392,pass_verified,DMV_Teilnahmen_2015_2025_VOLLSTAENDIG
DMV-150378,66203.0,66203.0,2016,2016-09-11,2016-09-11-Ingolstadt_Auwaldsee,,,,,100.406,pass_verified,DMV_Teilnahmen_2015_2025_VOLLSTAENDIG
DMV-150379,66205.0,66205.0,2016,2016-04-10,2016-04-10-Epe,,,,,106.882,pass_verified,DMV_Teilnahmen_2015_2025_VOLLSTAENDIG
DMV-150380,66205.0,66205.0,2016,2016-05-22,2016-05-22-Wallenhorst_Rulle,,,,,106.943,pass_verified,DMV_Teilnahmen_2015_2025_VOLLSTAENDIG
DMV-150381,66205.0,66205.0,2016,2016-06-05,2016-06-05-Wesel,,,,,105.858,pass_verified,DMV_Teilnahmen_2015_2025_VOLLSTAENDIG
DMV-150382,66205.0,66205.0,2016,2016-06-19,2016-06-19-Gladbeck,,,,,107.354,pass_verified,DMV_Teilnahmen_2015_2025_VOLLSTAENDIG
DMV-150383,66205.0,66205.0,2016,2016-08-07,2016-08-07-Herten,"NBV-Landesliga Staffel I, 5. Spieltag",Kaarst,,,109.538,pass_verified,DMV_Teilnahmen_2015_2025_VOLLSTAENDIG
DMV-150384,66206.0,66206.0,2016,2016-01-31,2016-01-31-Celle_Halle,,,,,103.614,pass_verified,DMV_Teilnahmen_2015_2025_VOLLSTAENDIG
DMV-150385,66206.0,66206.0,2016,2016-03-04,2016-03-04-Celle_Halle,,,,,101.82,pass_verified,DMV_Teilnahmen_2015_2025_VOLLSTAENDIG
DMV-150386,66206.0,66206.0,2016,2016-03-20,2016-03-20-Celle_Halle,,,,,101.471,pass_verified,DMV_Teilnahmen_2015_2025_VOLLSTAENDIG
DMV-150387,66206.0,66206.0,2016,2016-05-22,2016-05-22-Gebhardshagen,,,,,103.452,pass_verified,DMV_Teilnahmen_2015_2025_VOLLSTAENDIG
DMV-150388,66206.0,66206.0,2016,2016-06-05,2016-06-05-Salzgitter,,,,,102.067,pass_verified,DMV_Teilnahmen_2015_2025_VOLLSTAENDIG
DMV-150389,66206.0,66206.0,2016,2016-06-19,2016-06-19-Peine,,,,,101.156,pass_verified,DMV_Teilnahmen_2015_2025_VOLLSTAENDIG
DMV-150390,66206.0,66206.0,2016,2016-05-01,2016-05-01-Goslar,,,,,104.951,pass_verified,DMV_Teilnahmen_2015_2025_VOLLSTAENDIG
DMV-150391,66206.0,66206.0,2016,2016-07-31,2016-07-31-Goslar,,,,,103.948,pass_verified,DMV_Teilnahmen_2015_2025_VOLLSTAENDIG
DMV-150392,66206.0,66206.0,2016,2016-08-20,2016-08-20-Gebhardshagen,,,,,103.326,pass_verified,DMV_Teilnahmen_2015_2025_VOLLSTAENDIG
DMV-150393,66210.0,66210.0,2016,2016-03-27,2016-03-27-Landshut,,,,,106.858,pass_verified,DMV_Teilnahmen_2015_2025_VOLLSTAENDIG
DMV-150394,66210.0,66210.0,2016,2016-04-17,2016-04-17-Kelheim,,,,,108.649,pass_verified,DMV_Teilnahmen_2015_2025_VOLLSTAENDIG
DMV-150395,66210.0,66210.0,2016,2016-06-05,2016-06-05-Landshut,,,,,105.425,pass_verified,DMV_Teilnahmen_2015_2025_VOLLSTAENDIG
DMV-150396,66210.0,66210.0,2016,2016-06-19,2016-06-19-Wolnzach,,,,,111.87,pass_verified,DMV_Teilnahmen_2015_2025_VOLLSTAENDIG
DMV-150397,66213.0,66213.0,2016,2016-03-26,2016-03-26-Weinheim,,,,,106.392,pass_verified,DMV_Teilnahmen_2015_2025_VOLLSTAENDIG
DMV-150398,66213.0,66213.0,2016,2016-05-22,2016-05-22-Ladenburg,,,,,104.538,pass_verified,DMV_Teilnahmen_2015_2025_VOLLSTAENDIG
DMV-150399,66213.0,66213.0,2016,2016-06-05,2016-06-05-Weinheim,"BBS-Landesliga, 2. Spieltag",Weinheim,,,105.367,pass_verified,DMV_Teilnahmen_2015_2025_VOLLSTAENDIG
DMV-150400,66213.0,66213.0,2016,2016-07-31,2016-07-31-Ilvesheim,,,,,105.693,pass_verified,DMV_Teilnahmen_2015_2025_VOLLSTAENDIG
DMV-150401,66222.0,66222.0,2016,2016-01-30,2016-01-30-Mannheim_Sandhofen_Halle,,,,,109.273,pass_verified,DMV_Teilnahmen_2015_2025_VOLLSTAENDIG
DMV-150402,66222.0,66222.0,2016,2016-04-10,2016-04-10-Mönchengladbach,,,,,108.74,pass_verified,DMV_Teilnahmen_2015_2025_VOLLSTAENDIG
DMV-150403,66222.0,66222.0,2016,2016-05-22,2016-05-22-Halver2,,,,,109.239,pass_verified,DMV_Teilnahmen_2015_2025_VOLLSTAENDIG
DMV-150404,66222.0,66222.0,2016,2016-06-05,2016-06-05-Neheim_Hüsten,,,,,104.408,pass_verified,DMV_Teilnahmen_2015_2025_VOLLSTAENDIG
DMV-150405,66222.0,66222.0,2016,2016-07-21,2016-07-21-Weinheim,,,,,104.404,pass_verified,DMV_Teilnahmen_2015_2025_VOLLSTAENDIG
DMV-150406,66222.0,66222.0,2016,2016-08-07,2016-08-07-Dormagen_Hackenbroich,"NBV-Landesliga Staffel I, 5. Spieltag",Kaarst,,1.0,102.862,pass_verified,DMV_Teilnahmen_2015_2025_VOLLSTAENDIG
DMV-150407,66222.0,66222.0,2016,2016-11-05,2016-11-05-Halver_Halle,,,,,104.584,pass_verified,DMV_Teilnahmen_2015_2025_VOLLSTAENDIG
DMV-150408,66223.0,66223.0,2016,2016-10-09,2016-10-09-Schriesheim,BMW Knopf Trophy 2016,Schriesheim,,8.0,102.022,pass_verified,DMV_Teilnahmen_2015_2025_VOLLSTAENDIG
DMV-150409,66225.0,66225.0,2016,2016-01-24,2016-01-24-Mannheim_Sandhofen_Halle,Südwestdeutsche Jugendmeisterschaft,Mannheim,,,110.978,pass_verified,DMV_Teilnahmen_2015_2025_VOLLSTAENDIG
DMV-150410,66225.0,66225.0,2016,2016-04-01,2016-04-01-Schweinfurt,,,,,106.474,pass_verified,DMV_Teilnahmen_2015_2025_VOLLSTAENDIG
DMV-150411,66225.0,66225.0,2016,2016-04-10,2016-04-10-Weinheim,2. Spieltag Jugendrangliste BBS / MRP,Weinheim,,6.0,108.225,pass_verified,DMV_Teilnahmen_2015_2025_VOLLSTAENDIG
DMV-150412,66225.0,66225.0,2016,2016-05-07,2016-05-07-Tuttlingen,,,,,106.773,pass_verified,DMV_Teilnahmen_2015_2025_VOLLSTAENDIG
DMV-150413,66225.0,66225.0,2016,2016-07-21,2016-07-21-Weinheim,,,,,105.821,pass_verified,DMV_Teilnahmen_2015_2025_VOLLSTAENDIG
DMV-150414,66227.0,66227.0,2016,2016-08-07,2016-08-07-Garmisch_Partenkirchen,"NBV-Landesliga Staffel I, 5. Spieltag",Kaarst,,,108.965,pass_verified,DMV_Teilnahmen_2015_2025_VOLLSTAENDIG
DMV-150415,66227.0,66227.0,2016,2016-08-14,2016-08-14-Illertissen,26. Rebland-Turnier,Ohlsbach,,,117.826,pass_verified,DMV_Teilnahmen_2015_2025_VOLLSTAENDIG
DMV-150416,66227.0,66227.0,2016,2016-08-28,2016-08-28-Kempten_Steinbruch,,,,,114.544,pass_verified,DMV_Teilnahmen_2015_2025_VOLLSTAENDIG
DMV-150417,66227.0,66227.0,2016,2016-09-04,2016-09-04-Kempten_Steinbruch,"3. Bundesliga Nord, Staffel I, 5. Spieltag",Dormagen,,,114.616,pass_verified,DMV_Teilnahmen_2015_2025_VOLLSTAENDIG
DMV-150418,66227.0,66227.0,2016,2016-09-18,2016-09-18-Murnau_See,Heven-Cup 2016,Witten,,,118.422,pass_verified,DMV_Teilnahmen_2015_2025_VOLLSTAENDIG
DMV-150419,66228.0,66228.0,2016,2016-03-13,2016-03-13-Köln_Freizeitinsel,,,,,103.861,pass_verified,DMV_Teilnahmen_2015_2025_VOLLSTAENDIG
DMV-150420,66228.0,66228.0,2016,2016-04-10,2016-04-10-Köln_Freizeitinsel,,,,,102.646,pass_verified,DMV_Teilnahmen_2015_2025_VOLLSTAENDIG
DMV-150421,66228.0,66228.0,2016,2016-05-22,2016-05-22-Bad_Godesberg,,,,,102.462,pass_verified,DMV_Teilnahmen_2015_2025_VOLLSTAENDIG
DMV-150422,66228.0,66228.0,2016,2016-06-05,2016-06-05-Paffendorf,,,,,101.07,pass_verified,DMV_Teilnahmen_2015_2025_VOLLSTAENDIG
DMV-150423,66228.0,66228.0,2016,2016-06-19,2016-06-19-Wesseling,,,,,103.732,pass_verified,DMV_Teilnahmen_2015_2025_VOLLSTAENDIG
DMV-150424,66228.0,66228.0,2016,2016-08-07,2016-08-07-Kerpen,"NBV-Landesliga Staffel I, 5. Spieltag",Kaarst,,,103.088,pass_verified,DMV_Teilnahmen_2015_2025_VOLLSTAENDIG
DMV-150425,66228.0,66228.0,2016,2016-09-25,2016-09-25-Kaarst,,,,,103.941,pass_verified,DMV_Teilnahmen_2015_2025_VOLLSTAENDIG
DMV-150426,66228.0,66228.0,2016,2016-10-29,2016-10-29-Paffendorf,,,,,99.294,pass_verified,DMV_Teilnahmen_2015_2025_VOLLSTAENDIG
DMV-150427,66228.0,66228.0,2016,2016-09-25,2016-09-25-Büttgen,,,,,103.941,pass_verified,DMV_Teilnahmen_2015_2025_VOLLSTAENDIG
DMV-150428,66229.0,66229.0,2016,2016-06-19,2016-06-19-Wertheim,,,,,104.615,pass_verified,DMV_Teilnahmen_2015_2025_VOLLSTAENDIG
DMV-150429,66229.0,66229.0,2016,2016-07-03,2016-07-03-Wertheim,,,,,105.522,pass_verified,DMV_Teilnahmen_2015_2025_VOLLSTAENDIG
DMV-150430,66229.0,66229.0,2016,2016-07-31,2016-07-31-Wertheim2,,,,,104.002,pass_verified,DMV_Teilnahmen_2015_2025_VOLLSTAENDIG
DMV-150431,66229.0,66229.0,2016,2016-09-04,2016-09-04-Würzburg_Löwenbrücke,"3. Bundesliga Nord, Staffel I, 5. Spieltag",Dormagen,,,103.551,pass_verified,DMV_Teilnahmen_2015_2025_VOLLSTAENDIG
DMV-150432,66229.0,66229.0,2016,2016-09-25,2016-09-25-Würzburg_Löwenbrücke,,,,,104.433,pass_verified,DMV_Teilnahmen_2015_2025_VOLLSTAENDIG
DMV-150433,66234.0,66234.0,2016,2016-04-10,2016-04-10-Wallenhorst_Rulle,,,,,106.001,pass_verified,DMV_Teilnahmen_2015_2025_VOLLSTAENDIG
DMV-150434,66234.0,66234.0,2016,2016-04-23,2016-04-23-Herne,,,,,104.946,pass_verified,DMV_Teilnahmen_2015_2025_VOLLSTAENDIG
DMV-150435,66234.0,66234.0,2016,2016-05-22,2016-05-22-Gladbeck,,,,,105.138,pass_verified,DMV_Teilnahmen_2015_2025_VOLLSTAENDIG
DMV-150436,66234.0,66234.0,2016,2016-06-05,2016-06-05-Herten,,,,,104.071,pass_verified,DMV_Teilnahmen_2015_2025_VOLLSTAENDIG
DMV-150437,66234.0,66234.0,2016,2016-06-19,2016-06-19-Essen_Vogelheim,,,,,105.936,pass_verified,DMV_Teilnahmen_2015_2025_VOLLSTAENDIG
DMV-150438,66234.0,66234.0,2016,2016-08-28,2016-08-28-Gladbeck,,,,,102.839,pass_verified,DMV_Teilnahmen_2015_2025_VOLLSTAENDIG
DMV-150439,66235.0,66235.0,2016,2016-07-09,2016-07-09-Bad_Bodendorf,,,,,124.264,pass_verified,DMV_Teilnahmen_2015_2025_VOLLSTAENDIG
DMV-150440,66235.0,66235.0,2016,2016-09-04,2016-09-04-Bad_Bodendorf,"3. Bundesliga Nord, Staffel I, 5. Spieltag",Dormagen,,,125.811,pass_verified,DMV_Teilnahmen_2015_2025_VOLLSTAENDIG
DMV-150441,66236.0,66236.0,2016,2016-03-13,2016-03-13-Köln_Freizeitinsel,,,,,117.194,pass_verified,DMV_Teilnahmen_2015_2025_VOLLSTAENDIG
DMV-150442,66236.0,66236.0,2016,2016-03-20,2016-03-20-Bad_Godesberg,,,,,114.782,pass_verified,DMV_Teilnahmen_2015_2025_VOLLSTAENDIG
DMV-150443,66236.0,66236.0,2016,2016-04-10,2016-04-10-Bad_Godesberg,,,,,116.563,pass_verified,DMV_Teilnahmen_2015_2025_VOLLSTAENDIG
DMV-150444,66236.0,66236.0,2016,2016-05-22,2016-05-22-Nümbrecht,,,,,117.742,pass_verified,DMV_Teilnahmen_2015_2025_VOLLSTAENDIG
DMV-150445,66236.0,66236.0,2016,2016-06-05,2016-06-05-Köln_Rath,,,,,109.352,pass_verified,DMV_Teilnahmen_2015_2025_VOLLSTAENDIG
DMV-150446,66236.0,66236.0,2016,2016-06-19,2016-06-19-Attendorn,,,,,117.628,pass_verified,DMV_Teilnahmen_2015_2025_VOLLSTAENDIG
DMV-150447,66236.0,66236.0,2016,2016-08-07,2016-08-07-Köln_Ehrenfeld,"NBV-Landesliga Staffel I, 5. Spieltag",Kaarst,,,134.417,pass_verified,DMV_Teilnahmen_2015_2025_VOLLSTAENDIG
DMV-150448,66239.0,66239.0,2016,2016-05-22,2016-05-22-Bad_Soden,,,,,110.512,pass_verified,DMV_Teilnahmen_2015_2025_VOLLSTAENDIG
DMV-150449,66239.0,66239.0,2016,2016-06-19,2016-06-19-Biskirchen,,,,,114.856,pass_verified,DMV_Teilnahmen_2015_2025_VOLLSTAENDIG
DMV-150450,66239.0,66239.0,2016,2016-07-31,2016-07-31-Aßlar,,,,,117.885,pass_verified,DMV_Teilnahmen_2015_2025_VOLLSTAENDIG
DMV-150451,66240.0,66240.0,2016,2016-03-28,2016-03-28-Kempten_Steinbruch,,,,,103.317,pass_verified,DMV_Teilnahmen_2015_2025_VOLLSTAENDIG
DMV-150452,66240.0,66240.0,2016,2016-08-28,2016-08-28-Kempten_Steinbruch,,,,,105.878,pass_verified,DMV_Teilnahmen_2015_2025_VOLLSTAENDIG
DMV-150453,66240.0,66240.0,2016,2016-09-04,2016-09-04-Kempten_Steinbruch,"3. Bundesliga Nord, Staffel I, 5. Spieltag",Dormagen,,,105.616,pass_verified,DMV_Teilnahmen_2015_2025_VOLLSTAENDIG
DMV-150454,66244.0,66244.0,2016,2016-04-10,2016-04-10-Herne,,,,,108.936,pass_verified,DMV_Teilnahmen_2015_2025_VOLLSTAENDIG
DMV-150455,66244.0,66244.0,2016,2016-06-12,2016-06-12-Heilenbecke,,,,,107.196,pass_verified,DMV_Teilnahmen_2015_2025_VOLLSTAENDIG
DMV-150456,66244.0,66244.0,2016,2016-06-05,2016-06-05-Gevelsberg,,,,,107.484,pass_verified,DMV_Teilnahmen_2015_2025_VOLLSTAENDIG
DMV-150457,66244.0,66244.0,2016,2016-08-07,2016-08-07-Witten_Herbede,"NBV-Landesliga Staffel I, 5. Spieltag",Kaarst,,,110.32,pass_verified,DMV_Teilnahmen_2015_2025_VOLLSTAENDIG
DMV-150458,66244.0,66244.0,2016,2016-09-10,2016-09-10-Lüttringhausen,,,,,107.204,pass_verified,DMV_Teilnahmen_2015_2025_VOLLSTAENDIG
DMV-150459,66244.0,66244.0,2016,2016-11-05,2016-11-05-Halver_Halle,,,,,106.834,pass_verified,DMV_Teilnahmen_2015_2025_VOLLSTAENDIG
DMV-150460,66248.0,66248.0,2016,2016-04-10,2016-04-10-Velbert_Hardenberg,"NBV-Landesliga Staffel 1, 1. Spieltag",Hardenberg,,3.0,104.94,pass_verified,DMV_Teilnahmen_2015_2025_VOLLSTAENDIG
DMV-150461,66248.0,66248.0,2016,2016-06-19,2016-06-19-Velbert_Langenberg,,,,,105.535,pass_verified,DMV_Teilnahmen_2015_2025_VOLLSTAENDIG
DMV-150462,66253.0,66253.0,2016,2016-05-22,2016-05-22-Bensheim,,,,,104.284,pass_verified,DMV_Teilnahmen_2015_2025_VOLLSTAENDIG
DMV-150463,66253.0,66253.0,2016,2016-01-30,2016-01-30-Mannheim_Sandhofen_Halle,,,,,105.273,pass_verified,DMV_Teilnahmen_2015_2025_VOLLSTAENDIG
DMV-150464,66253.0,66253.0,2016,2016-04-01,2016-04-01-Schweinfurt,,,,,105.074,pass_verified,DMV_Teilnahmen_2015_2025_VOLLSTAENDIG
DMV-150465,66253.0,66253.0,2016,2016-04-10,2016-04-10-Arheilgen2,2. Spieltag Jugendrangliste BBS / MRP,Weinheim,,21.0,103.451,pass_verified,DMV_Teilnahmen_2015_2025_VOLLSTAENDIG
DMV-150466,66253.0,66253.0,2016,2016-04-17,2016-04-17-Pfungstadt,,,,,105.069,pass_verified,DMV_Teilnahmen_2015_2025_VOLLSTAENDIG
DMV-150467,66253.0,66253.0,2016,2016-05-01,2016-05-01-Pfungstadt2,,,,,105.067,pass_verified,DMV_Teilnahmen_2015_2025_VOLLSTAENDIG
DMV-150468,66253.0,66253.0,2016,2016-05-29,2016-05-29-Bensheim2,MRP-Jugendliga/A-Rangliste,Mainz,,,103.72,pass_verified,DMV_Teilnahmen_2015_2025_VOLLSTAENDIG
DMV-150469,66253.0,66253.0,2016,2016-06-05,2016-06-05-Arheilgen,,,,,101.787,pass_verified,DMV_Teilnahmen_2015_2025_VOLLSTAENDIG
DMV-150470,66253.0,66253.0,2016,2016-06-12,2016-06-12-Aßlar2,,,,,102.621,pass_verified,DMV_Teilnahmen_2015_2025_VOLLSTAENDIG
DMV-150471,66253.0,66253.0,2016,2016-06-19,2016-06-19-Bad_Homburg_Hirschgarten,,,,,105.424,pass_verified,DMV_Teilnahmen_2015_2025_VOLLSTAENDIG
DMV-150472,66253.0,66253.0,2016,2016-07-31,2016-07-31-Bad_Homburg_Hirschgarten,,,,,103.127,pass_verified,DMV_Teilnahmen_2015_2025_VOLLSTAENDIG
DMV-150473,66253.0,66253.0,2016,2016-09-04,2016-09-04-Mannheim_Sandhofen_Halle,"3. Bundesliga Nord, Staffel I, 5. Spieltag",Dormagen,,,102.956,pass_verified,DMV_Teilnahmen_2015_2025_VOLLSTAENDIG
DMV-150474,66253.0,66253.0,2016,2016-09-24,2016-09-24-Bad_Homburg_Hirschgarten+Dreieich,,,,,103.644,pass_verified,DMV_Teilnahmen_2015_2025_VOLLSTAENDIG
DMV-150475,66254.0,66254.0,2016,2016-05-22,2016-05-22-Bensheim,,,,,107.534,pass_verified,DMV_Teilnahmen_2015_2025_VOLLSTAENDIG
DMV-150476,66254.0,66254.0,2016,2016-01-03,2016-01-03-Mannheim_Sandhofen_Halle,,,,,103.563,pass_verified,DMV_Teilnahmen_2015_2025_VOLLSTAENDIG
DMV-150477,66254.0,66254.0,2016,2016-01-30,2016-01-30-Mannheim_Sandhofen_Halle,,,,,102.273,pass_verified,DMV_Teilnahmen_2015_2025_VOLLSTAENDIG
DMV-150478,66254.0,66254.0,2016,2016-04-10,2016-04-10-Arheilgen,,,,,104.485,pass_verified,DMV_Teilnahmen_2015_2025_VOLLSTAENDIG
DMV-150479,66254.0,66254.0,2016,2016-04-17,2016-04-17-Pfungstadt,,,,,104.569,pass_verified,DMV_Teilnahmen_2015_2025_VOLLSTAENDIG
DMV-150480,66254.0,66254.0,2016,2016-05-01,2016-05-01-Pfungstadt,,,,,104.651,pass_verified,DMV_Teilnahmen_2015_2025_VOLLSTAENDIG
DMV-150481,66254.0,66254.0,2016,2016-05-29,2016-05-29-Bensheim,MRP-Jugendliga/A-Rangliste,Mainz,,,106.933,pass_verified,DMV_Teilnahmen_2015_2025_VOLLSTAENDIG
DMV-150482,66254.0,66254.0,2016,2016-06-05,2016-06-05-Arheilgen,,,,,104.287,pass_verified,DMV_Teilnahmen_2015_2025_VOLLSTAENDIG
DMV-150483,66254.0,66254.0,2016,2016-06-12,2016-06-12-Aßlar,,,,,106.038,pass_verified,DMV_Teilnahmen_2015_2025_VOLLSTAENDIG
DMV-150484,66254.0,66254.0,2016,2016-07-31,2016-07-31-Bad_Homburg_Hirschgarten,,,,,103.627,pass_verified,DMV_Teilnahmen_2015_2025_VOLLSTAENDIG
DMV-150485,66254.0,66254.0,2016,2016-09-04,2016-09-04-Mannheim_Sandhofen_Halle,"3. Bundesliga Nord, Staffel I, 5. Spieltag",Dormagen,,,103.456,pass_verified,DMV_Teilnahmen_2015_2025_VOLLSTAENDIG
DMV-150486,66254.0,66254.0,2016,2016-09-24,2016-09-24-Bad_Homburg_Hirschgarten+Dreieich,,,,,103.269,pass_verified,DMV_Teilnahmen_2015_2025_VOLLSTAENDIG
DMV-150487,66256.0,66256.0,2016,2016-01-30,2016-01-30-Mannheim_Sandhofen_Halle,,,,,103.523,pass_verified,DMV_Teilnahmen_2015_2025_VOLLSTAENDIG
DMV-150488,66256.0,66256.0,2016,2016-03-27,2016-03-27-Landshut,,,,,104.525,pass_verified,DMV_Teilnahmen_2015_2025_VOLLSTAENDIG
DMV-150489,66256.0,66256.0,2016,2016-04-17,2016-04-17-Bamberg,,,,,104.402,pass_verified,DMV_Teilnahmen_2015_2025_VOLLSTAENDIG
DMV-150490,66256.0,66256.0,2016,2016-04-24,2016-04-24-Ingolstadt_Auwaldsee,,,,,103.056,pass_verified,DMV_Teilnahmen_2015_2025_VOLLSTAENDIG
DMV-150491,66256.0,66256.0,2016,2016-05-08,2016-05-08-Schweinfurt,Badische Meisterschaften,Tuttlingen,,,106.731,pass_verified,DMV_Teilnahmen_2015_2025_VOLLSTAENDIG
DMV-150492,66256.0,66256.0,2016,2016-05-15,2016-05-15-Bad_Berneck,,,,,106.941,pass_verified,DMV_Teilnahmen_2015_2025_VOLLSTAENDIG
DMV-150493,66256.0,66256.0,2016,2016-05-26,2016-05-26-Kelheim,,,,,105.931,pass_verified,DMV_Teilnahmen_2015_2025_VOLLSTAENDIG
DMV-150494,66256.0,66256.0,2016,2016-06-05,2016-06-05-Mitterteich,"MVBN-Verbandsliga Süd, 3. Punktspiel",Gebhardshagen,,22.0,107.609,pass_verified,DMV_Teilnahmen_2015_2025_VOLLSTAENDIG
DMV-150495,66256.0,66256.0,2016,2016-07-13,2016-07-13-Wanne_Eickel,,,,,106.432,pass_verified,DMV_Teilnahmen_2015_2025_VOLLSTAENDIG
DMV-150496,66256.0,66256.0,2016,2016-07-24,2016-07-24-Mitterteich,,,,,105.085,pass_verified,DMV_Teilnahmen_2015_2025_VOLLSTAENDIG
DMV-150497,66256.0,66256.0,2016,2016-08-14,2016-08-14-Lichtenfels,26. Rebland-Turnier,Ohlsbach,,,106.941,pass_verified,DMV_Teilnahmen_2015_2025_VOLLSTAENDIG
DMV-150498,66256.0,66256.0,2016,2016-08-18,2016-08-18-Traben_Trarbach,,,,,102.329,pass_verified,DMV_Teilnahmen_2015_2025_VOLLSTAENDIG
DMV-150499,66256.0,66256.0,2016,2016-09-04,2016-09-04-Bad_Berneck,"3. Bundesliga Nord, Staffel I, 5. Spieltag",Dormagen,,,103.469,pass_verified,DMV_Teilnahmen_2015_2025_VOLLSTAENDIG
DMV-150500,66256.0,66256.0,2016,2016-09-18,2016-09-18-Murnau_See,Heven-Cup 2016,Witten,,,105.922,pass_verified,DMV_Teilnahmen_2015_2025_VOLLSTAENDIG
DMV-150501,66256.0,66256.0,2016,2016-10-09,2016-10-09-Kelheim,BMW Knopf Trophy 2016,Schriesheim,,,104.18,pass_verified,DMV_Teilnahmen_2015_2025_VOLLSTAENDIG
DMV-150502,66256.0,66256.0,2016,2016-11-19,2016-11-19-Halver_Halle,,,,,104.162,pass_verified,DMV_Teilnahmen_2015_2025_VOLLSTAENDIG
DMV-150503,66256.0,66256.0,2016,2016-12-03,2016-12-03-Mannheim_Sandhofen_Halle,,,,,105.197,pass_verified,DMV_Teilnahmen_2015_2025_VOLLSTAENDIG
DMV-150504,66259.0,66259.0,2016,2016-05-22,2016-05-22-Bad_Salzuflen,,,,,117.362,pass_verified,DMV_Teilnahmen_2015_2025_VOLLSTAENDIG
DMV-150505,66259.0,66259.0,2016,2016-06-05,2016-06-05-Detmold,,,,,111.116,pass_verified,DMV_Teilnahmen_2015_2025_VOLLSTAENDIG
DMV-150506,66259.0,66259.0,2016,2016-06-19,2016-06-19-Paderborn_Fischteiche,,,,,113.917,pass_verified,DMV_Teilnahmen_2015_2025_VOLLSTAENDIG
DMV-150507,66261.0,66261.0,2016,2016-05-22,2016-05-22-Bensheim,,,,,104.034,pass_verified,DMV_Teilnahmen_2015_2025_VOLLSTAENDIG
DMV-150508,66261.0,66261.0,2016,2016-04-01,2016-04-01-Schweinfurt,,,,,104.674,pass_verified,DMV_Teilnahmen_2015_2025_VOLLSTAENDIG
DMV-150509,66261.0,66261.0,2016,2016-04-10,2016-04-10-Arheilgen2,2. Spieltag Jugendrangliste BBS / MRP,Weinheim,,19.0,105.451,pass_verified,DMV_Teilnahmen_2015_2025_VOLLSTAENDIG
DMV-150510,66261.0,66261.0,2016,2016-04-17,2016-04-17-Pfungstadt,,,,,102.569,pass_verified,DMV_Teilnahmen_2015_2025_VOLLSTAENDIG
DMV-150511,66261.0,66261.0,2016,2016-05-01,2016-05-01-Pfungstadt2,,,,,103.567,pass_verified,DMV_Teilnahmen_2015_2025_VOLLSTAENDIG
DMV-150512,66261.0,66261.0,2016,2016-05-29,2016-05-29-Bensheim2,MRP-Jugendliga/A-Rangliste,Mainz,,,104.22,pass_verified,DMV_Teilnahmen_2015_2025_VOLLSTAENDIG
DMV-150513,66261.0,66261.0,2016,2016-06-05,2016-06-05-Bad_Kreuznach,,,,,103.3,pass_verified,DMV_Teilnahmen_2015_2025_VOLLSTAENDIG
DMV-150514,66261.0,66261.0,2016,2016-06-12,2016-06-12-Aßlar2,,,,,105.621,pass_verified,DMV_Teilnahmen_2015_2025_VOLLSTAENDIG
DMV-150515,66261.0,66261.0,2016,2016-07-09,2016-07-09-Arheilgen,,,,,103.151,pass_verified,DMV_Teilnahmen_2015_2025_VOLLSTAENDIG
DMV-150516,66261.0,66261.0,2016,2016-07-10,2016-07-10-Arheilgen,,,,,101.813,pass_verified,DMV_Teilnahmen_2015_2025_VOLLSTAENDIG
DMV-150517,66261.0,66261.0,2016,2016-07-21,2016-07-21-Weinheim,,,,,105.071,pass_verified,DMV_Teilnahmen_2015_2025_VOLLSTAENDIG
DMV-150518,66261.0,66261.0,2016,2016-07-31,2016-07-31-Bad_Homburg_Hirschgarten,,,,,103.127,pass_verified,DMV_Teilnahmen_2015_2025_VOLLSTAENDIG
DMV-150519,66261.0,66261.0,2016,2016-09-04,2016-09-04-Mannheim_Sandhofen_Halle,"3. Bundesliga Nord, Staffel I, 5. Spieltag",Dormagen,,,104.706,pass_verified,DMV_Teilnahmen_2015_2025_VOLLSTAENDIG
DMV-150520,66261.0,66261.0,2016,2016-09-24,2016-09-24-Bad_Homburg_Hirschgarten+Dreieich,,,,,103.144,pass_verified,DMV_Teilnahmen_2015_2025_VOLLSTAENDIG
DMV-150521,66263.0,66263.0,2016,2016-04-17,2016-04-17-Würzburg_Löwenbrücke,,,,,101.369,pass_verified,DMV_Teilnahmen_2015_2025_VOLLSTAENDIG
DMV-150522,66263.0,66263.0,2016,2016-05-15,2016-05-15-Bad_Berneck,,,,,101.941,pass_verified,DMV_Teilnahmen_2015_2025_VOLLSTAENDIG
DMV-150523,66263.0,66263.0,2016,2016-05-26,2016-05-26-Kelheim,,,,,102.556,pass_verified,DMV_Teilnahmen_2015_2025_VOLLSTAENDIG
DMV-150524,66263.0,66263.0,2016,2016-06-05,2016-06-05-Pegnitz,"MVBN-Verbandsliga Süd, 3. Punktspiel",Gebhardshagen,,22.0,105.493,pass_verified,DMV_Teilnahmen_2015_2025_VOLLSTAENDIG
DMV-150525,66263.0,66263.0,2016,2016-06-12,2016-06-12-Ottobrunn,,,,,106.833,pass_verified,DMV_Teilnahmen_2015_2025_VOLLSTAENDIG
DMV-150526,66263.0,66263.0,2016,2016-06-19,2016-06-19-Bad_Berneck,,,,,106.93,pass_verified,DMV_Teilnahmen_2015_2025_VOLLSTAENDIG
DMV-150527,66263.0,66263.0,2016,2016-07-03,2016-07-03-Wertheim,,,,,103.522,pass_verified,DMV_Teilnahmen_2015_2025_VOLLSTAENDIG
DMV-150528,66263.0,66263.0,2016,2016-07-24,2016-07-24-Mitterteich,,,,,104.419,pass_verified,DMV_Teilnahmen_2015_2025_VOLLSTAENDIG
DMV-150529,66263.0,66263.0,2016,2016-07-31,2016-07-31-Hammer,,,,,106.339,pass_verified,DMV_Teilnahmen_2015_2025_VOLLSTAENDIG
DMV-150530,66263.0,66263.0,2016,2016-08-28,2016-08-28-Bamberg,,,,,99.692,pass_verified,DMV_Teilnahmen_2015_2025_VOLLSTAENDIG
DMV-150531,66263.0,66263.0,2016,2016-09-04,2016-09-04-Bamberg,"3. Bundesliga Nord, Staffel I, 5. Spieltag",Dormagen,,,103.902,pass_verified,DMV_Teilnahmen_2015_2025_VOLLSTAENDIG
DMV-150532,66263.0,66263.0,2016,2016-09-25,2016-09-25-Würzburg_Löwenbrücke,,,,,105.683,pass_verified,DMV_Teilnahmen_2015_2025_VOLLSTAENDIG
DMV-150533,66269.0,66269.0,2016,2016-04-01,2016-04-01-Schweinfurt,,,,,107.474,pass_verified,DMV_Teilnahmen_2015_2025_VOLLSTAENDIG
DMV-150534,66269.0,66269.0,2016,2016-04-10,2016-04-10-Sindelfingen,2. Spieltag Jugendrangliste BBS / MRP,Weinheim,,11.0,105.499,pass_verified,DMV_Teilnahmen_2015_2025_VOLLSTAENDIG
DMV-150535,66269.0,66269.0,2016,2016-05-01,2016-05-01-Niederstetten,,,,,112.241,pass_verified,DMV_Teilnahmen_2015_2025_VOLLSTAENDIG
DMV-150536,66269.0,66269.0,2016,2016-05-22,2016-05-22-Ravensburg,,,,,104.905,pass_verified,DMV_Teilnahmen_2015_2025_VOLLSTAENDIG
DMV-150537,66269.0,66269.0,2016,2016-05-29,2016-05-29-Oberkochen,MRP-Jugendliga/A-Rangliste,Mainz,,,109.85,pass_verified,DMV_Teilnahmen_2015_2025_VOLLSTAENDIG
DMV-150538,66269.0,66269.0,2016,2016-06-05,2016-06-05-Schwaikheim,,,,,106.774,pass_verified,DMV_Teilnahmen_2015_2025_VOLLSTAENDIG
DMV-150539,66269.0,66269.0,2016,2016-06-12,2016-06-12-Großbottwar,,,,,103.352,pass_verified,DMV_Teilnahmen_2015_2025_VOLLSTAENDIG
DMV-150540,66269.0,66269.0,2016,2016-07-21,2016-07-21-Weinheim,,,,,103.654,pass_verified,DMV_Teilnahmen_2015_2025_VOLLSTAENDIG
DMV-150541,66269.0,66269.0,2016,2016-07-31,2016-07-31-Niederstetten,,,,,109.947,pass_verified,DMV_Teilnahmen_2015_2025_VOLLSTAENDIG
DMV-150542,66269.0,66269.0,2016,2016-08-28,2016-08-28-Kempten_Steinbruch,,,,,103.878,pass_verified,DMV_Teilnahmen_2015_2025_VOLLSTAENDIG
DMV-150543,66269.0,66269.0,2016,2016-09-11,2016-09-11-Murnau_See,,,,,101.398,pass_verified,DMV_Teilnahmen_2015_2025_VOLLSTAENDIG
DMV-150544,66269.0,66269.0,2016,2016-09-04,2016-09-04-Bad_Füssing,"3. Bundesliga Nord, Staffel I, 5. Spieltag",Dormagen,,,104.822,pass_verified,DMV_Teilnahmen_2015_2025_VOLLSTAENDIG
DMV-150545,66272.0,66272.0,2016,2016-06-05,2016-06-05-Karlsfeld,,,,,108.818,pass_verified,DMV_Teilnahmen_2015_2025_VOLLSTAENDIG
DMV-150546,66272.0,66272.0,2016,2016-06-26,2016-06-26-Bad_Feilnbach,,,,,107.781,pass_verified,DMV_Teilnahmen_2015_2025_VOLLSTAENDIG
DMV-150547,66272.0,66272.0,2016,2016-08-07,2016-08-07-Straßlach,"NBV-Landesliga Staffel I, 5. Spieltag",Kaarst,,,108.047,pass_verified,DMV_Teilnahmen_2015_2025_VOLLSTAENDIG
DMV-150548,66272.0,66272.0,2016,2016-08-21,2016-08-21-Olching,,,,,106.747,pass_verified,DMV_Teilnahmen_2015_2025_VOLLSTAENDIG
DMV-150549,66273.0,66273.0,2016,2016-06-05,2016-06-05-Karlsfeld,,,,,123.818,pass_verified,DMV_Teilnahmen_2015_2025_VOLLSTAENDIG
DMV-150550,66273.0,66273.0,2016,2016-06-26,2016-06-26-Bad_Feilnbach,,,,,112.114,pass_verified,DMV_Teilnahmen_2015_2025_VOLLSTAENDIG
DMV-150551,66273.0,66273.0,2016,2016-08-07,2016-08-07-Straßlach,"NBV-Landesliga Staffel I, 5. Spieltag",Kaarst,,,121.047,pass_verified,DMV_Teilnahmen_2015_2025_VOLLSTAENDIG
DMV-150552,66277.0,66277.0,2016,2016-05-22,2016-05-22-Bensheim,,,,,102.534,pass_verified,DMV_Teilnahmen_2015_2025_VOLLSTAENDIG
DMV-150553,66277.0,66277.0,2016,2016-01-30,2016-01-30-Mannheim_Sandhofen_Halle,,,,,105.023,pass_verified,DMV_Teilnahmen_2015_2025_VOLLSTAENDIG
DMV-150554,66277.0,66277.0,2016,2016-04-01,2016-04-01-Schweinfurt,,,,,103.474,pass_verified,DMV_Teilnahmen_2015_2025_VOLLSTAENDIG
DMV-150555,66277.0,66277.0,2016,2016-04-17,2016-04-17-Pfungstadt,,,,,107.069,pass_verified,DMV_Teilnahmen_2015_2025_VOLLSTAENDIG
DMV-150556,66277.0,66277.0,2016,2016-05-01,2016-05-01-Pfungstadt2,,,,,104.067,pass_verified,DMV_Teilnahmen_2015_2025_VOLLSTAENDIG
DMV-150557,66277.0,66277.0,2016,2016-05-29,2016-05-29-Bensheim2,MRP-Jugendliga/A-Rangliste,Mainz,,,104.47,pass_verified,DMV_Teilnahmen_2015_2025_VOLLSTAENDIG
DMV-150558,66277.0,66277.0,2016,2016-06-05,2016-06-05-Arheilgen,,,,,103.787,pass_verified,DMV_Teilnahmen_2015_2025_VOLLSTAENDIG
DMV-150559,66277.0,66277.0,2016,2016-06-12,2016-06-12-Aßlar2,,,,,104.121,pass_verified,DMV_Teilnahmen_2015_2025_VOLLSTAENDIG
DMV-150560,66277.0,66277.0,2016,2016-07-21,2016-07-21-Weinheim,,,,,104.238,pass_verified,DMV_Teilnahmen_2015_2025_VOLLSTAENDIG
DMV-150561,66277.0,66277.0,2016,2016-07-31,2016-07-31-Bad_Homburg_Hirschgarten,,,,,102.377,pass_verified,DMV_Teilnahmen_2015_2025_VOLLSTAENDIG
DMV-150562,66277.0,66277.0,2016,2016-09-04,2016-09-04-Mannheim_Sandhofen_Halle,"3. Bundesliga Nord, Staffel I, 5. Spieltag",Dormagen,,,102.206,pass_verified,DMV_Teilnahmen_2015_2025_VOLLSTAENDIG
DMV-150563,66280.0,66280.0,2016,2016-08-18,2016-08-18-Rauschenberg,,,,,110.819,pass_verified,DMV_Teilnahmen_2015_2025_VOLLSTAENDIG
DMV-150564,66284.0,66284.0,2016,2016-04-10,2016-04-10-Bottrop_Overbeckshof,,,,,108.785,pass_verified,DMV_Teilnahmen_2015_2025_VOLLSTAENDIG
DMV-150565,66284.0,66284.0,2016,2016-06-05,2016-06-05-Castrop,"NBV-Berzirksliga Staffel VII, 3. Spieltag",Castrop-Rauxel,,7.0,107.557,pass_verified,DMV_Teilnahmen_2015_2025_VOLLSTAENDIG
DMV-150566,66284.0,66284.0,2016,2016-06-19,2016-06-19-Lünen,,,,,105.114,pass_verified,DMV_Teilnahmen_2015_2025_VOLLSTAENDIG
DMV-150567,66284.0,66284.0,2016,2016-08-07,2016-08-07-Dortmund_Brechten,"NBV-Landesliga Staffel I, 5. Spieltag",Kaarst,,,105.984,pass_verified,DMV_Teilnahmen_2015_2025_VOLLSTAENDIG
DMV-150568,66285.0,66285.0,2016,2016-04-17,2016-04-17-Hannover,,,,,105.62,pass_verified,DMV_Teilnahmen_2015_2025_VOLLSTAENDIG
DMV-150569,66285.0,66285.0,2016,2016-05-07,2016-05-07-Diepholz,,,,,104.103,pass_verified,DMV_Teilnahmen_2015_2025_VOLLSTAENDIG
DMV-150570,66285.0,66285.0,2016,2016-05-22,2016-05-22-Cuxhaven,,,,,101.41,pass_verified,DMV_Teilnahmen_2015_2025_VOLLSTAENDIG
DMV-150571,66285.0,66285.0,2016,2016-06-05,2016-06-05-Celle,,,,,105.393,pass_verified,DMV_Teilnahmen_2015_2025_VOLLSTAENDIG
DMV-150572,66285.0,66285.0,2016,2016-06-19,2016-06-19-Hannover,,,,,107.747,pass_verified,DMV_Teilnahmen_2015_2025_VOLLSTAENDIG
DMV-150573,66285.0,66285.0,2016,2016-07-23,2016-07-23-Bremen_Hastedt,,,,,101.965,pass_verified,DMV_Teilnahmen_2015_2025_VOLLSTAENDIG
DMV-150574,66285.0,66285.0,2016,2016-07-31,2016-07-31-Bremen_Vahr,,,,,101.082,pass_verified,DMV_Teilnahmen_2015_2025_VOLLSTAENDIG
DMV-150575,66285.0,66285.0,2016,2016-09-17,2016-09-17-Hannover,,,,,104.246,pass_verified,DMV_Teilnahmen_2015_2025_VOLLSTAENDIG
DMV-150576,66285.0,66285.0,2016,2016-10-29,2016-10-29-Algund,,,,,104.187,pass_verified,DMV_Teilnahmen_2015_2025_VOLLSTAENDIG
DMV-150577,66287.0,66287.0,2016,2016-03-26,2016-03-26-Weinheim,,,,,106.192,pass_verified,DMV_Teilnahmen_2015_2025_VOLLSTAENDIG
DMV-150578,66287.0,66287.0,2016,2016-06-05,2016-06-05-Weinheim,"BBS-Landesliga, 2. Spieltag",Weinheim,,,109.367,pass_verified,DMV_Teilnahmen_2015_2025_VOLLSTAENDIG
DMV-150579,66287.0,66287.0,2016,2016-09-04,2016-09-04-Schriesheim,"3. Bundesliga Nord, Staffel I, 5. Spieltag",Dormagen,,,117.182,pass_verified,DMV_Teilnahmen_2015_2025_VOLLSTAENDIG
DMV-150580,66290.0,66290.0,2016,2016-03-27,2016-03-27-Landshut,,,,,104.191,pass_verified,DMV_Teilnahmen_2015_2025_VOLLSTAENDIG
DMV-150581,66290.0,66290.0,2016,2016-04-17,2016-04-17-Bamberg,,,,,102.402,pass_verified,DMV_Teilnahmen_2015_2025_VOLLSTAENDIG
DMV-150582,66290.0,66290.0,2016,2016-04-24,2016-04-24-Olching,,,,,103.28,pass_verified,DMV_Teilnahmen_2015_2025_VOLLSTAENDIG
DMV-150583,66290.0,66290.0,2016,2016-05-26,2016-05-26-Kelheim,,,,,103.764,pass_verified,DMV_Teilnahmen_2015_2025_VOLLSTAENDIG
DMV-150584,66290.0,66290.0,2016,2016-06-05,2016-06-05-Mitterteich,"MVBN-Verbandsliga Süd, 3. Punktspiel",Gebhardshagen,,3.0,104.943,pass_verified,DMV_Teilnahmen_2015_2025_VOLLSTAENDIG
DMV-150585,66290.0,66290.0,2016,2016-07-21,2016-07-21-Weinheim,,,,,105.196,pass_verified,DMV_Teilnahmen_2015_2025_VOLLSTAENDIG
DMV-150586,66290.0,66290.0,2016,2016-08-07,2016-08-07-Höchberg,"NBV-Landesliga Staffel I, 5. Spieltag",Kaarst,,14.0,104.042,pass_verified,DMV_Teilnahmen_2015_2025_VOLLSTAENDIG
DMV-150587,66290.0,66290.0,2016,2016-08-14,2016-08-14-Lichtenfels,26. Rebland-Turnier,Ohlsbach,,,108.274,pass_verified,DMV_Teilnahmen_2015_2025_VOLLSTAENDIG
DMV-150588,66290.0,66290.0,2016,2016-08-21,2016-08-21-Olching,,,,,105.081,pass_verified,DMV_Teilnahmen_2015_2025_VOLLSTAENDIG
DMV-150589,66290.0,66290.0,2016,2016-09-04,2016-09-04-Bad_Berneck,"3. Bundesliga Nord, Staffel I, 5. Spieltag",Dormagen,,,101.802,pass_verified,DMV_Teilnahmen_2015_2025_VOLLSTAENDIG
DMV-150590,66290.0,66290.0,2016,2016-10-09,2016-10-09-Kelheim,BMW Knopf Trophy 2016,Schriesheim,,,99.18,pass_verified,DMV_Teilnahmen_2015_2025_VOLLSTAENDIG
DMV-150591,66294.0,66294.0,2016,2016-04-24,2016-04-24-Bad_Kreuznach2,,,,,111.326,pass_verified,DMV_Teilnahmen_2015_2025_VOLLSTAENDIG
DMV-150592,66294.0,66294.0,2016,2016-05-01,2016-05-01-Mainz_Hartenberg2,MRP - Seniorenliga/A-Rangliste,Mainz,,26.0,113.046,pass_verified,DMV_Teilnahmen_2015_2025_VOLLSTAENDIG
DMV-150593,66294.0,66294.0,2016,2016-06-12,2016-06-12-Traben_Trarbach,,,,,118.303,pass_verified,DMV_Teilnahmen_2015_2025_VOLLSTAENDIG
DMV-150594,66294.0,66294.0,2016,2016-08-28,2016-08-28-Traben_Trarbach,,,,,119.785,pass_verified,DMV_Teilnahmen_2015_2025_VOLLSTAENDIG
DMV-150595,66294.0,66294.0,2016,2016-09-18,2016-09-18-Bad_Kreuznach,Heven-Cup 2016,Witten,,,112.228,pass_verified,DMV_Teilnahmen_2015_2025_VOLLSTAENDIG
DMV-150596,66299.0,66299.0,2016,2016-04-17,2016-04-17-Schweinfurt,,,,,104.627,pass_verified,DMV_Teilnahmen_2015_2025_VOLLSTAENDIG
DMV-150597,66299.0,66299.0,2016,2016-06-19,2016-06-19-Wertheim,,,,,102.865,pass_verified,DMV_Teilnahmen_2015_2025_VOLLSTAENDIG
DMV-150598,66299.0,66299.0,2016,2016-07-31,2016-07-31-Wertheim,,,,,103.835,pass_verified,DMV_Teilnahmen_2015_2025_VOLLSTAENDIG
DMV-150599,66299.0,66299.0,2016,2016-08-07,2016-08-07-Höchberg,"NBV-Landesliga Staffel I, 5. Spieltag",Kaarst,,,102.292,pass_verified,DMV_Teilnahmen_2015_2025_VOLLSTAENDIG
DMV-150600,66299.0,66299.0,2016,2016-09-04,2016-09-04-Würzburg_Löwenbrücke,"3. Bundesliga Nord, Staffel I, 5. Spieltag",Dormagen,,,111.301,pass_verified,DMV_Teilnahmen_2015_2025_VOLLSTAENDIG
DMV-150601,66299.0,66299.0,2016,2016-11-05,2016-11-05-Eibenstock_Halle,,,,,104.901,pass_verified,DMV_Teilnahmen_2015_2025_VOLLSTAENDIG
DMV-150602,66301.0,66301.0,2016,2016-03-28,2016-03-28-Kempten_Steinbruch,,,,,105.651,pass_verified,DMV_Teilnahmen_2015_2025_VOLLSTAENDIG
DMV-150603,66301.0,66301.0,2016,2016-04-24,2016-04-24-Olching,,,,,112.28,pass_verified,DMV_Teilnahmen_2015_2025_VOLLSTAENDIG
DMV-150604,66301.0,66301.0,2016,2016-05-26,2016-05-26-Kelheim,,,,,105.681,pass_verified,DMV_Teilnahmen_2015_2025_VOLLSTAENDIG
DMV-150605,66301.0,66301.0,2016,2016-06-19,2016-06-19-Illertissen,,,,,109.523,pass_verified,DMV_Teilnahmen_2015_2025_VOLLSTAENDIG
DMV-150606,66301.0,66301.0,2016,2016-07-31,2016-07-31-Murnau_See,,,,,101.984,pass_verified,DMV_Teilnahmen_2015_2025_VOLLSTAENDIG
DMV-150607,66301.0,66301.0,2016,2016-08-07,2016-08-07-Garmisch_Partenkirchen,"NBV-Landesliga Staffel I, 5. Spieltag",Kaarst,,,104.715,pass_verified,DMV_Teilnahmen_2015_2025_VOLLSTAENDIG
DMV-150608,66301.0,66301.0,2016,2016-08-14,2016-08-14-Illertissen,26. Rebland-Turnier,Ohlsbach,,,105.576,pass_verified,DMV_Teilnahmen_2015_2025_VOLLSTAENDIG
DMV-150609,66301.0,66301.0,2016,2016-08-21,2016-08-21-Olching,,,,,101.414,pass_verified,DMV_Teilnahmen_2015_2025_VOLLSTAENDIG
DMV-150610,66301.0,66301.0,2016,2016-10-01,2016-10-01-Landshut2,Europacup 2016,Neutraubling,,,105.953,pass_verified,DMV_Teilnahmen_2015_2025_VOLLSTAENDIG
DMV-150611,66302.0,66302.0,2016,2016-03-20,2016-03-20-Mannheim_Sandhofen_Halle,,,,,106.148,pass_verified,DMV_Teilnahmen_2015_2025_VOLLSTAENDIG
DMV-150612,66302.0,66302.0,2016,2016-04-10,2016-04-10-Bensheim,,,,,108.33,pass_verified,DMV_Teilnahmen_2015_2025_VOLLSTAENDIG
DMV-150613,66302.0,66302.0,2016,2016-05-01,2016-05-01-Bad_Soden,,,,,104.655,pass_verified,DMV_Teilnahmen_2015_2025_VOLLSTAENDIG
DMV-150614,66302.0,66302.0,2016,2016-05-22,2016-05-22-Bad_Soden,,,,,113.012,pass_verified,DMV_Teilnahmen_2015_2025_VOLLSTAENDIG
DMV-150615,66302.0,66302.0,2016,2016-05-29,2016-05-29-Arheilgen,MRP-Jugendliga/A-Rangliste,Mainz,,,109.074,pass_verified,DMV_Teilnahmen_2015_2025_VOLLSTAENDIG
DMV-150616,66302.0,66302.0,2016,2016-06-05,2016-06-05-Wetzlar,,,,,108.984,pass_verified,DMV_Teilnahmen_2015_2025_VOLLSTAENDIG
DMV-150617,66302.0,66302.0,2016,2016-07-31,2016-07-31-Aßlar,,,,,107.385,pass_verified,DMV_Teilnahmen_2015_2025_VOLLSTAENDIG
DMV-150618,66302.0,66302.0,2016,2016-08-07,2016-08-07-Biskirchen,"NBV-Landesliga Staffel I, 5. Spieltag",Kaarst,,,107.121,pass_verified,DMV_Teilnahmen_2015_2025_VOLLSTAENDIG
DMV-150619,66302.0,66302.0,2016,2016-09-04,2016-09-04-Künzell,"3. Bundesliga Nord, Staffel I, 5. Spieltag",Dormagen,,,106.537,pass_verified,DMV_Teilnahmen_2015_2025_VOLLSTAENDIG
DMV-150620,66309.0,66309.0,2016,2016-05-14,2016-05-14-Neheim_Hüsten,,,,,102.638,pass_verified,DMV_Teilnahmen_2015_2025_VOLLSTAENDIG
DMV-150621,66309.0,66309.0,2016,2016-06-19,2016-06-19-Neheim_Hüsten,,,,,104.922,pass_verified,DMV_Teilnahmen_2015_2025_VOLLSTAENDIG
DMV-150622,66309.0,66309.0,2016,2016-07-21,2016-07-21-Weinheim,,,,,103.654,pass_verified,DMV_Teilnahmen_2015_2025_VOLLSTAENDIG
DMV-150623,66309.0,66309.0,2016,2016-08-07,2016-08-07-Brilon,"NBV-Landesliga Staffel I, 5. Spieltag",Kaarst,,,108.266,pass_verified,DMV_Teilnahmen_2015_2025_VOLLSTAENDIG
DMV-150624,66309.0,66309.0,2016,2016-11-05,2016-11-05-Halver_Halle,,,,,104.084,pass_verified,DMV_Teilnahmen_2015_2025_VOLLSTAENDIG
DMV-150625,66310.0,66310.0,2016,2016-04-10,2016-04-10-Attendorn,,,,,117.565,pass_verified,DMV_Teilnahmen_2015_2025_VOLLSTAENDIG
DMV-150626,66310.0,66310.0,2016,2016-05-14,2016-05-14-Neheim_Hüsten,,,,,111.638,pass_verified,DMV_Teilnahmen_2015_2025_VOLLSTAENDIG
DMV-150627,66310.0,66310.0,2016,2016-05-22,2016-05-22-Biebertal,,,,,113.955,pass_verified,DMV_Teilnahmen_2015_2025_VOLLSTAENDIG
DMV-150628,66310.0,66310.0,2016,2016-06-05,2016-06-05-Hagen,"MVBN-Verbandsliga Süd, 3. Punktspiel",Gebhardshagen,,,118.192,pass_verified,DMV_Teilnahmen_2015_2025_VOLLSTAENDIG
DMV-150629,66310.0,66310.0,2016,2016-06-19,2016-06-19-Neheim_Hüsten,,,,,106.589,pass_verified,DMV_Teilnahmen_2015_2025_VOLLSTAENDIG
DMV-150630,66310.0,66310.0,2016,2016-08-07,2016-08-07-Brilon,"NBV-Landesliga Staffel I, 5. Spieltag",Kaarst,,,119.266,pass_verified,DMV_Teilnahmen_2015_2025_VOLLSTAENDIG
DMV-150631,66312.0,66312.0,2016,2016-09-18,2016-09-18-Murnau_See,Heven-Cup 2016,Witten,,,109.922,pass_verified,DMV_Teilnahmen_2015_2025_VOLLSTAENDIG
DMV-150632,66313.0,66313.0,2016,2016-04-03,2016-04-03-Olching,,,,,112.756,pass_verified,DMV_Teilnahmen_2015_2025_VOLLSTAENDIG
DMV-150633,66313.0,66313.0,2016,2016-04-10,2016-04-10-Straßlach,,,,,102.508,pass_verified,DMV_Teilnahmen_2015_2025_VOLLSTAENDIG
DMV-150634,66313.0,66313.0,2016,2016-05-26,2016-05-26-Kelheim,,,,,105.806,pass_verified,DMV_Teilnahmen_2015_2025_VOLLSTAENDIG
DMV-150635,66313.0,66313.0,2016,2016-06-12,2016-06-12-Murnau_See,,,,,104.094,pass_verified,DMV_Teilnahmen_2015_2025_VOLLSTAENDIG
DMV-150636,66313.0,66313.0,2016,2016-06-26,2016-06-26-Bad_Feilnbach,,,,,106.448,pass_verified,DMV_Teilnahmen_2015_2025_VOLLSTAENDIG
DMV-150637,66313.0,66313.0,2016,2016-09-18,2016-09-18-Murnau_See,Heven-Cup 2016,Witten,,,101.422,pass_verified,DMV_Teilnahmen_2015_2025_VOLLSTAENDIG
DMV-150638,66315.0,66315.0,2016,2016-08-07,2016-08-07-Köln_Ehrenfeld,"NBV-Landesliga Staffel I, 5. Spieltag",Kaarst,,,107.083,pass_verified,DMV_Teilnahmen_2015_2025_VOLLSTAENDIG
DMV-150639,66322.0,66322.0,2016,2016-04-10,2016-04-10-Herne,,,,,105.269,pass_verified,DMV_Teilnahmen_2015_2025_VOLLSTAENDIG
DMV-150640,66322.0,66322.0,2016,2016-04-23,2016-04-23-Herne,,,,,103.613,pass_verified,DMV_Teilnahmen_2015_2025_VOLLSTAENDIG
DMV-150641,66322.0,66322.0,2016,2016-05-22,2016-05-22-Halver,,,,,103.3,pass_verified,DMV_Teilnahmen_2015_2025_VOLLSTAENDIG
DMV-150642,66322.0,66322.0,2016,2016-06-05,2016-06-05-Gevelsberg,,,,,102.484,pass_verified,DMV_Teilnahmen_2015_2025_VOLLSTAENDIG
DMV-150643,66327.0,66327.0,2016,2016-04-10,2016-04-10-Rheinau_Freistett,,,,,107.57,pass_verified,DMV_Teilnahmen_2015_2025_VOLLSTAENDIG
DMV-150644,66327.0,66327.0,2016,2016-05-01,2016-05-01-Ilvesheim,,,,,108.541,pass_verified,DMV_Teilnahmen_2015_2025_VOLLSTAENDIG
DMV-150645,66327.0,66327.0,2016,2016-05-07,2016-05-07-Tuttlingen,,,,,107.398,pass_verified,DMV_Teilnahmen_2015_2025_VOLLSTAENDIG
DMV-150646,66327.0,66327.0,2016,2016-08-13,2016-08-13-Ohlsbach,,,,,104.838,pass_verified,DMV_Teilnahmen_2015_2025_VOLLSTAENDIG
DMV-150647,66328.0,66328.0,2016,2016-06-19,2016-06-19-Attendorn,,,,,114.628,pass_verified,DMV_Teilnahmen_2015_2025_VOLLSTAENDIG
DMV-150648,66330.0,66330.0,2016,2016-03-27,2016-03-27-Landshut,,,,,101.858,pass_verified,DMV_Teilnahmen_2015_2025_VOLLSTAENDIG
DMV-150649,66330.0,66330.0,2016,2016-05-22,2016-05-22-Neutraubling,,,,,106.366,pass_verified,DMV_Teilnahmen_2015_2025_VOLLSTAENDIG
DMV-150650,66330.0,66330.0,2016,2016-06-12,2016-06-12-Ottobrunn,,,,,102.833,pass_verified,DMV_Teilnahmen_2015_2025_VOLLSTAENDIG
DMV-150651,66330.0,66330.0,2016,2016-06-19,2016-06-19-Höchberg,,,,,105.058,pass_verified,DMV_Teilnahmen_2015_2025_VOLLSTAENDIG
DMV-150652,66330.0,66330.0,2016,2016-06-26,2016-06-26-Bad_Feilnbach,,,,,102.448,pass_verified,DMV_Teilnahmen_2015_2025_VOLLSTAENDIG
DMV-150653,66330.0,66330.0,2016,2016-08-07,2016-08-07-Straßlach,"NBV-Landesliga Staffel I, 5. Spieltag",Kaarst,,,101.047,pass_verified,DMV_Teilnahmen_2015_2025_VOLLSTAENDIG
DMV-150654,66330.0,66330.0,2016,2016-09-04,2016-09-04-Olching,"3. Bundesliga Nord, Staffel I, 5. Spieltag",Dormagen,,,104.642,pass_verified,DMV_Teilnahmen_2015_2025_VOLLSTAENDIG
DMV-150655,66330.0,66330.0,2016,2016-09-11,2016-09-11-Ingolstadt_Auwaldsee,,,,,107.406,pass_verified,DMV_Teilnahmen_2015_2025_VOLLSTAENDIG
DMV-150656,66335.0,66335.0,2016,2016-04-17,2016-04-17-Würzburg_Löwenbrücke,,,,,103.703,pass_verified,DMV_Teilnahmen_2015_2025_VOLLSTAENDIG
DMV-150657,66335.0,66335.0,2016,2016-06-05,2016-06-05-Pegnitz,,,,,100.493,pass_verified,DMV_Teilnahmen_2015_2025_VOLLSTAENDIG
DMV-150658,66335.0,66335.0,2016,2016-06-19,2016-06-19-Bad_Berneck,,,,,102.68,pass_verified,DMV_Teilnahmen_2015_2025_VOLLSTAENDIG
DMV-150659,66335.0,66335.0,2016,2016-07-31,2016-07-31-Hammer,,,,,104.339,pass_verified,DMV_Teilnahmen_2015_2025_VOLLSTAENDIG
DMV-150660,66335.0,66335.0,2016,2016-08-28,2016-08-28-Bamberg,,,,,106.359,pass_verified,DMV_Teilnahmen_2015_2025_VOLLSTAENDIG
DMV-150661,66335.0,66335.0,2016,2016-09-04,2016-09-04-Bamberg,"3. Bundesliga Nord, Staffel I, 5. Spieltag",Dormagen,,,102.152,pass_verified,DMV_Teilnahmen_2015_2025_VOLLSTAENDIG
DMV-150662,66335.0,66335.0,2016,2016-09-25,2016-09-25-Würzburg_Löwenbrücke,,,,,103.433,pass_verified,DMV_Teilnahmen_2015_2025_VOLLSTAENDIG
DMV-150663,66336.0,66336.0,2016,2016-03-13,2016-03-13-Köln_Freizeitinsel,,,,,105.528,pass_verified,DMV_Teilnahmen_2015_2025_VOLLSTAENDIG
DMV-150664,66336.0,66336.0,2016,2016-03-20,2016-03-20-Bad_Godesberg,,,,,103.449,pass_verified,DMV_Teilnahmen_2015_2025_VOLLSTAENDIG
DMV-150665,66336.0,66336.0,2016,2016-04-10,2016-04-10-Köln_Freizeitinsel,,,,,105.313,pass_verified,DMV_Teilnahmen_2015_2025_VOLLSTAENDIG
DMV-150666,66336.0,66336.0,2016,2016-05-22,2016-05-22-Bad_Godesberg,,,,,103.795,pass_verified,DMV_Teilnahmen_2015_2025_VOLLSTAENDIG
DMV-150667,66336.0,66336.0,2016,2016-06-05,2016-06-05-Paffendorf,,,,,103.404,pass_verified,DMV_Teilnahmen_2015_2025_VOLLSTAENDIG
DMV-150668,66336.0,66336.0,2016,2016-06-19,2016-06-19-Wesseling,,,,,103.398,pass_verified,DMV_Teilnahmen_2015_2025_VOLLSTAENDIG
DMV-150669,66336.0,66336.0,2016,2016-07-23,2016-07-23-Kerpen,,,,,103.6,pass_verified,DMV_Teilnahmen_2015_2025_VOLLSTAENDIG
DMV-150670,66336.0,66336.0,2016,2016-08-07,2016-08-07-Kerpen,"NBV-Landesliga Staffel I, 5. Spieltag",Kaarst,,,105.755,pass_verified,DMV_Teilnahmen_2015_2025_VOLLSTAENDIG
DMV-150671,66336.0,66336.0,2016,2016-09-25,2016-09-25-Kaarst,,,,,105.941,pass_verified,DMV_Teilnahmen_2015_2025_VOLLSTAENDIG
DMV-150672,66336.0,66336.0,2016,2016-10-29,2016-10-29-Paffendorf,,,,,104.544,pass_verified,DMV_Teilnahmen_2015_2025_VOLLSTAENDIG
DMV-150673,66336.0,66336.0,2016,2016-09-25,2016-09-25-Büttgen,,,,,105.941,pass_verified,DMV_Teilnahmen_2015_2025_VOLLSTAENDIG
DMV-150674,66339.0,66339.0,2016,2016-04-17,2016-04-17-Springe,,,,,108.1,pass_verified,DMV_Teilnahmen_2015_2025_VOLLSTAENDIG
DMV-150675,66339.0,66339.0,2016,2016-05-22,2016-05-22-Hannover,,,,,104.903,pass_verified,DMV_Teilnahmen_2015_2025_VOLLSTAENDIG
DMV-150676,66339.0,66339.0,2016,2016-06-05,2016-06-05-Bad_Nenndorf,,,,,104.543,pass_verified,DMV_Teilnahmen_2015_2025_VOLLSTAENDIG
DMV-150677,66339.0,66339.0,2016,2016-06-19,2016-06-19-Hannover,,,,,100.747,pass_verified,DMV_Teilnahmen_2015_2025_VOLLSTAENDIG
DMV-150678,66339.0,66339.0,2016,2016-07-31,2016-07-31-Bremen_Vahr,,,,,104.582,pass_verified,DMV_Teilnahmen_2015_2025_VOLLSTAENDIG
DMV-150679,66339.0,66339.0,2016,2016-09-17,2016-09-17-Hannover,,,,,102.713,pass_verified,DMV_Teilnahmen_2015_2025_VOLLSTAENDIG
DMV-150680,66340.0,66340.0,2016,2016-03-04,2016-03-04-Celle_Halle,,,,,106.82,pass_verified,DMV_Teilnahmen_2015_2025_VOLLSTAENDIG
DMV-150681,66340.0,66340.0,2016,2016-04-17,2016-04-17-Bremen_Vahr,,,,,105.221,pass_verified,DMV_Teilnahmen_2015_2025_VOLLSTAENDIG
DMV-150682,66340.0,66340.0,2016,2016-05-22,2016-05-22-Cuxhaven,,,,,104.66,pass_verified,DMV_Teilnahmen_2015_2025_VOLLSTAENDIG
DMV-150683,66340.0,66340.0,2016,2016-06-05,2016-06-05-Celle,,,,,106.643,pass_verified,DMV_Teilnahmen_2015_2025_VOLLSTAENDIG
DMV-150684,66340.0,66340.0,2016,2016-06-19,2016-06-19-Hannover,,,,,105.497,pass_verified,DMV_Teilnahmen_2015_2025_VOLLSTAENDIG
DMV-150685,66340.0,66340.0,2016,2016-07-31,2016-07-31-Bremen_Vahr,,,,,105.332,pass_verified,DMV_Teilnahmen_2015_2025_VOLLSTAENDIG
DMV-150686,66340.0,66340.0,2016,2016-08-27,2016-08-27-Hamburg_Lurup,,,,,103.72,pass_verified,DMV_Teilnahmen_2015_2025_VOLLSTAENDIG
DMV-150687,66341.0,66341.0,2016,2016-03-04,2016-03-04-Celle_Halle,,,,,110.57,pass_verified,DMV_Teilnahmen_2015_2025_VOLLSTAENDIG
DMV-150688,66341.0,66341.0,2016,2016-04-17,2016-04-17-Peine,,,,,112.031,pass_verified,DMV_Teilnahmen_2015_2025_VOLLSTAENDIG
DMV-150689,66341.0,66341.0,2016,2016-05-22,2016-05-22-Gebhardshagen,,,,,109.202,pass_verified,DMV_Teilnahmen_2015_2025_VOLLSTAENDIG
DMV-150690,66341.0,66341.0,2016,2016-06-05,2016-06-05-Salzgitter,,,,,112.317,pass_verified,DMV_Teilnahmen_2015_2025_VOLLSTAENDIG
DMV-150691,66341.0,66341.0,2016,2016-06-19,2016-06-19-Peine,,,,,113.156,pass_verified,DMV_Teilnahmen_2015_2025_VOLLSTAENDIG
DMV-150692,66341.0,66341.0,2016,2016-07-31,2016-07-31-Goslar,,,,,101.198,pass_verified,DMV_Teilnahmen_2015_2025_VOLLSTAENDIG
DMV-150693,66342.0,66342.0,2016,2016-03-04,2016-03-04-Celle_Halle,,,,,104.57,pass_verified,DMV_Teilnahmen_2015_2025_VOLLSTAENDIG
DMV-150694,66342.0,66342.0,2016,2016-04-17,2016-04-17-Peine,,,,,105.531,pass_verified,DMV_Teilnahmen_2015_2025_VOLLSTAENDIG
DMV-150695,66342.0,66342.0,2016,2016-05-22,2016-05-22-Gebhardshagen,,,,,104.702,pass_verified,DMV_Teilnahmen_2015_2025_VOLLSTAENDIG
DMV-150696,66342.0,66342.0,2016,2016-06-05,2016-06-05-Salzgitter,,,,,107.317,pass_verified,DMV_Teilnahmen_2015_2025_VOLLSTAENDIG
DMV-150697,66342.0,66342.0,2016,2016-06-19,2016-06-19-Peine,,,,,104.406,pass_verified,DMV_Teilnahmen_2015_2025_VOLLSTAENDIG
DMV-150698,66342.0,66342.0,2016,2016-06-25,2016-06-25-Goslar,,,,,105.628,pass_verified,DMV_Teilnahmen_2015_2025_VOLLSTAENDIG
DMV-150699,66342.0,66342.0,2016,2016-07-31,2016-07-31-Goslar,,,,,107.948,pass_verified,DMV_Teilnahmen_2015_2025_VOLLSTAENDIG
DMV-150700,66342.0,66342.0,2016,2016-08-13,2016-08-13-Salzgitter,,,,,110.555,pass_verified,DMV_Teilnahmen_2015_2025_VOLLSTAENDIG
DMV-150701,66342.0,66342.0,2016,2016-08-20,2016-08-20-Gebhardshagen,,,,,107.826,pass_verified,DMV_Teilnahmen_2015_2025_VOLLSTAENDIG
DMV-150702,66345.0,66345.0,2016,2016-03-20,2016-03-20-Bad_Godesberg,,,,,106.449,pass_verified,DMV_Teilnahmen_2015_2025_VOLLSTAENDIG
DMV-150703,66345.0,66345.0,2016,2016-04-17,2016-04-17-Mainz_Hartenberg,,,,,105.423,pass_verified,DMV_Teilnahmen_2015_2025_VOLLSTAENDIG
DMV-150704,66345.0,66345.0,2016,2016-04-24,2016-04-24-Bad_Kreuznach,,,,,104.833,pass_verified,DMV_Teilnahmen_2015_2025_VOLLSTAENDIG
DMV-150705,66345.0,66345.0,2016,2016-05-01,2016-05-01-Mainz_Hartenberg,MRP - Seniorenliga/A-Rangliste,Mainz,,8.0,104.224,pass_verified,DMV_Teilnahmen_2015_2025_VOLLSTAENDIG
DMV-150706,66345.0,66345.0,2016,2016-05-22,2016-05-22-Bad_Ems,,,,,106.517,pass_verified,DMV_Teilnahmen_2015_2025_VOLLSTAENDIG
DMV-150707,66345.0,66345.0,2016,2016-06-05,2016-06-05-Hachenburg,,,,,104.901,pass_verified,DMV_Teilnahmen_2015_2025_VOLLSTAENDIG
DMV-150708,66345.0,66345.0,2016,2016-06-12,2016-06-12-Traben_Trarbach,,,,,103.803,pass_verified,DMV_Teilnahmen_2015_2025_VOLLSTAENDIG
DMV-150709,66345.0,66345.0,2016,2016-06-19,2016-06-19-Rodalben,,,,,105.449,pass_verified,DMV_Teilnahmen_2015_2025_VOLLSTAENDIG
DMV-150710,66345.0,66345.0,2016,2016-07-09,2016-07-09-Bad_Bodendorf,,,,,103.264,pass_verified,DMV_Teilnahmen_2015_2025_VOLLSTAENDIG
DMV-150711,66345.0,66345.0,2016,2016-08-18,2016-08-18-Traben_Trarbach,,,,,104.246,pass_verified,DMV_Teilnahmen_2015_2025_VOLLSTAENDIG
DMV-150712,66345.0,66345.0,2016,2016-09-04,2016-09-04-Bad_Bodendorf,"3. Bundesliga Nord, Staffel I, 5. Spieltag",Dormagen,,,103.561,pass_verified,DMV_Teilnahmen_2015_2025_VOLLSTAENDIG
DMV-150713,66350.0,66350.0,2016,2016-04-10,2016-04-10-Bottrop_Overbeckshof,,,,,111.452,pass_verified,DMV_Teilnahmen_2015_2025_VOLLSTAENDIG
DMV-150714,66350.0,66350.0,2016,2016-08-07,2016-08-07-Dortmund_Brechten,"NBV-Landesliga Staffel I, 5. Spieltag",Kaarst,,,113.984,pass_verified,DMV_Teilnahmen_2015_2025_VOLLSTAENDIG
DMV-150715,66351.0,66351.0,2016,2016-05-07,2016-05-07-Diepholz,,,,,112.703,pass_verified,DMV_Teilnahmen_2015_2025_VOLLSTAENDIG
DMV-150716,66352.0,66352.0,2016,2016-05-07,2016-05-07-Diepholz,,,,,109.503,pass_verified,DMV_Teilnahmen_2015_2025_VOLLSTAENDIG
DMV-150717,66353.0,66353.0,2016,2016-04-17,2016-04-17-Kelheim,,,,,112.316,pass_verified,DMV_Teilnahmen_2015_2025_VOLLSTAENDIG
DMV-150718,66353.0,66353.0,2016,2016-04-24,2016-04-24-Ingolstadt_Auwaldsee,,,,,111.056,pass_verified,DMV_Teilnahmen_2015_2025_VOLLSTAENDIG
DMV-150719,66357.0,66357.0,2016,2016-04-17,2016-04-17-Schweinfurt,,,,,101.294,pass_verified,DMV_Teilnahmen_2015_2025_VOLLSTAENDIG
DMV-150720,66357.0,66357.0,2016,2016-06-05,2016-06-05-Bad_Bocklet,,,,,101.633,pass_verified,DMV_Teilnahmen_2015_2025_VOLLSTAENDIG
DMV-150721,66357.0,66357.0,2016,2016-06-19,2016-06-19-Wertheim,,,,,104.115,pass_verified,DMV_Teilnahmen_2015_2025_VOLLSTAENDIG
DMV-150722,66357.0,66357.0,2016,2016-07-17,2016-07-17-Bad_Bocklet,,,,,104.59,pass_verified,DMV_Teilnahmen_2015_2025_VOLLSTAENDIG
DMV-150723,66357.0,66357.0,2016,2016-07-31,2016-07-31-Wertheim,,,,,102.835,pass_verified,DMV_Teilnahmen_2015_2025_VOLLSTAENDIG
DMV-150724,66357.0,66357.0,2016,2016-09-04,2016-09-04-Würzburg_Löwenbrücke,"3. Bundesliga Nord, Staffel I, 5. Spieltag",Dormagen,,,106.551,pass_verified,DMV_Teilnahmen_2015_2025_VOLLSTAENDIG
DMV-150725,66360.0,66360.0,2016,2016-04-17,2016-04-17-Seesen,,,,,114.862,pass_verified,DMV_Teilnahmen_2015_2025_VOLLSTAENDIG
DMV-150726,66360.0,66360.0,2016,2016-06-05,2016-06-05-Lohfelden,,,,,105.899,pass_verified,DMV_Teilnahmen_2015_2025_VOLLSTAENDIG
DMV-150727,66360.0,66360.0,2016,2016-06-19,2016-06-19-Vellmar,,,,,111.202,pass_verified,DMV_Teilnahmen_2015_2025_VOLLSTAENDIG
DMV-150728,66360.0,66360.0,2016,2016-07-31,2016-07-31-Northeim,,,,,113.695,pass_verified,DMV_Teilnahmen_2015_2025_VOLLSTAENDIG
DMV-150729,66360.0,66360.0,2016,2016-08-27,2016-08-27-Vellmar,,,,,105.834,pass_verified,DMV_Teilnahmen_2015_2025_VOLLSTAENDIG
DMV-150730,66364.0,66364.0,2016,2016-04-10,2016-04-10-Wallenhorst_Rulle,,,,,103.251,pass_verified,DMV_Teilnahmen_2015_2025_VOLLSTAENDIG
DMV-150731,66364.0,66364.0,2016,2016-05-22,2016-05-22-Gladbeck,,,,,102.638,pass_verified,DMV_Teilnahmen_2015_2025_VOLLSTAENDIG
DMV-150732,66364.0,66364.0,2016,2016-06-05,2016-06-05-Herten,,,,,102.071,pass_verified,DMV_Teilnahmen_2015_2025_VOLLSTAENDIG
DMV-150733,66364.0,66364.0,2016,2016-06-19,2016-06-19-Essen_Vogelheim,,,,,104.686,pass_verified,DMV_Teilnahmen_2015_2025_VOLLSTAENDIG
DMV-150734,66364.0,66364.0,2016,2016-08-28,2016-08-28-Gladbeck,,,,,103.589,pass_verified,DMV_Teilnahmen_2015_2025_VOLLSTAENDIG
DMV-150735,66364.0,66364.0,2016,2016-10-23,2016-10-23-Gevelsberg,,,,,104.002,pass_verified,DMV_Teilnahmen_2015_2025_VOLLSTAENDIG
DMV-150736,66373.0,66373.0,2016,2016-04-10,2016-04-10-Paderborn_Lieth,,,,,108.496,pass_verified,DMV_Teilnahmen_2015_2025_VOLLSTAENDIG
DMV-150737,66373.0,66373.0,2016,2016-05-22,2016-05-22-Bad_Salzuflen,,,,,107.362,pass_verified,DMV_Teilnahmen_2015_2025_VOLLSTAENDIG
DMV-150738,66373.0,66373.0,2016,2016-06-05,2016-06-05-Detmold,,,,,113.116,pass_verified,DMV_Teilnahmen_2015_2025_VOLLSTAENDIG
DMV-150739,66373.0,66373.0,2016,2016-06-19,2016-06-19-Paderborn_Fischteiche,,,,,110.917,pass_verified,DMV_Teilnahmen_2015_2025_VOLLSTAENDIG
DMV-150740,66377.0,66377.0,2016,2016-05-22,2016-05-22-Halver2,,,,,104.489,pass_verified,DMV_Teilnahmen_2015_2025_VOLLSTAENDIG
DMV-150741,66379.0,66379.0,2016,2016-05-22,2016-05-22-Bad_Soden,,,,,109.262,pass_verified,DMV_Teilnahmen_2015_2025_VOLLSTAENDIG
DMV-150742,66379.0,66379.0,2016,2016-06-19,2016-06-19-Biskirchen,,,,,108.606,pass_verified,DMV_Teilnahmen_2015_2025_VOLLSTAENDIG
DMV-150743,66379.0,66379.0,2016,2016-09-04,2016-09-04-Künzell,"3. Bundesliga Nord, Staffel I, 5. Spieltag",Dormagen,,,106.537,pass_verified,DMV_Teilnahmen_2015_2025_VOLLSTAENDIG
DMV-150744,66385.0,66385.0,2016,2016-05-22,2016-05-22-Gebhardshagen,,,,,117.202,pass_verified,DMV_Teilnahmen_2015_2025_VOLLSTAENDIG
DMV-150745,66385.0,66385.0,2016,2016-08-20,2016-08-20-Gebhardshagen,,,,,112.826,pass_verified,DMV_Teilnahmen_2015_2025_VOLLSTAENDIG
DMV-150746,66391.0,66391.0,2016,2016-04-10,2016-04-10-Bensheim,,,,,118.08,pass_verified,DMV_Teilnahmen_2015_2025_VOLLSTAENDIG
DMV-150747,66391.0,66391.0,2016,2016-05-29,2016-05-29-Arheilgen,MRP-Jugendliga/A-Rangliste,Mainz,,,123.574,pass_verified,DMV_Teilnahmen_2015_2025_VOLLSTAENDIG
DMV-150748,66391.0,66391.0,2016,2016-06-05,2016-06-05-Bad_Soden,,,,,120.758,pass_verified,DMV_Teilnahmen_2015_2025_VOLLSTAENDIG
DMV-150749,66391.0,66391.0,2016,2016-06-19,2016-06-19-Arheilgen,,,,,121.736,pass_verified,DMV_Teilnahmen_2015_2025_VOLLSTAENDIG
DMV-150750,66391.0,66391.0,2016,2016-07-31,2016-07-31-Weiterstadt,,,,,118.335,pass_verified,DMV_Teilnahmen_2015_2025_VOLLSTAENDIG
DMV-150751,66393.0,66393.0,2016,2016-04-10,2016-04-10-Epe,,,,,108.882,pass_verified,DMV_Teilnahmen_2015_2025_VOLLSTAENDIG
DMV-150752,66393.0,66393.0,2016,2016-05-22,2016-05-22-Wallenhorst_Rulle,,,,,114.943,pass_verified,DMV_Teilnahmen_2015_2025_VOLLSTAENDIG
DMV-150753,66393.0,66393.0,2016,2016-06-05,2016-06-05-Wesel,,,,,110.191,pass_verified,DMV_Teilnahmen_2015_2025_VOLLSTAENDIG
DMV-150754,66393.0,66393.0,2016,2016-06-19,2016-06-19-Gladbeck,,,,,110.02,pass_verified,DMV_Teilnahmen_2015_2025_VOLLSTAENDIG
DMV-150755,66393.0,66393.0,2016,2016-08-07,2016-08-07-Herten,"NBV-Landesliga Staffel I, 5. Spieltag",Kaarst,,,114.538,pass_verified,DMV_Teilnahmen_2015_2025_VOLLSTAENDIG
DMV-150756,66398.0,66398.0,2016,2016-04-10,2016-04-10-Neu_Wulmstorf,,,,,107.551,pass_verified,DMV_Teilnahmen_2015_2025_VOLLSTAENDIG
DMV-150757,66398.0,66398.0,2016,2016-04-17,2016-04-17-Neu_Wulmstorf,,,,,111.88,pass_verified,DMV_Teilnahmen_2015_2025_VOLLSTAENDIG
DMV-150758,66398.0,66398.0,2016,2016-04-24,2016-04-24-Hamburg_Niendorf,,,,,106.101,pass_verified,DMV_Teilnahmen_2015_2025_VOLLSTAENDIG
DMV-150759,66398.0,66398.0,2016,2016-05-01,2016-05-01-Hamburg_Niendorf,,,,,105.677,pass_verified,DMV_Teilnahmen_2015_2025_VOLLSTAENDIG
DMV-150760,66398.0,66398.0,2016,2016-05-05,2016-05-05-Preetz,,,,,110.725,pass_verified,DMV_Teilnahmen_2015_2025_VOLLSTAENDIG
DMV-150761,66398.0,66398.0,2016,2016-05-14,2016-05-14-Celle,,,,,103.275,pass_verified,DMV_Teilnahmen_2015_2025_VOLLSTAENDIG
DMV-150762,66398.0,66398.0,2016,2016-05-22,2016-05-22-Hamburg_Lurup,,,,,104.31,pass_verified,DMV_Teilnahmen_2015_2025_VOLLSTAENDIG
DMV-150763,66398.0,66398.0,2016,2016-05-29,2016-05-29-Hamburg_Rahlstedt,MRP-Jugendliga/A-Rangliste,Mainz,,,110.03,pass_verified,DMV_Teilnahmen_2015_2025_VOLLSTAENDIG
DMV-150764,66398.0,66398.0,2016,2016-06-12,2016-06-12-Hamburg_Lurup,,,,,104.168,pass_verified,DMV_Teilnahmen_2015_2025_VOLLSTAENDIG
DMV-150765,66398.0,66398.0,2016,2016-06-19,2016-06-19-Hamburg_Lohbrügge,,,,,106.736,pass_verified,DMV_Teilnahmen_2015_2025_VOLLSTAENDIG
DMV-150766,66398.0,66398.0,2016,2016-08-06,2016-08-06-Bad_Oldesloe,,,,,107.746,pass_verified,DMV_Teilnahmen_2015_2025_VOLLSTAENDIG
DMV-150767,66398.0,66398.0,2016,2016-08-27,2016-08-27-Hamburg_Lurup,,,,,105.434,pass_verified,DMV_Teilnahmen_2015_2025_VOLLSTAENDIG
DMV-150768,66398.0,66398.0,2016,2016-09-04,2016-09-04-Hamburg_Rahlstedt,"3. Bundesliga Nord, Staffel I, 5. Spieltag",Dormagen,,,108.211,pass_verified,DMV_Teilnahmen_2015_2025_VOLLSTAENDIG
DMV-150769,66398.0,66398.0,2016,2016-09-25,2016-09-25-Neu_Wulmstorf,,,,,105.821,pass_verified,DMV_Teilnahmen_2015_2025_VOLLSTAENDIG
DMV-150770,66398.0,66398.0,2016,2016-10-02,2016-10-02-Hamburg_Lohbrügge,,,,,108.299,pass_verified,DMV_Teilnahmen_2015_2025_VOLLSTAENDIG
DMV-150771,66398.0,66398.0,2016,2016-10-22,2016-10-22-Lana,,,,,105.635,pass_verified,DMV_Teilnahmen_2015_2025_VOLLSTAENDIG
DMV-150772,66398.0,66398.0,2016,2016-10-29,2016-10-29-Algund,,,,,104.937,pass_verified,DMV_Teilnahmen_2015_2025_VOLLSTAENDIG
DMV-150773,66399.0,66399.0,2016,2016-03-04,2016-03-04-Celle_Halle,,,,,107.07,pass_verified,DMV_Teilnahmen_2015_2025_VOLLSTAENDIG
DMV-150774,66399.0,66399.0,2016,2016-04-10,2016-04-10-Neu_Wulmstorf,,,,,102.801,pass_verified,DMV_Teilnahmen_2015_2025_VOLLSTAENDIG
DMV-150775,66399.0,66399.0,2016,2016-04-17,2016-04-17-Neu_Wulmstorf,,,,,107.63,pass_verified,DMV_Teilnahmen_2015_2025_VOLLSTAENDIG
DMV-150776,66399.0,66399.0,2016,2016-04-24,2016-04-24-Hamburg_Niendorf,,,,,105.851,pass_verified,DMV_Teilnahmen_2015_2025_VOLLSTAENDIG
DMV-150777,66399.0,66399.0,2016,2016-05-01,2016-05-01-Hamburg_Niendorf,,,,,106.427,pass_verified,DMV_Teilnahmen_2015_2025_VOLLSTAENDIG
DMV-150778,66399.0,66399.0,2016,2016-05-05,2016-05-05-Preetz,,,,,105.475,pass_verified,DMV_Teilnahmen_2015_2025_VOLLSTAENDIG
DMV-150779,66399.0,66399.0,2016,2016-05-14,2016-05-14-Celle,,,,,104.475,pass_verified,DMV_Teilnahmen_2015_2025_VOLLSTAENDIG
DMV-150780,66399.0,66399.0,2016,2016-05-29,2016-05-29-Hamburg_Rahlstedt,MRP-Jugendliga/A-Rangliste,Mainz,,,105.53,pass_verified,DMV_Teilnahmen_2015_2025_VOLLSTAENDIG
DMV-150781,66399.0,66399.0,2016,2016-06-12,2016-06-12-Hamburg_Lurup,,,,,103.501,pass_verified,DMV_Teilnahmen_2015_2025_VOLLSTAENDIG
DMV-150782,66399.0,66399.0,2016,2016-06-19,2016-06-19-Hamburg_Lohbrügge,,,,,103.486,pass_verified,DMV_Teilnahmen_2015_2025_VOLLSTAENDIG
DMV-150783,66399.0,66399.0,2016,2016-08-06,2016-08-06-Bad_Oldesloe,,,,,103.496,pass_verified,DMV_Teilnahmen_2015_2025_VOLLSTAENDIG
DMV-150784,66399.0,66399.0,2016,2016-08-27,2016-08-27-Hamburg_Lurup,,,,,102.577,pass_verified,DMV_Teilnahmen_2015_2025_VOLLSTAENDIG
DMV-150785,66399.0,66399.0,2016,2016-09-04,2016-09-04-Hamburg_Rahlstedt,"3. Bundesliga Nord, Staffel I, 5. Spieltag",Dormagen,,,108.878,pass_verified,DMV_Teilnahmen_2015_2025_VOLLSTAENDIG
DMV-150786,66399.0,66399.0,2016,2016-09-25,2016-09-25-Neu_Wulmstorf,,,,,107.071,pass_verified,DMV_Teilnahmen_2015_2025_VOLLSTAENDIG
DMV-150787,66399.0,66399.0,2016,2016-10-02,2016-10-02-Hamburg_Lohbrügge,,,,,102.299,pass_verified,DMV_Teilnahmen_2015_2025_VOLLSTAENDIG
DMV-150788,66399.0,66399.0,2016,2016-10-22,2016-10-22-Lana,,,,,102.635,pass_verified,DMV_Teilnahmen_2015_2025_VOLLSTAENDIG
DMV-150789,66399.0,66399.0,2016,2016-10-29,2016-10-29-Algund,,,,,103.937,pass_verified,DMV_Teilnahmen_2015_2025_VOLLSTAENDIG
DMV-150790,66401.0,66401.0,2016,2016-05-29,2016-05-29-Woltersdorf,MRP-Jugendliga/A-Rangliste,Mainz,,,106.945,pass_verified,DMV_Teilnahmen_2015_2025_VOLLSTAENDIG
DMV-150791,66401.0,66401.0,2016,2016-06-12,2016-06-12-Berlin_MärkischesViertel,,,,,103.849,pass_verified,DMV_Teilnahmen_2015_2025_VOLLSTAENDIG
DMV-150792,66401.0,66401.0,2016,2016-04-10,2016-04-10-Berlin_Tegel_Adelheidallee,,,,,101.948,pass_verified,DMV_Teilnahmen_2015_2025_VOLLSTAENDIG
DMV-150793,66401.0,66401.0,2016,2016-05-01,2016-05-01-Berlin_Britz,,,,,105.766,pass_verified,DMV_Teilnahmen_2015_2025_VOLLSTAENDIG
DMV-150794,66402.0,66402.0,2016,2016-04-10,2016-04-10-Velbert_Hardenberg,"NBV-Landesliga Staffel 1, 1. Spieltag",Hardenberg,,,107.94,pass_verified,DMV_Teilnahmen_2015_2025_VOLLSTAENDIG
DMV-150795,66402.0,66402.0,2016,2016-05-22,2016-05-22-Kerpen,"NBV-Landesliga Staffel 1, 2. Spieltag",Kerpen,,,110.18,pass_verified,DMV_Teilnahmen_2015_2025_VOLLSTAENDIG
DMV-150796,66402.0,66402.0,2016,2016-06-19,2016-06-19-Velbert_Langenberg,,,,,106.785,pass_verified,DMV_Teilnahmen_2015_2025_VOLLSTAENDIG
DMV-150797,66402.0,66402.0,2016,2016-07-23,2016-07-23-Kerpen,,,,,103.6,pass_verified,DMV_Teilnahmen_2015_2025_VOLLSTAENDIG
DMV-150798,66402.0,66402.0,2016,2016-10-23,2016-10-23-Gevelsberg,,,,,106.252,pass_verified,DMV_Teilnahmen_2015_2025_VOLLSTAENDIG
DMV-150799,66405.0,66405.0,2016,2016-04-10,2016-04-10-Epe,,,,,107.548,pass_verified,DMV_Teilnahmen_2015_2025_VOLLSTAENDIG
DMV-150800,66405.0,66405.0,2016,2016-05-22,2016-05-22-Wallenhorst_Rulle,,,,,116.609,pass_verified,DMV_Teilnahmen_2015_2025_VOLLSTAENDIG
DMV-150801,66405.0,66405.0,2016,2016-06-05,2016-06-05-Wesel,,,,,105.191,pass_verified,DMV_Teilnahmen_2015_2025_VOLLSTAENDIG
DMV-150802,66405.0,66405.0,2016,2016-06-19,2016-06-19-Gladbeck,,,,,112.02,pass_verified,DMV_Teilnahmen_2015_2025_VOLLSTAENDIG
DMV-150803,66405.0,66405.0,2016,2016-08-07,2016-08-07-Herten,"NBV-Landesliga Staffel I, 5. Spieltag",Kaarst,,,106.871,pass_verified,DMV_Teilnahmen_2015_2025_VOLLSTAENDIG
DMV-150804,66406.0,66406.0,2016,2016-04-10,2016-04-10-Epe,,,,,108.882,pass_verified,DMV_Teilnahmen_2015_2025_VOLLSTAENDIG
DMV-150805,66406.0,66406.0,2016,2016-05-22,2016-05-22-Wallenhorst_Rulle,,,,,109.609,pass_verified,DMV_Teilnahmen_2015_2025_VOLLSTAENDIG
DMV-150806,66406.0,66406.0,2016,2016-06-05,2016-06-05-Wesel,,,,,107.858,pass_verified,DMV_Teilnahmen_2015_2025_VOLLSTAENDIG
DMV-150807,66406.0,66406.0,2016,2016-06-19,2016-06-19-Gladbeck,,,,,107.354,pass_verified,DMV_Teilnahmen_2015_2025_VOLLSTAENDIG
DMV-150808,66406.0,66406.0,2016,2016-08-07,2016-08-07-Herten,"NBV-Landesliga Staffel I, 5. Spieltag",Kaarst,,,109.871,pass_verified,DMV_Teilnahmen_2015_2025_VOLLSTAENDIG
DMV-150809,66406.0,66406.0,2016,2016-08-28,2016-08-28-Gladbeck,,,,,112.589,pass_verified,DMV_Teilnahmen_2015_2025_VOLLSTAENDIG
DMV-150810,66408.0,66408.0,2016,2016-09-17,2016-09-17-Witten_Herbede2,,,,,110.091,pass_verified,DMV_Teilnahmen_2015_2025_VOLLSTAENDIG
DMV-150811,66409.0,66409.0,2016,2016-09-17,2016-09-17-Witten_Herbede2,,,,,111.758,pass_verified,DMV_Teilnahmen_2015_2025_VOLLSTAENDIG
DMV-150812,66410.0,66410.0,2016,2016-04-10,2016-04-10-Arheilgen2,,,,,105.701,pass_verified,DMV_Teilnahmen_2015_2025_VOLLSTAENDIG
DMV-150813,66410.0,66410.0,2016,2016-05-01,2016-05-01-Pfungstadt2,,,,,113.567,pass_verified,DMV_Teilnahmen_2015_2025_VOLLSTAENDIG
DMV-150814,66410.0,66410.0,2016,2016-05-22,2016-05-22-Bad_Soden,,,,,110.762,pass_verified,DMV_Teilnahmen_2015_2025_VOLLSTAENDIG
DMV-150815,66410.0,66410.0,2016,2016-06-05,2016-06-05-Wetzlar,,,,,108.984,pass_verified,DMV_Teilnahmen_2015_2025_VOLLSTAENDIG
DMV-150816,66410.0,66410.0,2016,2016-06-12,2016-06-12-Aßlar2,,,,,110.871,pass_verified,DMV_Teilnahmen_2015_2025_VOLLSTAENDIG
DMV-150817,66410.0,66410.0,2016,2016-06-19,2016-06-19-Biskirchen,,,,,106.106,pass_verified,DMV_Teilnahmen_2015_2025_VOLLSTAENDIG
DMV-150818,66410.0,66410.0,2016,2016-07-31,2016-07-31-Aßlar,,,,,108.135,pass_verified,DMV_Teilnahmen_2015_2025_VOLLSTAENDIG
DMV-150819,66410.0,66410.0,2016,2016-08-07,2016-08-07-Biskirchen,"NBV-Landesliga Staffel I, 5. Spieltag",Kaarst,,,107.921,pass_verified,DMV_Teilnahmen_2015_2025_VOLLSTAENDIG
DMV-150820,66410.0,66410.0,2016,2016-09-04,2016-09-04-Künzell,"3. Bundesliga Nord, Staffel I, 5. Spieltag",Dormagen,,,109.203,pass_verified,DMV_Teilnahmen_2015_2025_VOLLSTAENDIG
DMV-150821,66411.0,66411.0,2016,2016-04-17,2016-04-17-Bamberg,,,,,122.069,pass_verified,DMV_Teilnahmen_2015_2025_VOLLSTAENDIG
DMV-150822,66411.0,66411.0,2016,2016-06-05,2016-06-05-Mitterteich,,,,,116.609,pass_verified,DMV_Teilnahmen_2015_2025_VOLLSTAENDIG
DMV-150823,66412.0,66412.0,2016,2016-05-26,2016-05-26-Kelheim,,,,,105.181,pass_verified,DMV_Teilnahmen_2015_2025_VOLLSTAENDIG
DMV-150824,66412.0,66412.0,2016,2016-06-12,2016-06-12-Ottobrunn,,,,,105.5,pass_verified,DMV_Teilnahmen_2015_2025_VOLLSTAENDIG
DMV-150825,66412.0,66412.0,2016,2016-07-03,2016-07-03-Wertheim,,,,,103.772,pass_verified,DMV_Teilnahmen_2015_2025_VOLLSTAENDIG
DMV-150826,66412.0,66412.0,2016,2016-07-24,2016-07-24-Mitterteich,,,,,104.085,pass_verified,DMV_Teilnahmen_2015_2025_VOLLSTAENDIG
DMV-150827,66412.0,66412.0,2016,2016-09-25,2016-09-25-Würzburg_Löwenbrücke,,,,,104.933,pass_verified,DMV_Teilnahmen_2015_2025_VOLLSTAENDIG
DMV-150828,66415.0,66415.0,2016,2016-04-10,2016-04-10-Bottrop_Overbeckshof,,,,,105.785,pass_verified,DMV_Teilnahmen_2015_2025_VOLLSTAENDIG
DMV-150829,66415.0,66415.0,2016,2016-06-19,2016-06-19-Lünen,,,,,109.114,pass_verified,DMV_Teilnahmen_2015_2025_VOLLSTAENDIG
DMV-150830,66415.0,66415.0,2016,2016-08-07,2016-08-07-Dortmund_Brechten,"NBV-Landesliga Staffel I, 5. Spieltag",Kaarst,,,111.651,pass_verified,DMV_Teilnahmen_2015_2025_VOLLSTAENDIG
DMV-150831,66416.0,66416.0,2016,2016-04-10,2016-04-10-Bottrop_Overbeckshof,,,,,105.118,pass_verified,DMV_Teilnahmen_2015_2025_VOLLSTAENDIG
DMV-150832,66416.0,66416.0,2016,2016-05-22,2016-05-22-Gelsenkirchen_Bulmke,,,,,106.504,pass_verified,DMV_Teilnahmen_2015_2025_VOLLSTAENDIG
DMV-150833,66416.0,66416.0,2016,2016-06-05,2016-06-05-Castrop,"NBV-Berzirksliga Staffel VII, 3. Spieltag",Castrop-Rauxel,,1.0,103.557,pass_verified,DMV_Teilnahmen_2015_2025_VOLLSTAENDIG
DMV-150834,66416.0,66416.0,2016,2016-06-19,2016-06-19-Lünen,,,,,108.447,pass_verified,DMV_Teilnahmen_2015_2025_VOLLSTAENDIG
DMV-150835,66416.0,66416.0,2016,2016-08-07,2016-08-07-Dortmund_Brechten,"NBV-Landesliga Staffel I, 5. Spieltag",Kaarst,,,105.651,pass_verified,DMV_Teilnahmen_2015_2025_VOLLSTAENDIG
DMV-150836,66418.0,66418.0,2016,2016-04-10,2016-04-10-Bottrop_Overbeckshof,,,,,110.118,pass_verified,DMV_Teilnahmen_2015_2025_VOLLSTAENDIG
DMV-150837,66418.0,66418.0,2016,2016-05-22,2016-05-22-Gelsenkirchen_Bulmke,,,,,113.837,pass_verified,DMV_Teilnahmen_2015_2025_VOLLSTAENDIG
DMV-150838,66418.0,66418.0,2016,2016-06-05,2016-06-05-Castrop,"NBV-Berzirksliga Staffel VII, 3. Spieltag",Castrop-Rauxel,,4.0,104.89,pass_verified,DMV_Teilnahmen_2015_2025_VOLLSTAENDIG
DMV-150839,66418.0,66418.0,2016,2016-06-19,2016-06-19-Lünen,,,,,105.114,pass_verified,DMV_Teilnahmen_2015_2025_VOLLSTAENDIG
DMV-150840,66418.0,66418.0,2016,2016-07-02,2016-07-02-Gevelsberg,,,,,109.533,pass_verified,DMV_Teilnahmen_2015_2025_VOLLSTAENDIG
DMV-150841,66418.0,66418.0,2016,2016-08-07,2016-08-07-Dortmund_Brechten,"NBV-Landesliga Staffel I, 5. Spieltag",Kaarst,,,110.984,pass_verified,DMV_Teilnahmen_2015_2025_VOLLSTAENDIG
DMV-150842,66418.0,66418.0,2016,2016-09-25,2016-09-25-Kaarst,,,,,108.941,pass_verified,DMV_Teilnahmen_2015_2025_VOLLSTAENDIG
DMV-150843,66418.0,66418.0,2016,2016-10-23,2016-10-23-Gevelsberg,,,,,107.502,pass_verified,DMV_Teilnahmen_2015_2025_VOLLSTAENDIG
DMV-150844,66418.0,66418.0,2016,2016-09-25,2016-09-25-Büttgen,,,,,108.941,pass_verified,DMV_Teilnahmen_2015_2025_VOLLSTAENDIG
DMV-150845,66419.0,66419.0,2016,2016-06-05,2016-06-05-Castrop,"NBV-Berzirksliga Staffel VII, 3. Spieltag",Castrop-Rauxel,,1.0,102.89,pass_verified,DMV_Teilnahmen_2015_2025_VOLLSTAENDIG
DMV-150846,66419.0,66419.0,2016,2016-06-19,2016-06-19-Lünen,,,,,111.114,pass_verified,DMV_Teilnahmen_2015_2025_VOLLSTAENDIG
DMV-150847,66419.0,66419.0,2016,2016-07-02,2016-07-02-Gevelsberg,,,,,113.533,pass_verified,DMV_Teilnahmen_2015_2025_VOLLSTAENDIG
DMV-150848,66419.0,66419.0,2016,2016-08-07,2016-08-07-Dortmund_Brechten,"NBV-Landesliga Staffel I, 5. Spieltag",Kaarst,,,110.651,pass_verified,DMV_Teilnahmen_2015_2025_VOLLSTAENDIG
DMV-150849,66419.0,66419.0,2016,2016-09-25,2016-09-25-Kaarst,,,,,108.941,pass_verified,DMV_Teilnahmen_2015_2025_VOLLSTAENDIG
DMV-150850,66419.0,66419.0,2016,2016-09-25,2016-09-25-Büttgen,,,,,108.941,pass_verified,DMV_Teilnahmen_2015_2025_VOLLSTAENDIG
DMV-150851,66428.0,66428.0,2016,2016-05-22,2016-05-22-Bensheim,,,,,122.034,pass_verified,DMV_Teilnahmen_2015_2025_VOLLSTAENDIG
DMV-150852,66428.0,66428.0,2016,2016-04-17,2016-04-17-Pfungstadt,,,,,110.069,pass_verified,DMV_Teilnahmen_2015_2025_VOLLSTAENDIG
DMV-150853,66428.0,66428.0,2016,2016-06-05,2016-06-05-Arheilgen,,,,,113.537,pass_verified,DMV_Teilnahmen_2015_2025_VOLLSTAENDIG
DMV-150854,66428.0,66428.0,2016,2016-07-31,2016-07-31-Bad_Homburg_Hirschgarten,,,,,109.377,pass_verified,DMV_Teilnahmen_2015_2025_VOLLSTAENDIG
DMV-150855,66428.0,66428.0,2016,2016-08-27,2016-08-27-Pfungstadt,,,,,107.951,pass_verified,DMV_Teilnahmen_2015_2025_VOLLSTAENDIG
DMV-150856,66428.0,66428.0,2016,2016-09-04,2016-09-04-Mannheim_Sandhofen_Halle,"3. Bundesliga Nord, Staffel I, 5. Spieltag",Dormagen,,,106.206,pass_verified,DMV_Teilnahmen_2015_2025_VOLLSTAENDIG
DMV-150857,66431.0,66431.0,2016,2016-06-12,2016-06-12-Ottobrunn,,,,,102.166,pass_verified,DMV_Teilnahmen_2015_2025_VOLLSTAENDIG
DMV-150858,66431.0,66431.0,2016,2016-09-04,2016-09-04-Olching2,"3. Bundesliga Nord, Staffel I, 5. Spieltag",Dormagen,,,104.007,pass_verified,DMV_Teilnahmen_2015_2025_VOLLSTAENDIG
DMV-150859,66431.0,66431.0,2016,2016-09-11,2016-09-11-Ottobrunn,,,,,103.211,pass_verified,DMV_Teilnahmen_2015_2025_VOLLSTAENDIG
DMV-150860,66432.0,66432.0,2016,2016-06-05,2016-06-05-Karlsfeld,,,,,107.318,pass_verified,DMV_Teilnahmen_2015_2025_VOLLSTAENDIG
DMV-150861,66432.0,66432.0,2016,2016-06-12,2016-06-12-Ottobrunn,,,,,111.833,pass_verified,DMV_Teilnahmen_2015_2025_VOLLSTAENDIG
DMV-150862,66432.0,66432.0,2016,2016-08-21,2016-08-21-Olching,,,,,109.081,pass_verified,DMV_Teilnahmen_2015_2025_VOLLSTAENDIG
DMV-150863,66432.0,66432.0,2016,2016-09-11,2016-09-11-Ottobrunn,,,,,109.211,pass_verified,DMV_Teilnahmen_2015_2025_VOLLSTAENDIG
DMV-150864,66432.0,66432.0,2016,2016-09-25,2016-09-25-Karlsfeld,,,,,109.743,pass_verified,DMV_Teilnahmen_2015_2025_VOLLSTAENDIG
DMV-150865,66441.0,66441.0,2016,2016-05-29,2016-05-29-Woltersdorf,MRP-Jugendliga/A-Rangliste,Mainz,,,119.195,pass_verified,DMV_Teilnahmen_2015_2025_VOLLSTAENDIG
DMV-150866,66441.0,66441.0,2016,2016-06-12,2016-06-12-Berlin_MärkischesViertel,,,,,120.849,pass_verified,DMV_Teilnahmen_2015_2025_VOLLSTAENDIG
DMV-150867,66441.0,66441.0,2016,2016-04-10,2016-04-10-Berlin_Tegel_Adelheidallee,,,,,123.698,pass_verified,DMV_Teilnahmen_2015_2025_VOLLSTAENDIG
DMV-150868,66441.0,66441.0,2016,2016-05-01,2016-05-01-Berlin_Britz,,,,,118.766,pass_verified,DMV_Teilnahmen_2015_2025_VOLLSTAENDIG
DMV-150869,66441.0,66441.0,2016,2016-08-06,2016-08-06-Berlin_MärkischesViertel,,,,,124.729,pass_verified,DMV_Teilnahmen_2015_2025_VOLLSTAENDIG
DMV-150870,66442.0,66442.0,2016,2016-03-27,2016-03-27-Landshut,,,,,107.191,pass_verified,DMV_Teilnahmen_2015_2025_VOLLSTAENDIG
DMV-150871,66442.0,66442.0,2016,2016-04-17,2016-04-17-Kelheim,,,,,101.316,pass_verified,DMV_Teilnahmen_2015_2025_VOLLSTAENDIG
DMV-150872,66442.0,66442.0,2016,2016-04-24,2016-04-24-Ingolstadt_Auwaldsee,,,,,105.056,pass_verified,DMV_Teilnahmen_2015_2025_VOLLSTAENDIG
DMV-150873,66442.0,66442.0,2016,2016-05-26,2016-05-26-Kelheim,,,,,103.348,pass_verified,DMV_Teilnahmen_2015_2025_VOLLSTAENDIG
DMV-150874,66442.0,66442.0,2016,2016-07-21,2016-07-21-Weinheim,,,,,104.371,pass_verified,DMV_Teilnahmen_2015_2025_VOLLSTAENDIG
DMV-150875,66442.0,66442.0,2016,2016-10-09,2016-10-09-Kelheim,BMW Knopf Trophy 2016,Schriesheim,,,101.846,pass_verified,DMV_Teilnahmen_2015_2025_VOLLSTAENDIG
DMV-150876,66446.0,66446.0,2016,2016-05-29,2016-05-29-Hamburg_Rahlstedt,MRP-Jugendliga/A-Rangliste,Mainz,,,108.53,pass_verified,DMV_Teilnahmen_2015_2025_VOLLSTAENDIG
DMV-150877,66447.0,66447.0,2016,2016-01-30,2016-01-30-Mannheim_Sandhofen_Halle,,,,,108.023,pass_verified,DMV_Teilnahmen_2015_2025_VOLLSTAENDIG
DMV-150878,66447.0,66447.0,2016,2016-04-10,2016-04-10-Bildstock,,,,,109.473,pass_verified,DMV_Teilnahmen_2015_2025_VOLLSTAENDIG
DMV-150879,66447.0,66447.0,2016,2016-05-01,2016-05-01-Oberthal,,,,,106.615,pass_verified,DMV_Teilnahmen_2015_2025_VOLLSTAENDIG
DMV-150880,66447.0,66447.0,2016,2016-05-08,2016-05-08-Homburg_Stadtpark,Badische Meisterschaften,Tuttlingen,,,110.318,pass_verified,DMV_Teilnahmen_2015_2025_VOLLSTAENDIG
DMV-150881,66447.0,66447.0,2016,2016-05-29,2016-05-29-Bliesen,MRP-Jugendliga/A-Rangliste,Mainz,,,106.819,pass_verified,DMV_Teilnahmen_2015_2025_VOLLSTAENDIG
DMV-150882,66447.0,66447.0,2016,2016-06-26,2016-06-26-Dudweiler,,,,,107.6,pass_verified,DMV_Teilnahmen_2015_2025_VOLLSTAENDIG
DMV-150883,66447.0,66447.0,2016,2016-10-23,2016-10-23-Bildstock,,,,,103.155,pass_verified,DMV_Teilnahmen_2015_2025_VOLLSTAENDIG
DMV-150884,66448.0,66448.0,2016,2016-05-22,2016-05-22-Bad_Ems,,,,,115.017,pass_verified,DMV_Teilnahmen_2015_2025_VOLLSTAENDIG
DMV-150885,66448.0,66448.0,2016,2016-06-19,2016-06-19-Rodalben,,,,,123.949,pass_verified,DMV_Teilnahmen_2015_2025_VOLLSTAENDIG
DMV-150886,66449.0,66449.0,2016,2016-04-10,2016-04-10-Leipzig_Clara_Zetkin_Park,,,,,105.039,pass_verified,DMV_Teilnahmen_2015_2025_VOLLSTAENDIG
DMV-150887,66449.0,66449.0,2016,2016-05-08,2016-05-08-Köthen,Badische Meisterschaften,Tuttlingen,,,109.063,pass_verified,DMV_Teilnahmen_2015_2025_VOLLSTAENDIG
DMV-150888,66449.0,66449.0,2016,2016-06-12,2016-06-12-Havelberg,,,,,103.28,pass_verified,DMV_Teilnahmen_2015_2025_VOLLSTAENDIG
DMV-150889,66449.0,66449.0,2016,2016-07-21,2016-07-21-Weinheim,,,,,102.821,pass_verified,DMV_Teilnahmen_2015_2025_VOLLSTAENDIG
DMV-150890,66449.0,66449.0,2016,2016-09-25,2016-09-25-Leipzig_Probstheida,,,,,104.924,pass_verified,DMV_Teilnahmen_2015_2025_VOLLSTAENDIG
DMV-150891,66449.0,66449.0,2016,2016-11-05,2016-11-05-Eibenstock_Halle,,,,,103.734,pass_verified,DMV_Teilnahmen_2015_2025_VOLLSTAENDIG
DMV-150892,66462.0,66462.0,2016,2016-03-04,2016-03-04-Celle_Halle,,,,,111.32,pass_verified,DMV_Teilnahmen_2015_2025_VOLLSTAENDIG
DMV-150893,66463.0,66463.0,2016,2016-04-10,2016-04-10-Paderborn_Lieth,,,,,105.496,pass_verified,DMV_Teilnahmen_2015_2025_VOLLSTAENDIG
DMV-150894,66463.0,66463.0,2016,2016-05-22,2016-05-22-Bad_Salzuflen,,,,,107.362,pass_verified,DMV_Teilnahmen_2015_2025_VOLLSTAENDIG
DMV-150895,66463.0,66463.0,2016,2016-06-05,2016-06-05-Detmold,,,,,108.783,pass_verified,DMV_Teilnahmen_2015_2025_VOLLSTAENDIG
DMV-150896,66463.0,66463.0,2016,2016-06-19,2016-06-19-Paderborn_Fischteiche,,,,,105.583,pass_verified,DMV_Teilnahmen_2015_2025_VOLLSTAENDIG
DMV-150897,66470.0,66470.0,2016,2016-04-17,2016-04-17-Bad_Mergentheim,,,,,104.767,pass_verified,DMV_Teilnahmen_2015_2025_VOLLSTAENDIG
DMV-150898,66470.0,66470.0,2016,2016-04-24,2016-04-24-Olching,,,,,102.614,pass_verified,DMV_Teilnahmen_2015_2025_VOLLSTAENDIG
DMV-150899,66470.0,66470.0,2016,2016-05-26,2016-05-26-Kelheim,,,,,104.431,pass_verified,DMV_Teilnahmen_2015_2025_VOLLSTAENDIG
DMV-150900,66470.0,66470.0,2016,2016-06-19,2016-06-19-Höchberg,,,,,105.558,pass_verified,DMV_Teilnahmen_2015_2025_VOLLSTAENDIG
DMV-150901,66470.0,66470.0,2016,2016-07-10,2016-07-10-Wolnzach,,,,,106.105,pass_verified,DMV_Teilnahmen_2015_2025_VOLLSTAENDIG
DMV-150902,66470.0,66470.0,2016,2016-08-14,2016-08-14-Lichtenfels,26. Rebland-Turnier,Ohlsbach,,,105.274,pass_verified,DMV_Teilnahmen_2015_2025_VOLLSTAENDIG
DMV-150903,66470.0,66470.0,2016,2016-08-21,2016-08-21-Olching,,,,,103.414,pass_verified,DMV_Teilnahmen_2015_2025_VOLLSTAENDIG
DMV-150904,66470.0,66470.0,2016,2016-09-04,2016-09-04-Olching,"3. Bundesliga Nord, Staffel I, 5. Spieltag",Dormagen,,,103.892,pass_verified,DMV_Teilnahmen_2015_2025_VOLLSTAENDIG
DMV-150905,66470.0,66470.0,2016,2016-09-25,2016-09-25-Karlsfeld,,,,,106.743,pass_verified,DMV_Teilnahmen_2015_2025_VOLLSTAENDIG
DMV-150906,66472.0,66472.0,2016,2016-04-10,2016-04-10-Epe,,,,,101.548,pass_verified,DMV_Teilnahmen_2015_2025_VOLLSTAENDIG
DMV-150907,66472.0,66472.0,2016,2016-04-23,2016-04-23-Herne,,,,,99.78,pass_verified,DMV_Teilnahmen_2015_2025_VOLLSTAENDIG
DMV-150908,66472.0,66472.0,2016,2016-05-14,2016-05-14-Neheim_Hüsten,,,,,103.638,pass_verified,DMV_Teilnahmen_2015_2025_VOLLSTAENDIG
DMV-150909,66472.0,66472.0,2016,2016-05-22,2016-05-22-Wallenhorst_Rulle,,,,,103.943,pass_verified,DMV_Teilnahmen_2015_2025_VOLLSTAENDIG
DMV-150910,66472.0,66472.0,2016,2016-06-05,2016-06-05-Wesel,,,,,103.858,pass_verified,DMV_Teilnahmen_2015_2025_VOLLSTAENDIG
DMV-150911,66472.0,66472.0,2016,2016-06-19,2016-06-19-Gladbeck,,,,,104.354,pass_verified,DMV_Teilnahmen_2015_2025_VOLLSTAENDIG
DMV-150912,66472.0,66472.0,2016,2016-07-13,2016-07-13-Wanne_Eickel,,,,,100.432,pass_verified,DMV_Teilnahmen_2015_2025_VOLLSTAENDIG
DMV-150913,66472.0,66472.0,2016,2016-08-07,2016-08-07-Herten,"NBV-Landesliga Staffel I, 5. Spieltag",Kaarst,,,103.205,pass_verified,DMV_Teilnahmen_2015_2025_VOLLSTAENDIG
DMV-150914,66472.0,66472.0,2016,2016-08-28,2016-08-28-Gladbeck,,,,,102.839,pass_verified,DMV_Teilnahmen_2015_2025_VOLLSTAENDIG
DMV-150915,66472.0,66472.0,2016,2016-10-01,2016-10-01-Bad_Münder,Europacup 2016,Neutraubling,,,100.79,pass_verified,DMV_Teilnahmen_2015_2025_VOLLSTAENDIG
DMV-150916,66472.0,66472.0,2016,2016-10-23,2016-10-23-Gevelsberg,,,,,105.502,pass_verified,DMV_Teilnahmen_2015_2025_VOLLSTAENDIG
DMV-150917,66474.0,66474.0,2016,2016-04-17,2016-04-17-Karlshagen2,,,,,109.555,pass_verified,DMV_Teilnahmen_2015_2025_VOLLSTAENDIG
DMV-150918,66474.0,66474.0,2016,2016-04-10,2016-04-10-Berlin_Tegel_Adelheidallee,,,,,108.698,pass_verified,DMV_Teilnahmen_2015_2025_VOLLSTAENDIG
DMV-150919,66475.0,66475.0,2016,2016-04-17,2016-04-17-Halver,,,,,110.07,pass_verified,DMV_Teilnahmen_2015_2025_VOLLSTAENDIG
DMV-150920,66475.0,66475.0,2016,2016-06-12,2016-06-12-Heilenbecke,,,,,110.53,pass_verified,DMV_Teilnahmen_2015_2025_VOLLSTAENDIG
DMV-150921,66475.0,66475.0,2016,2016-07-02,2016-07-02-Gevelsberg,,,,,109.2,pass_verified,DMV_Teilnahmen_2015_2025_VOLLSTAENDIG
DMV-150922,66475.0,66475.0,2016,2016-09-10,2016-09-10-Lüttringhausen,,,,,107.537,pass_verified,DMV_Teilnahmen_2015_2025_VOLLSTAENDIG
DMV-150923,66476.0,66476.0,2016,2016-03-13,2016-03-13-Köln_Freizeitinsel,,,,,106.194,pass_verified,DMV_Teilnahmen_2015_2025_VOLLSTAENDIG
DMV-150924,66476.0,66476.0,2016,2016-04-17,2016-04-17-Arheilgen,,,,,107.275,pass_verified,DMV_Teilnahmen_2015_2025_VOLLSTAENDIG
DMV-150925,66476.0,66476.0,2016,2016-04-24,2016-04-24-Bad_Kreuznach,,,,,111.833,pass_verified,DMV_Teilnahmen_2015_2025_VOLLSTAENDIG
DMV-150926,66476.0,66476.0,2016,2016-05-01,2016-05-01-Mainz_Hartenberg,MRP - Seniorenliga/A-Rangliste,Mainz,,25.0,108.224,pass_verified,DMV_Teilnahmen_2015_2025_VOLLSTAENDIG
DMV-150927,66476.0,66476.0,2016,2016-05-22,2016-05-22-Traben_Trarbach,,,,,105.983,pass_verified,DMV_Teilnahmen_2015_2025_VOLLSTAENDIG
DMV-150928,66476.0,66476.0,2016,2016-08-18,2016-08-18-Traben_Trarbach,,,,,106.412,pass_verified,DMV_Teilnahmen_2015_2025_VOLLSTAENDIG
DMV-150929,66476.0,66476.0,2016,2016-08-28,2016-08-28-Traben_Trarbach,,,,,109.118,pass_verified,DMV_Teilnahmen_2015_2025_VOLLSTAENDIG
DMV-150930,66477.0,66477.0,2016,2016-04-17,2016-04-17-Würzburg_Löwenbrücke,,,,,104.036,pass_verified,DMV_Teilnahmen_2015_2025_VOLLSTAENDIG
DMV-150931,66477.0,66477.0,2016,2016-04-24,2016-04-24-Ostheim,,,,,103.926,pass_verified,DMV_Teilnahmen_2015_2025_VOLLSTAENDIG
DMV-150932,66477.0,66477.0,2016,2016-05-08,2016-05-08-Schweinfurt,Badische Meisterschaften,Tuttlingen,,,107.731,pass_verified,DMV_Teilnahmen_2015_2025_VOLLSTAENDIG
DMV-150933,66477.0,66477.0,2016,2016-05-15,2016-05-15-Bad_Berneck,,,,,104.941,pass_verified,DMV_Teilnahmen_2015_2025_VOLLSTAENDIG
DMV-150934,66477.0,66477.0,2016,2016-05-26,2016-05-26-Kelheim,,,,,105.848,pass_verified,DMV_Teilnahmen_2015_2025_VOLLSTAENDIG
DMV-150935,66477.0,66477.0,2016,2016-06-05,2016-06-05-Pegnitz,"MVBN-Verbandsliga Süd, 3. Punktspiel",Gebhardshagen,,5.0,109.743,pass_verified,DMV_Teilnahmen_2015_2025_VOLLSTAENDIG
DMV-150936,66477.0,66477.0,2016,2016-06-19,2016-06-19-Bad_Berneck,,,,,106.93,pass_verified,DMV_Teilnahmen_2015_2025_VOLLSTAENDIG
DMV-150937,66477.0,66477.0,2016,2016-07-03,2016-07-03-Wertheim,,,,,104.772,pass_verified,DMV_Teilnahmen_2015_2025_VOLLSTAENDIG
DMV-150938,66477.0,66477.0,2016,2016-07-31,2016-07-31-Hammer,,,,,104.089,pass_verified,DMV_Teilnahmen_2015_2025_VOLLSTAENDIG
DMV-150939,66477.0,66477.0,2016,2016-08-28,2016-08-28-Bamberg,,,,,103.026,pass_verified,DMV_Teilnahmen_2015_2025_VOLLSTAENDIG
DMV-150940,66477.0,66477.0,2016,2016-09-04,2016-09-04-Bamberg,"3. Bundesliga Nord, Staffel I, 5. Spieltag",Dormagen,,,104.902,pass_verified,DMV_Teilnahmen_2015_2025_VOLLSTAENDIG
DMV-150941,66477.0,66477.0,2016,2016-09-25,2016-09-25-Würzburg_Löwenbrücke,,,,,99.433,pass_verified,DMV_Teilnahmen_2015_2025_VOLLSTAENDIG
DMV-150942,66478.0,66478.0,2016,2016-03-26,2016-03-26-Weinheim,,,,,104.192,pass_verified,DMV_Teilnahmen_2015_2025_VOLLSTAENDIG
DMV-150943,66478.0,66478.0,2016,2016-05-07,2016-05-07-Tuttlingen,,,,,103.398,pass_verified,DMV_Teilnahmen_2015_2025_VOLLSTAENDIG
DMV-150944,66478.0,66478.0,2016,2016-05-22,2016-05-22-Ladenburg,,,,,104.288,pass_verified,DMV_Teilnahmen_2015_2025_VOLLSTAENDIG
DMV-150945,66478.0,66478.0,2016,2016-07-31,2016-07-31-Ilvesheim,,,,,102.193,pass_verified,DMV_Teilnahmen_2015_2025_VOLLSTAENDIG
DMV-150946,66478.0,66478.0,2016,2016-08-06,2016-08-06-Mannheim,,,,,105.328,pass_verified,DMV_Teilnahmen_2015_2025_VOLLSTAENDIG
DMV-150947,66478.0,66478.0,2016,2016-08-18,2016-08-18-Mannheim,,,,,100.672,pass_verified,DMV_Teilnahmen_2015_2025_VOLLSTAENDIG
DMV-150948,66478.0,66478.0,2016,2016-09-04,2016-09-04-Schriesheim,"3. Bundesliga Nord, Staffel I, 5. Spieltag",Dormagen,,,95.182,pass_verified,DMV_Teilnahmen_2015_2025_VOLLSTAENDIG
DMV-150949,66479.0,66479.0,2016,2016-04-01,2016-04-01-Schweinfurt,,,,,104.374,pass_verified,DMV_Teilnahmen_2015_2025_VOLLSTAENDIG
DMV-150950,66479.0,66479.0,2016,2016-06-05,2016-06-05-Berlin_Tegel_Adelheidallee,,,,,102.538,pass_verified,DMV_Teilnahmen_2015_2025_VOLLSTAENDIG
DMV-150951,66479.0,66479.0,2016,2016-07-21,2016-07-21-Weinheim,,,,,103.871,pass_verified,DMV_Teilnahmen_2015_2025_VOLLSTAENDIG
DMV-150952,66479.0,66479.0,2016,2016-11-05,2016-11-05-Eibenstock_Halle,,,,,103.567,pass_verified,DMV_Teilnahmen_2015_2025_VOLLSTAENDIG
DMV-150953,66480.0,66480.0,2016,2016-04-10,2016-04-10-Mönchengladbach,,,,,107.74,pass_verified,DMV_Teilnahmen_2015_2025_VOLLSTAENDIG
DMV-150954,66480.0,66480.0,2016,2016-07-21,2016-07-21-Weinheim,,,,,107.071,pass_verified,DMV_Teilnahmen_2015_2025_VOLLSTAENDIG
DMV-150955,66490.0,66490.0,2016,2016-05-08,2016-05-08-Köthen,Badische Meisterschaften,Tuttlingen,,,110.063,pass_verified,DMV_Teilnahmen_2015_2025_VOLLSTAENDIG
DMV-150956,66490.0,66490.0,2016,2016-06-12,2016-06-12-Havelberg,,,,,111.53,pass_verified,DMV_Teilnahmen_2015_2025_VOLLSTAENDIG
DMV-150957,66490.0,66490.0,2016,2016-09-25,2016-09-25-Leipzig_Probstheida,,,,,108.674,pass_verified,DMV_Teilnahmen_2015_2025_VOLLSTAENDIG
DMV-150958,66490.0,66490.0,2016,2016-11-05,2016-11-05-Eibenstock_Halle,,,,,105.401,pass_verified,DMV_Teilnahmen_2015_2025_VOLLSTAENDIG
DMV-150959,66492.0,66492.0,2016,2016-04-10,2016-04-10-Bottrop_Overbeckshof,,,,,102.452,pass_verified,DMV_Teilnahmen_2015_2025_VOLLSTAENDIG
DMV-150960,66492.0,66492.0,2016,2016-05-22,2016-05-22-Gelsenkirchen_Bulmke,,,,,106.504,pass_verified,DMV_Teilnahmen_2015_2025_VOLLSTAENDIG
DMV-150961,66492.0,66492.0,2016,2016-06-05,2016-06-05-Castrop,"NBV-Berzirksliga Staffel VII, 3. Spieltag",Castrop-Rauxel,,11.0,109.89,pass_verified,DMV_Teilnahmen_2015_2025_VOLLSTAENDIG
DMV-150962,66493.0,66493.0,2016,2016-04-10,2016-04-10-Paderborn_Lieth,,,,,113.496,pass_verified,DMV_Teilnahmen_2015_2025_VOLLSTAENDIG
DMV-150963,66493.0,66493.0,2016,2016-05-22,2016-05-22-Bad_Salzuflen,,,,,107.028,pass_verified,DMV_Teilnahmen_2015_2025_VOLLSTAENDIG
DMV-150964,66493.0,66493.0,2016,2016-06-19,2016-06-19-Paderborn_Fischteiche,,,,,111.917,pass_verified,DMV_Teilnahmen_2015_2025_VOLLSTAENDIG
DMV-150965,66494.0,66494.0,2016,2016-04-10,2016-04-10-Paderborn_Lieth,,,,,110.496,pass_verified,DMV_Teilnahmen_2015_2025_VOLLSTAENDIG
DMV-150966,66494.0,66494.0,2016,2016-05-22,2016-05-22-Bad_Salzuflen,,,,,107.028,pass_verified,DMV_Teilnahmen_2015_2025_VOLLSTAENDIG
DMV-150967,66494.0,66494.0,2016,2016-06-05,2016-06-05-Detmold,,,,,109.783,pass_verified,DMV_Teilnahmen_2015_2025_VOLLSTAENDIG
DMV-150968,66494.0,66494.0,2016,2016-06-19,2016-06-19-Paderborn_Fischteiche,,,,,107.917,pass_verified,DMV_Teilnahmen_2015_2025_VOLLSTAENDIG
DMV-150969,66495.0,66495.0,2016,2016-04-17,2016-04-17-Kelheim,,,,,115.649,pass_verified,DMV_Teilnahmen_2015_2025_VOLLSTAENDIG
DMV-150970,66495.0,66495.0,2016,2016-06-05,2016-06-05-Landshut,,,,,117.925,pass_verified,DMV_Teilnahmen_2015_2025_VOLLSTAENDIG
DMV-150971,66495.0,66495.0,2016,2016-06-19,2016-06-19-Wolnzach,,,,,112.12,pass_verified,DMV_Teilnahmen_2015_2025_VOLLSTAENDIG
DMV-150972,66495.0,66495.0,2016,2016-07-24,2016-07-24-Ingolstadt_Baggersee,,,,,114.801,pass_verified,DMV_Teilnahmen_2015_2025_VOLLSTAENDIG
DMV-150973,66496.0,66496.0,2016,2016-04-17,2016-04-17-Kelheim,,,,,120.649,pass_verified,DMV_Teilnahmen_2015_2025_VOLLSTAENDIG
DMV-150974,66496.0,66496.0,2016,2016-06-05,2016-06-05-Landshut,,,,,114.925,pass_verified,DMV_Teilnahmen_2015_2025_VOLLSTAENDIG
DMV-150975,66496.0,66496.0,2016,2016-06-19,2016-06-19-Wolnzach,,,,,116.37,pass_verified,DMV_Teilnahmen_2015_2025_VOLLSTAENDIG
DMV-150976,66496.0,66496.0,2016,2016-07-10,2016-07-10-Wolnzach,,,,,117.805,pass_verified,DMV_Teilnahmen_2015_2025_VOLLSTAENDIG
DMV-150977,66496.0,66496.0,2016,2016-07-24,2016-07-24-Ingolstadt_Baggersee,,,,,115.135,pass_verified,DMV_Teilnahmen_2015_2025_VOLLSTAENDIG
DMV-150978,66497.0,66497.0,2016,2016-04-24,2016-04-24-Olching,,,,,116.947,pass_verified,DMV_Teilnahmen_2015_2025_VOLLSTAENDIG
DMV-150979,66497.0,66497.0,2016,2016-05-26,2016-05-26-Kelheim,,,,,105.306,pass_verified,DMV_Teilnahmen_2015_2025_VOLLSTAENDIG
DMV-150980,66497.0,66497.0,2016,2016-06-12,2016-06-12-Ottobrunn,,,,,102.166,pass_verified,DMV_Teilnahmen_2015_2025_VOLLSTAENDIG
DMV-150981,66497.0,66497.0,2016,2016-06-26,2016-06-26-Bad_Feilnbach,,,,,107.781,pass_verified,DMV_Teilnahmen_2015_2025_VOLLSTAENDIG
DMV-150982,66497.0,66497.0,2016,2016-07-24,2016-07-24-Ingolstadt_Baggersee,,,,,112.801,pass_verified,DMV_Teilnahmen_2015_2025_VOLLSTAENDIG
DMV-150983,66497.0,66497.0,2016,2016-08-07,2016-08-07-Straßlach,"NBV-Landesliga Staffel I, 5. Spieltag",Kaarst,,,106.38,pass_verified,DMV_Teilnahmen_2015_2025_VOLLSTAENDIG
DMV-150984,66497.0,66497.0,2016,2016-08-21,2016-08-21-Olching,,,,,104.081,pass_verified,DMV_Teilnahmen_2015_2025_VOLLSTAENDIG
DMV-150985,66497.0,66497.0,2016,2016-08-28,2016-08-28-Kempten_Steinbruch,,,,,106.211,pass_verified,DMV_Teilnahmen_2015_2025_VOLLSTAENDIG
DMV-150986,66497.0,66497.0,2016,2016-09-04,2016-09-04-Olching2,"3. Bundesliga Nord, Staffel I, 5. Spieltag",Dormagen,,,108.507,pass_verified,DMV_Teilnahmen_2015_2025_VOLLSTAENDIG
DMV-150987,66497.0,66497.0,2016,2016-09-11,2016-09-11-Ottobrunn,,,,,102.544,pass_verified,DMV_Teilnahmen_2015_2025_VOLLSTAENDIG
DMV-150988,66497.0,66497.0,2016,2016-09-25,2016-09-25-Karlsfeld,,,,,105.993,pass_verified,DMV_Teilnahmen_2015_2025_VOLLSTAENDIG
DMV-150989,66498.0,66498.0,2016,2016-05-26,2016-05-26-Kelheim,,,,,104.056,pass_verified,DMV_Teilnahmen_2015_2025_VOLLSTAENDIG
DMV-150990,66498.0,66498.0,2016,2016-06-05,2016-06-05-Karlsfeld,,,,,104.318,pass_verified,DMV_Teilnahmen_2015_2025_VOLLSTAENDIG
DMV-150991,66498.0,66498.0,2016,2016-06-12,2016-06-12-Ottobrunn,,,,,100.833,pass_verified,DMV_Teilnahmen_2015_2025_VOLLSTAENDIG
DMV-150992,66498.0,66498.0,2016,2016-07-24,2016-07-24-Ingolstadt_Baggersee,,,,,106.801,pass_verified,DMV_Teilnahmen_2015_2025_VOLLSTAENDIG
DMV-150993,66498.0,66498.0,2016,2016-08-07,2016-08-07-Straßlach,"NBV-Landesliga Staffel I, 5. Spieltag",Kaarst,,,103.047,pass_verified,DMV_Teilnahmen_2015_2025_VOLLSTAENDIG
DMV-150994,66498.0,66498.0,2016,2016-08-21,2016-08-21-Olching,,,,,105.414,pass_verified,DMV_Teilnahmen_2015_2025_VOLLSTAENDIG
DMV-150995,66498.0,66498.0,2016,2016-08-28,2016-08-28-Kempten_Steinbruch,,,,,106.211,pass_verified,DMV_Teilnahmen_2015_2025_VOLLSTAENDIG
DMV-150996,66498.0,66498.0,2016,2016-09-04,2016-09-04-Olching2,"3. Bundesliga Nord, Staffel I, 5. Spieltag",Dormagen,,,103.257,pass_verified,DMV_Teilnahmen_2015_2025_VOLLSTAENDIG
DMV-150997,66498.0,66498.0,2016,2016-09-11,2016-09-11-Ottobrunn,,,,,103.877,pass_verified,DMV_Teilnahmen_2015_2025_VOLLSTAENDIG
DMV-150998,66498.0,66498.0,2016,2016-09-25,2016-09-25-Karlsfeld,,,,,102.243,pass_verified,DMV_Teilnahmen_2015_2025_VOLLSTAENDIG
DMV-150999,66500.0,66500.0,2016,2016-03-27,2016-03-27-Landshut,,,,,107.191,pass_verified,DMV_Teilnahmen_2015_2025_VOLLSTAENDIG
DMV-151000,66500.0,66500.0,2016,2016-06-12,2016-06-12-Ottobrunn,,,,,108.5,pass_verified,DMV_Teilnahmen_2015_2025_VOLLSTAENDIG
DMV-151001,66500.0,66500.0,2016,2016-06-26,2016-06-26-Bad_Feilnbach,,,,,106.114,pass_verified,DMV_Teilnahmen_2015_2025_VOLLSTAENDIG
DMV-151002,66500.0,66500.0,2016,2016-08-07,2016-08-07-Straßlach,"NBV-Landesliga Staffel I, 5. Spieltag",Kaarst,,,111.713,pass_verified,DMV_Teilnahmen_2015_2025_VOLLSTAENDIG
DMV-151003,66500.0,66500.0,2016,2016-08-21,2016-08-21-Olching,,,,,106.414,pass_verified,DMV_Teilnahmen_2015_2025_VOLLSTAENDIG
DMV-151004,66510.0,66510.0,2016,2016-04-10,2016-04-10-Herne,,,,,112.269,pass_verified,DMV_Teilnahmen_2015_2025_VOLLSTAENDIG
DMV-151005,66510.0,66510.0,2016,2016-05-22,2016-05-22-Halver,,,,,110.966,pass_verified,DMV_Teilnahmen_2015_2025_VOLLSTAENDIG
DMV-151006,66510.0,66510.0,2016,2016-06-05,2016-06-05-Gevelsberg,,,,,110.151,pass_verified,DMV_Teilnahmen_2015_2025_VOLLSTAENDIG
DMV-151007,66510.0,66510.0,2016,2016-08-07,2016-08-07-Witten_Herbede,"NBV-Landesliga Staffel I, 5. Spieltag",Kaarst,,,109.32,pass_verified,DMV_Teilnahmen_2015_2025_VOLLSTAENDIG
DMV-151008,66511.0,66511.0,2016,2016-04-10,2016-04-10-Herne,,,,,106.603,pass_verified,DMV_Teilnahmen_2015_2025_VOLLSTAENDIG
DMV-151009,66511.0,66511.0,2016,2016-05-22,2016-05-22-Halver,,,,,107.966,pass_verified,DMV_Teilnahmen_2015_2025_VOLLSTAENDIG
DMV-151010,66511.0,66511.0,2016,2016-06-05,2016-06-05-Gevelsberg,,,,,105.818,pass_verified,DMV_Teilnahmen_2015_2025_VOLLSTAENDIG
DMV-151011,66511.0,66511.0,2016,2016-08-07,2016-08-07-Witten_Herbede,"NBV-Landesliga Staffel I, 5. Spieltag",Kaarst,,,105.987,pass_verified,DMV_Teilnahmen_2015_2025_VOLLSTAENDIG
DMV-151012,66515.0,66515.0,2016,2016-05-22,2016-05-22-Bensheim,,,,,103.284,pass_verified,DMV_Teilnahmen_2015_2025_VOLLSTAENDIG
DMV-151013,66515.0,66515.0,2016,2016-04-10,2016-04-10-Arheilgen,,,,,103.735,pass_verified,DMV_Teilnahmen_2015_2025_VOLLSTAENDIG
DMV-151014,66515.0,66515.0,2016,2016-04-17,2016-04-17-Pfungstadt,,,,,108.069,pass_verified,DMV_Teilnahmen_2015_2025_VOLLSTAENDIG
DMV-151015,66515.0,66515.0,2016,2016-05-29,2016-05-29-Bensheim,MRP-Jugendliga/A-Rangliste,Mainz,,,105.433,pass_verified,DMV_Teilnahmen_2015_2025_VOLLSTAENDIG
DMV-151016,66515.0,66515.0,2016,2016-06-05,2016-06-05-Arheilgen,,,,,104.787,pass_verified,DMV_Teilnahmen_2015_2025_VOLLSTAENDIG
DMV-151017,66515.0,66515.0,2016,2016-06-12,2016-06-12-Aßlar,,,,,104.038,pass_verified,DMV_Teilnahmen_2015_2025_VOLLSTAENDIG
DMV-151018,66515.0,66515.0,2016,2016-07-31,2016-07-31-Bad_Homburg_Hirschgarten,,,,,104.377,pass_verified,DMV_Teilnahmen_2015_2025_VOLLSTAENDIG
DMV-151019,66515.0,66515.0,2016,2016-08-27,2016-08-27-Pfungstadt,,,,,104.551,pass_verified,DMV_Teilnahmen_2015_2025_VOLLSTAENDIG
DMV-151020,66515.0,66515.0,2016,2016-09-04,2016-09-04-Mannheim_Sandhofen_Halle,"3. Bundesliga Nord, Staffel I, 5. Spieltag",Dormagen,,,105.956,pass_verified,DMV_Teilnahmen_2015_2025_VOLLSTAENDIG
DMV-151021,66515.0,66515.0,2016,2016-09-24,2016-09-24-Bad_Homburg_Hirschgarten+Dreieich,,,,,106.894,pass_verified,DMV_Teilnahmen_2015_2025_VOLLSTAENDIG
DMV-151022,66516.0,66516.0,2016,2016-05-22,2016-05-22-Bensheim,,,,,115.284,pass_verified,DMV_Teilnahmen_2015_2025_VOLLSTAENDIG
DMV-151023,66516.0,66516.0,2016,2016-04-10,2016-04-10-Arheilgen,,,,,109.735,pass_verified,DMV_Teilnahmen_2015_2025_VOLLSTAENDIG
DMV-151024,66516.0,66516.0,2016,2016-04-17,2016-04-17-Pfungstadt,,,,,108.069,pass_verified,DMV_Teilnahmen_2015_2025_VOLLSTAENDIG
DMV-151025,66516.0,66516.0,2016,2016-05-01,2016-05-01-Pfungstadt,,,,,105.651,pass_verified,DMV_Teilnahmen_2015_2025_VOLLSTAENDIG
DMV-151026,66516.0,66516.0,2016,2016-05-29,2016-05-29-Bensheim,MRP-Jugendliga/A-Rangliste,Mainz,,,113.933,pass_verified,DMV_Teilnahmen_2015_2025_VOLLSTAENDIG
DMV-151027,66516.0,66516.0,2016,2016-06-05,2016-06-05-Arheilgen,,,,,113.287,pass_verified,DMV_Teilnahmen_2015_2025_VOLLSTAENDIG
DMV-151028,66516.0,66516.0,2016,2016-06-12,2016-06-12-Aßlar,,,,,109.038,pass_verified,DMV_Teilnahmen_2015_2025_VOLLSTAENDIG
DMV-151029,66516.0,66516.0,2016,2016-07-31,2016-07-31-Bad_Homburg_Hirschgarten,,,,,110.127,pass_verified,DMV_Teilnahmen_2015_2025_VOLLSTAENDIG
DMV-151030,66516.0,66516.0,2016,2016-08-27,2016-08-27-Pfungstadt,,,,,113.151,pass_verified,DMV_Teilnahmen_2015_2025_VOLLSTAENDIG
DMV-151031,66516.0,66516.0,2016,2016-09-04,2016-09-04-Mannheim_Sandhofen_Halle,"3. Bundesliga Nord, Staffel I, 5. Spieltag",Dormagen,,,110.956,pass_verified,DMV_Teilnahmen_2015_2025_VOLLSTAENDIG
DMV-151032,66516.0,66516.0,2016,2016-09-24,2016-09-24-Bad_Homburg_Hirschgarten+Dreieich,,,,,110.519,pass_verified,DMV_Teilnahmen_2015_2025_VOLLSTAENDIG
DMV-151033,66518.0,66518.0,2016,2016-04-10,2016-04-10-Trappenkamp,,,,,113.66,pass_verified,DMV_Teilnahmen_2015_2025_VOLLSTAENDIG
DMV-151034,66518.0,66518.0,2016,2016-05-08,2016-05-08-Trappenkamp,Badische Meisterschaften,Tuttlingen,,,109.782,pass_verified,DMV_Teilnahmen_2015_2025_VOLLSTAENDIG
DMV-151035,66518.0,66518.0,2016,2016-06-12,2016-06-12-Brunsbüttel,,,,,111.006,pass_verified,DMV_Teilnahmen_2015_2025_VOLLSTAENDIG
DMV-151036,66518.0,66518.0,2016,2016-09-18,2016-09-18-Brunsbüttel,Heven-Cup 2016,Witten,,,102.801,pass_verified,DMV_Teilnahmen_2015_2025_VOLLSTAENDIG
DMV-151037,66518.0,66518.0,2016,2016-09-18,2016-09-18-Brunsbüttel2,Heven-Cup 2016,Witten,,,111.106,pass_verified,DMV_Teilnahmen_2015_2025_VOLLSTAENDIG
DMV-151038,66519.0,66519.0,2016,2016-04-17,2016-04-17-Seesen,,,,,112.112,pass_verified,DMV_Teilnahmen_2015_2025_VOLLSTAENDIG
DMV-151039,66519.0,66519.0,2016,2016-06-05,2016-06-05-Lohfelden,,,,,112.649,pass_verified,DMV_Teilnahmen_2015_2025_VOLLSTAENDIG
DMV-151040,66524.0,66524.0,2016,2016-04-17,2016-04-17-Schweinfurt,,,,,120.294,pass_verified,DMV_Teilnahmen_2015_2025_VOLLSTAENDIG
DMV-151041,66524.0,66524.0,2016,2016-04-24,2016-04-24-Ostheim,,,,,112.593,pass_verified,DMV_Teilnahmen_2015_2025_VOLLSTAENDIG
DMV-151042,66524.0,66524.0,2016,2016-06-12,2016-06-12-Ansbach,,,,,114.426,pass_verified,DMV_Teilnahmen_2015_2025_VOLLSTAENDIG
DMV-151043,66524.0,66524.0,2016,2016-06-19,2016-06-19-Wertheim,,,,,113.865,pass_verified,DMV_Teilnahmen_2015_2025_VOLLSTAENDIG
DMV-151044,66524.0,66524.0,2016,2016-07-03,2016-07-03-Wertheim,,,,,114.522,pass_verified,DMV_Teilnahmen_2015_2025_VOLLSTAENDIG
DMV-151045,66524.0,66524.0,2016,2016-07-31,2016-07-31-Wertheim,,,,,113.335,pass_verified,DMV_Teilnahmen_2015_2025_VOLLSTAENDIG
DMV-151046,66524.0,66524.0,2016,2016-08-07,2016-08-07-Höchberg,"NBV-Landesliga Staffel I, 5. Spieltag",Kaarst,,,111.042,pass_verified,DMV_Teilnahmen_2015_2025_VOLLSTAENDIG
DMV-151047,66524.0,66524.0,2016,2016-09-25,2016-09-25-Würzburg_Löwenbrücke,,,,,116.433,pass_verified,DMV_Teilnahmen_2015_2025_VOLLSTAENDIG
DMV-151048,66525.0,66525.0,2016,2016-04-17,2016-04-17-Schweinfurt,,,,,105.627,pass_verified,DMV_Teilnahmen_2015_2025_VOLLSTAENDIG
DMV-151049,66525.0,66525.0,2016,2016-04-24,2016-04-24-Ostheim,,,,,106.593,pass_verified,DMV_Teilnahmen_2015_2025_VOLLSTAENDIG
DMV-151050,66525.0,66525.0,2016,2016-05-08,2016-05-08-Schweinfurt,Badische Meisterschaften,Tuttlingen,,,107.231,pass_verified,DMV_Teilnahmen_2015_2025_VOLLSTAENDIG
DMV-151051,66525.0,66525.0,2016,2016-06-05,2016-06-05-Bad_Bocklet,,,,,106.883,pass_verified,DMV_Teilnahmen_2015_2025_VOLLSTAENDIG
DMV-151052,66525.0,66525.0,2016,2016-06-12,2016-06-12-Ansbach,,,,,107.926,pass_verified,DMV_Teilnahmen_2015_2025_VOLLSTAENDIG
DMV-151053,66525.0,66525.0,2016,2016-06-19,2016-06-19-Wertheim,,,,,107.865,pass_verified,DMV_Teilnahmen_2015_2025_VOLLSTAENDIG
DMV-151054,66525.0,66525.0,2016,2016-07-03,2016-07-03-Wertheim,,,,,108.272,pass_verified,DMV_Teilnahmen_2015_2025_VOLLSTAENDIG
DMV-151055,66525.0,66525.0,2016,2016-07-31,2016-07-31-Wertheim,,,,,107.335,pass_verified,DMV_Teilnahmen_2015_2025_VOLLSTAENDIG
DMV-151056,66525.0,66525.0,2016,2016-08-07,2016-08-07-Höchberg,"NBV-Landesliga Staffel I, 5. Spieltag",Kaarst,,,105.542,pass_verified,DMV_Teilnahmen_2015_2025_VOLLSTAENDIG
DMV-151057,66525.0,66525.0,2016,2016-09-25,2016-09-25-Würzburg_Löwenbrücke,,,,,107.433,pass_verified,DMV_Teilnahmen_2015_2025_VOLLSTAENDIG
DMV-151058,66526.0,66526.0,2016,2016-04-17,2016-04-17-Schweinfurt,,,,,105.961,pass_verified,DMV_Teilnahmen_2015_2025_VOLLSTAENDIG
DMV-151059,66526.0,66526.0,2016,2016-04-24,2016-04-24-Ostheim,,,,,107.593,pass_verified,DMV_Teilnahmen_2015_2025_VOLLSTAENDIG
DMV-151060,66526.0,66526.0,2016,2016-05-08,2016-05-08-Schweinfurt,Badische Meisterschaften,Tuttlingen,,,110.981,pass_verified,DMV_Teilnahmen_2015_2025_VOLLSTAENDIG
DMV-151061,66526.0,66526.0,2016,2016-06-05,2016-06-05-Bad_Bocklet,,,,,110.883,pass_verified,DMV_Teilnahmen_2015_2025_VOLLSTAENDIG
DMV-151062,66526.0,66526.0,2016,2016-06-12,2016-06-12-Ansbach,,,,,109.676,pass_verified,DMV_Teilnahmen_2015_2025_VOLLSTAENDIG
DMV-151063,66526.0,66526.0,2016,2016-06-19,2016-06-19-Wertheim,,,,,114.365,pass_verified,DMV_Teilnahmen_2015_2025_VOLLSTAENDIG
DMV-151064,66526.0,66526.0,2016,2016-07-03,2016-07-03-Wertheim,,,,,107.772,pass_verified,DMV_Teilnahmen_2015_2025_VOLLSTAENDIG
DMV-151065,66526.0,66526.0,2016,2016-07-31,2016-07-31-Wertheim,,,,,109.335,pass_verified,DMV_Teilnahmen_2015_2025_VOLLSTAENDIG
DMV-151066,66526.0,66526.0,2016,2016-08-07,2016-08-07-Höchberg,"NBV-Landesliga Staffel I, 5. Spieltag",Kaarst,,,105.042,pass_verified,DMV_Teilnahmen_2015_2025_VOLLSTAENDIG
DMV-151067,66526.0,66526.0,2016,2016-09-25,2016-09-25-Würzburg_Löwenbrücke,,,,,108.933,pass_verified,DMV_Teilnahmen_2015_2025_VOLLSTAENDIG
DMV-151068,66527.0,66527.0,2016,2016-03-04,2016-03-04-Celle_Halle,,,,,109.07,pass_verified,DMV_Teilnahmen_2015_2025_VOLLSTAENDIG
DMV-151069,66527.0,66527.0,2016,2016-04-09,2016-04-09-Hannover,,,,,105.453,pass_verified,DMV_Teilnahmen_2015_2025_VOLLSTAENDIG
DMV-151070,66527.0,66527.0,2016,2016-04-17,2016-04-17-Springe,,,,,107.85,pass_verified,DMV_Teilnahmen_2015_2025_VOLLSTAENDIG
DMV-151071,66527.0,66527.0,2016,2016-05-22,2016-05-22-Hannover,,,,,107.903,pass_verified,DMV_Teilnahmen_2015_2025_VOLLSTAENDIG
DMV-151072,66527.0,66527.0,2016,2016-06-05,2016-06-05-Bad_Nenndorf,,,,,112.043,pass_verified,DMV_Teilnahmen_2015_2025_VOLLSTAENDIG
DMV-151073,66527.0,66527.0,2016,2016-06-19,2016-06-19-Seelze,,,,,106.481,pass_verified,DMV_Teilnahmen_2015_2025_VOLLSTAENDIG
DMV-151074,66527.0,66527.0,2016,2016-07-31,2016-07-31-Bad_Münder,,,,,107.066,pass_verified,DMV_Teilnahmen_2015_2025_VOLLSTAENDIG
DMV-151075,66527.0,66527.0,2016,2016-09-17,2016-09-17-Hannover,,,,,106.446,pass_verified,DMV_Teilnahmen_2015_2025_VOLLSTAENDIG
DMV-151076,66528.0,66528.0,2016,2016-04-10,2016-04-10-Sindelfingen,1. Spieltag WBV-Rangliste,Sindelfingen,,,105.249,pass_verified,DMV_Teilnahmen_2015_2025_VOLLSTAENDIG
DMV-151077,66528.0,66528.0,2016,2016-04-17,2016-04-17-Sindelfingen,,,,,106.633,pass_verified,DMV_Teilnahmen_2015_2025_VOLLSTAENDIG
DMV-151078,66528.0,66528.0,2016,2016-05-01,2016-05-01-Niederstetten,,,,,107.241,pass_verified,DMV_Teilnahmen_2015_2025_VOLLSTAENDIG
DMV-151079,66528.0,66528.0,2016,2016-05-22,2016-05-22-Hechingen,,,,,106.039,pass_verified,DMV_Teilnahmen_2015_2025_VOLLSTAENDIG
DMV-151080,66528.0,66528.0,2016,2016-05-29,2016-05-29-Oberkochen,MRP-Jugendliga/A-Rangliste,Mainz,,,100.85,pass_verified,DMV_Teilnahmen_2015_2025_VOLLSTAENDIG
DMV-151081,66528.0,66528.0,2016,2016-06-05,2016-06-05-Ludwigsburg,,,,,104.883,pass_verified,DMV_Teilnahmen_2015_2025_VOLLSTAENDIG
DMV-151082,66528.0,66528.0,2016,2016-06-19,2016-06-19-Unterschneidheim,,,,,103.539,pass_verified,DMV_Teilnahmen_2015_2025_VOLLSTAENDIG
DMV-151083,66528.0,66528.0,2016,2016-07-31,2016-07-31-Bad_Mergentheim,,,,,104.592,pass_verified,DMV_Teilnahmen_2015_2025_VOLLSTAENDIG
DMV-151084,66529.0,66529.0,2016,2016-05-22,2016-05-22-Bad_Soden,,,,,112.262,pass_verified,DMV_Teilnahmen_2015_2025_VOLLSTAENDIG
DMV-151085,66529.0,66529.0,2016,2016-07-31,2016-07-31-Aßlar,,,,,110.385,pass_verified,DMV_Teilnahmen_2015_2025_VOLLSTAENDIG
DMV-151086,66529.0,66529.0,2016,2016-09-04,2016-09-04-Künzell,"3. Bundesliga Nord, Staffel I, 5. Spieltag",Dormagen,,,112.203,pass_verified,DMV_Teilnahmen_2015_2025_VOLLSTAENDIG
DMV-151087,66531.0,66531.0,2016,2016-05-08,2016-05-08-Schweinfurt,Badische Meisterschaften,Tuttlingen,,,108.981,pass_verified,DMV_Teilnahmen_2015_2025_VOLLSTAENDIG
DMV-151088,66531.0,66531.0,2016,2016-05-15,2016-05-15-Bad_Berneck,,,,,105.691,pass_verified,DMV_Teilnahmen_2015_2025_VOLLSTAENDIG
DMV-151089,66531.0,66531.0,2016,2016-06-12,2016-06-12-Ansbach,,,,,108.926,pass_verified,DMV_Teilnahmen_2015_2025_VOLLSTAENDIG
DMV-151090,66531.0,66531.0,2016,2016-07-03,2016-07-03-Wertheim,,,,,110.022,pass_verified,DMV_Teilnahmen_2015_2025_VOLLSTAENDIG
DMV-151091,66531.0,66531.0,2016,2016-08-28,2016-08-28-Bamberg,,,,,107.692,pass_verified,DMV_Teilnahmen_2015_2025_VOLLSTAENDIG
DMV-151092,66531.0,66531.0,2016,2016-09-25,2016-09-25-Würzburg_Löwenbrücke,,,,,110.433,pass_verified,DMV_Teilnahmen_2015_2025_VOLLSTAENDIG
DMV-151093,66533.0,66533.0,2016,2016-04-17,2016-04-17-Halver,,,,,108.403,pass_verified,DMV_Teilnahmen_2015_2025_VOLLSTAENDIG
DMV-151094,66533.0,66533.0,2016,2016-07-02,2016-07-02-Gevelsberg,,,,,111.533,pass_verified,DMV_Teilnahmen_2015_2025_VOLLSTAENDIG
DMV-151095,66533.0,66533.0,2016,2016-09-10,2016-09-10-Lüttringhausen,,,,,111.204,pass_verified,DMV_Teilnahmen_2015_2025_VOLLSTAENDIG
DMV-151096,66536.0,66536.0,2016,2016-04-10,2016-04-10-Neu_Wulmstorf,,,,,108.051,pass_verified,DMV_Teilnahmen_2015_2025_VOLLSTAENDIG
DMV-151097,66536.0,66536.0,2016,2016-05-29,2016-05-29-Hamburg_Rahlstedt,MRP-Jugendliga/A-Rangliste,Mainz,,,108.53,pass_verified,DMV_Teilnahmen_2015_2025_VOLLSTAENDIG
DMV-151098,66536.0,66536.0,2016,2016-09-04,2016-09-04-Hamburg_Rahlstedt,"3. Bundesliga Nord, Staffel I, 5. Spieltag",Dormagen,,,112.211,pass_verified,DMV_Teilnahmen_2015_2025_VOLLSTAENDIG
DMV-151099,66536.0,66536.0,2016,2016-09-25,2016-09-25-Neu_Wulmstorf,,,,,108.821,pass_verified,DMV_Teilnahmen_2015_2025_VOLLSTAENDIG
DMV-151100,66537.0,66537.0,2016,2016-04-17,2016-04-17-Mainz_Hartenberg,,,,,112.423,pass_verified,DMV_Teilnahmen_2015_2025_VOLLSTAENDIG
DMV-151101,66537.0,66537.0,2016,2016-05-22,2016-05-22-Bad_Ems,,,,,112.517,pass_verified,DMV_Teilnahmen_2015_2025_VOLLSTAENDIG
DMV-151102,66539.0,66539.0,2016,2016-01-24,2016-01-24-Salzburg,Südwestdeutsche Jugendmeisterschaft,Mannheim,,,115.27,pass_verified,DMV_Teilnahmen_2015_2025_VOLLSTAENDIG
DMV-151103,66539.0,66539.0,2016,2016-03-27,2016-03-27-Landshut,,,,,109.858,pass_verified,DMV_Teilnahmen_2015_2025_VOLLSTAENDIG
DMV-151104,66539.0,66539.0,2016,2016-04-17,2016-04-17-Kelheim,,,,,107.316,pass_verified,DMV_Teilnahmen_2015_2025_VOLLSTAENDIG
DMV-151105,66539.0,66539.0,2016,2016-04-24,2016-04-24-Ingolstadt_Auwaldsee,,,,,103.056,pass_verified,DMV_Teilnahmen_2015_2025_VOLLSTAENDIG
DMV-151106,66539.0,66539.0,2016,2016-05-26,2016-05-26-Kelheim,,,,,107.306,pass_verified,DMV_Teilnahmen_2015_2025_VOLLSTAENDIG
DMV-151107,66539.0,66539.0,2016,2016-06-05,2016-06-05-Landshut,"MVBN-Verbandsliga Süd, 3. Punktspiel",Gebhardshagen,,7.0,104.425,pass_verified,DMV_Teilnahmen_2015_2025_VOLLSTAENDIG
DMV-151108,66539.0,66539.0,2016,2016-06-19,2016-06-19-Wolnzach,,,,,106.62,pass_verified,DMV_Teilnahmen_2015_2025_VOLLSTAENDIG
DMV-151109,66539.0,66539.0,2016,2016-07-10,2016-07-10-Wolnzach,,,,,105.305,pass_verified,DMV_Teilnahmen_2015_2025_VOLLSTAENDIG
DMV-151110,66539.0,66539.0,2016,2016-07-24,2016-07-24-Ingolstadt_Baggersee,,,,,104.468,pass_verified,DMV_Teilnahmen_2015_2025_VOLLSTAENDIG
DMV-151111,66539.0,66539.0,2016,2016-10-09,2016-10-09-Kelheim,BMW Knopf Trophy 2016,Schriesheim,,,105.846,pass_verified,DMV_Teilnahmen_2015_2025_VOLLSTAENDIG
DMV-151112,66539.0,66539.0,2016,2016-10-29,2016-10-29-Algund,,,,,107.437,pass_verified,DMV_Teilnahmen_2015_2025_VOLLSTAENDIG
DMV-151113,66543.0,66543.0,2016,2016-07-31,2016-07-31-Lüneburg,,,,,111.992,pass_verified,DMV_Teilnahmen_2015_2025_VOLLSTAENDIG
DMV-151114,66547.0,66547.0,2016,2016-04-17,2016-04-17-Karlshagen,,,,,109.087,pass_verified,DMV_Teilnahmen_2015_2025_VOLLSTAENDIG
DMV-151115,66547.0,66547.0,2016,2016-05-29,2016-05-29-Woltersdorf,MRP-Jugendliga/A-Rangliste,Mainz,,,110.945,pass_verified,DMV_Teilnahmen_2015_2025_VOLLSTAENDIG
DMV-151116,66547.0,66547.0,2016,2016-06-12,2016-06-12-Berlin_MärkischesViertel,,,,,106.349,pass_verified,DMV_Teilnahmen_2015_2025_VOLLSTAENDIG
DMV-151117,66547.0,66547.0,2016,2016-04-10,2016-04-10-Berlin_Tegel_Adelheidallee,,,,,120.198,pass_verified,DMV_Teilnahmen_2015_2025_VOLLSTAENDIG
DMV-151118,66547.0,66547.0,2016,2016-06-05,2016-06-05-Berlin_Lankwitz,,,,,109.162,pass_verified,DMV_Teilnahmen_2015_2025_VOLLSTAENDIG
DMV-151119,66547.0,66547.0,2016,2016-07-31,2016-07-31-Berlin_MärkischesViertel,,,,,107.674,pass_verified,DMV_Teilnahmen_2015_2025_VOLLSTAENDIG
DMV-151120,66547.0,66547.0,2016,2016-09-04,2016-09-04-Berlin_Spandau,"3. Bundesliga Nord, Staffel I, 5. Spieltag",Dormagen,,,110.778,pass_verified,DMV_Teilnahmen_2015_2025_VOLLSTAENDIG
DMV-151121,66548.0,66548.0,2016,2016-04-10,2016-04-10-Neu_Wulmstorf,,,,,107.301,pass_verified,DMV_Teilnahmen_2015_2025_VOLLSTAENDIG
DMV-151122,66548.0,66548.0,2016,2016-04-17,2016-04-17-Neu_Wulmstorf,,,,,106.88,pass_verified,DMV_Teilnahmen_2015_2025_VOLLSTAENDIG
DMV-151123,66548.0,66548.0,2016,2016-05-01,2016-05-01-Hamburg_Niendorf,,,,,110.427,pass_verified,DMV_Teilnahmen_2015_2025_VOLLSTAENDIG
DMV-151124,66548.0,66548.0,2016,2016-05-29,2016-05-29-Hamburg_Rahlstedt,MRP-Jugendliga/A-Rangliste,Mainz,,,103.53,pass_verified,DMV_Teilnahmen_2015_2025_VOLLSTAENDIG
DMV-151125,66548.0,66548.0,2016,2016-06-12,2016-06-12-Hamburg_Lurup,,,,,109.168,pass_verified,DMV_Teilnahmen_2015_2025_VOLLSTAENDIG
DMV-151126,66548.0,66548.0,2016,2016-09-04,2016-09-04-Hamburg_Rahlstedt,"3. Bundesliga Nord, Staffel I, 5. Spieltag",Dormagen,,,105.211,pass_verified,DMV_Teilnahmen_2015_2025_VOLLSTAENDIG
DMV-151127,66548.0,66548.0,2016,2016-09-25,2016-09-25-Neu_Wulmstorf,,,,,106.321,pass_verified,DMV_Teilnahmen_2015_2025_VOLLSTAENDIG
DMV-151128,66548.0,66548.0,2016,2016-10-02,2016-10-02-Hamburg_Lohbrügge,,,,,108.049,pass_verified,DMV_Teilnahmen_2015_2025_VOLLSTAENDIG
DMV-151129,66549.0,66549.0,2016,2016-03-28,2016-03-28-Kempten_Steinbruch,,,,,105.651,pass_verified,DMV_Teilnahmen_2015_2025_VOLLSTAENDIG
DMV-151130,66549.0,66549.0,2016,2016-06-05,2016-06-05-Murnau_See,,,,,112.249,pass_verified,DMV_Teilnahmen_2015_2025_VOLLSTAENDIG
DMV-151131,66550.0,66550.0,2016,2016-08-28,2016-08-28-Kempten_Steinbruch,,,,,106.211,pass_verified,DMV_Teilnahmen_2015_2025_VOLLSTAENDIG
DMV-151132,66551.0,66551.0,2016,2016-03-28,2016-03-28-Kempten_Steinbruch,,,,,103.651,pass_verified,DMV_Teilnahmen_2015_2025_VOLLSTAENDIG
DMV-151133,66551.0,66551.0,2016,2016-06-05,2016-06-05-Murnau_See,,,,,106.499,pass_verified,DMV_Teilnahmen_2015_2025_VOLLSTAENDIG
DMV-151134,66551.0,66551.0,2016,2016-07-31,2016-07-31-Illertissen,,,,,107.245,pass_verified,DMV_Teilnahmen_2015_2025_VOLLSTAENDIG
DMV-151135,66551.0,66551.0,2016,2016-08-14,2016-08-14-Illertissen,26. Rebland-Turnier,Ohlsbach,,,105.076,pass_verified,DMV_Teilnahmen_2015_2025_VOLLSTAENDIG
DMV-151136,66551.0,66551.0,2016,2016-08-28,2016-08-28-Kempten_Steinbruch,,,,,103.878,pass_verified,DMV_Teilnahmen_2015_2025_VOLLSTAENDIG
DMV-151137,66551.0,66551.0,2016,2016-09-04,2016-09-04-Kempten_Steinbruch,"3. Bundesliga Nord, Staffel I, 5. Spieltag",Dormagen,,,105.282,pass_verified,DMV_Teilnahmen_2015_2025_VOLLSTAENDIG
DMV-151138,66553.0,66553.0,2016,2016-07-31,2016-07-31-Illertissen,,,,,105.745,pass_verified,DMV_Teilnahmen_2015_2025_VOLLSTAENDIG
DMV-151139,66553.0,66553.0,2016,2016-08-28,2016-08-28-Kempten_Steinbruch,,,,,105.544,pass_verified,DMV_Teilnahmen_2015_2025_VOLLSTAENDIG
DMV-151140,66553.0,66553.0,2016,2016-09-04,2016-09-04-Kempten_Steinbruch,"3. Bundesliga Nord, Staffel I, 5. Spieltag",Dormagen,,,106.616,pass_verified,DMV_Teilnahmen_2015_2025_VOLLSTAENDIG
DMV-151141,66554.0,66554.0,2016,2016-07-31,2016-07-31-Illertissen,,,,,108.245,pass_verified,DMV_Teilnahmen_2015_2025_VOLLSTAENDIG
DMV-151142,66554.0,66554.0,2016,2016-08-28,2016-08-28-Kempten_Steinbruch,,,,,106.544,pass_verified,DMV_Teilnahmen_2015_2025_VOLLSTAENDIG
DMV-151143,66554.0,66554.0,2016,2016-09-04,2016-09-04-Kempten_Steinbruch,"3. Bundesliga Nord, Staffel I, 5. Spieltag",Dormagen,,,108.282,pass_verified,DMV_Teilnahmen_2015_2025_VOLLSTAENDIG
DMV-151144,66555.0,66555.0,2016,2016-08-07,2016-08-07-Straßlach,"NBV-Landesliga Staffel I, 5. Spieltag",Kaarst,,,113.713,pass_verified,DMV_Teilnahmen_2015_2025_VOLLSTAENDIG
DMV-151145,66558.0,66558.0,2016,2016-04-17,2016-04-17-Kelheim,,,,,109.316,pass_verified,DMV_Teilnahmen_2015_2025_VOLLSTAENDIG
DMV-151146,66558.0,66558.0,2016,2016-06-19,2016-06-19-Wolnzach,,,,,105.87,pass_verified,DMV_Teilnahmen_2015_2025_VOLLSTAENDIG
DMV-151147,66559.0,66559.0,2016,2016-06-05,2016-06-05-Landshut,,,,,103.425,pass_verified,DMV_Teilnahmen_2015_2025_VOLLSTAENDIG
DMV-151148,66559.0,66559.0,2016,2016-08-28,2016-08-28-Landshut,,,,,105.732,pass_verified,DMV_Teilnahmen_2015_2025_VOLLSTAENDIG
DMV-151149,66561.0,66561.0,2016,2016-04-17,2016-04-17-Karlshagen2,,,,,110.805,pass_verified,DMV_Teilnahmen_2015_2025_VOLLSTAENDIG
DMV-151150,66561.0,66561.0,2016,2016-05-22,2016-05-22-Berlin_Tegel_Adelheidallee2,,,,,114.074,pass_verified,DMV_Teilnahmen_2015_2025_VOLLSTAENDIG
DMV-151151,66561.0,66561.0,2016,2016-06-05,2016-06-05-Berlin_Lankwitz2,,,,,109.889,pass_verified,DMV_Teilnahmen_2015_2025_VOLLSTAENDIG
DMV-151152,66561.0,66561.0,2016,2016-10-22,2016-10-22-Lana,,,,,107.635,pass_verified,DMV_Teilnahmen_2015_2025_VOLLSTAENDIG
DMV-151153,66561.0,66561.0,2016,2016-10-29,2016-10-29-Algund,,,,,107.187,pass_verified,DMV_Teilnahmen_2015_2025_VOLLSTAENDIG
DMV-151154,66562.0,66562.0,2016,2016-04-17,2016-04-17-Karlshagen2,,,,,107.555,pass_verified,DMV_Teilnahmen_2015_2025_VOLLSTAENDIG
DMV-151155,66562.0,66562.0,2016,2016-05-22,2016-05-22-Berlin_Tegel_Adelheidallee2,,,,,103.741,pass_verified,DMV_Teilnahmen_2015_2025_VOLLSTAENDIG
DMV-151156,66562.0,66562.0,2016,2016-05-29,2016-05-29-Woltersdorf,MRP-Jugendliga/A-Rangliste,Mainz,,,107.695,pass_verified,DMV_Teilnahmen_2015_2025_VOLLSTAENDIG
DMV-151157,66562.0,66562.0,2016,2016-06-12,2016-06-12-Berlin_MärkischesViertel,,,,,104.349,pass_verified,DMV_Teilnahmen_2015_2025_VOLLSTAENDIG
DMV-151158,66562.0,66562.0,2016,2016-06-19,2016-06-19-Woltersdorf,,,,,106.088,pass_verified,DMV_Teilnahmen_2015_2025_VOLLSTAENDIG
DMV-151159,66562.0,66562.0,2016,2016-04-10,2016-04-10-Berlin_Tegel_Adelheidallee,,,,,104.198,pass_verified,DMV_Teilnahmen_2015_2025_VOLLSTAENDIG
DMV-151160,66562.0,66562.0,2016,2016-05-01,2016-05-01-Berlin_Britz,,,,,106.016,pass_verified,DMV_Teilnahmen_2015_2025_VOLLSTAENDIG
DMV-151161,66562.0,66562.0,2016,2016-06-05,2016-06-05-Berlin_Lankwitz2,,,,,104.639,pass_verified,DMV_Teilnahmen_2015_2025_VOLLSTAENDIG
DMV-151162,66562.0,66562.0,2016,2016-09-04,2016-09-04-Berlin_Spandau2,"3. Bundesliga Nord, Staffel I, 5. Spieltag",Dormagen,,,109.062,pass_verified,DMV_Teilnahmen_2015_2025_VOLLSTAENDIG
DMV-151163,66562.0,66562.0,2016,2016-10-22,2016-10-22-Lana,,,,,105.135,pass_verified,DMV_Teilnahmen_2015_2025_VOLLSTAENDIG
DMV-151164,66562.0,66562.0,2016,2016-10-29,2016-10-29-Algund,,,,,106.187,pass_verified,DMV_Teilnahmen_2015_2025_VOLLSTAENDIG
DMV-151165,66563.0,66563.0,2016,2016-04-17,2016-04-17-Karlshagen2,,,,,111.555,pass_verified,DMV_Teilnahmen_2015_2025_VOLLSTAENDIG
DMV-151166,66563.0,66563.0,2016,2016-05-29,2016-05-29-Woltersdorf,MRP-Jugendliga/A-Rangliste,Mainz,,,110.445,pass_verified,DMV_Teilnahmen_2015_2025_VOLLSTAENDIG
DMV-151167,66563.0,66563.0,2016,2016-04-10,2016-04-10-Berlin_Tegel_Adelheidallee,,,,,109.948,pass_verified,DMV_Teilnahmen_2015_2025_VOLLSTAENDIG
DMV-151168,66563.0,66563.0,2016,2016-05-01,2016-05-01-Berlin_Britz,,,,,111.766,pass_verified,DMV_Teilnahmen_2015_2025_VOLLSTAENDIG
DMV-151169,66563.0,66563.0,2016,2016-09-04,2016-09-04-Berlin_Spandau2,"3. Bundesliga Nord, Staffel I, 5. Spieltag",Dormagen,,,114.395,pass_verified,DMV_Teilnahmen_2015_2025_VOLLSTAENDIG
DMV-151170,66563.0,66563.0,2016,2016-10-22,2016-10-22-Lana,,,,,108.135,pass_verified,DMV_Teilnahmen_2015_2025_VOLLSTAENDIG
DMV-151171,66563.0,66563.0,2016,2016-10-29,2016-10-29-Algund,,,,,113.687,pass_verified,DMV_Teilnahmen_2015_2025_VOLLSTAENDIG
DMV-151172,66564.0,66564.0,2016,2016-04-01,2016-04-01-Schweinfurt,,,,,110.774,pass_verified,DMV_Teilnahmen_2015_2025_VOLLSTAENDIG
DMV-151173,66564.0,66564.0,2016,2016-05-01,2016-05-01-Niederstetten,,,,,110.241,pass_verified,DMV_Teilnahmen_2015_2025_VOLLSTAENDIG
DMV-151174,66564.0,66564.0,2016,2016-05-22,2016-05-22-Wendlingen,,,,,109.281,pass_verified,DMV_Teilnahmen_2015_2025_VOLLSTAENDIG
DMV-151175,66564.0,66564.0,2016,2016-05-29,2016-05-29-Oberkochen,MRP-Jugendliga/A-Rangliste,Mainz,,,109.6,pass_verified,DMV_Teilnahmen_2015_2025_VOLLSTAENDIG
DMV-151176,66564.0,66564.0,2016,2016-06-05,2016-06-05-Wernau,,,,,112.551,pass_verified,DMV_Teilnahmen_2015_2025_VOLLSTAENDIG
DMV-151177,66564.0,66564.0,2016,2016-06-12,2016-06-12-Großbottwar,,,,,106.352,pass_verified,DMV_Teilnahmen_2015_2025_VOLLSTAENDIG
DMV-151178,66564.0,66564.0,2016,2016-06-19,2016-06-19-Ulm,,,,,110.283,pass_verified,DMV_Teilnahmen_2015_2025_VOLLSTAENDIG
DMV-151179,66564.0,66564.0,2016,2016-07-21,2016-07-21-Weinheim,,,,,105.196,pass_verified,DMV_Teilnahmen_2015_2025_VOLLSTAENDIG
DMV-151180,66564.0,66564.0,2016,2016-07-31,2016-07-31-Metzingen,,,,,105.883,pass_verified,DMV_Teilnahmen_2015_2025_VOLLSTAENDIG
DMV-151181,66564.0,66564.0,2016,2016-09-04,2016-09-04-Bad_Urach,"3. Bundesliga Nord, Staffel I, 5. Spieltag",Dormagen,,,103.348,pass_verified,DMV_Teilnahmen_2015_2025_VOLLSTAENDIG
DMV-151182,66565.0,66565.0,2016,2016-04-10,2016-04-10-Witten_Herbede,,,,,111.642,pass_verified,DMV_Teilnahmen_2015_2025_VOLLSTAENDIG
DMV-151183,66565.0,66565.0,2016,2016-05-22,2016-05-22-Lüttringhausen,,,,,115.284,pass_verified,DMV_Teilnahmen_2015_2025_VOLLSTAENDIG
DMV-151184,66565.0,66565.0,2016,2016-06-05,2016-06-05-Witten_Herbede,,,,,109.743,pass_verified,DMV_Teilnahmen_2015_2025_VOLLSTAENDIG
DMV-151185,66565.0,66565.0,2016,2016-08-07,2016-08-07-Wermelskirchen,"NBV-Landesliga Staffel I, 5. Spieltag",Kaarst,,,114.273,pass_verified,DMV_Teilnahmen_2015_2025_VOLLSTAENDIG
DMV-151186,66565.0,66565.0,2016,2016-09-04,2016-09-04-Lünen,"3. Bundesliga Nord, Staffel I, 5. Spieltag",Dormagen,,,112.605,pass_verified,DMV_Teilnahmen_2015_2025_VOLLSTAENDIG
DMV-151187,66565.0,66565.0,2016,2016-09-17,2016-09-17-Witten_Herbede,,,,,119.092,pass_verified,DMV_Teilnahmen_2015_2025_VOLLSTAENDIG
DMV-151188,66565.0,66565.0,2016,2016-09-17,2016-09-17-Witten_Herbede2,,,,,110.091,pass_verified,DMV_Teilnahmen_2015_2025_VOLLSTAENDIG
DMV-151189,66567.0,66567.0,2016,2016-08-28,2016-08-28-Gladbeck,,,,,112.089,pass_verified,DMV_Teilnahmen_2015_2025_VOLLSTAENDIG
DMV-151190,66568.0,66568.0,2016,2016-05-26,2016-05-26-Kelheim,,,,,109.431,pass_verified,DMV_Teilnahmen_2015_2025_VOLLSTAENDIG
DMV-151191,66568.0,66568.0,2016,2016-06-26,2016-06-26-Bad_Feilnbach,,,,,109.781,pass_verified,DMV_Teilnahmen_2015_2025_VOLLSTAENDIG
DMV-151192,66568.0,66568.0,2016,2016-08-21,2016-08-21-Olching,,,,,111.081,pass_verified,DMV_Teilnahmen_2015_2025_VOLLSTAENDIG
DMV-151193,66568.0,66568.0,2016,2016-09-04,2016-09-04-Olching2,"3. Bundesliga Nord, Staffel I, 5. Spieltag",Dormagen,,,113.507,pass_verified,DMV_Teilnahmen_2015_2025_VOLLSTAENDIG
DMV-151194,66568.0,66568.0,2016,2016-09-18,2016-09-18-Murnau_See,Heven-Cup 2016,Witten,,,110.922,pass_verified,DMV_Teilnahmen_2015_2025_VOLLSTAENDIG
DMV-151195,66568.0,66568.0,2016,2016-09-25,2016-09-25-Karlsfeld,,,,,107.493,pass_verified,DMV_Teilnahmen_2015_2025_VOLLSTAENDIG
DMV-151196,66569.0,66569.0,2016,2016-03-04,2016-03-04-Celle_Halle,,,,,107.82,pass_verified,DMV_Teilnahmen_2015_2025_VOLLSTAENDIG
DMV-151197,66569.0,66569.0,2016,2016-04-17,2016-04-17-Lüneburg,,,,,107.525,pass_verified,DMV_Teilnahmen_2015_2025_VOLLSTAENDIG
DMV-151198,66569.0,66569.0,2016,2016-05-07,2016-05-07-Diepholz,,,,,108.703,pass_verified,DMV_Teilnahmen_2015_2025_VOLLSTAENDIG
DMV-151199,66569.0,66569.0,2016,2016-05-14,2016-05-14-Celle,,,,,104.875,pass_verified,DMV_Teilnahmen_2015_2025_VOLLSTAENDIG
DMV-151200,66569.0,66569.0,2016,2016-05-22,2016-05-22-Diepholz,,,,,104.216,pass_verified,DMV_Teilnahmen_2015_2025_VOLLSTAENDIG
DMV-151201,66569.0,66569.0,2016,2016-06-05,2016-06-05-Cuxhaven,,,,,102.994,pass_verified,DMV_Teilnahmen_2015_2025_VOLLSTAENDIG
DMV-151202,66569.0,66569.0,2016,2016-06-19,2016-06-19-Bremen_Vahr,,,,,108.988,pass_verified,DMV_Teilnahmen_2015_2025_VOLLSTAENDIG
DMV-151203,66569.0,66569.0,2016,2016-07-31,2016-07-31-Bad_Nenndorf,,,,,106.215,pass_verified,DMV_Teilnahmen_2015_2025_VOLLSTAENDIG
DMV-151204,66569.0,66569.0,2016,2016-08-06,2016-08-06-Bad_Münder,,,,,108.227,pass_verified,DMV_Teilnahmen_2015_2025_VOLLSTAENDIG
DMV-151205,66569.0,66569.0,2016,2016-08-27,2016-08-27-Vellmar,,,,,106.584,pass_verified,DMV_Teilnahmen_2015_2025_VOLLSTAENDIG
DMV-151206,66569.0,66569.0,2016,2016-09-17,2016-09-17-Hannover,,,,,105.446,pass_verified,DMV_Teilnahmen_2015_2025_VOLLSTAENDIG
DMV-151207,66569.0,66569.0,2016,2016-09-25,2016-09-25-Kaarst,,,,,105.441,pass_verified,DMV_Teilnahmen_2015_2025_VOLLSTAENDIG
DMV-151208,66569.0,66569.0,2016,2016-09-25,2016-09-25-Büttgen,,,,,105.441,pass_verified,DMV_Teilnahmen_2015_2025_VOLLSTAENDIG
DMV-151209,66570.0,66570.0,2016,2016-04-01,2016-04-01-Schweinfurt,,,,,103.974,pass_verified,DMV_Teilnahmen_2015_2025_VOLLSTAENDIG
DMV-151210,66570.0,66570.0,2016,2016-04-24,2016-04-24-Ingolstadt_Auwaldsee,,,,,106.722,pass_verified,DMV_Teilnahmen_2015_2025_VOLLSTAENDIG
DMV-151211,66570.0,66570.0,2016,2016-05-26,2016-05-26-Kelheim,,,,,107.056,pass_verified,DMV_Teilnahmen_2015_2025_VOLLSTAENDIG
DMV-151212,66570.0,66570.0,2016,2016-06-05,2016-06-05-Bad_Feilnbach,"MVBN-Verbandsliga Süd, 3. Punktspiel",Gebhardshagen,,12.0,103.766,pass_verified,DMV_Teilnahmen_2015_2025_VOLLSTAENDIG
DMV-151213,66570.0,66570.0,2016,2016-06-19,2016-06-19-Illertissen,,,,,104.023,pass_verified,DMV_Teilnahmen_2015_2025_VOLLSTAENDIG
DMV-151214,66570.0,66570.0,2016,2016-07-31,2016-07-31-Murnau_See,,,,,104.651,pass_verified,DMV_Teilnahmen_2015_2025_VOLLSTAENDIG
DMV-151215,66570.0,66570.0,2016,2016-08-14,2016-08-14-Illertissen,26. Rebland-Turnier,Ohlsbach,,,103.326,pass_verified,DMV_Teilnahmen_2015_2025_VOLLSTAENDIG
DMV-151216,66570.0,66570.0,2016,2016-08-21,2016-08-21-Olching,,,,,105.081,pass_verified,DMV_Teilnahmen_2015_2025_VOLLSTAENDIG
DMV-151217,66570.0,66570.0,2016,2016-08-28,2016-08-28-Kempten_Steinbruch,,,,,104.544,pass_verified,DMV_Teilnahmen_2015_2025_VOLLSTAENDIG
DMV-151218,66570.0,66570.0,2016,2016-09-11,2016-09-11-München_Feldmoching,,,,,101.652,pass_verified,DMV_Teilnahmen_2015_2025_VOLLSTAENDIG
DMV-151219,66570.0,66570.0,2016,2016-09-18,2016-09-18-Murnau_See,Heven-Cup 2016,Witten,,,101.922,pass_verified,DMV_Teilnahmen_2015_2025_VOLLSTAENDIG
DMV-151220,66571.0,66571.0,2016,2016-03-28,2016-03-28-Kempten_Steinbruch,,,,,109.651,pass_verified,DMV_Teilnahmen_2015_2025_VOLLSTAENDIG
DMV-151221,66571.0,66571.0,2016,2016-04-24,2016-04-24-Ingolstadt_Auwaldsee,,,,,102.722,pass_verified,DMV_Teilnahmen_2015_2025_VOLLSTAENDIG
DMV-151222,66571.0,66571.0,2016,2016-05-26,2016-05-26-Kelheim,,,,,109.056,pass_verified,DMV_Teilnahmen_2015_2025_VOLLSTAENDIG
DMV-151223,66571.0,66571.0,2016,2016-06-05,2016-06-05-Bad_Feilnbach,"MVBN-Verbandsliga Süd, 3. Punktspiel",Gebhardshagen,,31.0,107.266,pass_verified,DMV_Teilnahmen_2015_2025_VOLLSTAENDIG
DMV-151224,66571.0,66571.0,2016,2016-06-19,2016-06-19-Illertissen,,,,,108.773,pass_verified,DMV_Teilnahmen_2015_2025_VOLLSTAENDIG
DMV-151225,66571.0,66571.0,2016,2016-07-31,2016-07-31-Murnau_See,,,,,102.984,pass_verified,DMV_Teilnahmen_2015_2025_VOLLSTAENDIG
DMV-151226,66571.0,66571.0,2016,2016-08-14,2016-08-14-Illertissen,26. Rebland-Turnier,Ohlsbach,,,103.826,pass_verified,DMV_Teilnahmen_2015_2025_VOLLSTAENDIG
DMV-151227,66571.0,66571.0,2016,2016-08-21,2016-08-21-Olching,,,,,106.081,pass_verified,DMV_Teilnahmen_2015_2025_VOLLSTAENDIG
DMV-151228,66571.0,66571.0,2016,2016-08-28,2016-08-28-Kempten_Steinbruch,,,,,102.544,pass_verified,DMV_Teilnahmen_2015_2025_VOLLSTAENDIG
DMV-151229,66571.0,66571.0,2016,2016-09-04,2016-09-04-Kempten_Steinbruch,"3. Bundesliga Nord, Staffel I, 5. Spieltag",Dormagen,,,105.282,pass_verified,DMV_Teilnahmen_2015_2025_VOLLSTAENDIG
DMV-151230,66571.0,66571.0,2016,2016-09-11,2016-09-11-München_Feldmoching,,,,,104.652,pass_verified,DMV_Teilnahmen_2015_2025_VOLLSTAENDIG
DMV-151231,66571.0,66571.0,2016,2016-09-18,2016-09-18-Murnau_See,Heven-Cup 2016,Witten,,,106.922,pass_verified,DMV_Teilnahmen_2015_2025_VOLLSTAENDIG
DMV-151232,66573.0,66573.0,2016,2016-04-17,2016-04-17-Seesen,,,,,107.112,pass_verified,DMV_Teilnahmen_2015_2025_VOLLSTAENDIG
DMV-151233,66573.0,66573.0,2016,2016-05-22,2016-05-22-Göttingen_Grone,,,,,111.672,pass_verified,DMV_Teilnahmen_2015_2025_VOLLSTAENDIG
DMV-151234,66573.0,66573.0,2016,2016-06-05,2016-06-05-Lohfelden,,,,,113.149,pass_verified,DMV_Teilnahmen_2015_2025_VOLLSTAENDIG
DMV-151235,66573.0,66573.0,2016,2016-06-19,2016-06-19-Vellmar,,,,,114.452,pass_verified,DMV_Teilnahmen_2015_2025_VOLLSTAENDIG
DMV-151236,66573.0,66573.0,2016,2016-07-31,2016-07-31-Northeim,,,,,112.695,pass_verified,DMV_Teilnahmen_2015_2025_VOLLSTAENDIG
DMV-151237,66574.0,66574.0,2016,2016-04-17,2016-04-17-Seesen,,,,,111.362,pass_verified,DMV_Teilnahmen_2015_2025_VOLLSTAENDIG
DMV-151238,66574.0,66574.0,2016,2016-05-22,2016-05-22-Göttingen_Grone,,,,,114.672,pass_verified,DMV_Teilnahmen_2015_2025_VOLLSTAENDIG
DMV-151239,66574.0,66574.0,2016,2016-06-19,2016-06-19-Vellmar,,,,,124.952,pass_verified,DMV_Teilnahmen_2015_2025_VOLLSTAENDIG
DMV-151240,66576.0,66576.0,2016,2016-05-26,2016-05-26-Kelheim,,,,,105.556,pass_verified,DMV_Teilnahmen_2015_2025_VOLLSTAENDIG
DMV-151241,66576.0,66576.0,2016,2016-06-12,2016-06-12-Ansbach,,,,,107.926,pass_verified,DMV_Teilnahmen_2015_2025_VOLLSTAENDIG
DMV-151242,66576.0,66576.0,2016,2016-07-03,2016-07-03-Wertheim,,,,,110.022,pass_verified,DMV_Teilnahmen_2015_2025_VOLLSTAENDIG
DMV-151243,66576.0,66576.0,2016,2016-07-24,2016-07-24-Ingolstadt_Baggersee,,,,,109.801,pass_verified,DMV_Teilnahmen_2015_2025_VOLLSTAENDIG
DMV-151244,66576.0,66576.0,2016,2016-07-31,2016-07-31-Wertheim,,,,,106.585,pass_verified,DMV_Teilnahmen_2015_2025_VOLLSTAENDIG
DMV-151245,66576.0,66576.0,2016,2016-08-21,2016-08-21-Olching,,,,,107.414,pass_verified,DMV_Teilnahmen_2015_2025_VOLLSTAENDIG
DMV-151246,66579.0,66579.0,2016,2016-04-10,2016-04-10-Herne,,,,,107.936,pass_verified,DMV_Teilnahmen_2015_2025_VOLLSTAENDIG
DMV-151247,66579.0,66579.0,2016,2016-05-22,2016-05-22-Halver,,,,,109.966,pass_verified,DMV_Teilnahmen_2015_2025_VOLLSTAENDIG
DMV-151248,66579.0,66579.0,2016,2016-06-05,2016-06-05-Gevelsberg,,,,,101.818,pass_verified,DMV_Teilnahmen_2015_2025_VOLLSTAENDIG
DMV-151249,66579.0,66579.0,2016,2016-07-02,2016-07-02-Gevelsberg,,,,,110.533,pass_verified,DMV_Teilnahmen_2015_2025_VOLLSTAENDIG
DMV-151250,66579.0,66579.0,2016,2016-08-07,2016-08-07-Witten_Herbede,"NBV-Landesliga Staffel I, 5. Spieltag",Kaarst,,,109.32,pass_verified,DMV_Teilnahmen_2015_2025_VOLLSTAENDIG
DMV-151251,66579.0,66579.0,2016,2016-09-10,2016-09-10-Lüttringhausen,,,,,110.537,pass_verified,DMV_Teilnahmen_2015_2025_VOLLSTAENDIG
DMV-151252,66581.0,66581.0,2016,2016-04-17,2016-04-17-Lüneburg,,,,,105.025,pass_verified,DMV_Teilnahmen_2015_2025_VOLLSTAENDIG
DMV-151253,66581.0,66581.0,2016,2016-05-22,2016-05-22-Diepholz,,,,,104.466,pass_verified,DMV_Teilnahmen_2015_2025_VOLLSTAENDIG
DMV-151254,66581.0,66581.0,2016,2016-06-05,2016-06-05-Cuxhaven,,,,,102.744,pass_verified,DMV_Teilnahmen_2015_2025_VOLLSTAENDIG
DMV-151255,66581.0,66581.0,2016,2016-06-19,2016-06-19-Bremen_Vahr,,,,,101.488,pass_verified,DMV_Teilnahmen_2015_2025_VOLLSTAENDIG
DMV-151256,66581.0,66581.0,2016,2016-07-31,2016-07-31-Bad_Nenndorf,,,,,104.465,pass_verified,DMV_Teilnahmen_2015_2025_VOLLSTAENDIG
DMV-151257,66582.0,66582.0,2016,2016-04-17,2016-04-17-Lüneburg,,,,,108.775,pass_verified,DMV_Teilnahmen_2015_2025_VOLLSTAENDIG
DMV-151258,66582.0,66582.0,2016,2016-05-22,2016-05-22-Diepholz,,,,,103.216,pass_verified,DMV_Teilnahmen_2015_2025_VOLLSTAENDIG
DMV-151259,66582.0,66582.0,2016,2016-06-19,2016-06-19-Bremen_Vahr,,,,,104.238,pass_verified,DMV_Teilnahmen_2015_2025_VOLLSTAENDIG
DMV-151260,66582.0,66582.0,2016,2016-07-31,2016-07-31-Bad_Nenndorf,,,,,105.465,pass_verified,DMV_Teilnahmen_2015_2025_VOLLSTAENDIG
DMV-151261,66589.0,66589.0,2016,2016-06-26,2016-06-26-Bad_Feilnbach,,,,,107.781,pass_verified,DMV_Teilnahmen_2015_2025_VOLLSTAENDIG
DMV-151262,66589.0,66589.0,2016,2016-08-07,2016-08-07-Straßlach,"NBV-Landesliga Staffel I, 5. Spieltag",Kaarst,,,108.047,pass_verified,DMV_Teilnahmen_2015_2025_VOLLSTAENDIG
DMV-151263,66589.0,66589.0,2016,2016-09-11,2016-09-11-Ottobrunn,,,,,112.211,pass_verified,DMV_Teilnahmen_2015_2025_VOLLSTAENDIG
DMV-151264,66589.0,66589.0,2016,2016-09-25,2016-09-25-Karlsfeld,,,,,117.243,pass_verified,DMV_Teilnahmen_2015_2025_VOLLSTAENDIG
DMV-151265,66594.0,66594.0,2016,2016-06-05,2016-06-05-Paffendorf,,,,,104.737,pass_verified,DMV_Teilnahmen_2015_2025_VOLLSTAENDIG
DMV-151266,66594.0,66594.0,2016,2016-06-19,2016-06-19-Wesseling,,,,,109.398,pass_verified,DMV_Teilnahmen_2015_2025_VOLLSTAENDIG
DMV-151267,66594.0,66594.0,2016,2016-08-07,2016-08-07-Kerpen,"NBV-Landesliga Staffel I, 5. Spieltag",Kaarst,,,106.088,pass_verified,DMV_Teilnahmen_2015_2025_VOLLSTAENDIG
DMV-151268,66605.0,66605.0,2016,2016-08-27,2016-08-27-Hamburg_Lurup,,,,,105.148,pass_verified,DMV_Teilnahmen_2015_2025_VOLLSTAENDIG
DMV-151269,66607.0,66607.0,2016,2016-05-29,2016-05-29-Berlin_Tegel_Adelheidallee,MRP-Jugendliga/A-Rangliste,Mainz,,,108.409,pass_verified,DMV_Teilnahmen_2015_2025_VOLLSTAENDIG
DMV-151270,66608.0,66608.0,2016,2016-04-17,2016-04-17-Lüneburg,,,,,102.525,pass_verified,DMV_Teilnahmen_2015_2025_VOLLSTAENDIG
DMV-151271,66608.0,66608.0,2016,2016-05-07,2016-05-07-Diepholz,,,,,105.303,pass_verified,DMV_Teilnahmen_2015_2025_VOLLSTAENDIG
DMV-151272,66608.0,66608.0,2016,2016-05-22,2016-05-22-Diepholz,,,,,105.966,pass_verified,DMV_Teilnahmen_2015_2025_VOLLSTAENDIG
DMV-151273,66608.0,66608.0,2016,2016-06-05,2016-06-05-Cuxhaven,,,,,104.244,pass_verified,DMV_Teilnahmen_2015_2025_VOLLSTAENDIG
DMV-151274,66608.0,66608.0,2016,2016-06-19,2016-06-19-Bremen_Vahr,,,,,102.988,pass_verified,DMV_Teilnahmen_2015_2025_VOLLSTAENDIG
DMV-151275,66608.0,66608.0,2016,2016-07-31,2016-07-31-Bad_Nenndorf,,,,,103.965,pass_verified,DMV_Teilnahmen_2015_2025_VOLLSTAENDIG
DMV-151276,66612.0,66612.0,2016,2016-08-07,2016-08-07-Garmisch_Partenkirchen,"NBV-Landesliga Staffel I, 5. Spieltag",Kaarst,,,111.465,pass_verified,DMV_Teilnahmen_2015_2025_VOLLSTAENDIG
DMV-151277,66613.0,66613.0,2016,2016-08-07,2016-08-07-Garmisch_Partenkirchen,"NBV-Landesliga Staffel I, 5. Spieltag",Kaarst,,,107.965,pass_verified,DMV_Teilnahmen_2015_2025_VOLLSTAENDIG
DMV-151278,66616.0,66616.0,2016,2016-05-22,2016-05-22-Berlin_Tegel_Adelheidallee,,,,,110.389,pass_verified,DMV_Teilnahmen_2015_2025_VOLLSTAENDIG
DMV-151279,66616.0,66616.0,2016,2016-11-05,2016-11-05-Eibenstock_Halle,,,,,110.734,pass_verified,DMV_Teilnahmen_2015_2025_VOLLSTAENDIG
DMV-151280,66619.0,66619.0,2016,2016-04-01,2016-04-01-Schweinfurt,,,,,101.174,pass_verified,DMV_Teilnahmen_2015_2025_VOLLSTAENDIG
DMV-151281,66619.0,66619.0,2016,2016-04-17,2016-04-17-Würzburg_Löwenbrücke,,,,,100.036,pass_verified,DMV_Teilnahmen_2015_2025_VOLLSTAENDIG
DMV-151282,66619.0,66619.0,2016,2016-04-24,2016-04-24-Ostheim,,,,,100.259,pass_verified,DMV_Teilnahmen_2015_2025_VOLLSTAENDIG
DMV-151283,66619.0,66619.0,2016,2016-05-15,2016-05-15-Bad_Berneck,,,,,100.441,pass_verified,DMV_Teilnahmen_2015_2025_VOLLSTAENDIG
DMV-151284,66619.0,66619.0,2016,2016-05-26,2016-05-26-Kelheim,,,,,100.598,pass_verified,DMV_Teilnahmen_2015_2025_VOLLSTAENDIG
DMV-151285,66619.0,66619.0,2016,2016-06-05,2016-06-05-Pegnitz,"MVBN-Verbandsliga Süd, 3. Punktspiel",Gebhardshagen,,1.0,102.243,pass_verified,DMV_Teilnahmen_2015_2025_VOLLSTAENDIG
DMV-151286,66619.0,66619.0,2016,2016-06-12,2016-06-12-Ansbach,,,,,99.676,pass_verified,DMV_Teilnahmen_2015_2025_VOLLSTAENDIG
DMV-151287,66619.0,66619.0,2016,2016-06-19,2016-06-19-Bad_Berneck,,,,,100.93,pass_verified,DMV_Teilnahmen_2015_2025_VOLLSTAENDIG
DMV-151288,66619.0,66619.0,2016,2016-07-03,2016-07-03-Wertheim,,,,,101.022,pass_verified,DMV_Teilnahmen_2015_2025_VOLLSTAENDIG
DMV-151289,66619.0,66619.0,2016,2016-07-21,2016-07-21-Weinheim,,,,,101.321,pass_verified,DMV_Teilnahmen_2015_2025_VOLLSTAENDIG
DMV-151290,66619.0,66619.0,2016,2016-07-31,2016-07-31-Hammer,,,,,101.089,pass_verified,DMV_Teilnahmen_2015_2025_VOLLSTAENDIG
DMV-151291,66619.0,66619.0,2016,2016-08-28,2016-08-28-Bamberg,,,,,96.026,pass_verified,DMV_Teilnahmen_2015_2025_VOLLSTAENDIG
DMV-151292,66619.0,66619.0,2016,2016-09-04,2016-09-04-Bamberg,"3. Bundesliga Nord, Staffel I, 5. Spieltag",Dormagen,,,97.652,pass_verified,DMV_Teilnahmen_2015_2025_VOLLSTAENDIG
DMV-151293,66619.0,66619.0,2016,2016-09-25,2016-09-25-Würzburg_Löwenbrücke,,,,,102.933,pass_verified,DMV_Teilnahmen_2015_2025_VOLLSTAENDIG
DMV-151294,66619.0,66619.0,2016,2016-10-09,2016-10-09-Kelheim,BMW Knopf Trophy 2016,Schriesheim,,,100.846,pass_verified,DMV_Teilnahmen_2015_2025_VOLLSTAENDIG
DMV-151295,66619.0,66619.0,2016,2016-11-05,2016-11-05-Eibenstock_Halle,,,,,102.567,pass_verified,DMV_Teilnahmen_2015_2025_VOLLSTAENDIG
DMV-151296,66620.0,66620.0,2016,2016-05-15,2016-05-15-Bad_Berneck,,,,,112.191,pass_verified,DMV_Teilnahmen_2015_2025_VOLLSTAENDIG
DMV-151297,66620.0,66620.0,2016,2016-05-26,2016-05-26-Kelheim,,,,,109.306,pass_verified,DMV_Teilnahmen_2015_2025_VOLLSTAENDIG
DMV-151298,66620.0,66620.0,2016,2016-06-12,2016-06-12-Ottobrunn,,,,,111.833,pass_verified,DMV_Teilnahmen_2015_2025_VOLLSTAENDIG
DMV-151299,66620.0,66620.0,2016,2016-07-03,2016-07-03-Wertheim,,,,,108.522,pass_verified,DMV_Teilnahmen_2015_2025_VOLLSTAENDIG
DMV-151300,66620.0,66620.0,2016,2016-07-24,2016-07-24-Mitterteich,,,,,114.752,pass_verified,DMV_Teilnahmen_2015_2025_VOLLSTAENDIG
DMV-151301,66620.0,66620.0,2016,2016-08-28,2016-08-28-Bamberg,,,,,109.026,pass_verified,DMV_Teilnahmen_2015_2025_VOLLSTAENDIG
DMV-151302,66620.0,66620.0,2016,2016-09-25,2016-09-25-Würzburg_Löwenbrücke,,,,,111.683,pass_verified,DMV_Teilnahmen_2015_2025_VOLLSTAENDIG
DMV-151303,66622.0,66622.0,2016,2016-04-24,2016-04-24-Ostheim,,,,,110.926,pass_verified,DMV_Teilnahmen_2015_2025_VOLLSTAENDIG
DMV-151304,66622.0,66622.0,2016,2016-05-15,2016-05-15-Bad_Berneck,,,,,112.691,pass_verified,DMV_Teilnahmen_2015_2025_VOLLSTAENDIG
DMV-151305,66622.0,66622.0,2016,2016-06-05,2016-06-05-Bad_Bocklet,,,,,158.383,pass_verified,DMV_Teilnahmen_2015_2025_VOLLSTAENDIG
DMV-151306,66622.0,66622.0,2016,2016-06-19,2016-06-19-Wertheim,,,,,110.365,pass_verified,DMV_Teilnahmen_2015_2025_VOLLSTAENDIG
DMV-151307,66622.0,66622.0,2016,2016-07-03,2016-07-03-Wertheim,,,,,107.522,pass_verified,DMV_Teilnahmen_2015_2025_VOLLSTAENDIG
DMV-151308,66622.0,66622.0,2016,2016-07-31,2016-07-31-Wertheim,,,,,113.085,pass_verified,DMV_Teilnahmen_2015_2025_VOLLSTAENDIG
DMV-151309,66623.0,66623.0,2016,2016-05-08,2016-05-08-Schweinfurt,Badische Meisterschaften,Tuttlingen,,,113.231,pass_verified,DMV_Teilnahmen_2015_2025_VOLLSTAENDIG
DMV-151310,66623.0,66623.0,2016,2016-07-03,2016-07-03-Wertheim,,,,,116.772,pass_verified,DMV_Teilnahmen_2015_2025_VOLLSTAENDIG
DMV-151311,66624.0,66624.0,2016,2016-05-08,2016-05-08-Schweinfurt,Badische Meisterschaften,Tuttlingen,,,112.481,pass_verified,DMV_Teilnahmen_2015_2025_VOLLSTAENDIG
DMV-151312,66624.0,66624.0,2016,2016-07-03,2016-07-03-Wertheim,,,,,115.522,pass_verified,DMV_Teilnahmen_2015_2025_VOLLSTAENDIG
DMV-151313,66625.0,66625.0,2016,2016-01-30,2016-01-30-Mannheim_Sandhofen_Halle,,,,,107.273,pass_verified,DMV_Teilnahmen_2015_2025_VOLLSTAENDIG
DMV-151314,66625.0,66625.0,2016,2016-04-17,2016-04-17-Mainz_Hartenberg,,,,,107.173,pass_verified,DMV_Teilnahmen_2015_2025_VOLLSTAENDIG
DMV-151315,66625.0,66625.0,2016,2016-05-22,2016-05-22-Bad_Ems,,,,,105.017,pass_verified,DMV_Teilnahmen_2015_2025_VOLLSTAENDIG
DMV-151316,66625.0,66625.0,2016,2016-06-05,2016-06-05-Hachenburg,,,,,108.151,pass_verified,DMV_Teilnahmen_2015_2025_VOLLSTAENDIG
DMV-151317,66625.0,66625.0,2016,2016-09-04,2016-09-04-Bad_Bodendorf,"3. Bundesliga Nord, Staffel I, 5. Spieltag",Dormagen,,,109.311,pass_verified,DMV_Teilnahmen_2015_2025_VOLLSTAENDIG
DMV-151318,66625.0,66625.0,2016,2016-09-25,2016-09-25-Bad_Ems,,,,,103.404,pass_verified,DMV_Teilnahmen_2015_2025_VOLLSTAENDIG
DMV-151319,66626.0,66626.0,2016,2016-01-24,2016-01-24-Mannheim_Sandhofen_Halle2,Südwestdeutsche Jugendmeisterschaft,Mannheim,,,116.101,pass_verified,DMV_Teilnahmen_2015_2025_VOLLSTAENDIG
DMV-151320,66626.0,66626.0,2016,2016-04-10,2016-04-10-Weinheim,2. Spieltag Jugendrangliste BBS / MRP,Weinheim,,7.0,113.225,pass_verified,DMV_Teilnahmen_2015_2025_VOLLSTAENDIG
DMV-151321,66626.0,66626.0,2016,2016-04-17,2016-04-17-Mainz_Hartenberg,,,,,113.673,pass_verified,DMV_Teilnahmen_2015_2025_VOLLSTAENDIG
DMV-151322,66626.0,66626.0,2016,2016-05-22,2016-05-22-Bad_Ems,,,,,115.517,pass_verified,DMV_Teilnahmen_2015_2025_VOLLSTAENDIG
DMV-151323,66626.0,66626.0,2016,2016-05-29,2016-05-29-Mainz_Hartenberg2,MRP-Jugendliga/A-Rangliste,Mainz,,5.0,121.033,pass_verified,DMV_Teilnahmen_2015_2025_VOLLSTAENDIG
DMV-151324,66626.0,66626.0,2016,2016-06-05,2016-06-05-Hachenburg,,,,,128.901,pass_verified,DMV_Teilnahmen_2015_2025_VOLLSTAENDIG
DMV-151325,66626.0,66626.0,2016,2016-09-04,2016-09-04-Bad_Bodendorf,"3. Bundesliga Nord, Staffel I, 5. Spieltag",Dormagen,,,122.311,pass_verified,DMV_Teilnahmen_2015_2025_VOLLSTAENDIG
DMV-151326,66626.0,66626.0,2016,2016-09-25,2016-09-25-Bad_Ems,,,,,108.904,pass_verified,DMV_Teilnahmen_2015_2025_VOLLSTAENDIG
DMV-151327,66627.0,66627.0,2016,2016-06-19,2016-06-19-Lünen,,,,,114.781,pass_verified,DMV_Teilnahmen_2015_2025_VOLLSTAENDIG
DMV-151328,66627.0,66627.0,2016,2016-08-07,2016-08-07-Dortmund_Brechten,"NBV-Landesliga Staffel I, 5. Spieltag",Kaarst,,,111.318,pass_verified,DMV_Teilnahmen_2015_2025_VOLLSTAENDIG
DMV-151329,66628.0,66628.0,2016,2016-04-10,2016-04-10-Epe,,,,,107.882,pass_verified,DMV_Teilnahmen_2015_2025_VOLLSTAENDIG
DMV-151330,66628.0,66628.0,2016,2016-04-23,2016-04-23-Herne,,,,,109.446,pass_verified,DMV_Teilnahmen_2015_2025_VOLLSTAENDIG
DMV-151331,66628.0,66628.0,2016,2016-05-22,2016-05-22-Wallenhorst_Rulle,,,,,108.943,pass_verified,DMV_Teilnahmen_2015_2025_VOLLSTAENDIG
DMV-151332,66628.0,66628.0,2016,2016-06-05,2016-06-05-Wesel,,,,,105.858,pass_verified,DMV_Teilnahmen_2015_2025_VOLLSTAENDIG
DMV-151333,66628.0,66628.0,2016,2016-06-19,2016-06-19-Gladbeck,,,,,109.02,pass_verified,DMV_Teilnahmen_2015_2025_VOLLSTAENDIG
DMV-151334,66628.0,66628.0,2016,2016-08-07,2016-08-07-Herten,"NBV-Landesliga Staffel I, 5. Spieltag",Kaarst,,,107.205,pass_verified,DMV_Teilnahmen_2015_2025_VOLLSTAENDIG
DMV-151335,66628.0,66628.0,2016,2016-08-28,2016-08-28-Gladbeck,,,,,112.089,pass_verified,DMV_Teilnahmen_2015_2025_VOLLSTAENDIG
DMV-151336,66629.0,66629.0,2016,2016-06-05,2016-06-05-Bad_Soden,,,,,114.258,pass_verified,DMV_Teilnahmen_2015_2025_VOLLSTAENDIG
DMV-151337,66629.0,66629.0,2016,2016-06-19,2016-06-19-Arheilgen,,,,,113.986,pass_verified,DMV_Teilnahmen_2015_2025_VOLLSTAENDIG
DMV-151338,66629.0,66629.0,2016,2016-07-09,2016-07-09-Arheilgen,,,,,110.151,pass_verified,DMV_Teilnahmen_2015_2025_VOLLSTAENDIG
DMV-151339,66629.0,66629.0,2016,2016-07-10,2016-07-10-Arheilgen,,,,,111.063,pass_verified,DMV_Teilnahmen_2015_2025_VOLLSTAENDIG
DMV-151340,66629.0,66629.0,2016,2016-07-31,2016-07-31-Weiterstadt,,,,,111.335,pass_verified,DMV_Teilnahmen_2015_2025_VOLLSTAENDIG
DMV-151341,66629.0,66629.0,2016,2016-09-04,2016-09-04-Bad_Homburg_Hirschgarten,"3. Bundesliga Nord, Staffel I, 5. Spieltag",Dormagen,,,110.745,pass_verified,DMV_Teilnahmen_2015_2025_VOLLSTAENDIG
DMV-151342,66630.0,66630.0,2016,2016-01-24,2016-01-24-Mannheim_Sandhofen_Halle2,Südwestdeutsche Jugendmeisterschaft,Mannheim,,,108.101,pass_verified,DMV_Teilnahmen_2015_2025_VOLLSTAENDIG
DMV-151343,66630.0,66630.0,2016,2016-04-10,2016-04-10-Weinheim,2. Spieltag Jugendrangliste BBS / MRP,Weinheim,,5.0,108.225,pass_verified,DMV_Teilnahmen_2015_2025_VOLLSTAENDIG
DMV-151344,66630.0,66630.0,2016,2016-05-29,2016-05-29-Mainz_Hartenberg2,MRP-Jugendliga/A-Rangliste,Mainz,,4.0,108.533,pass_verified,DMV_Teilnahmen_2015_2025_VOLLSTAENDIG
DMV-151345,66631.0,66631.0,2016,2016-09-17,2016-09-17-Hannover,,,,,104.846,pass_verified,DMV_Teilnahmen_2015_2025_VOLLSTAENDIG
DMV-151346,66633.0,66633.0,2016,2016-03-13,2016-03-13-Köln_Freizeitinsel,,,,,111.194,pass_verified,DMV_Teilnahmen_2015_2025_VOLLSTAENDIG
DMV-151347,66633.0,66633.0,2016,2016-06-05,2016-06-05-Köln_Rath,,,,,117.685,pass_verified,DMV_Teilnahmen_2015_2025_VOLLSTAENDIG
DMV-151348,66634.0,66634.0,2016,2016-04-17,2016-04-17-Schweinfurt,,,,,108.294,pass_verified,DMV_Teilnahmen_2015_2025_VOLLSTAENDIG
DMV-151349,66634.0,66634.0,2016,2016-06-05,2016-06-05-Bad_Bocklet,,,,,105.133,pass_verified,DMV_Teilnahmen_2015_2025_VOLLSTAENDIG
DMV-151350,66634.0,66634.0,2016,2016-06-19,2016-06-19-Wertheim,,,,,105.615,pass_verified,DMV_Teilnahmen_2015_2025_VOLLSTAENDIG
DMV-151351,66634.0,66634.0,2016,2016-07-03,2016-07-03-Wertheim,,,,,106.022,pass_verified,DMV_Teilnahmen_2015_2025_VOLLSTAENDIG
DMV-151352,66634.0,66634.0,2016,2016-07-31,2016-07-31-Wertheim,,,,,108.835,pass_verified,DMV_Teilnahmen_2015_2025_VOLLSTAENDIG
DMV-151353,66634.0,66634.0,2016,2016-09-04,2016-09-04-Würzburg_Löwenbrücke,"3. Bundesliga Nord, Staffel I, 5. Spieltag",Dormagen,,,101.801,pass_verified,DMV_Teilnahmen_2015_2025_VOLLSTAENDIG
DMV-151354,66634.0,66634.0,2016,2016-09-25,2016-09-25-Würzburg_Löwenbrücke,,,,,101.683,pass_verified,DMV_Teilnahmen_2015_2025_VOLLSTAENDIG
DMV-151355,66636.0,66636.0,2016,2016-04-17,2016-04-17-Pfungstadt,,,,,115.069,pass_verified,DMV_Teilnahmen_2015_2025_VOLLSTAENDIG
DMV-151356,66636.0,66636.0,2016,2016-08-27,2016-08-27-Pfungstadt,,,,,111.151,pass_verified,DMV_Teilnahmen_2015_2025_VOLLSTAENDIG
DMV-151357,66640.0,66640.0,2016,2016-04-10,2016-04-10-Arheilgen2,,,,,113.451,pass_verified,DMV_Teilnahmen_2015_2025_VOLLSTAENDIG
DMV-151358,66640.0,66640.0,2016,2016-05-01,2016-05-01-Pfungstadt2,,,,,115.567,pass_verified,DMV_Teilnahmen_2015_2025_VOLLSTAENDIG
DMV-151359,66640.0,66640.0,2016,2016-05-29,2016-05-29-Bensheim2,MRP-Jugendliga/A-Rangliste,Mainz,,,115.47,pass_verified,DMV_Teilnahmen_2015_2025_VOLLSTAENDIG
DMV-151360,66640.0,66640.0,2016,2016-06-12,2016-06-12-Aßlar2,,,,,114.621,pass_verified,DMV_Teilnahmen_2015_2025_VOLLSTAENDIG
DMV-151361,66640.0,66640.0,2016,2016-07-21,2016-07-21-Weinheim,,,,,109.696,pass_verified,DMV_Teilnahmen_2015_2025_VOLLSTAENDIG
DMV-151362,66640.0,66640.0,2016,2016-08-27,2016-08-27-Pfungstadt,,,,,110.351,pass_verified,DMV_Teilnahmen_2015_2025_VOLLSTAENDIG
DMV-151363,66641.0,66641.0,2016,2016-04-10,2016-04-10-Arheilgen2,,,,,119.201,pass_verified,DMV_Teilnahmen_2015_2025_VOLLSTAENDIG
DMV-151364,66641.0,66641.0,2016,2016-05-01,2016-05-01-Pfungstadt2,,,,,120.567,pass_verified,DMV_Teilnahmen_2015_2025_VOLLSTAENDIG
DMV-151365,66641.0,66641.0,2016,2016-05-29,2016-05-29-Bensheim2,MRP-Jugendliga/A-Rangliste,Mainz,,,112.97,pass_verified,DMV_Teilnahmen_2015_2025_VOLLSTAENDIG
DMV-151366,66641.0,66641.0,2016,2016-06-12,2016-06-12-Aßlar2,,,,,114.871,pass_verified,DMV_Teilnahmen_2015_2025_VOLLSTAENDIG
DMV-151367,66641.0,66641.0,2016,2016-08-27,2016-08-27-Pfungstadt,,,,,116.151,pass_verified,DMV_Teilnahmen_2015_2025_VOLLSTAENDIG
DMV-151368,66642.0,66642.0,2016,2016-04-10,2016-04-10-Arheilgen2,,,,,115.701,pass_verified,DMV_Teilnahmen_2015_2025_VOLLSTAENDIG
DMV-151369,66642.0,66642.0,2016,2016-05-01,2016-05-01-Pfungstadt2,,,,,116.817,pass_verified,DMV_Teilnahmen_2015_2025_VOLLSTAENDIG
DMV-151370,66642.0,66642.0,2016,2016-05-29,2016-05-29-Bensheim2,MRP-Jugendliga/A-Rangliste,Mainz,,,108.97,pass_verified,DMV_Teilnahmen_2015_2025_VOLLSTAENDIG
DMV-151371,66642.0,66642.0,2016,2016-06-12,2016-06-12-Aßlar2,,,,,119.871,pass_verified,DMV_Teilnahmen_2015_2025_VOLLSTAENDIG
DMV-151372,66642.0,66642.0,2016,2016-07-21,2016-07-21-Weinheim,,,,,111.071,pass_verified,DMV_Teilnahmen_2015_2025_VOLLSTAENDIG
DMV-151373,66643.0,66643.0,2016,2016-04-24,2016-04-24-Ostheim,,,,,107.259,pass_verified,DMV_Teilnahmen_2015_2025_VOLLSTAENDIG
DMV-151374,66643.0,66643.0,2016,2016-05-08,2016-05-08-Schweinfurt,Badische Meisterschaften,Tuttlingen,,,110.231,pass_verified,DMV_Teilnahmen_2015_2025_VOLLSTAENDIG
DMV-151375,66643.0,66643.0,2016,2016-06-05,2016-06-05-Bad_Bocklet,,,,,109.383,pass_verified,DMV_Teilnahmen_2015_2025_VOLLSTAENDIG
DMV-151376,66643.0,66643.0,2016,2016-07-03,2016-07-03-Wertheim,,,,,107.522,pass_verified,DMV_Teilnahmen_2015_2025_VOLLSTAENDIG
DMV-151377,66643.0,66643.0,2016,2016-07-17,2016-07-17-Bad_Bocklet,,,,,108.84,pass_verified,DMV_Teilnahmen_2015_2025_VOLLSTAENDIG
DMV-151378,66644.0,66644.0,2016,2016-04-10,2016-04-10-Waldshut,,,,,104.881,pass_verified,DMV_Teilnahmen_2015_2025_VOLLSTAENDIG
DMV-151379,66644.0,66644.0,2016,2016-04-17,2016-04-17-Rheinstetten,1. Spieltag BBS-Verbandsliga Allg. Klasse,Rheinstetten,,,111.856,pass_verified,DMV_Teilnahmen_2015_2025_VOLLSTAENDIG
DMV-151380,66644.0,66644.0,2016,2016-05-01,2016-05-01-Rheinstetten,2. Spieltag BBS-Verbandsliga Senioren,Rheinstetten,,,109.512,pass_verified,DMV_Teilnahmen_2015_2025_VOLLSTAENDIG
DMV-151381,66644.0,66644.0,2016,2016-05-07,2016-05-07-Tuttlingen,,,,,105.148,pass_verified,DMV_Teilnahmen_2015_2025_VOLLSTAENDIG
DMV-151382,66644.0,66644.0,2016,2016-05-22,2016-05-22-Sulzfeld,"NBV-Landesliga Staffel 1, 2. Spieltag",Kerpen,,7.0,107.078,pass_verified,DMV_Teilnahmen_2015_2025_VOLLSTAENDIG
DMV-151383,66644.0,66644.0,2016,2016-06-29,2016-06-29-Singen,,,,,105.826,pass_verified,DMV_Teilnahmen_2015_2025_VOLLSTAENDIG
DMV-151384,66644.0,66644.0,2016,2016-07-31,2016-07-31-Tuttlingen,"Verbandsliga Baden, 4. Spieltag",Tuttlingen,,,106.578,pass_verified,DMV_Teilnahmen_2015_2025_VOLLSTAENDIG
DMV-151385,66645.0,66645.0,2016,2016-04-03,2016-04-03-Olching,,,,,112.256,pass_verified,DMV_Teilnahmen_2015_2025_VOLLSTAENDIG
DMV-151386,66645.0,66645.0,2016,2016-04-10,2016-04-10-Straßlach,,,,,106.758,pass_verified,DMV_Teilnahmen_2015_2025_VOLLSTAENDIG
DMV-151387,66646.0,66646.0,2016,2016-04-10,2016-04-10-Bottrop_Overbeckshof,,,,,108.118,pass_verified,DMV_Teilnahmen_2015_2025_VOLLSTAENDIG
DMV-151388,66646.0,66646.0,2016,2016-05-22,2016-05-22-Gelsenkirchen_Bulmke,,,,,109.504,pass_verified,DMV_Teilnahmen_2015_2025_VOLLSTAENDIG
DMV-151389,66646.0,66646.0,2016,2016-06-05,2016-06-05-Castrop,"NBV-Berzirksliga Staffel VII, 3. Spieltag",Castrop-Rauxel,,8.0,112.557,pass_verified,DMV_Teilnahmen_2015_2025_VOLLSTAENDIG
DMV-151390,66646.0,66646.0,2016,2016-06-19,2016-06-19-Lünen,,,,,117.447,pass_verified,DMV_Teilnahmen_2015_2025_VOLLSTAENDIG
DMV-151391,66648.0,66648.0,2016,2016-04-10,2016-04-10-Berlin_Tempelhof,,,,,111.499,pass_verified,DMV_Teilnahmen_2015_2025_VOLLSTAENDIG
DMV-151392,66648.0,66648.0,2016,2016-05-01,2016-05-01-Berlin_Reinickendorf,,,,,108.61,pass_verified,DMV_Teilnahmen_2015_2025_VOLLSTAENDIG
DMV-151393,66648.0,66648.0,2016,2016-04-10,2016-04-10-Berlin_Marienfelde,,,,,111.499,pass_verified,DMV_Teilnahmen_2015_2025_VOLLSTAENDIG
DMV-151394,66648.0,66648.0,2016,2016-04-17,2016-04-17-Karlshagen,,,,,107.837,pass_verified,DMV_Teilnahmen_2015_2025_VOLLSTAENDIG
DMV-151395,66648.0,66648.0,2016,2016-05-01,2016-05-01-Berlin_MärkischesViertel,,,,,108.61,pass_verified,DMV_Teilnahmen_2015_2025_VOLLSTAENDIG
DMV-151396,66648.0,66648.0,2016,2016-05-22,2016-05-22-Berlin_Tegel_Adelheidallee,,,,,103.389,pass_verified,DMV_Teilnahmen_2015_2025_VOLLSTAENDIG
DMV-151397,66648.0,66648.0,2016,2016-05-29,2016-05-29-Berlin_Tegel_Adelheidallee,MRP-Jugendliga/A-Rangliste,Mainz,,,103.909,pass_verified,DMV_Teilnahmen_2015_2025_VOLLSTAENDIG
DMV-151398,66648.0,66648.0,2016,2016-06-12,2016-06-12-Berlin_Lankwitz,,,,,104.577,pass_verified,DMV_Teilnahmen_2015_2025_VOLLSTAENDIG
DMV-151399,66648.0,66648.0,2016,2016-06-05,2016-06-05-Berlin_Lankwitz,,,,,103.662,pass_verified,DMV_Teilnahmen_2015_2025_VOLLSTAENDIG
DMV-151400,66648.0,66648.0,2016,2016-07-31,2016-07-31-Berlin_MärkischesViertel,,,,,108.174,pass_verified,DMV_Teilnahmen_2015_2025_VOLLSTAENDIG
DMV-151401,66648.0,66648.0,2016,2016-08-06,2016-08-06-Berlin_MärkischesViertel,,,,,104.896,pass_verified,DMV_Teilnahmen_2015_2025_VOLLSTAENDIG
DMV-151402,66648.0,66648.0,2016,2016-09-04,2016-09-04-Berlin_Spandau,"3. Bundesliga Nord, Staffel I, 5. Spieltag",Dormagen,,,104.278,pass_verified,DMV_Teilnahmen_2015_2025_VOLLSTAENDIG
DMV-151403,66648.0,66648.0,2016,2016-10-22,2016-10-22-Berlin_Tegel_Adelheidallee+Berlin_MärkischesViertel,,,,,102.158,pass_verified,DMV_Teilnahmen_2015_2025_VOLLSTAENDIG
DMV-151404,66648.0,66648.0,2016,2016-11-05,2016-11-05-Eibenstock_Halle,,,,,108.734,pass_verified,DMV_Teilnahmen_2015_2025_VOLLSTAENDIG
DMV-151405,66650.0,66650.0,2016,2016-05-07,2016-05-07-Tuttlingen,,,,,109.773,pass_verified,DMV_Teilnahmen_2015_2025_VOLLSTAENDIG
DMV-151406,66650.0,66650.0,2016,2016-05-22,2016-05-22-Ladenburg,"NBV-Landesliga Staffel 1, 2. Spieltag",Kerpen,,6.0,106.538,pass_verified,DMV_Teilnahmen_2015_2025_VOLLSTAENDIG
DMV-151407,66650.0,66650.0,2016,2016-07-31,2016-07-31-Ilvesheim,,,,,106.693,pass_verified,DMV_Teilnahmen_2015_2025_VOLLSTAENDIG
DMV-151408,66650.0,66650.0,2016,2016-09-04,2016-09-04-Schriesheim,"3. Bundesliga Nord, Staffel I, 5. Spieltag",Dormagen,,,109.432,pass_verified,DMV_Teilnahmen_2015_2025_VOLLSTAENDIG
DMV-151409,66650.0,66650.0,2016,2016-10-09,2016-10-09-Schriesheim,BMW Knopf Trophy 2016,Schriesheim,,2.0,101.689,pass_verified,DMV_Teilnahmen_2015_2025_VOLLSTAENDIG
DMV-151410,66651.0,66651.0,2016,2016-01-03,2016-01-03-Mannheim_Sandhofen_Halle,,,,,105.813,pass_verified,DMV_Teilnahmen_2015_2025_VOLLSTAENDIG
DMV-151411,66651.0,66651.0,2016,2016-01-30,2016-01-30-Mannheim_Sandhofen_Halle,,,,,105.523,pass_verified,DMV_Teilnahmen_2015_2025_VOLLSTAENDIG
DMV-151412,66651.0,66651.0,2016,2016-03-27,2016-03-27-Landshut,,,,,106.191,pass_verified,DMV_Teilnahmen_2015_2025_VOLLSTAENDIG
DMV-151413,66651.0,66651.0,2016,2016-04-10,2016-04-10-Wernau,,,,,108.366,pass_verified,DMV_Teilnahmen_2015_2025_VOLLSTAENDIG
DMV-151414,66651.0,66651.0,2016,2016-04-24,2016-04-24-Ingolstadt_Auwaldsee,,,,,106.056,pass_verified,DMV_Teilnahmen_2015_2025_VOLLSTAENDIG
DMV-151415,66651.0,66651.0,2016,2016-05-01,2016-05-01-Süßen,,,,,104.427,pass_verified,DMV_Teilnahmen_2015_2025_VOLLSTAENDIG
DMV-151416,66651.0,66651.0,2016,2016-05-15,2016-05-15-Metzingen,,,,,104.692,pass_verified,DMV_Teilnahmen_2015_2025_VOLLSTAENDIG
DMV-151417,66651.0,66651.0,2016,2016-05-29,2016-05-29-Metzingen,MRP-Jugendliga/A-Rangliste,Mainz,,,105.604,pass_verified,DMV_Teilnahmen_2015_2025_VOLLSTAENDIG
DMV-151418,66651.0,66651.0,2016,2016-06-12,2016-06-12-Niederstetten,,,,,112.776,pass_verified,DMV_Teilnahmen_2015_2025_VOLLSTAENDIG
DMV-151419,66651.0,66651.0,2016,2016-06-29,2016-06-29-Singen,,,,,108.126,pass_verified,DMV_Teilnahmen_2015_2025_VOLLSTAENDIG
DMV-151420,66651.0,66651.0,2016,2016-07-24,2016-07-24-Mitterteich,,,,,107.419,pass_verified,DMV_Teilnahmen_2015_2025_VOLLSTAENDIG
DMV-151421,66651.0,66651.0,2016,2016-08-07,2016-08-07-Straßlach,"NBV-Landesliga Staffel I, 5. Spieltag",Kaarst,,,105.047,pass_verified,DMV_Teilnahmen_2015_2025_VOLLSTAENDIG
DMV-151422,66651.0,66651.0,2016,2016-11-05,2016-11-05-Mannheim_Sandhofen_Halle,,,,,104.375,pass_verified,DMV_Teilnahmen_2015_2025_VOLLSTAENDIG
DMV-151423,66651.0,66651.0,2016,2016-12-03,2016-12-03-Mannheim_Sandhofen_Halle,,,,,109.197,pass_verified,DMV_Teilnahmen_2015_2025_VOLLSTAENDIG
DMV-151424,66652.0,66652.0,2016,2016-07-31,2016-07-31-Lüneburg,,,,,110.242,pass_verified,DMV_Teilnahmen_2015_2025_VOLLSTAENDIG
DMV-151425,66653.0,66653.0,2016,2016-04-17,2016-04-17-Lüneburg,,,,,105.525,pass_verified,DMV_Teilnahmen_2015_2025_VOLLSTAENDIG
DMV-151426,66653.0,66653.0,2016,2016-05-07,2016-05-07-Diepholz,,,,,110.703,pass_verified,DMV_Teilnahmen_2015_2025_VOLLSTAENDIG
DMV-151427,66653.0,66653.0,2016,2016-05-22,2016-05-22-Diepholz,,,,,107.466,pass_verified,DMV_Teilnahmen_2015_2025_VOLLSTAENDIG
DMV-151428,66653.0,66653.0,2016,2016-06-05,2016-06-05-Cuxhaven,,,,,108.744,pass_verified,DMV_Teilnahmen_2015_2025_VOLLSTAENDIG
DMV-151429,66653.0,66653.0,2016,2016-06-19,2016-06-19-Bremen_Vahr,,,,,112.738,pass_verified,DMV_Teilnahmen_2015_2025_VOLLSTAENDIG
DMV-151430,66653.0,66653.0,2016,2016-07-31,2016-07-31-Bad_Nenndorf,,,,,106.215,pass_verified,DMV_Teilnahmen_2015_2025_VOLLSTAENDIG
DMV-151431,66653.0,66653.0,2016,2016-08-27,2016-08-27-Hamburg_Lurup,,,,,110.005,pass_verified,DMV_Teilnahmen_2015_2025_VOLLSTAENDIG
DMV-151432,66655.0,66655.0,2016,2016-05-01,2016-05-01-Berlin_Reinickendorf,,,,,112.11,pass_verified,DMV_Teilnahmen_2015_2025_VOLLSTAENDIG
DMV-151433,66655.0,66655.0,2016,2016-04-17,2016-04-17-Karlshagen,,,,,109.087,pass_verified,DMV_Teilnahmen_2015_2025_VOLLSTAENDIG
DMV-151434,66655.0,66655.0,2016,2016-05-01,2016-05-01-Berlin_MärkischesViertel,,,,,112.11,pass_verified,DMV_Teilnahmen_2015_2025_VOLLSTAENDIG
DMV-151435,66655.0,66655.0,2016,2016-05-22,2016-05-22-Berlin_Tegel_Adelheidallee,,,,,100.056,pass_verified,DMV_Teilnahmen_2015_2025_VOLLSTAENDIG
DMV-151436,66655.0,66655.0,2016,2016-06-05,2016-06-05-Berlin_Lankwitz,,,,,106.162,pass_verified,DMV_Teilnahmen_2015_2025_VOLLSTAENDIG
DMV-151437,66655.0,66655.0,2016,2016-08-06,2016-08-06-Berlin_MärkischesViertel,,,,,107.396,pass_verified,DMV_Teilnahmen_2015_2025_VOLLSTAENDIG
DMV-151438,66655.0,66655.0,2016,2016-09-04,2016-09-04-Berlin_Spandau,"3. Bundesliga Nord, Staffel I, 5. Spieltag",Dormagen,,,107.028,pass_verified,DMV_Teilnahmen_2015_2025_VOLLSTAENDIG
DMV-151439,66655.0,66655.0,2016,2016-10-22,2016-10-22-Berlin_Tegel_Adelheidallee+Berlin_MärkischesViertel,,,,,104.658,pass_verified,DMV_Teilnahmen_2015_2025_VOLLSTAENDIG
DMV-151440,66655.0,66655.0,2016,2016-11-05,2016-11-05-Eibenstock_Halle,,,,,107.234,pass_verified,DMV_Teilnahmen_2015_2025_VOLLSTAENDIG
DMV-151441,66655.0,66655.0,2016,2016-11-26,2016-11-26-Decin,,,,,113.957,pass_verified,DMV_Teilnahmen_2015_2025_VOLLSTAENDIG
DMV-151442,66656.0,66656.0,2016,2016-04-17,2016-04-17-Homburg_Stadtpark,1. Spieltag 1. Bundesliga Süd,Homburg,,,99.875,pass_verified,DMV_Teilnahmen_2015_2025_VOLLSTAENDIG
DMV-151443,66656.0,66656.0,2016,2016-05-22,2016-05-22-Murnau_See,"1. Bundesliga Süd, 2. Spieltag",Murnau,,,99.528,pass_verified,DMV_Teilnahmen_2015_2025_VOLLSTAENDIG
DMV-151444,66656.0,66656.0,2016,2016-06-05,2016-06-05-Bamberg,"1. Bundesliga Süd, 3. Spieltag",Bamberg,,,96.305,pass_verified,DMV_Teilnahmen_2015_2025_VOLLSTAENDIG
DMV-151445,66656.0,66656.0,2016,2016-06-19,2016-06-19-Wittlich,"1. Bundesliga Süd, 4. Spieltag",Wittlich,,,98.187,pass_verified,DMV_Teilnahmen_2015_2025_VOLLSTAENDIG
DMV-151446,66656.0,66656.0,2016,2016-07-13,2016-07-13-Wanne_Eickel,,,,,97.582,pass_verified,DMV_Teilnahmen_2015_2025_VOLLSTAENDIG
DMV-151447,66657.0,66657.0,2016,2016-04-17,2016-04-17-Seesen,,,,,110.862,pass_verified,DMV_Teilnahmen_2015_2025_VOLLSTAENDIG
DMV-151448,66657.0,66657.0,2016,2016-05-22,2016-05-22-Göttingen_Grone,,,,,112.422,pass_verified,DMV_Teilnahmen_2015_2025_VOLLSTAENDIG
DMV-151449,66657.0,66657.0,2016,2016-06-05,2016-06-05-Lohfelden,,,,,111.149,pass_verified,DMV_Teilnahmen_2015_2025_VOLLSTAENDIG
DMV-151450,66657.0,66657.0,2016,2016-07-31,2016-07-31-Northeim,,,,,110.195,pass_verified,DMV_Teilnahmen_2015_2025_VOLLSTAENDIG
DMV-151451,66658.0,66658.0,2016,2016-02-21,2016-02-21-Celle_Halle,,,,,109.522,pass_verified,DMV_Teilnahmen_2015_2025_VOLLSTAENDIG
DMV-151452,66658.0,66658.0,2016,2016-04-17,2016-04-17-Peine,,,,,110.031,pass_verified,DMV_Teilnahmen_2015_2025_VOLLSTAENDIG
DMV-151453,66658.0,66658.0,2016,2016-05-22,2016-05-22-Vellmar,,,,,108.634,pass_verified,DMV_Teilnahmen_2015_2025_VOLLSTAENDIG
DMV-151454,66658.0,66658.0,2016,2016-06-05,2016-06-05-Salzgitter,,,,,105.817,pass_verified,DMV_Teilnahmen_2015_2025_VOLLSTAENDIG
DMV-151455,66658.0,66658.0,2016,2016-06-12,2016-06-12-Hannover,,,,,106.813,pass_verified,DMV_Teilnahmen_2015_2025_VOLLSTAENDIG
DMV-151456,66658.0,66658.0,2016,2016-06-19,2016-06-19-Peine,,,,,106.156,pass_verified,DMV_Teilnahmen_2015_2025_VOLLSTAENDIG
DMV-151457,66658.0,66658.0,2016,2016-06-25,2016-06-25-Goslar,,,,,105.628,pass_verified,DMV_Teilnahmen_2015_2025_VOLLSTAENDIG
DMV-151458,66658.0,66658.0,2016,2016-07-31,2016-07-31-Goslar,,,,,110.448,pass_verified,DMV_Teilnahmen_2015_2025_VOLLSTAENDIG
DMV-151459,66658.0,66658.0,2016,2016-08-13,2016-08-13-Salzgitter,,,,,106.805,pass_verified,DMV_Teilnahmen_2015_2025_VOLLSTAENDIG
DMV-151460,66658.0,66658.0,2016,2016-08-20,2016-08-20-Gebhardshagen,,,,,111.576,pass_verified,DMV_Teilnahmen_2015_2025_VOLLSTAENDIG
DMV-151461,66659.0,66659.0,2016,2016-04-10,2016-04-10-Velbert_Hardenberg,"NBV-Landesliga Staffel 1, 1. Spieltag",Hardenberg,,2.0,106.19,pass_verified,DMV_Teilnahmen_2015_2025_VOLLSTAENDIG
DMV-151462,66659.0,66659.0,2016,2016-05-22,2016-05-22-Kerpen,"NBV-Landesliga Staffel 1, 2. Spieltag",Kerpen,,2.0,106.43,pass_verified,DMV_Teilnahmen_2015_2025_VOLLSTAENDIG
DMV-151463,66659.0,66659.0,2016,2016-06-19,2016-06-19-Velbert_Langenberg,,,,,107.535,pass_verified,DMV_Teilnahmen_2015_2025_VOLLSTAENDIG
DMV-151464,66659.0,66659.0,2016,2016-07-21,2016-07-21-Weinheim,,,,,106.321,pass_verified,DMV_Teilnahmen_2015_2025_VOLLSTAENDIG
DMV-151465,66660.0,66660.0,2016,2016-04-10,2016-04-10-Velbert_Hardenberg,"NBV-Landesliga Staffel 1, 1. Spieltag",Hardenberg,,1.0,102.19,pass_verified,DMV_Teilnahmen_2015_2025_VOLLSTAENDIG
DMV-151466,66660.0,66660.0,2016,2016-05-22,2016-05-22-Kerpen,"NBV-Landesliga Staffel 1, 2. Spieltag",Kerpen,,1.0,100.93,pass_verified,DMV_Teilnahmen_2015_2025_VOLLSTAENDIG
DMV-151467,66660.0,66660.0,2016,2016-06-05,2016-06-05-Lüdenscheid,"NBV-Landesliga I, 3. Spieltag",Lüdenscheid,,2.0,102.283,pass_verified,DMV_Teilnahmen_2015_2025_VOLLSTAENDIG
DMV-151468,66660.0,66660.0,2016,2016-06-19,2016-06-19-Velbert_Langenberg,,,,,103.035,pass_verified,DMV_Teilnahmen_2015_2025_VOLLSTAENDIG
DMV-151469,66660.0,66660.0,2016,2016-07-23,2016-07-23-Kerpen,,,,,101.85,pass_verified,DMV_Teilnahmen_2015_2025_VOLLSTAENDIG
DMV-151470,66660.0,66660.0,2016,2016-08-07,2016-08-07-Kaarst,"NBV-Landesliga Staffel I, 5. Spieltag",Kaarst,,2.0,102.909,pass_verified,DMV_Teilnahmen_2015_2025_VOLLSTAENDIG
DMV-151471,66661.0,66661.0,2016,2016-04-17,2016-04-17-Hannover,,,,,104.12,pass_verified,DMV_Teilnahmen_2015_2025_VOLLSTAENDIG
DMV-151472,66661.0,66661.0,2016,2016-05-22,2016-05-22-Cuxhaven,,,,,103.16,pass_verified,DMV_Teilnahmen_2015_2025_VOLLSTAENDIG
DMV-151473,66661.0,66661.0,2016,2016-06-05,2016-06-05-Celle,,,,,106.643,pass_verified,DMV_Teilnahmen_2015_2025_VOLLSTAENDIG
DMV-151474,66661.0,66661.0,2016,2016-06-19,2016-06-19-Hannover,,,,,101.247,pass_verified,DMV_Teilnahmen_2015_2025_VOLLSTAENDIG
DMV-151475,66661.0,66661.0,2016,2016-07-31,2016-07-31-Bremen_Vahr,,,,,102.332,pass_verified,DMV_Teilnahmen_2015_2025_VOLLSTAENDIG
DMV-151476,66662.0,66662.0,2016,2016-04-17,2016-04-17-Bremen_Vahr,,,,,115.471,pass_verified,DMV_Teilnahmen_2015_2025_VOLLSTAENDIG
DMV-151477,66662.0,66662.0,2016,2016-05-22,2016-05-22-Bremen_Hastedt,,,,,116.739,pass_verified,DMV_Teilnahmen_2015_2025_VOLLSTAENDIG
DMV-151478,66662.0,66662.0,2016,2016-06-05,2016-06-05-Bremen_Vahr,,,,,108.071,pass_verified,DMV_Teilnahmen_2015_2025_VOLLSTAENDIG
DMV-151479,66662.0,66662.0,2016,2016-06-19,2016-06-19-Cuxhaven,,,,,111.411,pass_verified,DMV_Teilnahmen_2015_2025_VOLLSTAENDIG
DMV-151480,66662.0,66662.0,2016,2016-07-23,2016-07-23-Bremen_Hastedt,,,,,111.215,pass_verified,DMV_Teilnahmen_2015_2025_VOLLSTAENDIG
DMV-151481,66664.0,66664.0,2016,2016-04-10,2016-04-10-Uerdingen,,,,,105.57,pass_verified,DMV_Teilnahmen_2015_2025_VOLLSTAENDIG
DMV-151482,66664.0,66664.0,2016,2016-05-22,2016-05-22-Mönchengladbach,,,,,104.119,pass_verified,DMV_Teilnahmen_2015_2025_VOLLSTAENDIG
DMV-151483,66664.0,66664.0,2016,2016-06-05,2016-06-05-Dormagen,,,,,105.947,pass_verified,DMV_Teilnahmen_2015_2025_VOLLSTAENDIG
DMV-151484,66664.0,66664.0,2016,2016-06-19,2016-06-19-Dormagen_Hackenbroich,,,,,104.227,pass_verified,DMV_Teilnahmen_2015_2025_VOLLSTAENDIG
DMV-151485,66664.0,66664.0,2016,2016-08-07,2016-08-07-Duisburg_Rheinhausen,"NBV-Landesliga Staffel I, 5. Spieltag",Kaarst,,,107.551,pass_verified,DMV_Teilnahmen_2015_2025_VOLLSTAENDIG
DMV-151486,66664.0,66664.0,2016,2016-09-04,2016-09-04-Kaarst,"3. Bundesliga Nord, Staffel I, 5. Spieltag",Dormagen,,,101.398,pass_verified,DMV_Teilnahmen_2015_2025_VOLLSTAENDIG
DMV-151487,66664.0,66664.0,2016,2016-09-25,2016-09-25-Kaarst,,,,,105.691,pass_verified,DMV_Teilnahmen_2015_2025_VOLLSTAENDIG
DMV-151488,66664.0,66664.0,2016,2016-09-04,2016-09-04-Büttgen,"3. Bundesliga Nord, Staffel I, 5. Spieltag",Dormagen,,,101.398,pass_verified,DMV_Teilnahmen_2015_2025_VOLLSTAENDIG
DMV-151489,66664.0,66664.0,2016,2016-09-25,2016-09-25-Büttgen,,,,,105.691,pass_verified,DMV_Teilnahmen_2015_2025_VOLLSTAENDIG
DMV-151490,66665.0,66665.0,2016,2016-06-19,2016-06-19-Arheilgen,,,,,108.986,pass_verified,DMV_Teilnahmen_2015_2025_VOLLSTAENDIG
DMV-151491,66665.0,66665.0,2016,2016-07-10,2016-07-10-Arheilgen,,,,,112.813,pass_verified,DMV_Teilnahmen_2015_2025_VOLLSTAENDIG
DMV-151492,66666.0,66666.0,2016,2016-05-22,2016-05-22-Bensheim,,,,,108.284,pass_verified,DMV_Teilnahmen_2015_2025_VOLLSTAENDIG
DMV-151493,66666.0,66666.0,2016,2016-03-20,2016-03-20-Mannheim_Sandhofen_Halle,,,,,105.648,pass_verified,DMV_Teilnahmen_2015_2025_VOLLSTAENDIG
DMV-151494,66666.0,66666.0,2016,2016-04-10,2016-04-10-Bensheim,,,,,104.08,pass_verified,DMV_Teilnahmen_2015_2025_VOLLSTAENDIG
DMV-151495,66666.0,66666.0,2016,2016-04-17,2016-04-17-Pfungstadt,,,,,107.819,pass_verified,DMV_Teilnahmen_2015_2025_VOLLSTAENDIG
DMV-151496,66666.0,66666.0,2016,2016-05-01,2016-05-01-Bad_Soden,,,,,105.655,pass_verified,DMV_Teilnahmen_2015_2025_VOLLSTAENDIG
DMV-151497,66666.0,66666.0,2016,2016-05-29,2016-05-29-Arheilgen,MRP-Jugendliga/A-Rangliste,Mainz,,,106.824,pass_verified,DMV_Teilnahmen_2015_2025_VOLLSTAENDIG
DMV-151498,66666.0,66666.0,2016,2016-07-10,2016-07-10-Arheilgen,,,,,104.563,pass_verified,DMV_Teilnahmen_2015_2025_VOLLSTAENDIG
DMV-151499,66666.0,66666.0,2016,2016-07-31,2016-07-31-Bad_Homburg_Hirschgarten,,,,,106.377,pass_verified,DMV_Teilnahmen_2015_2025_VOLLSTAENDIG
DMV-151500,66666.0,66666.0,2016,2016-09-04,2016-09-04-Mannheim_Sandhofen_Halle,"3. Bundesliga Nord, Staffel I, 5. Spieltag",Dormagen,,,107.456,pass_verified,DMV_Teilnahmen_2015_2025_VOLLSTAENDIG
DMV-151501,66667.0,66667.0,2016,2016-03-27,2016-03-27-Landshut,,,,,107.191,pass_verified,DMV_Teilnahmen_2015_2025_VOLLSTAENDIG
DMV-151502,66667.0,66667.0,2016,2016-04-24,2016-04-24-Olching,,,,,108.614,pass_verified,DMV_Teilnahmen_2015_2025_VOLLSTAENDIG
DMV-151503,66667.0,66667.0,2016,2016-05-26,2016-05-26-Kelheim,,,,,105.681,pass_verified,DMV_Teilnahmen_2015_2025_VOLLSTAENDIG
DMV-151504,66667.0,66667.0,2016,2016-06-12,2016-06-12-Ottobrunn,,,,,110.166,pass_verified,DMV_Teilnahmen_2015_2025_VOLLSTAENDIG
DMV-151505,66667.0,66667.0,2016,2016-08-07,2016-08-07-Straßlach,"NBV-Landesliga Staffel I, 5. Spieltag",Kaarst,,,110.047,pass_verified,DMV_Teilnahmen_2015_2025_VOLLSTAENDIG
DMV-151506,66667.0,66667.0,2016,2016-08-28,2016-08-28-Kempten_Steinbruch,,,,,107.878,pass_verified,DMV_Teilnahmen_2015_2025_VOLLSTAENDIG
DMV-151507,66667.0,66667.0,2016,2016-09-04,2016-09-04-Olching2,"3. Bundesliga Nord, Staffel I, 5. Spieltag",Dormagen,,,111.257,pass_verified,DMV_Teilnahmen_2015_2025_VOLLSTAENDIG
DMV-151508,66667.0,66667.0,2016,2016-09-11,2016-09-11-Ottobrunn,,,,,114.877,pass_verified,DMV_Teilnahmen_2015_2025_VOLLSTAENDIG
DMV-151509,66667.0,66667.0,2016,2016-09-25,2016-09-25-Karlsfeld,,,,,110.243,pass_verified,DMV_Teilnahmen_2015_2025_VOLLSTAENDIG
DMV-151510,66669.0,66669.0,2016,2016-04-10,2016-04-10-Uerdingen,,,,,106.903,pass_verified,DMV_Teilnahmen_2015_2025_VOLLSTAENDIG
DMV-151511,66669.0,66669.0,2016,2016-04-23,2016-04-23-Herne,,,,,107.613,pass_verified,DMV_Teilnahmen_2015_2025_VOLLSTAENDIG
DMV-151512,66669.0,66669.0,2016,2016-05-22,2016-05-22-Mönchengladbach,,,,,109.786,pass_verified,DMV_Teilnahmen_2015_2025_VOLLSTAENDIG
DMV-151513,66669.0,66669.0,2016,2016-06-05,2016-06-05-Dormagen,,,,,112.28,pass_verified,DMV_Teilnahmen_2015_2025_VOLLSTAENDIG
DMV-151514,66669.0,66669.0,2016,2016-06-19,2016-06-19-Dormagen_Hackenbroich,,,,,111.894,pass_verified,DMV_Teilnahmen_2015_2025_VOLLSTAENDIG
DMV-151515,66669.0,66669.0,2016,2016-08-07,2016-08-07-Duisburg_Rheinhausen,"NBV-Landesliga Staffel I, 5. Spieltag",Kaarst,,,111.551,pass_verified,DMV_Teilnahmen_2015_2025_VOLLSTAENDIG
DMV-151516,66669.0,66669.0,2016,2016-08-28,2016-08-28-Traben_Trarbach,,,,,109.785,pass_verified,DMV_Teilnahmen_2015_2025_VOLLSTAENDIG
DMV-151517,66669.0,66669.0,2016,2016-09-04,2016-09-04-Kaarst,"3. Bundesliga Nord, Staffel I, 5. Spieltag",Dormagen,,,112.065,pass_verified,DMV_Teilnahmen_2015_2025_VOLLSTAENDIG
DMV-151518,66669.0,66669.0,2016,2016-09-25,2016-09-25-Kaarst,,,,,109.191,pass_verified,DMV_Teilnahmen_2015_2025_VOLLSTAENDIG
DMV-151519,66669.0,66669.0,2016,2016-09-04,2016-09-04-Büttgen,"3. Bundesliga Nord, Staffel I, 5. Spieltag",Dormagen,,,112.065,pass_verified,DMV_Teilnahmen_2015_2025_VOLLSTAENDIG
DMV-151520,66669.0,66669.0,2016,2016-09-25,2016-09-25-Büttgen,,,,,109.191,pass_verified,DMV_Teilnahmen_2015_2025_VOLLSTAENDIG
DMV-151521,66672.0,66672.0,2016,2016-01-24,2016-01-24-Mannheim_Sandhofen_Halle,Südwestdeutsche Jugendmeisterschaft,Mannheim,,,116.978,pass_verified,DMV_Teilnahmen_2015_2025_VOLLSTAENDIG
DMV-151522,66672.0,66672.0,2016,2016-04-10,2016-04-10-Weinheim,2. Spieltag Jugendrangliste BBS / MRP,Weinheim,,2.0,115.475,pass_verified,DMV_Teilnahmen_2015_2025_VOLLSTAENDIG
DMV-151523,66672.0,66672.0,2016,2016-05-07,2016-05-07-Tuttlingen,,,,,114.648,pass_verified,DMV_Teilnahmen_2015_2025_VOLLSTAENDIG
DMV-151524,66672.0,66672.0,2016,2016-07-21,2016-07-21-Weinheim,,,,,112.321,pass_verified,DMV_Teilnahmen_2015_2025_VOLLSTAENDIG
DMV-151525,66672.0,66672.0,2016,2016-07-31,2016-07-31-Tuttlingen,"Verbandsliga Baden, 4. Spieltag",Tuttlingen,,,110.245,pass_verified,DMV_Teilnahmen_2015_2025_VOLLSTAENDIG
DMV-151526,66672.0,66672.0,2016,2016-10-09,2016-10-09-Schriesheim,BMW Knopf Trophy 2016,Schriesheim,,1.0,124.689,pass_verified,DMV_Teilnahmen_2015_2025_VOLLSTAENDIG
DMV-151527,66677.0,66677.0,2016,2016-04-10,2016-04-10-Rheinau_Freistett,,,,,107.57,pass_verified,DMV_Teilnahmen_2015_2025_VOLLSTAENDIG
DMV-151528,66677.0,66677.0,2016,2016-08-13,2016-08-13-Ohlsbach,,,,,106.838,pass_verified,DMV_Teilnahmen_2015_2025_VOLLSTAENDIG
DMV-151529,66678.0,66678.0,2016,2016-06-05,2016-06-05-Bad_Feilnbach,,,,,102.266,pass_verified,DMV_Teilnahmen_2015_2025_VOLLSTAENDIG
DMV-151530,66678.0,66678.0,2016,2016-06-19,2016-06-19-Illertissen,,,,,106.523,pass_verified,DMV_Teilnahmen_2015_2025_VOLLSTAENDIG
DMV-151531,66678.0,66678.0,2016,2016-06-26,2016-06-26-Bad_Feilnbach,,,,,102.781,pass_verified,DMV_Teilnahmen_2015_2025_VOLLSTAENDIG
DMV-151532,66678.0,66678.0,2016,2016-07-31,2016-07-31-Murnau_See,,,,,104.318,pass_verified,DMV_Teilnahmen_2015_2025_VOLLSTAENDIG
DMV-151533,66678.0,66678.0,2016,2016-08-07,2016-08-07-Straßlach,"NBV-Landesliga Staffel I, 5. Spieltag",Kaarst,,,103.047,pass_verified,DMV_Teilnahmen_2015_2025_VOLLSTAENDIG
DMV-151534,66678.0,66678.0,2016,2016-09-11,2016-09-11-München_Feldmoching,,,,,104.652,pass_verified,DMV_Teilnahmen_2015_2025_VOLLSTAENDIG
DMV-151535,66679.0,66679.0,2016,2016-06-05,2016-06-05-Karlsfeld,,,,,110.568,pass_verified,DMV_Teilnahmen_2015_2025_VOLLSTAENDIG
DMV-151536,66679.0,66679.0,2016,2016-06-26,2016-06-26-Bad_Feilnbach,,,,,108.448,pass_verified,DMV_Teilnahmen_2015_2025_VOLLSTAENDIG
DMV-151537,66686.0,66686.0,2016,2016-05-22,2016-05-22-Dreieich,,,,,110.253,pass_verified,DMV_Teilnahmen_2015_2025_VOLLSTAENDIG
DMV-151538,66686.0,66686.0,2016,2016-07-31,2016-07-31-Weiterstadt,,,,,112.085,pass_verified,DMV_Teilnahmen_2015_2025_VOLLSTAENDIG
DMV-151539,66688.0,66688.0,2016,2016-04-10,2016-04-10-Bottrop_Overbeckshof,,,,,110.452,pass_verified,DMV_Teilnahmen_2015_2025_VOLLSTAENDIG
DMV-151540,66688.0,66688.0,2016,2016-05-22,2016-05-22-Gelsenkirchen_Bulmke,,,,,106.837,pass_verified,DMV_Teilnahmen_2015_2025_VOLLSTAENDIG
DMV-151541,66688.0,66688.0,2016,2016-06-05,2016-06-05-Castrop,"NBV-Berzirksliga Staffel VII, 3. Spieltag",Castrop-Rauxel,,2.0,109.223,pass_verified,DMV_Teilnahmen_2015_2025_VOLLSTAENDIG
DMV-151542,66688.0,66688.0,2016,2016-06-19,2016-06-19-Lünen,,,,,110.114,pass_verified,DMV_Teilnahmen_2015_2025_VOLLSTAENDIG
DMV-151543,66693.0,66693.0,2016,2016-08-21,2016-08-21-Olching,,,,,109.414,pass_verified,DMV_Teilnahmen_2015_2025_VOLLSTAENDIG
DMV-151544,66694.0,66694.0,2016,2016-08-21,2016-08-21-Olching,,,,,120.414,pass_verified,DMV_Teilnahmen_2015_2025_VOLLSTAENDIG
DMV-151545,66696.0,66696.0,2016,2016-04-17,2016-04-17-Karlshagen2,,,,,105.555,pass_verified,DMV_Teilnahmen_2015_2025_VOLLSTAENDIG
DMV-151546,66696.0,66696.0,2016,2016-05-22,2016-05-22-Berlin_Tegel_Adelheidallee2,,,,,107.408,pass_verified,DMV_Teilnahmen_2015_2025_VOLLSTAENDIG
DMV-151547,66696.0,66696.0,2016,2016-06-12,2016-06-12-Berlin_MärkischesViertel,,,,,107.849,pass_verified,DMV_Teilnahmen_2015_2025_VOLLSTAENDIG
DMV-151548,66696.0,66696.0,2016,2016-06-19,2016-06-19-Woltersdorf,,,,,110.338,pass_verified,DMV_Teilnahmen_2015_2025_VOLLSTAENDIG
DMV-151549,66696.0,66696.0,2016,2016-04-10,2016-04-10-Berlin_Tegel_Adelheidallee,,,,,111.198,pass_verified,DMV_Teilnahmen_2015_2025_VOLLSTAENDIG
DMV-151550,66696.0,66696.0,2016,2016-05-01,2016-05-01-Berlin_Britz,,,,,106.016,pass_verified,DMV_Teilnahmen_2015_2025_VOLLSTAENDIG
DMV-151551,66696.0,66696.0,2016,2016-06-05,2016-06-05-Berlin_Lankwitz2,,,,,106.139,pass_verified,DMV_Teilnahmen_2015_2025_VOLLSTAENDIG
DMV-151552,66696.0,66696.0,2016,2016-07-31,2016-07-31-Berlin_Britz,,,,,101.92,pass_verified,DMV_Teilnahmen_2015_2025_VOLLSTAENDIG
DMV-151553,66696.0,66696.0,2016,2016-09-04,2016-09-04-Berlin_Spandau2,"3. Bundesliga Nord, Staffel I, 5. Spieltag",Dormagen,,,111.729,pass_verified,DMV_Teilnahmen_2015_2025_VOLLSTAENDIG
DMV-151554,66696.0,66696.0,2016,2016-10-22,2016-10-22-Berlin_Tegel_Adelheidallee+Berlin_MärkischesViertel,,,,,112.158,pass_verified,DMV_Teilnahmen_2015_2025_VOLLSTAENDIG
DMV-151555,66699.0,66699.0,2016,2016-04-17,2016-04-17-Sindelfingen,,,,,123.633,pass_verified,DMV_Teilnahmen_2015_2025_VOLLSTAENDIG
DMV-151556,66699.0,66699.0,2016,2016-05-22,2016-05-22-Hechingen,,,,,112.539,pass_verified,DMV_Teilnahmen_2015_2025_VOLLSTAENDIG
DMV-151557,66699.0,66699.0,2016,2016-06-05,2016-06-05-Ludwigsburg,,,,,117.383,pass_verified,DMV_Teilnahmen_2015_2025_VOLLSTAENDIG
DMV-151558,66699.0,66699.0,2016,2016-06-19,2016-06-19-Unterschneidheim,,,,,122.539,pass_verified,DMV_Teilnahmen_2015_2025_VOLLSTAENDIG
DMV-151559,66699.0,66699.0,2016,2016-07-31,2016-07-31-Bad_Mergentheim,,,,,115.842,pass_verified,DMV_Teilnahmen_2015_2025_VOLLSTAENDIG
DMV-151560,66700.0,66700.0,2016,2016-06-19,2016-06-19-Unterschneidheim,,,,,109.539,pass_verified,DMV_Teilnahmen_2015_2025_VOLLSTAENDIG
DMV-151561,66701.0,66701.0,2016,2016-04-10,2016-04-10-Uerdingen,,,,,107.57,pass_verified,DMV_Teilnahmen_2015_2025_VOLLSTAENDIG
DMV-151562,66701.0,66701.0,2016,2016-04-23,2016-04-23-Herne,,,,,107.113,pass_verified,DMV_Teilnahmen_2015_2025_VOLLSTAENDIG
DMV-151563,66701.0,66701.0,2016,2016-05-22,2016-05-22-Mönchengladbach,,,,,112.786,pass_verified,DMV_Teilnahmen_2015_2025_VOLLSTAENDIG
DMV-151564,66701.0,66701.0,2016,2016-06-05,2016-06-05-Dormagen,,,,,111.947,pass_verified,DMV_Teilnahmen_2015_2025_VOLLSTAENDIG
DMV-151565,66701.0,66701.0,2016,2016-06-19,2016-06-19-Dormagen_Hackenbroich,,,,,111.894,pass_verified,DMV_Teilnahmen_2015_2025_VOLLSTAENDIG
DMV-151566,66701.0,66701.0,2016,2016-08-07,2016-08-07-Duisburg_Rheinhausen,"NBV-Landesliga Staffel I, 5. Spieltag",Kaarst,,,111.217,pass_verified,DMV_Teilnahmen_2015_2025_VOLLSTAENDIG
DMV-151567,66703.0,66703.0,2016,2016-03-27,2016-03-27-Landshut,,,,,104.858,pass_verified,DMV_Teilnahmen_2015_2025_VOLLSTAENDIG
DMV-151568,66703.0,66703.0,2016,2016-04-17,2016-04-17-Kelheim,,,,,107.649,pass_verified,DMV_Teilnahmen_2015_2025_VOLLSTAENDIG
DMV-151569,66703.0,66703.0,2016,2016-06-05,2016-06-05-Landshut,,,,,106.925,pass_verified,DMV_Teilnahmen_2015_2025_VOLLSTAENDIG
DMV-151570,66707.0,66707.0,2016,2016-04-17,2016-04-17-Bremen_Vahr,,,,,115.971,pass_verified,DMV_Teilnahmen_2015_2025_VOLLSTAENDIG
DMV-151571,66707.0,66707.0,2016,2016-05-22,2016-05-22-Bremen_Hastedt,,,,,113.989,pass_verified,DMV_Teilnahmen_2015_2025_VOLLSTAENDIG
DMV-151572,66707.0,66707.0,2016,2016-06-05,2016-06-05-Bremen_Vahr,,,,,113.321,pass_verified,DMV_Teilnahmen_2015_2025_VOLLSTAENDIG
DMV-151573,66707.0,66707.0,2016,2016-06-19,2016-06-19-Bremen_Vahr,,,,,107.988,pass_verified,DMV_Teilnahmen_2015_2025_VOLLSTAENDIG
DMV-151574,66711.0,66711.0,2016,2016-04-10,2016-04-10-Paderborn_Lieth,,,,,108.829,pass_verified,DMV_Teilnahmen_2015_2025_VOLLSTAENDIG
DMV-151575,66712.0,66712.0,2016,2016-04-10,2016-04-10-Paderborn_Lieth,,,,,118.162,pass_verified,DMV_Teilnahmen_2015_2025_VOLLSTAENDIG
DMV-151576,66712.0,66712.0,2016,2016-05-22,2016-05-22-Bad_Salzuflen,,,,,116.362,pass_verified,DMV_Teilnahmen_2015_2025_VOLLSTAENDIG
DMV-151577,66712.0,66712.0,2016,2016-06-05,2016-06-05-Detmold,,,,,116.116,pass_verified,DMV_Teilnahmen_2015_2025_VOLLSTAENDIG
DMV-151578,66713.0,66713.0,2016,2016-03-27,2016-03-27-Landshut,,,,,108.525,pass_verified,DMV_Teilnahmen_2015_2025_VOLLSTAENDIG
DMV-151579,66713.0,66713.0,2016,2016-05-26,2016-05-26-Kelheim,,,,,111.431,pass_verified,DMV_Teilnahmen_2015_2025_VOLLSTAENDIG
DMV-151580,66713.0,66713.0,2016,2016-06-12,2016-06-12-Ottobrunn,,,,,111.166,pass_verified,DMV_Teilnahmen_2015_2025_VOLLSTAENDIG
DMV-151581,66713.0,66713.0,2016,2016-08-28,2016-08-28-Kempten_Steinbruch,,,,,113.211,pass_verified,DMV_Teilnahmen_2015_2025_VOLLSTAENDIG
DMV-151582,66713.0,66713.0,2016,2016-09-11,2016-09-11-Ottobrunn,,,,,110.877,pass_verified,DMV_Teilnahmen_2015_2025_VOLLSTAENDIG
DMV-151583,66713.0,66713.0,2016,2016-09-25,2016-09-25-Karlsfeld,,,,,106.243,pass_verified,DMV_Teilnahmen_2015_2025_VOLLSTAENDIG
DMV-151584,66714.0,66714.0,2016,2016-03-27,2016-03-27-Landshut,,,,,109.525,pass_verified,DMV_Teilnahmen_2015_2025_VOLLSTAENDIG
DMV-151585,66714.0,66714.0,2016,2016-05-26,2016-05-26-Kelheim,,,,,107.056,pass_verified,DMV_Teilnahmen_2015_2025_VOLLSTAENDIG
DMV-151586,66714.0,66714.0,2016,2016-06-05,2016-06-05-Karlsfeld,"MVBN-Verbandsliga Süd, 3. Punktspiel",Gebhardshagen,,23.0,107.568,pass_verified,DMV_Teilnahmen_2015_2025_VOLLSTAENDIG
DMV-151587,66714.0,66714.0,2016,2016-06-12,2016-06-12-Ottobrunn,,,,,112.833,pass_verified,DMV_Teilnahmen_2015_2025_VOLLSTAENDIG
DMV-151588,66714.0,66714.0,2016,2016-08-07,2016-08-07-Straßlach,"NBV-Landesliga Staffel I, 5. Spieltag",Kaarst,,,109.047,pass_verified,DMV_Teilnahmen_2015_2025_VOLLSTAENDIG
DMV-151589,66714.0,66714.0,2016,2016-08-28,2016-08-28-Kempten_Steinbruch,,,,,105.544,pass_verified,DMV_Teilnahmen_2015_2025_VOLLSTAENDIG
DMV-151590,66714.0,66714.0,2016,2016-09-04,2016-09-04-Olching2,"3. Bundesliga Nord, Staffel I, 5. Spieltag",Dormagen,,,107.257,pass_verified,DMV_Teilnahmen_2015_2025_VOLLSTAENDIG
DMV-151591,66714.0,66714.0,2016,2016-09-25,2016-09-25-Karlsfeld,,,,,107.493,pass_verified,DMV_Teilnahmen_2015_2025_VOLLSTAENDIG
DMV-151592,66718.0,66718.0,2016,2016-04-10,2016-04-10-Neu_Wulmstorf,,,,,115.301,pass_verified,DMV_Teilnahmen_2015_2025_VOLLSTAENDIG
DMV-151593,66718.0,66718.0,2016,2016-04-17,2016-04-17-Neu_Wulmstorf,,,,,114.63,pass_verified,DMV_Teilnahmen_2015_2025_VOLLSTAENDIG
DMV-151594,66718.0,66718.0,2016,2016-04-24,2016-04-24-Hamburg_Niendorf,,,,,115.851,pass_verified,DMV_Teilnahmen_2015_2025_VOLLSTAENDIG
DMV-151595,66718.0,66718.0,2016,2016-05-01,2016-05-01-Hamburg_Niendorf,,,,,114.927,pass_verified,DMV_Teilnahmen_2015_2025_VOLLSTAENDIG
DMV-151596,66718.0,66718.0,2016,2016-05-29,2016-05-29-Hamburg_Rahlstedt,MRP-Jugendliga/A-Rangliste,Mainz,,,118.03,pass_verified,DMV_Teilnahmen_2015_2025_VOLLSTAENDIG
DMV-151597,66718.0,66718.0,2016,2016-06-12,2016-06-12-Hamburg_Lurup,,,,,115.834,pass_verified,DMV_Teilnahmen_2015_2025_VOLLSTAENDIG
DMV-151598,66718.0,66718.0,2016,2016-09-04,2016-09-04-Hamburg_Rahlstedt,"3. Bundesliga Nord, Staffel I, 5. Spieltag",Dormagen,,,111.878,pass_verified,DMV_Teilnahmen_2015_2025_VOLLSTAENDIG
DMV-151599,66718.0,66718.0,2016,2016-09-25,2016-09-25-Neu_Wulmstorf,,,,,113.321,pass_verified,DMV_Teilnahmen_2015_2025_VOLLSTAENDIG
DMV-151600,66718.0,66718.0,2016,2016-10-02,2016-10-02-Hamburg_Lohbrügge,,,,,120.299,pass_verified,DMV_Teilnahmen_2015_2025_VOLLSTAENDIG
DMV-151601,66720.0,66720.0,2016,2016-04-17,2016-04-17-Karlshagen,,,,,110.587,pass_verified,DMV_Teilnahmen_2015_2025_VOLLSTAENDIG
DMV-151602,66720.0,66720.0,2016,2016-05-22,2016-05-22-Berlin_Tegel_Adelheidallee,,,,,111.056,pass_verified,DMV_Teilnahmen_2015_2025_VOLLSTAENDIG
DMV-151603,66720.0,66720.0,2016,2016-06-26,2016-06-26-Bad_Feilnbach,,,,,103.781,pass_verified,DMV_Teilnahmen_2015_2025_VOLLSTAENDIG
DMV-151604,66720.0,66720.0,2016,2016-07-31,2016-07-31-Berlin_MärkischesViertel,,,,,104.174,pass_verified,DMV_Teilnahmen_2015_2025_VOLLSTAENDIG
DMV-151605,66720.0,66720.0,2016,2016-08-06,2016-08-06-Berlin_MärkischesViertel,,,,,107.229,pass_verified,DMV_Teilnahmen_2015_2025_VOLLSTAENDIG
DMV-151606,66720.0,66720.0,2016,2016-09-04,2016-09-04-Berlin_Spandau,"3. Bundesliga Nord, Staffel I, 5. Spieltag",Dormagen,,,106.528,pass_verified,DMV_Teilnahmen_2015_2025_VOLLSTAENDIG
DMV-151607,66720.0,66720.0,2016,2016-10-22,2016-10-22-Lana,,,,,106.635,pass_verified,DMV_Teilnahmen_2015_2025_VOLLSTAENDIG
DMV-151608,66721.0,66721.0,2016,2016-03-04,2016-03-04-Celle_Halle,,,,,106.82,pass_verified,DMV_Teilnahmen_2015_2025_VOLLSTAENDIG
DMV-151609,66721.0,66721.0,2016,2016-04-10,2016-04-10-Neu_Wulmstorf,,,,,106.051,pass_verified,DMV_Teilnahmen_2015_2025_VOLLSTAENDIG
DMV-151610,66721.0,66721.0,2016,2016-04-17,2016-04-17-Neu_Wulmstorf,,,,,107.88,pass_verified,DMV_Teilnahmen_2015_2025_VOLLSTAENDIG
DMV-151611,66721.0,66721.0,2016,2016-04-24,2016-04-24-Hamburg_Niendorf,,,,,105.851,pass_verified,DMV_Teilnahmen_2015_2025_VOLLSTAENDIG
DMV-151612,66721.0,66721.0,2016,2016-05-01,2016-05-01-Hamburg_Niendorf,,,,,103.177,pass_verified,DMV_Teilnahmen_2015_2025_VOLLSTAENDIG
DMV-151613,66721.0,66721.0,2016,2016-05-05,2016-05-05-Preetz,,,,,106.975,pass_verified,DMV_Teilnahmen_2015_2025_VOLLSTAENDIG
DMV-151614,66721.0,66721.0,2016,2016-05-22,2016-05-22-Hamburg_Lurup,,,,,104.31,pass_verified,DMV_Teilnahmen_2015_2025_VOLLSTAENDIG
DMV-151615,66721.0,66721.0,2016,2016-05-29,2016-05-29-Hamburg_Rahlstedt,MRP-Jugendliga/A-Rangliste,Mainz,,,104.03,pass_verified,DMV_Teilnahmen_2015_2025_VOLLSTAENDIG
DMV-151616,66721.0,66721.0,2016,2016-06-12,2016-06-12-Hamburg_Lurup,,,,,102.501,pass_verified,DMV_Teilnahmen_2015_2025_VOLLSTAENDIG
DMV-151617,66721.0,66721.0,2016,2016-06-19,2016-06-19-Hamburg_Lohbrügge,,,,,104.986,pass_verified,DMV_Teilnahmen_2015_2025_VOLLSTAENDIG
DMV-151618,66721.0,66721.0,2016,2016-07-23,2016-07-23-Bremen_Hastedt,,,,,107.465,pass_verified,DMV_Teilnahmen_2015_2025_VOLLSTAENDIG
DMV-151619,66721.0,66721.0,2016,2016-08-06,2016-08-06-Bad_Oldesloe,,,,,101.996,pass_verified,DMV_Teilnahmen_2015_2025_VOLLSTAENDIG
DMV-151620,66721.0,66721.0,2016,2016-08-27,2016-08-27-Hamburg_Lurup,,,,,101.862,pass_verified,DMV_Teilnahmen_2015_2025_VOLLSTAENDIG
DMV-151621,66721.0,66721.0,2016,2016-09-04,2016-09-04-Hamburg_Rahlstedt,"3. Bundesliga Nord, Staffel I, 5. Spieltag",Dormagen,,,101.211,pass_verified,DMV_Teilnahmen_2015_2025_VOLLSTAENDIG
DMV-151622,66721.0,66721.0,2016,2016-09-25,2016-09-25-Neu_Wulmstorf,,,,,103.071,pass_verified,DMV_Teilnahmen_2015_2025_VOLLSTAENDIG
DMV-151623,66721.0,66721.0,2016,2016-10-02,2016-10-02-Hamburg_Lohbrügge,,,,,102.549,pass_verified,DMV_Teilnahmen_2015_2025_VOLLSTAENDIG
DMV-151624,66721.0,66721.0,2016,2016-11-05,2016-11-05-Eibenstock_Halle,,,,,104.734,pass_verified,DMV_Teilnahmen_2015_2025_VOLLSTAENDIG
DMV-151625,66724.0,66724.0,2016,2016-04-24,2016-04-24-Ostheim,,,,,112.593,pass_verified,DMV_Teilnahmen_2015_2025_VOLLSTAENDIG
DMV-151626,66724.0,66724.0,2016,2016-06-05,2016-06-05-Bad_Bocklet,,,,,108.133,pass_verified,DMV_Teilnahmen_2015_2025_VOLLSTAENDIG
DMV-151627,66724.0,66724.0,2016,2016-06-19,2016-06-19-Wertheim,,,,,112.615,pass_verified,DMV_Teilnahmen_2015_2025_VOLLSTAENDIG
DMV-151628,66724.0,66724.0,2016,2016-07-03,2016-07-03-Wertheim,,,,,111.272,pass_verified,DMV_Teilnahmen_2015_2025_VOLLSTAENDIG
DMV-151629,66724.0,66724.0,2016,2016-07-31,2016-07-31-Wertheim,,,,,109.335,pass_verified,DMV_Teilnahmen_2015_2025_VOLLSTAENDIG
DMV-151630,66724.0,66724.0,2016,2016-09-04,2016-09-04-Würzburg_Löwenbrücke,"3. Bundesliga Nord, Staffel I, 5. Spieltag",Dormagen,,,112.801,pass_verified,DMV_Teilnahmen_2015_2025_VOLLSTAENDIG
DMV-151631,66724.0,66724.0,2016,2016-09-25,2016-09-25-Würzburg_Löwenbrücke,,,,,112.933,pass_verified,DMV_Teilnahmen_2015_2025_VOLLSTAENDIG
DMV-151632,66725.0,66725.0,2016,2016-04-10,2016-04-10-Bottrop_Overbeckshof,,,,,114.785,pass_verified,DMV_Teilnahmen_2015_2025_VOLLSTAENDIG
DMV-151633,66725.0,66725.0,2016,2016-05-07,2016-05-07-Diepholz,,,,,117.303,pass_verified,DMV_Teilnahmen_2015_2025_VOLLSTAENDIG
DMV-151634,66725.0,66725.0,2016,2016-06-05,2016-06-05-Castrop,"NBV-Berzirksliga Staffel VII, 3. Spieltag",Castrop-Rauxel,,9.0,135.557,pass_verified,DMV_Teilnahmen_2015_2025_VOLLSTAENDIG
DMV-151635,66726.0,66726.0,2016,2016-05-22,2016-05-22-Mannheim,,,,,102.979,pass_verified,DMV_Teilnahmen_2015_2025_VOLLSTAENDIG
DMV-151636,66726.0,66726.0,2016,2016-06-19,2016-06-19-Schriesheim,"2. Bundesliga Süd Staffel I, 4. Spieltag",Schriesheim,,,98.201,pass_verified,DMV_Teilnahmen_2015_2025_VOLLSTAENDIG
DMV-151637,66726.0,66726.0,2016,2016-07-31,2016-07-31-Mainz_Hartenberg,"2. Bundesliga Süd, Staffel I, 5. Spieltag",Mainz,,,103.52,pass_verified,DMV_Teilnahmen_2015_2025_VOLLSTAENDIG
DMV-151638,66727.0,66727.0,2016,2016-05-01,2016-05-01-Niederstetten,,,,,106.241,pass_verified,DMV_Teilnahmen_2015_2025_VOLLSTAENDIG
DMV-151639,66727.0,66727.0,2016,2016-05-22,2016-05-22-Wendlingen,,,,,108.031,pass_verified,DMV_Teilnahmen_2015_2025_VOLLSTAENDIG
DMV-151640,66727.0,66727.0,2016,2016-05-29,2016-05-29-Oberkochen,MRP-Jugendliga/A-Rangliste,Mainz,,,107.35,pass_verified,DMV_Teilnahmen_2015_2025_VOLLSTAENDIG
DMV-151641,66727.0,66727.0,2016,2016-06-12,2016-06-12-Großbottwar,,,,,109.352,pass_verified,DMV_Teilnahmen_2015_2025_VOLLSTAENDIG
DMV-151642,66727.0,66727.0,2016,2016-06-19,2016-06-19-Ulm,,,,,111.783,pass_verified,DMV_Teilnahmen_2015_2025_VOLLSTAENDIG
DMV-151643,66727.0,66727.0,2016,2016-07-31,2016-07-31-Metzingen,,,,,107.883,pass_verified,DMV_Teilnahmen_2015_2025_VOLLSTAENDIG
DMV-151644,66727.0,66727.0,2016,2016-09-04,2016-09-04-Bad_Urach,"3. Bundesliga Nord, Staffel I, 5. Spieltag",Dormagen,,,104.348,pass_verified,DMV_Teilnahmen_2015_2025_VOLLSTAENDIG
DMV-151645,66728.0,66728.0,2016,2016-04-10,2016-04-10-Witten_Herbede,,,,,107.976,pass_verified,DMV_Teilnahmen_2015_2025_VOLLSTAENDIG
DMV-151646,66728.0,66728.0,2016,2016-05-22,2016-05-22-Lüttringhausen,,,,,104.951,pass_verified,DMV_Teilnahmen_2015_2025_VOLLSTAENDIG
DMV-151647,66728.0,66728.0,2016,2016-06-05,2016-06-05-Witten_Herbede,,,,,107.743,pass_verified,DMV_Teilnahmen_2015_2025_VOLLSTAENDIG
DMV-151648,66728.0,66728.0,2016,2016-06-19,2016-06-19-Bochum_Stiepel,"3. Bundesliga Nord Staffel I, 3. Spieltag",Bochum,,,104.666,pass_verified,DMV_Teilnahmen_2015_2025_VOLLSTAENDIG
DMV-151649,66728.0,66728.0,2016,2016-08-07,2016-08-07-Wermelskirchen,"NBV-Landesliga Staffel I, 5. Spieltag",Kaarst,,,105.94,pass_verified,DMV_Teilnahmen_2015_2025_VOLLSTAENDIG
DMV-151650,66728.0,66728.0,2016,2016-09-04,2016-09-04-Lünen,"3. Bundesliga Nord, Staffel I, 5. Spieltag",Dormagen,,,106.105,pass_verified,DMV_Teilnahmen_2015_2025_VOLLSTAENDIG
DMV-151651,66729.0,66729.0,2016,2016-04-10,2016-04-10-Witten_Herbede,,,,,108.642,pass_verified,DMV_Teilnahmen_2015_2025_VOLLSTAENDIG
DMV-151652,66729.0,66729.0,2016,2016-05-22,2016-05-22-Lüttringhausen,,,,,106.951,pass_verified,DMV_Teilnahmen_2015_2025_VOLLSTAENDIG
DMV-151653,66729.0,66729.0,2016,2016-06-05,2016-06-05-Witten_Herbede,,,,,106.076,pass_verified,DMV_Teilnahmen_2015_2025_VOLLSTAENDIG
DMV-151654,66729.0,66729.0,2016,2016-06-19,2016-06-19-Bochum_Stiepel,"3. Bundesliga Nord Staffel I, 3. Spieltag",Bochum,,,108.999,pass_verified,DMV_Teilnahmen_2015_2025_VOLLSTAENDIG
DMV-151655,66729.0,66729.0,2016,2016-08-07,2016-08-07-Wermelskirchen,"NBV-Landesliga Staffel I, 5. Spieltag",Kaarst,,,106.273,pass_verified,DMV_Teilnahmen_2015_2025_VOLLSTAENDIG
DMV-151656,66729.0,66729.0,2016,2016-09-10,2016-09-10-Lüttringhausen,,,,,107.704,pass_verified,DMV_Teilnahmen_2015_2025_VOLLSTAENDIG
DMV-151657,66730.0,66730.0,2016,2016-03-27,2016-03-27-Landshut,,,,,112.191,pass_verified,DMV_Teilnahmen_2015_2025_VOLLSTAENDIG
DMV-151658,66730.0,66730.0,2016,2016-05-26,2016-05-26-Kelheim,,,,,112.556,pass_verified,DMV_Teilnahmen_2015_2025_VOLLSTAENDIG
DMV-151659,66730.0,66730.0,2016,2016-06-12,2016-06-12-Ottobrunn,,,,,109.166,pass_verified,DMV_Teilnahmen_2015_2025_VOLLSTAENDIG
DMV-151660,66730.0,66730.0,2016,2016-08-07,2016-08-07-Straßlach,"NBV-Landesliga Staffel I, 5. Spieltag",Kaarst,,,110.713,pass_verified,DMV_Teilnahmen_2015_2025_VOLLSTAENDIG
DMV-151661,66730.0,66730.0,2016,2016-08-28,2016-08-28-Kempten_Steinbruch,,,,,110.878,pass_verified,DMV_Teilnahmen_2015_2025_VOLLSTAENDIG
DMV-151662,66730.0,66730.0,2016,2016-09-04,2016-09-04-Olching2,"3. Bundesliga Nord, Staffel I, 5. Spieltag",Dormagen,,,116.757,pass_verified,DMV_Teilnahmen_2015_2025_VOLLSTAENDIG
DMV-151663,66730.0,66730.0,2016,2016-09-11,2016-09-11-Ottobrunn,,,,,107.211,pass_verified,DMV_Teilnahmen_2015_2025_VOLLSTAENDIG
DMV-151664,66730.0,66730.0,2016,2016-09-25,2016-09-25-Karlsfeld,,,,,111.993,pass_verified,DMV_Teilnahmen_2015_2025_VOLLSTAENDIG
DMV-151665,66732.0,66732.0,2016,2016-01-30,2016-01-30-Mannheim_Sandhofen_Halle,,,,,106.523,pass_verified,DMV_Teilnahmen_2015_2025_VOLLSTAENDIG
DMV-151666,66732.0,66732.0,2016,2016-04-10,2016-04-10-Ludwigshafen,,,,,110.069,pass_verified,DMV_Teilnahmen_2015_2025_VOLLSTAENDIG
DMV-151667,66732.0,66732.0,2016,2016-04-17,2016-04-17-Mainz_Hartenberg,,,,,106.423,pass_verified,DMV_Teilnahmen_2015_2025_VOLLSTAENDIG
DMV-151668,66732.0,66732.0,2016,2016-05-22,2016-05-22-Bad_Ems,,,,,104.767,pass_verified,DMV_Teilnahmen_2015_2025_VOLLSTAENDIG
DMV-151669,66732.0,66732.0,2016,2016-05-29,2016-05-29-Mainz_Hartenberg,MRP-Jugendliga/A-Rangliste,Mainz,,6.0,105.58,pass_verified,DMV_Teilnahmen_2015_2025_VOLLSTAENDIG
DMV-151670,66732.0,66732.0,2016,2016-06-05,2016-06-05-Hachenburg,,,,,112.651,pass_verified,DMV_Teilnahmen_2015_2025_VOLLSTAENDIG
DMV-151671,66732.0,66732.0,2016,2016-06-19,2016-06-19-Rodalben,,,,,106.699,pass_verified,DMV_Teilnahmen_2015_2025_VOLLSTAENDIG
DMV-151672,66732.0,66732.0,2016,2016-06-12,2016-06-12-Mannheim,,,,,106.405,pass_verified,DMV_Teilnahmen_2015_2025_VOLLSTAENDIG
DMV-151673,66732.0,66732.0,2016,2016-07-09,2016-07-09-Bad_Bodendorf,,,,,108.264,pass_verified,DMV_Teilnahmen_2015_2025_VOLLSTAENDIG
DMV-151674,66732.0,66732.0,2016,2016-08-18,2016-08-18-Mannheim,,,,,109.895,pass_verified,DMV_Teilnahmen_2015_2025_VOLLSTAENDIG
DMV-151675,66732.0,66732.0,2016,2016-09-04,2016-09-04-Bad_Bodendorf,"3. Bundesliga Nord, Staffel I, 5. Spieltag",Dormagen,,,108.061,pass_verified,DMV_Teilnahmen_2015_2025_VOLLSTAENDIG
DMV-151676,66732.0,66732.0,2016,2016-09-25,2016-09-25-Bad_Ems,,,,,105.904,pass_verified,DMV_Teilnahmen_2015_2025_VOLLSTAENDIG
DMV-151677,66732.0,66732.0,2016,2016-12-03,2016-12-03-Mannheim_Sandhofen_Halle,,,,,105.197,pass_verified,DMV_Teilnahmen_2015_2025_VOLLSTAENDIG
DMV-151678,66733.0,66733.0,2016,2016-05-22,2016-05-22-Diepholz,,,,,108.716,pass_verified,DMV_Teilnahmen_2015_2025_VOLLSTAENDIG
DMV-151679,66733.0,66733.0,2016,2016-06-05,2016-06-05-Cuxhaven,,,,,104.744,pass_verified,DMV_Teilnahmen_2015_2025_VOLLSTAENDIG
DMV-151680,66733.0,66733.0,2016,2016-06-19,2016-06-19-Bremen_Vahr,,,,,105.488,pass_verified,DMV_Teilnahmen_2015_2025_VOLLSTAENDIG
DMV-151681,66733.0,66733.0,2016,2016-07-31,2016-07-31-Bad_Nenndorf,,,,,110.215,pass_verified,DMV_Teilnahmen_2015_2025_VOLLSTAENDIG
DMV-151682,66736.0,66736.0,2016,2016-06-05,2016-06-05-Landshut,,,,,110.925,pass_verified,DMV_Teilnahmen_2015_2025_VOLLSTAENDIG
DMV-151683,66736.0,66736.0,2016,2016-06-19,2016-06-19-Wolnzach,,,,,125.12,pass_verified,DMV_Teilnahmen_2015_2025_VOLLSTAENDIG
DMV-151684,66740.0,66740.0,2016,2016-07-03,2016-07-03-Wertheim,,,,,105.522,pass_verified,DMV_Teilnahmen_2015_2025_VOLLSTAENDIG
DMV-151685,66740.0,66740.0,2016,2016-07-31,2016-07-31-Wertheim2,,,,,106.252,pass_verified,DMV_Teilnahmen_2015_2025_VOLLSTAENDIG
DMV-151686,66740.0,66740.0,2016,2016-09-04,2016-09-04-Würzburg_Löwenbrücke,"3. Bundesliga Nord, Staffel I, 5. Spieltag",Dormagen,,,104.801,pass_verified,DMV_Teilnahmen_2015_2025_VOLLSTAENDIG
DMV-151687,66740.0,66740.0,2016,2016-09-25,2016-09-25-Würzburg_Löwenbrücke,,,,,105.933,pass_verified,DMV_Teilnahmen_2015_2025_VOLLSTAENDIG
DMV-151688,66742.0,66742.0,2016,2016-04-10,2016-04-10-Velbert_Hardenberg,"NBV-Landesliga Staffel 1, 1. Spieltag",Hardenberg,,1.0,104.44,pass_verified,DMV_Teilnahmen_2015_2025_VOLLSTAENDIG
DMV-151689,66742.0,66742.0,2016,2016-05-22,2016-05-22-Kerpen,"NBV-Landesliga Staffel 1, 2. Spieltag",Kerpen,,1.0,106.43,pass_verified,DMV_Teilnahmen_2015_2025_VOLLSTAENDIG
DMV-151690,66742.0,66742.0,2016,2016-06-05,2016-06-05-Lüdenscheid,"NBV-Landesliga I, 3. Spieltag",Lüdenscheid,,1.0,104.033,pass_verified,DMV_Teilnahmen_2015_2025_VOLLSTAENDIG
DMV-151691,66742.0,66742.0,2016,2016-06-19,2016-06-19-Velbert_Langenberg,,,,,103.035,pass_verified,DMV_Teilnahmen_2015_2025_VOLLSTAENDIG
DMV-151692,66742.0,66742.0,2016,2016-07-21,2016-07-21-Weinheim,,,,,102.654,pass_verified,DMV_Teilnahmen_2015_2025_VOLLSTAENDIG
DMV-151693,66742.0,66742.0,2016,2016-10-23,2016-10-23-Gevelsberg,,,,,103.752,pass_verified,DMV_Teilnahmen_2015_2025_VOLLSTAENDIG
DMV-151694,66745.0,66745.0,2016,2016-05-01,2016-05-01-Bad_Soden,,,,,107.405,pass_verified,DMV_Teilnahmen_2015_2025_VOLLSTAENDIG
DMV-151695,66745.0,66745.0,2016,2016-05-22,2016-05-22-Bad_Soden,,,,,111.012,pass_verified,DMV_Teilnahmen_2015_2025_VOLLSTAENDIG
DMV-151696,66745.0,66745.0,2016,2016-05-29,2016-05-29-Arheilgen,MRP-Jugendliga/A-Rangliste,Mainz,,,113.074,pass_verified,DMV_Teilnahmen_2015_2025_VOLLSTAENDIG
DMV-151697,66745.0,66745.0,2016,2016-06-05,2016-06-05-Wetzlar,,,,,110.484,pass_verified,DMV_Teilnahmen_2015_2025_VOLLSTAENDIG
DMV-151698,66745.0,66745.0,2016,2016-06-19,2016-06-19-Biskirchen,,,,,113.606,pass_verified,DMV_Teilnahmen_2015_2025_VOLLSTAENDIG
DMV-151699,66745.0,66745.0,2016,2016-07-31,2016-07-31-Aßlar,,,,,109.385,pass_verified,DMV_Teilnahmen_2015_2025_VOLLSTAENDIG
DMV-151700,66745.0,66745.0,2016,2016-08-07,2016-08-07-Biskirchen,"NBV-Landesliga Staffel I, 5. Spieltag",Kaarst,,,108.721,pass_verified,DMV_Teilnahmen_2015_2025_VOLLSTAENDIG
DMV-151701,66746.0,66746.0,2016,2016-03-20,2016-03-20-Mannheim_Sandhofen_Halle,,,,,109.898,pass_verified,DMV_Teilnahmen_2015_2025_VOLLSTAENDIG
DMV-151702,66746.0,66746.0,2016,2016-04-10,2016-04-10-Bensheim,,,,,112.08,pass_verified,DMV_Teilnahmen_2015_2025_VOLLSTAENDIG
DMV-151703,66746.0,66746.0,2016,2016-05-01,2016-05-01-Bad_Soden,,,,,113.905,pass_verified,DMV_Teilnahmen_2015_2025_VOLLSTAENDIG
DMV-151704,66746.0,66746.0,2016,2016-05-22,2016-05-22-Bad_Soden,,,,,108.512,pass_verified,DMV_Teilnahmen_2015_2025_VOLLSTAENDIG
DMV-151705,66746.0,66746.0,2016,2016-05-29,2016-05-29-Arheilgen,MRP-Jugendliga/A-Rangliste,Mainz,,,103.074,pass_verified,DMV_Teilnahmen_2015_2025_VOLLSTAENDIG
DMV-151706,66746.0,66746.0,2016,2016-06-05,2016-06-05-Wetzlar,,,,,107.734,pass_verified,DMV_Teilnahmen_2015_2025_VOLLSTAENDIG
DMV-151707,66746.0,66746.0,2016,2016-06-19,2016-06-19-Biskirchen,,,,,110.856,pass_verified,DMV_Teilnahmen_2015_2025_VOLLSTAENDIG
DMV-151708,66746.0,66746.0,2016,2016-07-31,2016-07-31-Aßlar,,,,,105.635,pass_verified,DMV_Teilnahmen_2015_2025_VOLLSTAENDIG
DMV-151709,66746.0,66746.0,2016,2016-08-07,2016-08-07-Biskirchen,"NBV-Landesliga Staffel I, 5. Spieltag",Kaarst,,,108.121,pass_verified,DMV_Teilnahmen_2015_2025_VOLLSTAENDIG
DMV-151710,66746.0,66746.0,2016,2016-09-04,2016-09-04-Künzell,"3. Bundesliga Nord, Staffel I, 5. Spieltag",Dormagen,,,110.87,pass_verified,DMV_Teilnahmen_2015_2025_VOLLSTAENDIG
DMV-151711,66746.0,66746.0,2016,2016-09-24,2016-09-24-Bad_Homburg_Hirschgarten+Dreieich,,,,,105.519,pass_verified,DMV_Teilnahmen_2015_2025_VOLLSTAENDIG
DMV-151712,66747.0,66747.0,2016,2016-08-18,2016-08-18-Rauschenberg,,,,,109.219,pass_verified,DMV_Teilnahmen_2015_2025_VOLLSTAENDIG
DMV-151713,66750.0,66750.0,2016,2016-04-17,2016-04-17-Karlshagen,,,,,109.087,pass_verified,DMV_Teilnahmen_2015_2025_VOLLSTAENDIG
DMV-151714,66750.0,66750.0,2016,2016-05-29,2016-05-29-Woltersdorf,MRP-Jugendliga/A-Rangliste,Mainz,,,109.195,pass_verified,DMV_Teilnahmen_2015_2025_VOLLSTAENDIG
DMV-151715,66750.0,66750.0,2016,2016-04-10,2016-04-10-Berlin_Tegel_Adelheidallee,,,,,110.448,pass_verified,DMV_Teilnahmen_2015_2025_VOLLSTAENDIG
DMV-151716,66750.0,66750.0,2016,2016-05-01,2016-05-01-Berlin_Britz,,,,,112.266,pass_verified,DMV_Teilnahmen_2015_2025_VOLLSTAENDIG
DMV-151717,66750.0,66750.0,2016,2016-09-04,2016-09-04-Berlin_Spandau,"3. Bundesliga Nord, Staffel I, 5. Spieltag",Dormagen,,,109.278,pass_verified,DMV_Teilnahmen_2015_2025_VOLLSTAENDIG
DMV-151718,66750.0,66750.0,2016,2016-11-05,2016-11-05-Eibenstock_Halle,,,,,107.567,pass_verified,DMV_Teilnahmen_2015_2025_VOLLSTAENDIG
DMV-151719,66751.0,66751.0,2016,2016-04-17,2016-04-17-Karlshagen,,,,,103.837,pass_verified,DMV_Teilnahmen_2015_2025_VOLLSTAENDIG
DMV-151720,66751.0,66751.0,2016,2016-05-22,2016-05-22-Berlin_Tegel_Adelheidallee,,,,,111.056,pass_verified,DMV_Teilnahmen_2015_2025_VOLLSTAENDIG
DMV-151721,66751.0,66751.0,2016,2016-05-29,2016-05-29-Woltersdorf,MRP-Jugendliga/A-Rangliste,Mainz,,,103.195,pass_verified,DMV_Teilnahmen_2015_2025_VOLLSTAENDIG
DMV-151722,66751.0,66751.0,2016,2016-06-19,2016-06-19-Woltersdorf,,,,,104.588,pass_verified,DMV_Teilnahmen_2015_2025_VOLLSTAENDIG
DMV-151723,66751.0,66751.0,2016,2016-04-10,2016-04-10-Berlin_Tegel_Adelheidallee,,,,,106.698,pass_verified,DMV_Teilnahmen_2015_2025_VOLLSTAENDIG
DMV-151724,66751.0,66751.0,2016,2016-05-01,2016-05-01-Berlin_Britz,,,,,105.516,pass_verified,DMV_Teilnahmen_2015_2025_VOLLSTAENDIG
DMV-151725,66751.0,66751.0,2016,2016-06-05,2016-06-05-Berlin_Lankwitz2,,,,,104.639,pass_verified,DMV_Teilnahmen_2015_2025_VOLLSTAENDIG
DMV-151726,66751.0,66751.0,2016,2016-07-31,2016-07-31-Berlin_Britz,,,,,107.17,pass_verified,DMV_Teilnahmen_2015_2025_VOLLSTAENDIG
DMV-151727,66751.0,66751.0,2016,2016-09-04,2016-09-04-Berlin_Spandau2,"3. Bundesliga Nord, Staffel I, 5. Spieltag",Dormagen,,,103.395,pass_verified,DMV_Teilnahmen_2015_2025_VOLLSTAENDIG
DMV-151728,66753.0,66753.0,2016,2016-04-10,2016-04-10-Leipzig_Clara_Zetkin_Park,,,,,108.039,pass_verified,DMV_Teilnahmen_2015_2025_VOLLSTAENDIG
DMV-151729,66753.0,66753.0,2016,2016-05-08,2016-05-08-Köthen,Badische Meisterschaften,Tuttlingen,,,112.396,pass_verified,DMV_Teilnahmen_2015_2025_VOLLSTAENDIG
DMV-151730,66753.0,66753.0,2016,2016-06-12,2016-06-12-Havelberg,,,,,112.03,pass_verified,DMV_Teilnahmen_2015_2025_VOLLSTAENDIG
DMV-151731,66753.0,66753.0,2016,2016-09-25,2016-09-25-Leipzig_Probstheida,,,,,112.424,pass_verified,DMV_Teilnahmen_2015_2025_VOLLSTAENDIG
DMV-151732,66756.0,66756.0,2016,2016-03-28,2016-03-28-Kempten_Steinbruch,,,,,106.984,pass_verified,DMV_Teilnahmen_2015_2025_VOLLSTAENDIG
DMV-151733,66756.0,66756.0,2016,2016-04-24,2016-04-24-Ingolstadt_Auwaldsee,,,,,107.722,pass_verified,DMV_Teilnahmen_2015_2025_VOLLSTAENDIG
DMV-151734,66756.0,66756.0,2016,2016-06-05,2016-06-05-Murnau_See,,,,,102.749,pass_verified,DMV_Teilnahmen_2015_2025_VOLLSTAENDIG
DMV-151735,66756.0,66756.0,2016,2016-06-26,2016-06-26-Bad_Feilnbach,,,,,109.448,pass_verified,DMV_Teilnahmen_2015_2025_VOLLSTAENDIG
DMV-151736,66756.0,66756.0,2016,2016-07-31,2016-07-31-Illertissen,,,,,108.245,pass_verified,DMV_Teilnahmen_2015_2025_VOLLSTAENDIG
DMV-151737,66756.0,66756.0,2016,2016-08-07,2016-08-07-Garmisch_Partenkirchen,"NBV-Landesliga Staffel I, 5. Spieltag",Kaarst,,,106.215,pass_verified,DMV_Teilnahmen_2015_2025_VOLLSTAENDIG
DMV-151738,66756.0,66756.0,2016,2016-09-04,2016-09-04-Kempten_Steinbruch,"3. Bundesliga Nord, Staffel I, 5. Spieltag",Dormagen,,,105.616,pass_verified,DMV_Teilnahmen_2015_2025_VOLLSTAENDIG
DMV-151739,66756.0,66756.0,2016,2016-09-18,2016-09-18-Murnau_See,Heven-Cup 2016,Witten,,,103.422,pass_verified,DMV_Teilnahmen_2015_2025_VOLLSTAENDIG
DMV-151740,66757.0,66757.0,2016,2016-03-28,2016-03-28-Kempten_Steinbruch,,,,,111.317,pass_verified,DMV_Teilnahmen_2015_2025_VOLLSTAENDIG
DMV-151741,66757.0,66757.0,2016,2016-04-24,2016-04-24-Ingolstadt_Auwaldsee,,,,,108.389,pass_verified,DMV_Teilnahmen_2015_2025_VOLLSTAENDIG
DMV-151742,66757.0,66757.0,2016,2016-06-05,2016-06-05-Murnau_See,,,,,109.249,pass_verified,DMV_Teilnahmen_2015_2025_VOLLSTAENDIG
DMV-151743,66757.0,66757.0,2016,2016-06-12,2016-06-12-Ottobrunn,,,,,109.166,pass_verified,DMV_Teilnahmen_2015_2025_VOLLSTAENDIG
DMV-151744,66757.0,66757.0,2016,2016-06-26,2016-06-26-Bad_Feilnbach,,,,,103.448,pass_verified,DMV_Teilnahmen_2015_2025_VOLLSTAENDIG
DMV-151745,66757.0,66757.0,2016,2016-07-31,2016-07-31-Illertissen,,,,,111.745,pass_verified,DMV_Teilnahmen_2015_2025_VOLLSTAENDIG
DMV-151746,66757.0,66757.0,2016,2016-08-07,2016-08-07-Garmisch_Partenkirchen,"NBV-Landesliga Staffel I, 5. Spieltag",Kaarst,,,110.715,pass_verified,DMV_Teilnahmen_2015_2025_VOLLSTAENDIG
DMV-151747,66757.0,66757.0,2016,2016-08-21,2016-08-21-Olching,,,,,106.081,pass_verified,DMV_Teilnahmen_2015_2025_VOLLSTAENDIG
DMV-151748,66757.0,66757.0,2016,2016-09-04,2016-09-04-Kempten_Steinbruch,"3. Bundesliga Nord, Staffel I, 5. Spieltag",Dormagen,,,105.949,pass_verified,DMV_Teilnahmen_2015_2025_VOLLSTAENDIG
DMV-151749,66757.0,66757.0,2016,2016-09-18,2016-09-18-Murnau_See,Heven-Cup 2016,Witten,,,105.922,pass_verified,DMV_Teilnahmen_2015_2025_VOLLSTAENDIG
DMV-151750,66759.0,66759.0,2016,2016-04-17,2016-04-17-Kelheim,,,,,105.983,pass_verified,DMV_Teilnahmen_2015_2025_VOLLSTAENDIG
DMV-151751,66759.0,66759.0,2016,2016-04-24,2016-04-24-Ingolstadt_Auwaldsee,,,,,106.722,pass_verified,DMV_Teilnahmen_2015_2025_VOLLSTAENDIG
DMV-151752,66759.0,66759.0,2016,2016-06-05,2016-06-05-Landshut,,,,,111.925,pass_verified,DMV_Teilnahmen_2015_2025_VOLLSTAENDIG
DMV-151753,66759.0,66759.0,2016,2016-06-19,2016-06-19-Wolnzach,,,,,109.12,pass_verified,DMV_Teilnahmen_2015_2025_VOLLSTAENDIG
DMV-151754,66759.0,66759.0,2016,2016-07-24,2016-07-24-Ingolstadt_Baggersee,,,,,107.135,pass_verified,DMV_Teilnahmen_2015_2025_VOLLSTAENDIG
DMV-151755,66760.0,66760.0,2016,2016-04-17,2016-04-17-Kelheim,,,,,110.983,pass_verified,DMV_Teilnahmen_2015_2025_VOLLSTAENDIG
DMV-151756,66760.0,66760.0,2016,2016-04-24,2016-04-24-Ingolstadt_Auwaldsee,,,,,113.056,pass_verified,DMV_Teilnahmen_2015_2025_VOLLSTAENDIG
DMV-151757,66760.0,66760.0,2016,2016-06-05,2016-06-05-Landshut,,,,,114.425,pass_verified,DMV_Teilnahmen_2015_2025_VOLLSTAENDIG
DMV-151758,66760.0,66760.0,2016,2016-06-19,2016-06-19-Wolnzach,,,,,112.12,pass_verified,DMV_Teilnahmen_2015_2025_VOLLSTAENDIG
DMV-151759,66760.0,66760.0,2016,2016-07-10,2016-07-10-Wolnzach,,,,,112.055,pass_verified,DMV_Teilnahmen_2015_2025_VOLLSTAENDIG
DMV-151760,66760.0,66760.0,2016,2016-07-24,2016-07-24-Ingolstadt_Baggersee,,,,,116.468,pass_verified,DMV_Teilnahmen_2015_2025_VOLLSTAENDIG
DMV-151761,66761.0,66761.0,2016,2016-08-18,2016-08-18-Rauschenberg,,,,,120.975,pass_verified,DMV_Teilnahmen_2015_2025_VOLLSTAENDIG
DMV-151762,66763.0,66763.0,2016,2016-03-27,2016-03-27-Landshut,,,,,109.191,pass_verified,DMV_Teilnahmen_2015_2025_VOLLSTAENDIG
DMV-151763,66763.0,66763.0,2016,2016-04-17,2016-04-17-Kelheim,,,,,123.316,pass_verified,DMV_Teilnahmen_2015_2025_VOLLSTAENDIG
DMV-151764,66763.0,66763.0,2016,2016-04-24,2016-04-24-Olching,,,,,113.947,pass_verified,DMV_Teilnahmen_2015_2025_VOLLSTAENDIG
DMV-151765,66763.0,66763.0,2016,2016-06-19,2016-06-19-Wolnzach,,,,,109.12,pass_verified,DMV_Teilnahmen_2015_2025_VOLLSTAENDIG
DMV-151766,66763.0,66763.0,2016,2016-07-10,2016-07-10-Wolnzach,,,,,111.905,pass_verified,DMV_Teilnahmen_2015_2025_VOLLSTAENDIG
DMV-151767,66763.0,66763.0,2016,2016-08-28,2016-08-28-Landshut,,,,,105.532,pass_verified,DMV_Teilnahmen_2015_2025_VOLLSTAENDIG
DMV-151768,66763.0,66763.0,2016,2016-10-01,2016-10-01-Landshut2,Europacup 2016,Neutraubling,,,105.787,pass_verified,DMV_Teilnahmen_2015_2025_VOLLSTAENDIG
DMV-151769,66763.0,66763.0,2016,2016-10-09,2016-10-09-Kelheim,BMW Knopf Trophy 2016,Schriesheim,,,103.846,pass_verified,DMV_Teilnahmen_2015_2025_VOLLSTAENDIG
DMV-151770,66765.0,66765.0,2016,2016-03-27,2016-03-27-Landshut,,,,,108.858,pass_verified,DMV_Teilnahmen_2015_2025_VOLLSTAENDIG
DMV-151771,66765.0,66765.0,2016,2016-04-17,2016-04-17-Kelheim,,,,,107.649,pass_verified,DMV_Teilnahmen_2015_2025_VOLLSTAENDIG
DMV-151772,66765.0,66765.0,2016,2016-04-24,2016-04-24-Ingolstadt_Auwaldsee,,,,,110.722,pass_verified,DMV_Teilnahmen_2015_2025_VOLLSTAENDIG
DMV-151773,66765.0,66765.0,2016,2016-05-26,2016-05-26-Kelheim,,,,,109.098,pass_verified,DMV_Teilnahmen_2015_2025_VOLLSTAENDIG
DMV-151774,66765.0,66765.0,2016,2016-06-05,2016-06-05-Landshut,"MVBN-Verbandsliga Süd, 3. Punktspiel",Gebhardshagen,,2.0,110.925,pass_verified,DMV_Teilnahmen_2015_2025_VOLLSTAENDIG
DMV-151775,66765.0,66765.0,2016,2016-06-19,2016-06-19-Wolnzach,,,,,112.87,pass_verified,DMV_Teilnahmen_2015_2025_VOLLSTAENDIG
DMV-151776,66765.0,66765.0,2016,2016-07-24,2016-07-24-Mitterteich,,,,,111.419,pass_verified,DMV_Teilnahmen_2015_2025_VOLLSTAENDIG
DMV-151777,66765.0,66765.0,2016,2016-08-28,2016-08-28-Landshut,,,,,109.132,pass_verified,DMV_Teilnahmen_2015_2025_VOLLSTAENDIG
DMV-151778,66765.0,66765.0,2016,2016-09-18,2016-09-18-Murnau_See,Heven-Cup 2016,Witten,,,108.922,pass_verified,DMV_Teilnahmen_2015_2025_VOLLSTAENDIG
DMV-151779,66765.0,66765.0,2016,2016-10-09,2016-10-09-Kelheim,BMW Knopf Trophy 2016,Schriesheim,,,105.846,pass_verified,DMV_Teilnahmen_2015_2025_VOLLSTAENDIG
DMV-151780,66767.0,66767.0,2016,2016-07-09,2016-07-09-Bad_Bodendorf,,,,,129.014,pass_verified,DMV_Teilnahmen_2015_2025_VOLLSTAENDIG
DMV-151781,66768.0,66768.0,2016,2016-04-10,2016-04-10-Paderborn_Lieth,,,,,109.496,pass_verified,DMV_Teilnahmen_2015_2025_VOLLSTAENDIG
DMV-151782,66768.0,66768.0,2016,2016-05-22,2016-05-22-Bad_Salzuflen,,,,,115.695,pass_verified,DMV_Teilnahmen_2015_2025_VOLLSTAENDIG
DMV-151783,66768.0,66768.0,2016,2016-06-05,2016-06-05-Detmold,,,,,114.783,pass_verified,DMV_Teilnahmen_2015_2025_VOLLSTAENDIG
DMV-151784,66770.0,66770.0,2016,2016-04-10,2016-04-10-Bottrop_Overbeckshof,,,,,115.452,pass_verified,DMV_Teilnahmen_2015_2025_VOLLSTAENDIG
DMV-151785,66770.0,66770.0,2016,2016-06-05,2016-06-05-Castrop,"NBV-Berzirksliga Staffel VII, 3. Spieltag",Castrop-Rauxel,,2.0,119.89,pass_verified,DMV_Teilnahmen_2015_2025_VOLLSTAENDIG
DMV-151786,66770.0,66770.0,2016,2016-06-19,2016-06-19-Lünen,,,,,115.447,pass_verified,DMV_Teilnahmen_2015_2025_VOLLSTAENDIG
DMV-151787,66771.0,66771.0,2016,2016-04-10,2016-04-10-Sindelfingen,1. Spieltag WBV-Rangliste,Sindelfingen,,,110.749,pass_verified,DMV_Teilnahmen_2015_2025_VOLLSTAENDIG
DMV-151788,66771.0,66771.0,2016,2016-04-17,2016-04-17-Ludwigsburg,,,,,108.535,pass_verified,DMV_Teilnahmen_2015_2025_VOLLSTAENDIG
DMV-151789,66771.0,66771.0,2016,2016-05-22,2016-05-22-Wendlingen,,,,,111.781,pass_verified,DMV_Teilnahmen_2015_2025_VOLLSTAENDIG
DMV-151790,66771.0,66771.0,2016,2016-05-29,2016-05-29-Oberkochen,MRP-Jugendliga/A-Rangliste,Mainz,,,111.35,pass_verified,DMV_Teilnahmen_2015_2025_VOLLSTAENDIG
DMV-151791,66771.0,66771.0,2016,2016-06-05,2016-06-05-Wernau,,,,,108.551,pass_verified,DMV_Teilnahmen_2015_2025_VOLLSTAENDIG
DMV-151792,66771.0,66771.0,2016,2016-06-12,2016-06-12-Großbottwar,,,,,106.685,pass_verified,DMV_Teilnahmen_2015_2025_VOLLSTAENDIG
DMV-151793,66771.0,66771.0,2016,2016-06-19,2016-06-19-Ulm,,,,,108.533,pass_verified,DMV_Teilnahmen_2015_2025_VOLLSTAENDIG
DMV-151794,66771.0,66771.0,2016,2016-07-31,2016-07-31-Metzingen,,,,,106.216,pass_verified,DMV_Teilnahmen_2015_2025_VOLLSTAENDIG
DMV-151795,66771.0,66771.0,2016,2016-09-04,2016-09-04-Bad_Urach,"3. Bundesliga Nord, Staffel I, 5. Spieltag",Dormagen,,,108.848,pass_verified,DMV_Teilnahmen_2015_2025_VOLLSTAENDIG
DMV-151796,66772.0,66772.0,2016,2016-04-10,2016-04-10-Bottrop_Overbeckshof,,,,,105.785,pass_verified,DMV_Teilnahmen_2015_2025_VOLLSTAENDIG
DMV-151797,66772.0,66772.0,2016,2016-05-22,2016-05-22-Gelsenkirchen_Bulmke,,,,,109.504,pass_verified,DMV_Teilnahmen_2015_2025_VOLLSTAENDIG
DMV-151798,66772.0,66772.0,2016,2016-06-05,2016-06-05-Castrop,"NBV-Berzirksliga Staffel VII, 3. Spieltag",Castrop-Rauxel,,1.0,105.223,pass_verified,DMV_Teilnahmen_2015_2025_VOLLSTAENDIG
DMV-151799,66772.0,66772.0,2016,2016-06-19,2016-06-19-Lünen,,,,,105.447,pass_verified,DMV_Teilnahmen_2015_2025_VOLLSTAENDIG
DMV-151800,66772.0,66772.0,2016,2016-08-07,2016-08-07-Dortmund_Brechten,"NBV-Landesliga Staffel I, 5. Spieltag",Kaarst,,,103.651,pass_verified,DMV_Teilnahmen_2015_2025_VOLLSTAENDIG
DMV-151801,66773.0,66773.0,2016,2016-04-17,2016-04-17-Seesen,,,,,111.612,pass_verified,DMV_Teilnahmen_2015_2025_VOLLSTAENDIG
DMV-151802,66773.0,66773.0,2016,2016-05-22,2016-05-22-Göttingen_Grone,,,,,114.672,pass_verified,DMV_Teilnahmen_2015_2025_VOLLSTAENDIG
DMV-151803,66773.0,66773.0,2016,2016-06-05,2016-06-05-Lohfelden,,,,,113.649,pass_verified,DMV_Teilnahmen_2015_2025_VOLLSTAENDIG
DMV-151804,66773.0,66773.0,2016,2016-06-19,2016-06-19-Vellmar,,,,,113.202,pass_verified,DMV_Teilnahmen_2015_2025_VOLLSTAENDIG
DMV-151805,66774.0,66774.0,2016,2016-02-21,2016-02-21-Celle_Halle,,,,,113.688,pass_verified,DMV_Teilnahmen_2015_2025_VOLLSTAENDIG
DMV-151806,66774.0,66774.0,2016,2016-04-17,2016-04-17-Northeim,,,,,106.815,pass_verified,DMV_Teilnahmen_2015_2025_VOLLSTAENDIG
DMV-151807,66774.0,66774.0,2016,2016-05-01,2016-05-01-Vellmar,,,,,104.267,pass_verified,DMV_Teilnahmen_2015_2025_VOLLSTAENDIG
DMV-151808,66774.0,66774.0,2016,2016-05-22,2016-05-22-Vellmar,,,,,103.884,pass_verified,DMV_Teilnahmen_2015_2025_VOLLSTAENDIG
DMV-151809,66774.0,66774.0,2016,2016-06-05,2016-06-05-Gebhardshagen,"MVBN-Verbandsliga Süd, 3. Punktspiel",Gebhardshagen,,33.0,111.98,pass_verified,DMV_Teilnahmen_2015_2025_VOLLSTAENDIG
DMV-151810,66774.0,66774.0,2016,2016-07-31,2016-07-31-Salzgitter,,,,,108.582,pass_verified,DMV_Teilnahmen_2015_2025_VOLLSTAENDIG
DMV-151811,66774.0,66774.0,2016,2016-08-27,2016-08-27-Vellmar,,,,,107.834,pass_verified,DMV_Teilnahmen_2015_2025_VOLLSTAENDIG
DMV-151812,66777.0,66777.0,2016,2016-04-17,2016-04-17-Seesen,,,,,108.612,pass_verified,DMV_Teilnahmen_2015_2025_VOLLSTAENDIG
DMV-151813,66777.0,66777.0,2016,2016-05-22,2016-05-22-Göttingen_Grone,,,,,106.922,pass_verified,DMV_Teilnahmen_2015_2025_VOLLSTAENDIG
DMV-151814,66777.0,66777.0,2016,2016-06-05,2016-06-05-Lohfelden,,,,,113.399,pass_verified,DMV_Teilnahmen_2015_2025_VOLLSTAENDIG
DMV-151815,66777.0,66777.0,2016,2016-06-19,2016-06-19-Vellmar,,,,,108.952,pass_verified,DMV_Teilnahmen_2015_2025_VOLLSTAENDIG
DMV-151816,66777.0,66777.0,2016,2016-07-31,2016-07-31-Northeim,,,,,108.695,pass_verified,DMV_Teilnahmen_2015_2025_VOLLSTAENDIG
DMV-151817,66777.0,66777.0,2016,2016-08-27,2016-08-27-Vellmar,,,,,105.584,pass_verified,DMV_Teilnahmen_2015_2025_VOLLSTAENDIG
DMV-151818,66779.0,66779.0,2016,2016-06-05,2016-06-05-Murnau_See,,,,,108.249,pass_verified,DMV_Teilnahmen_2015_2025_VOLLSTAENDIG
DMV-151819,66779.0,66779.0,2016,2016-09-18,2016-09-18-Murnau_See,Heven-Cup 2016,Witten,,,106.422,pass_verified,DMV_Teilnahmen_2015_2025_VOLLSTAENDIG
DMV-151820,66781.0,66781.0,2016,2016-06-05,2016-06-05-Murnau_See,,,,,106.749,pass_verified,DMV_Teilnahmen_2015_2025_VOLLSTAENDIG
DMV-151821,66781.0,66781.0,2016,2016-06-12,2016-06-12-Ottobrunn,,,,,107.5,pass_verified,DMV_Teilnahmen_2015_2025_VOLLSTAENDIG
DMV-151822,66781.0,66781.0,2016,2016-07-31,2016-07-31-Illertissen,,,,,107.245,pass_verified,DMV_Teilnahmen_2015_2025_VOLLSTAENDIG
DMV-151823,66781.0,66781.0,2016,2016-08-14,2016-08-14-Illertissen,26. Rebland-Turnier,Ohlsbach,,,107.826,pass_verified,DMV_Teilnahmen_2015_2025_VOLLSTAENDIG
DMV-151824,66781.0,66781.0,2016,2016-08-28,2016-08-28-Kempten_Steinbruch,,,,,101.878,pass_verified,DMV_Teilnahmen_2015_2025_VOLLSTAENDIG
DMV-151825,66781.0,66781.0,2016,2016-09-04,2016-09-04-Kempten_Steinbruch,"3. Bundesliga Nord, Staffel I, 5. Spieltag",Dormagen,,,103.616,pass_verified,DMV_Teilnahmen_2015_2025_VOLLSTAENDIG
DMV-151826,66781.0,66781.0,2016,2016-10-01,2016-10-01-Landshut2,Europacup 2016,Neutraubling,,,106.12,pass_verified,DMV_Teilnahmen_2015_2025_VOLLSTAENDIG
DMV-151827,66782.0,66782.0,2016,2016-03-26,2016-03-26-Weinheim,,,,,113.992,pass_verified,DMV_Teilnahmen_2015_2025_VOLLSTAENDIG
DMV-151828,66782.0,66782.0,2016,2016-03-26,2016-03-26-Weinheim2,,,,,117.914,pass_verified,DMV_Teilnahmen_2015_2025_VOLLSTAENDIG
DMV-151829,66782.0,66782.0,2016,2016-05-22,2016-05-22-Ladenburg,,,,,112.288,pass_verified,DMV_Teilnahmen_2015_2025_VOLLSTAENDIG
DMV-151830,66782.0,66782.0,2016,2016-06-05,2016-06-05-Weinheim,"BBS-Landesliga, 2. Spieltag",Weinheim,,,106.617,pass_verified,DMV_Teilnahmen_2015_2025_VOLLSTAENDIG
DMV-151831,66782.0,66782.0,2016,2016-07-31,2016-07-31-Ilvesheim,,,,,114.943,pass_verified,DMV_Teilnahmen_2015_2025_VOLLSTAENDIG
DMV-151832,66782.0,66782.0,2016,2016-09-04,2016-09-04-Schriesheim,"3. Bundesliga Nord, Staffel I, 5. Spieltag",Dormagen,,,116.932,pass_verified,DMV_Teilnahmen_2015_2025_VOLLSTAENDIG
DMV-151833,66783.0,66783.0,2016,2016-05-22,2016-05-22-Ladenburg,,,,,114.038,pass_verified,DMV_Teilnahmen_2015_2025_VOLLSTAENDIG
DMV-151834,66783.0,66783.0,2016,2016-06-05,2016-06-05-Weinheim,"BBS-Landesliga, 2. Spieltag",Weinheim,,,110.117,pass_verified,DMV_Teilnahmen_2015_2025_VOLLSTAENDIG
DMV-151835,66783.0,66783.0,2016,2016-07-31,2016-07-31-Ilvesheim,,,,,113.943,pass_verified,DMV_Teilnahmen_2015_2025_VOLLSTAENDIG
DMV-151836,66783.0,66783.0,2016,2016-09-04,2016-09-04-Schriesheim,"3. Bundesliga Nord, Staffel I, 5. Spieltag",Dormagen,,,119.932,pass_verified,DMV_Teilnahmen_2015_2025_VOLLSTAENDIG
DMV-151837,66784.0,66784.0,2016,2016-05-22,2016-05-22-Bad_Soden,,,,,109.512,pass_verified,DMV_Teilnahmen_2015_2025_VOLLSTAENDIG
DMV-151838,66784.0,66784.0,2016,2016-06-05,2016-06-05-Wetzlar,,,,,104.734,pass_verified,DMV_Teilnahmen_2015_2025_VOLLSTAENDIG
DMV-151839,66784.0,66784.0,2016,2016-07-31,2016-07-31-Aßlar,,,,,110.385,pass_verified,DMV_Teilnahmen_2015_2025_VOLLSTAENDIG
DMV-151840,66784.0,66784.0,2016,2016-09-04,2016-09-04-Künzell,"3. Bundesliga Nord, Staffel I, 5. Spieltag",Dormagen,,,107.203,pass_verified,DMV_Teilnahmen_2015_2025_VOLLSTAENDIG
DMV-151841,66785.0,66785.0,2016,2016-05-29,2016-05-29-Hamburg_Rahlstedt,MRP-Jugendliga/A-Rangliste,Mainz,,,113.03,pass_verified,DMV_Teilnahmen_2015_2025_VOLLSTAENDIG
DMV-151842,66786.0,66786.0,2016,2016-09-25,2016-09-25-Neu_Wulmstorf,,,,,114.071,pass_verified,DMV_Teilnahmen_2015_2025_VOLLSTAENDIG
DMV-151843,66786.0,66786.0,2016,2016-10-02,2016-10-02-Hamburg_Lohbrügge,,,,,118.799,pass_verified,DMV_Teilnahmen_2015_2025_VOLLSTAENDIG
DMV-151844,66787.0,66787.0,2016,2016-04-17,2016-04-17-Seesen,,,,,104.612,pass_verified,DMV_Teilnahmen_2015_2025_VOLLSTAENDIG
DMV-151845,66787.0,66787.0,2016,2016-05-22,2016-05-22-Göttingen_Grone,,,,,109.172,pass_verified,DMV_Teilnahmen_2015_2025_VOLLSTAENDIG
DMV-151846,66787.0,66787.0,2016,2016-06-05,2016-06-05-Lohfelden,,,,,104.899,pass_verified,DMV_Teilnahmen_2015_2025_VOLLSTAENDIG
DMV-151847,66787.0,66787.0,2016,2016-06-19,2016-06-19-Vellmar,,,,,105.952,pass_verified,DMV_Teilnahmen_2015_2025_VOLLSTAENDIG
DMV-151848,66787.0,66787.0,2016,2016-06-25,2016-06-25-Goslar,,,,,105.128,pass_verified,DMV_Teilnahmen_2015_2025_VOLLSTAENDIG
DMV-151849,66787.0,66787.0,2016,2016-07-31,2016-07-31-Northeim,,,,,107.945,pass_verified,DMV_Teilnahmen_2015_2025_VOLLSTAENDIG
DMV-151850,66787.0,66787.0,2016,2016-08-13,2016-08-13-Salzgitter,,,,,103.055,pass_verified,DMV_Teilnahmen_2015_2025_VOLLSTAENDIG
DMV-151851,66787.0,66787.0,2016,2016-08-20,2016-08-20-Gebhardshagen,,,,,103.326,pass_verified,DMV_Teilnahmen_2015_2025_VOLLSTAENDIG
DMV-151852,66787.0,66787.0,2016,2016-08-27,2016-08-27-Vellmar,,,,,106.334,pass_verified,DMV_Teilnahmen_2015_2025_VOLLSTAENDIG
DMV-151853,66788.0,66788.0,2016,2016-07-23,2016-07-23-Bremen_Hastedt,,,,,114.715,pass_verified,DMV_Teilnahmen_2015_2025_VOLLSTAENDIG
DMV-151854,66790.0,66790.0,2016,2016-04-10,2016-04-10-Neu_Wulmstorf,,,,,108.801,pass_verified,DMV_Teilnahmen_2015_2025_VOLLSTAENDIG
DMV-151855,66790.0,66790.0,2016,2016-04-17,2016-04-17-Neu_Wulmstorf,,,,,105.38,pass_verified,DMV_Teilnahmen_2015_2025_VOLLSTAENDIG
DMV-151856,66790.0,66790.0,2016,2016-04-24,2016-04-24-Hamburg_Niendorf,,,,,108.351,pass_verified,DMV_Teilnahmen_2015_2025_VOLLSTAENDIG
DMV-151857,66790.0,66790.0,2016,2016-05-01,2016-05-01-Hamburg_Niendorf,,,,,109.427,pass_verified,DMV_Teilnahmen_2015_2025_VOLLSTAENDIG
DMV-151858,66790.0,66790.0,2016,2016-05-14,2016-05-14-Celle,,,,,104.675,pass_verified,DMV_Teilnahmen_2015_2025_VOLLSTAENDIG
DMV-151859,66790.0,66790.0,2016,2016-05-22,2016-05-22-Hamburg_Lurup,,,,,108.56,pass_verified,DMV_Teilnahmen_2015_2025_VOLLSTAENDIG
DMV-151860,66790.0,66790.0,2016,2016-06-12,2016-06-12-Hamburg_Lurup,,,,,106.501,pass_verified,DMV_Teilnahmen_2015_2025_VOLLSTAENDIG
DMV-151861,66790.0,66790.0,2016,2016-06-19,2016-06-19-Hamburg_Lohbrügge,,,,,105.736,pass_verified,DMV_Teilnahmen_2015_2025_VOLLSTAENDIG
DMV-151862,66790.0,66790.0,2016,2016-07-23,2016-07-23-Bremen_Hastedt,,,,,106.215,pass_verified,DMV_Teilnahmen_2015_2025_VOLLSTAENDIG
DMV-151863,66790.0,66790.0,2016,2016-08-06,2016-08-06-Bad_Oldesloe,,,,,106.746,pass_verified,DMV_Teilnahmen_2015_2025_VOLLSTAENDIG
DMV-151864,66790.0,66790.0,2016,2016-08-27,2016-08-27-Hamburg_Lurup,,,,,106.577,pass_verified,DMV_Teilnahmen_2015_2025_VOLLSTAENDIG
DMV-151865,66790.0,66790.0,2016,2016-09-04,2016-09-04-Hamburg_Rahlstedt,"3. Bundesliga Nord, Staffel I, 5. Spieltag",Dormagen,,,109.878,pass_verified,DMV_Teilnahmen_2015_2025_VOLLSTAENDIG
DMV-151866,66790.0,66790.0,2016,2016-09-25,2016-09-25-Neu_Wulmstorf,,,,,111.321,pass_verified,DMV_Teilnahmen_2015_2025_VOLLSTAENDIG
DMV-151867,66790.0,66790.0,2016,2016-10-02,2016-10-02-Hamburg_Lohbrügge,,,,,106.299,pass_verified,DMV_Teilnahmen_2015_2025_VOLLSTAENDIG
DMV-151868,66792.0,66792.0,2016,2016-04-10,2016-04-10-Bildstock,,,,,108.473,pass_verified,DMV_Teilnahmen_2015_2025_VOLLSTAENDIG
DMV-151869,66792.0,66792.0,2016,2016-05-01,2016-05-01-Oberthal,,,,,107.865,pass_verified,DMV_Teilnahmen_2015_2025_VOLLSTAENDIG
DMV-151870,66792.0,66792.0,2016,2016-05-29,2016-05-29-Bliesen,MRP-Jugendliga/A-Rangliste,Mainz,,,108.819,pass_verified,DMV_Teilnahmen_2015_2025_VOLLSTAENDIG
DMV-151871,66792.0,66792.0,2016,2016-06-26,2016-06-26-Dudweiler,,,,,109.6,pass_verified,DMV_Teilnahmen_2015_2025_VOLLSTAENDIG
DMV-151872,66792.0,66792.0,2016,2016-07-21,2016-07-21-Weinheim,,,,,107.571,pass_verified,DMV_Teilnahmen_2015_2025_VOLLSTAENDIG
DMV-151873,66792.0,66792.0,2016,2016-10-23,2016-10-23-Bildstock,,,,,110.155,pass_verified,DMV_Teilnahmen_2015_2025_VOLLSTAENDIG
DMV-151874,66793.0,66793.0,2016,2016-04-10,2016-04-10-Wallenhorst_Rulle,,,,,107.751,pass_verified,DMV_Teilnahmen_2015_2025_VOLLSTAENDIG
DMV-151875,66794.0,66794.0,2016,2016-04-17,2016-04-17-Ludwigshafen,,,,,102.227,pass_verified,DMV_Teilnahmen_2015_2025_VOLLSTAENDIG
DMV-151876,66794.0,66794.0,2016,2016-06-05,2016-06-05-Künzell,,,,,100.613,pass_verified,DMV_Teilnahmen_2015_2025_VOLLSTAENDIG
DMV-151877,66794.0,66794.0,2016,2016-06-19,2016-06-19-Schriesheim,"2. Bundesliga Süd Staffel I, 4. Spieltag",Schriesheim,,,98.701,pass_verified,DMV_Teilnahmen_2015_2025_VOLLSTAENDIG
DMV-151878,66794.0,66794.0,2016,2016-07-31,2016-07-31-Mainz_Hartenberg,"2. Bundesliga Süd, Staffel I, 5. Spieltag",Mainz,,,102.27,pass_verified,DMV_Teilnahmen_2015_2025_VOLLSTAENDIG
DMV-151879,66795.0,66795.0,2016,2016-04-10,2016-04-10-Bildstock,,,,,102.723,pass_verified,DMV_Teilnahmen_2015_2025_VOLLSTAENDIG
DMV-151880,66795.0,66795.0,2016,2016-05-01,2016-05-01-Oberthal,,,,,107.615,pass_verified,DMV_Teilnahmen_2015_2025_VOLLSTAENDIG
DMV-151881,66795.0,66795.0,2016,2016-05-29,2016-05-29-Bliesen,MRP-Jugendliga/A-Rangliste,Mainz,,,110.819,pass_verified,DMV_Teilnahmen_2015_2025_VOLLSTAENDIG
DMV-151882,66795.0,66795.0,2016,2016-06-26,2016-06-26-Dudweiler,,,,,107.35,pass_verified,DMV_Teilnahmen_2015_2025_VOLLSTAENDIG
DMV-151883,66797.0,66797.0,2016,2016-01-24,2016-01-24-Salzburg,Südwestdeutsche Jugendmeisterschaft,Mannheim,,,108.02,pass_verified,DMV_Teilnahmen_2015_2025_VOLLSTAENDIG
DMV-151884,66797.0,66797.0,2016,2016-04-17,2016-04-17-Kelheim,,,,,106.983,pass_verified,DMV_Teilnahmen_2015_2025_VOLLSTAENDIG
DMV-151885,66797.0,66797.0,2016,2016-04-24,2016-04-24-Ingolstadt_Auwaldsee,,,,,110.722,pass_verified,DMV_Teilnahmen_2015_2025_VOLLSTAENDIG
DMV-151886,66797.0,66797.0,2016,2016-07-24,2016-07-24-Ingolstadt_Baggersee,,,,,117.801,pass_verified,DMV_Teilnahmen_2015_2025_VOLLSTAENDIG
DMV-151887,66797.0,66797.0,2016,2016-10-09,2016-10-09-Kelheim,BMW Knopf Trophy 2016,Schriesheim,,,105.513,pass_verified,DMV_Teilnahmen_2015_2025_VOLLSTAENDIG
DMV-151888,66801.0,66801.0,2016,2016-04-10,2016-04-10-Velbert_Hardenberg,"NBV-Landesliga Staffel 1, 1. Spieltag",Hardenberg,,2.0,113.19,pass_verified,DMV_Teilnahmen_2015_2025_VOLLSTAENDIG
DMV-151889,66801.0,66801.0,2016,2016-05-22,2016-05-22-Kerpen,"NBV-Landesliga Staffel 1, 2. Spieltag",Kerpen,,2.0,113.93,pass_verified,DMV_Teilnahmen_2015_2025_VOLLSTAENDIG
DMV-151890,66801.0,66801.0,2016,2016-08-07,2016-08-07-Kaarst,"NBV-Landesliga Staffel I, 5. Spieltag",Kaarst,,2.0,112.409,pass_verified,DMV_Teilnahmen_2015_2025_VOLLSTAENDIG
DMV-151891,66802.0,66802.0,2016,2016-03-26,2016-03-26-Weinheim,,,,,103.392,pass_verified,DMV_Teilnahmen_2015_2025_VOLLSTAENDIG
DMV-151892,66802.0,66802.0,2016,2016-05-22,2016-05-22-Ladenburg,,,,,103.538,pass_verified,DMV_Teilnahmen_2015_2025_VOLLSTAENDIG
DMV-151893,66802.0,66802.0,2016,2016-06-05,2016-06-05-Weinheim,"BBS-Landesliga, 2. Spieltag",Weinheim,,,102.617,pass_verified,DMV_Teilnahmen_2015_2025_VOLLSTAENDIG
DMV-151894,66802.0,66802.0,2016,2016-07-31,2016-07-31-Ilvesheim,,,,,104.943,pass_verified,DMV_Teilnahmen_2015_2025_VOLLSTAENDIG
DMV-151895,66802.0,66802.0,2016,2016-08-06,2016-08-06-Mannheim,,,,,103.078,pass_verified,DMV_Teilnahmen_2015_2025_VOLLSTAENDIG
DMV-151896,66802.0,66802.0,2016,2016-09-04,2016-09-04-Schriesheim,"3. Bundesliga Nord, Staffel I, 5. Spieltag",Dormagen,,,98.182,pass_verified,DMV_Teilnahmen_2015_2025_VOLLSTAENDIG
DMV-151897,66802.0,66802.0,2016,2016-10-09,2016-10-09-Schriesheim,BMW Knopf Trophy 2016,Schriesheim,,17.0,105.689,pass_verified,DMV_Teilnahmen_2015_2025_VOLLSTAENDIG
DMV-151898,66803.0,66803.0,2016,2016-04-17,2016-04-17-Schweinfurt,,,,,112.627,pass_verified,DMV_Teilnahmen_2015_2025_VOLLSTAENDIG
DMV-151899,66803.0,66803.0,2016,2016-05-08,2016-05-08-Schweinfurt,Badische Meisterschaften,Tuttlingen,,,121.231,pass_verified,DMV_Teilnahmen_2015_2025_VOLLSTAENDIG
DMV-151900,66803.0,66803.0,2016,2016-06-05,2016-06-05-Bad_Bocklet,,,,,114.883,pass_verified,DMV_Teilnahmen_2015_2025_VOLLSTAENDIG
DMV-151901,66803.0,66803.0,2016,2016-07-17,2016-07-17-Bad_Bocklet,,,,,117.34,pass_verified,DMV_Teilnahmen_2015_2025_VOLLSTAENDIG
DMV-151902,66803.0,66803.0,2016,2016-07-31,2016-07-31-Wertheim,,,,,110.835,pass_verified,DMV_Teilnahmen_2015_2025_VOLLSTAENDIG
DMV-151903,66803.0,66803.0,2016,2016-08-07,2016-08-07-Höchberg,"NBV-Landesliga Staffel I, 5. Spieltag",Kaarst,,,114.042,pass_verified,DMV_Teilnahmen_2015_2025_VOLLSTAENDIG
DMV-151904,66804.0,66804.0,2016,2016-07-21,2016-07-21-Weinheim,,,,,104.671,pass_verified,DMV_Teilnahmen_2015_2025_VOLLSTAENDIG
DMV-151905,66804.0,66804.0,2016,2016-08-28,2016-08-28-Bamberg,,,,,109.692,pass_verified,DMV_Teilnahmen_2015_2025_VOLLSTAENDIG
DMV-151906,66804.0,66804.0,2016,2016-09-25,2016-09-25-Würzburg_Löwenbrücke,,,,,104.183,pass_verified,DMV_Teilnahmen_2015_2025_VOLLSTAENDIG
DMV-151907,66804.0,66804.0,2016,2016-11-05,2016-11-05-Eibenstock_Halle,,,,,103.901,pass_verified,DMV_Teilnahmen_2015_2025_VOLLSTAENDIG
DMV-151908,66805.0,66805.0,2016,2016-05-08,2016-05-08-Köthen,Badische Meisterschaften,Tuttlingen,,,110.396,pass_verified,DMV_Teilnahmen_2015_2025_VOLLSTAENDIG
DMV-151909,66805.0,66805.0,2016,2016-06-29,2016-06-29-Singen,,,,,106.826,pass_verified,DMV_Teilnahmen_2015_2025_VOLLSTAENDIG
DMV-151910,66805.0,66805.0,2016,2016-11-05,2016-11-05-Eibenstock_Halle,,,,,110.734,pass_verified,DMV_Teilnahmen_2015_2025_VOLLSTAENDIG
DMV-151911,66806.0,66806.0,2016,2016-04-10,2016-04-10-Uerdingen,,,,,111.57,pass_verified,DMV_Teilnahmen_2015_2025_VOLLSTAENDIG
DMV-151912,66806.0,66806.0,2016,2016-05-22,2016-05-22-Mönchengladbach,,,,,105.786,pass_verified,DMV_Teilnahmen_2015_2025_VOLLSTAENDIG
DMV-151913,66806.0,66806.0,2016,2016-06-05,2016-06-05-Dormagen,,,,,109.613,pass_verified,DMV_Teilnahmen_2015_2025_VOLLSTAENDIG
DMV-151914,66806.0,66806.0,2016,2016-08-07,2016-08-07-Duisburg_Rheinhausen,"NBV-Landesliga Staffel I, 5. Spieltag",Kaarst,,,107.884,pass_verified,DMV_Teilnahmen_2015_2025_VOLLSTAENDIG
DMV-151915,66809.0,66809.0,2016,2016-02-21,2016-02-21-Celle_Halle,,,,,111.022,pass_verified,DMV_Teilnahmen_2015_2025_VOLLSTAENDIG
DMV-151916,66809.0,66809.0,2016,2016-04-17,2016-04-17-Peine,,,,,110.031,pass_verified,DMV_Teilnahmen_2015_2025_VOLLSTAENDIG
DMV-151917,66809.0,66809.0,2016,2016-05-22,2016-05-22-Gebhardshagen,,,,,110.452,pass_verified,DMV_Teilnahmen_2015_2025_VOLLSTAENDIG
DMV-151918,66809.0,66809.0,2016,2016-05-29,2016-05-29-Celle,MRP-Jugendliga/A-Rangliste,Mainz,,,111.1,pass_verified,DMV_Teilnahmen_2015_2025_VOLLSTAENDIG
DMV-151919,66809.0,66809.0,2016,2016-06-12,2016-06-12-Hannover,,,,,106.813,pass_verified,DMV_Teilnahmen_2015_2025_VOLLSTAENDIG
DMV-151920,66809.0,66809.0,2016,2016-06-19,2016-06-19-Peine,,,,,107.156,pass_verified,DMV_Teilnahmen_2015_2025_VOLLSTAENDIG
DMV-151921,66809.0,66809.0,2016,2016-07-31,2016-07-31-Goslar,,,,,106.948,pass_verified,DMV_Teilnahmen_2015_2025_VOLLSTAENDIG
DMV-151922,66809.0,66809.0,2016,2016-08-13,2016-08-13-Salzgitter,,,,,107.555,pass_verified,DMV_Teilnahmen_2015_2025_VOLLSTAENDIG
DMV-151923,66809.0,66809.0,2016,2016-08-20,2016-08-20-Gebhardshagen,,,,,106.326,pass_verified,DMV_Teilnahmen_2015_2025_VOLLSTAENDIG
DMV-151924,66810.0,66810.0,2016,2016-05-08,2016-05-08-Köthen,Badische Meisterschaften,Tuttlingen,,,104.396,pass_verified,DMV_Teilnahmen_2015_2025_VOLLSTAENDIG
DMV-151925,66810.0,66810.0,2016,2016-06-12,2016-06-12-Havelberg,,,,,106.03,pass_verified,DMV_Teilnahmen_2015_2025_VOLLSTAENDIG
DMV-151926,66810.0,66810.0,2016,2016-09-25,2016-09-25-Leipzig_Probstheida,,,,,107.424,pass_verified,DMV_Teilnahmen_2015_2025_VOLLSTAENDIG
DMV-151927,66811.0,66811.0,2016,2016-05-08,2016-05-08-Köthen,Badische Meisterschaften,Tuttlingen,,,119.73,pass_verified,DMV_Teilnahmen_2015_2025_VOLLSTAENDIG
DMV-151928,66811.0,66811.0,2016,2016-06-12,2016-06-12-Havelberg,,,,,118.28,pass_verified,DMV_Teilnahmen_2015_2025_VOLLSTAENDIG
DMV-151929,66812.0,66812.0,2016,2016-05-07,2016-05-07-Tuttlingen,,,,,112.148,pass_verified,DMV_Teilnahmen_2015_2025_VOLLSTAENDIG
DMV-151930,66813.0,66813.0,2016,2016-06-05,2016-06-05-Bad_Feilnbach,,,,,106.266,pass_verified,DMV_Teilnahmen_2015_2025_VOLLSTAENDIG
DMV-151931,66813.0,66813.0,2016,2016-06-26,2016-06-26-Bad_Feilnbach,,,,,104.781,pass_verified,DMV_Teilnahmen_2015_2025_VOLLSTAENDIG
DMV-151932,66813.0,66813.0,2016,2016-07-31,2016-07-31-Murnau_See,,,,,105.984,pass_verified,DMV_Teilnahmen_2015_2025_VOLLSTAENDIG
DMV-151933,66813.0,66813.0,2016,2016-09-11,2016-09-11-München_Feldmoching,,,,,107.152,pass_verified,DMV_Teilnahmen_2015_2025_VOLLSTAENDIG
DMV-151934,66813.0,66813.0,2016,2016-09-18,2016-09-18-Murnau_See,Heven-Cup 2016,Witten,,,104.922,pass_verified,DMV_Teilnahmen_2015_2025_VOLLSTAENDIG
DMV-151935,66814.0,66814.0,2016,2016-04-17,2016-04-17-Sindelfingen,,,,,108.383,pass_verified,DMV_Teilnahmen_2015_2025_VOLLSTAENDIG
DMV-151936,66814.0,66814.0,2016,2016-05-22,2016-05-22-Hechingen,,,,,112.039,pass_verified,DMV_Teilnahmen_2015_2025_VOLLSTAENDIG
DMV-151937,66814.0,66814.0,2016,2016-06-19,2016-06-19-Unterschneidheim,,,,,105.789,pass_verified,DMV_Teilnahmen_2015_2025_VOLLSTAENDIG
DMV-151938,66815.0,66815.0,2016,2016-04-10,2016-04-10-Trappenkamp,,,,,124.327,pass_verified,DMV_Teilnahmen_2015_2025_VOLLSTAENDIG
DMV-151939,66815.0,66815.0,2016,2016-05-01,2016-05-01-Bad_Oldesloe,,,,,118.511,pass_verified,DMV_Teilnahmen_2015_2025_VOLLSTAENDIG
DMV-151940,66815.0,66815.0,2016,2016-05-08,2016-05-08-Trappenkamp,Badische Meisterschaften,Tuttlingen,,,122.116,pass_verified,DMV_Teilnahmen_2015_2025_VOLLSTAENDIG
DMV-151941,66815.0,66815.0,2016,2016-06-12,2016-06-12-Brunsbüttel,,,,,122.006,pass_verified,DMV_Teilnahmen_2015_2025_VOLLSTAENDIG
DMV-151942,66816.0,66816.0,2016,2016-04-17,2016-04-17-Bremen_Vahr,,,,,111.721,pass_verified,DMV_Teilnahmen_2015_2025_VOLLSTAENDIG
DMV-151943,66816.0,66816.0,2016,2016-05-07,2016-05-07-Diepholz,,,,,114.703,pass_verified,DMV_Teilnahmen_2015_2025_VOLLSTAENDIG
DMV-151944,66816.0,66816.0,2016,2016-05-22,2016-05-22-Bremen_Hastedt,,,,,110.489,pass_verified,DMV_Teilnahmen_2015_2025_VOLLSTAENDIG
DMV-151945,66816.0,66816.0,2016,2016-06-05,2016-06-05-Bremen_Vahr,,,,,109.321,pass_verified,DMV_Teilnahmen_2015_2025_VOLLSTAENDIG
DMV-151946,66816.0,66816.0,2016,2016-06-19,2016-06-19-Cuxhaven,,,,,113.911,pass_verified,DMV_Teilnahmen_2015_2025_VOLLSTAENDIG
DMV-151947,66816.0,66816.0,2016,2016-07-23,2016-07-23-Bremen_Hastedt,,,,,108.715,pass_verified,DMV_Teilnahmen_2015_2025_VOLLSTAENDIG
DMV-151948,66816.0,66816.0,2016,2016-07-31,2016-07-31-Lüneburg,,,,,108.242,pass_verified,DMV_Teilnahmen_2015_2025_VOLLSTAENDIG
DMV-151949,66817.0,66817.0,2016,2016-04-17,2016-04-17-Kerpen,1. Spieltag 1. Bundesliga Nord,Kerpen,,20.0,100.534,pass_verified,DMV_Teilnahmen_2015_2025_VOLLSTAENDIG
DMV-151950,66817.0,66817.0,2016,2016-05-22,2016-05-22-Dormagen_Hackenbroich,"1. Bundesliga Nord, 2. Spieltag",Dormagen,,19.0,100.427,pass_verified,DMV_Teilnahmen_2015_2025_VOLLSTAENDIG
DMV-151951,66817.0,66817.0,2016,2016-06-05,2016-06-05-Hamburg_Rahlstedt,"1. Bundesliga Nord, 3. Spieltag",Hamburg,,,100.733,pass_verified,DMV_Teilnahmen_2015_2025_VOLLSTAENDIG
DMV-151952,66817.0,66817.0,2016,2016-06-19,2016-06-19-Bad_Münder,"1. Bundesliga Nord, 4. Spieltag",Bad Münder,,,99.657,pass_verified,DMV_Teilnahmen_2015_2025_VOLLSTAENDIG
DMV-151953,66817.0,66817.0,2016,2016-07-13,2016-07-13-Wanne_Eickel,,,,,99.582,pass_verified,DMV_Teilnahmen_2015_2025_VOLLSTAENDIG
DMV-151954,66818.0,66818.0,2016,2016-04-10,2016-04-10-Rheinau_Freistett,,,,,110.57,pass_verified,DMV_Teilnahmen_2015_2025_VOLLSTAENDIG
DMV-151955,66818.0,66818.0,2016,2016-05-01,2016-05-01-Ilvesheim,,,,,108.541,pass_verified,DMV_Teilnahmen_2015_2025_VOLLSTAENDIG
DMV-151956,66818.0,66818.0,2016,2016-05-07,2016-05-07-Tuttlingen,,,,,115.398,pass_verified,DMV_Teilnahmen_2015_2025_VOLLSTAENDIG
DMV-151957,66818.0,66818.0,2016,2016-08-13,2016-08-13-Ohlsbach,,,,,108.088,pass_verified,DMV_Teilnahmen_2015_2025_VOLLSTAENDIG
DMV-151958,66819.0,66819.0,2016,2016-04-10,2016-04-10-Epe,,,,,107.548,pass_verified,DMV_Teilnahmen_2015_2025_VOLLSTAENDIG
DMV-151959,66819.0,66819.0,2016,2016-05-22,2016-05-22-Wallenhorst_Rulle,,,,,109.943,pass_verified,DMV_Teilnahmen_2015_2025_VOLLSTAENDIG
DMV-151960,66819.0,66819.0,2016,2016-06-05,2016-06-05-Wesel,,,,,107.191,pass_verified,DMV_Teilnahmen_2015_2025_VOLLSTAENDIG
DMV-151961,66819.0,66819.0,2016,2016-06-19,2016-06-19-Gladbeck,,,,,106.354,pass_verified,DMV_Teilnahmen_2015_2025_VOLLSTAENDIG
DMV-151962,66819.0,66819.0,2016,2016-08-07,2016-08-07-Herten,"NBV-Landesliga Staffel I, 5. Spieltag",Kaarst,,,110.538,pass_verified,DMV_Teilnahmen_2015_2025_VOLLSTAENDIG
DMV-151963,66819.0,66819.0,2016,2016-08-28,2016-08-28-Gladbeck,,,,,107.089,pass_verified,DMV_Teilnahmen_2015_2025_VOLLSTAENDIG
DMV-151964,66819.0,66819.0,2016,2016-10-23,2016-10-23-Gevelsberg,,,,,105.252,pass_verified,DMV_Teilnahmen_2015_2025_VOLLSTAENDIG
DMV-151965,66820.0,66820.0,2016,2016-04-10,2016-04-10-Velbert_Hardenberg,"NBV-Landesliga Staffel 1, 1. Spieltag",Hardenberg,,1.0,101.19,pass_verified,DMV_Teilnahmen_2015_2025_VOLLSTAENDIG
DMV-151966,66820.0,66820.0,2016,2016-05-22,2016-05-22-Kerpen,"NBV-Landesliga Staffel 1, 2. Spieltag",Kerpen,,1.0,101.93,pass_verified,DMV_Teilnahmen_2015_2025_VOLLSTAENDIG
DMV-151967,66820.0,66820.0,2016,2016-06-05,2016-06-05-Lüdenscheid,"NBV-Landesliga I, 3. Spieltag",Lüdenscheid,,1.0,100.283,pass_verified,DMV_Teilnahmen_2015_2025_VOLLSTAENDIG
DMV-151968,66820.0,66820.0,2016,2016-06-19,2016-06-19-Velbert_Langenberg,,,,,99.035,pass_verified,DMV_Teilnahmen_2015_2025_VOLLSTAENDIG
DMV-151969,66820.0,66820.0,2016,2016-07-23,2016-07-23-Kerpen,,,,,102.35,pass_verified,DMV_Teilnahmen_2015_2025_VOLLSTAENDIG
DMV-151970,66820.0,66820.0,2016,2016-08-07,2016-08-07-Kaarst,"NBV-Landesliga Staffel I, 5. Spieltag",Kaarst,,7.0,103.909,pass_verified,DMV_Teilnahmen_2015_2025_VOLLSTAENDIG
DMV-151971,66821.0,66821.0,2016,2016-04-10,2016-04-10-Velbert_Hardenberg,"NBV-Landesliga Staffel 1, 1. Spieltag",Hardenberg,,2.0,101.69,pass_verified,DMV_Teilnahmen_2015_2025_VOLLSTAENDIG
DMV-151972,66821.0,66821.0,2016,2016-05-22,2016-05-22-Kerpen,"NBV-Landesliga Staffel 1, 2. Spieltag",Kerpen,,2.0,102.18,pass_verified,DMV_Teilnahmen_2015_2025_VOLLSTAENDIG
DMV-151973,66821.0,66821.0,2016,2016-06-05,2016-06-05-Lüdenscheid,"NBV-Landesliga I, 3. Spieltag",Lüdenscheid,,4.0,101.533,pass_verified,DMV_Teilnahmen_2015_2025_VOLLSTAENDIG
DMV-151974,66821.0,66821.0,2016,2016-06-19,2016-06-19-Velbert_Langenberg,,,,,101.285,pass_verified,DMV_Teilnahmen_2015_2025_VOLLSTAENDIG
DMV-151975,66821.0,66821.0,2016,2016-07-23,2016-07-23-Kerpen,,,,,102.35,pass_verified,DMV_Teilnahmen_2015_2025_VOLLSTAENDIG
DMV-151976,66821.0,66821.0,2016,2016-08-07,2016-08-07-Kaarst,"NBV-Landesliga Staffel I, 5. Spieltag",Kaarst,,1.0,100.909,pass_verified,DMV_Teilnahmen_2015_2025_VOLLSTAENDIG
DMV-151977,66822.0,66822.0,2016,2016-06-12,2016-06-12-Ottobrunn,,,,,106.166,pass_verified,DMV_Teilnahmen_2015_2025_VOLLSTAENDIG
DMV-151978,66822.0,66822.0,2016,2016-09-11,2016-09-11-Ottobrunn,,,,,107.211,pass_verified,DMV_Teilnahmen_2015_2025_VOLLSTAENDIG
DMV-151979,66823.0,66823.0,2016,2016-06-12,2016-06-12-Ottobrunn,,,,,114.5,pass_verified,DMV_Teilnahmen_2015_2025_VOLLSTAENDIG
DMV-151980,66823.0,66823.0,2016,2016-09-11,2016-09-11-Ottobrunn,,,,,112.877,pass_verified,DMV_Teilnahmen_2015_2025_VOLLSTAENDIG
DMV-151981,66824.0,66824.0,2016,2016-09-04,2016-09-04-Olching2,"3. Bundesliga Nord, Staffel I, 5. Spieltag",Dormagen,,,118.007,pass_verified,DMV_Teilnahmen_2015_2025_VOLLSTAENDIG
DMV-151982,66824.0,66824.0,2016,2016-09-11,2016-09-11-Ottobrunn,,,,,115.544,pass_verified,DMV_Teilnahmen_2015_2025_VOLLSTAENDIG
DMV-151983,66825.0,66825.0,2016,2016-03-05,2016-03-05-Decin,,,,,97.22,pass_verified,DMV_Teilnahmen_2015_2025_VOLLSTAENDIG
DMV-151984,66825.0,66825.0,2016,2016-04-17,2016-04-17-Kerpen,1. Spieltag 1. Bundesliga Nord,Kerpen,,,98.534,pass_verified,DMV_Teilnahmen_2015_2025_VOLLSTAENDIG
DMV-151985,66825.0,66825.0,2016,2016-05-22,2016-05-22-Dormagen_Hackenbroich,"1. Bundesliga Nord, 2. Spieltag",Dormagen,,,99.677,pass_verified,DMV_Teilnahmen_2015_2025_VOLLSTAENDIG
DMV-151986,66825.0,66825.0,2016,2016-06-05,2016-06-05-Hamburg_Rahlstedt,"1. Bundesliga Nord, 3. Spieltag",Hamburg,,,97.983,pass_verified,DMV_Teilnahmen_2015_2025_VOLLSTAENDIG
DMV-151987,66825.0,66825.0,2016,2016-06-19,2016-06-19-Bad_Münder,"1. Bundesliga Nord, 4. Spieltag",Bad Münder,,,98.907,pass_verified,DMV_Teilnahmen_2015_2025_VOLLSTAENDIG
DMV-151988,66825.0,66825.0,2016,2016-07-13,2016-07-13-Wanne_Eickel,,,,,97.332,pass_verified,DMV_Teilnahmen_2015_2025_VOLLSTAENDIG
DMV-151989,66826.0,66826.0,2016,2016-05-08,2016-05-08-Köthen,Badische Meisterschaften,Tuttlingen,,,121.73,pass_verified,DMV_Teilnahmen_2015_2025_VOLLSTAENDIG
DMV-151990,66826.0,66826.0,2016,2016-07-21,2016-07-21-Weinheim,,,,,113.446,pass_verified,DMV_Teilnahmen_2015_2025_VOLLSTAENDIG
DMV-151991,66826.0,66826.0,2016,2016-11-05,2016-11-05-Eibenstock_Halle,,,,,114.067,pass_verified,DMV_Teilnahmen_2015_2025_VOLLSTAENDIG
DMV-151992,66827.0,66827.0,2016,2016-04-10,2016-04-10-Arheilgen2,,,,,112.951,pass_verified,DMV_Teilnahmen_2015_2025_VOLLSTAENDIG
DMV-151993,66827.0,66827.0,2016,2016-05-01,2016-05-01-Pfungstadt2,,,,,111.567,pass_verified,DMV_Teilnahmen_2015_2025_VOLLSTAENDIG
DMV-151994,66827.0,66827.0,2016,2016-05-29,2016-05-29-Bensheim2,MRP-Jugendliga/A-Rangliste,Mainz,,,118.22,pass_verified,DMV_Teilnahmen_2015_2025_VOLLSTAENDIG
DMV-151995,66827.0,66827.0,2016,2016-06-12,2016-06-12-Aßlar2,,,,,114.621,pass_verified,DMV_Teilnahmen_2015_2025_VOLLSTAENDIG
DMV-151996,66827.0,66827.0,2016,2016-08-27,2016-08-27-Pfungstadt,,,,,112.151,pass_verified,DMV_Teilnahmen_2015_2025_VOLLSTAENDIG
DMV-151997,66827.0,66827.0,2016,2016-09-24,2016-09-24-Bad_Homburg_Hirschgarten+Dreieich,,,,,111.269,pass_verified,DMV_Teilnahmen_2015_2025_VOLLSTAENDIG
DMV-151998,66828.0,66828.0,2016,2016-04-10,2016-04-10-Arheilgen2,,,,,113.451,pass_verified,DMV_Teilnahmen_2015_2025_VOLLSTAENDIG
DMV-151999,66828.0,66828.0,2016,2016-05-01,2016-05-01-Pfungstadt2,,,,,113.317,pass_verified,DMV_Teilnahmen_2015_2025_VOLLSTAENDIG
DMV-152000,66828.0,66828.0,2016,2016-05-29,2016-05-29-Bensheim2,MRP-Jugendliga/A-Rangliste,Mainz,,,118.97,pass_verified,DMV_Teilnahmen_2015_2025_VOLLSTAENDIG
DMV-152001,66828.0,66828.0,2016,2016-06-12,2016-06-12-Aßlar2,,,,,116.121,pass_verified,DMV_Teilnahmen_2015_2025_VOLLSTAENDIG
DMV-152002,66828.0,66828.0,2016,2016-08-27,2016-08-27-Pfungstadt,,,,,114.951,pass_verified,DMV_Teilnahmen_2015_2025_VOLLSTAENDIG
DMV-152003,66828.0,66828.0,2016,2016-09-24,2016-09-24-Bad_Homburg_Hirschgarten+Dreieich,,,,,114.394,pass_verified,DMV_Teilnahmen_2015_2025_VOLLSTAENDIG
DMV-152004,66829.0,66829.0,2016,2016-04-10,2016-04-10-Arheilgen2,,,,,124.451,pass_verified,DMV_Teilnahmen_2015_2025_VOLLSTAENDIG
DMV-152005,66829.0,66829.0,2016,2016-05-01,2016-05-01-Pfungstadt2,,,,,119.817,pass_verified,DMV_Teilnahmen_2015_2025_VOLLSTAENDIG
DMV-152006,66829.0,66829.0,2016,2016-05-29,2016-05-29-Bensheim2,MRP-Jugendliga/A-Rangliste,Mainz,,,122.47,pass_verified,DMV_Teilnahmen_2015_2025_VOLLSTAENDIG
DMV-152007,66829.0,66829.0,2016,2016-08-27,2016-08-27-Pfungstadt,,,,,114.551,pass_verified,DMV_Teilnahmen_2015_2025_VOLLSTAENDIG
DMV-152008,66829.0,66829.0,2016,2016-09-24,2016-09-24-Bad_Homburg_Hirschgarten+Dreieich,,,,,119.019,pass_verified,DMV_Teilnahmen_2015_2025_VOLLSTAENDIG
DMV-152009,66830.0,66830.0,2016,2016-04-10,2016-04-10-Arheilgen2,,,,,119.701,pass_verified,DMV_Teilnahmen_2015_2025_VOLLSTAENDIG
DMV-152010,66830.0,66830.0,2016,2016-05-01,2016-05-01-Pfungstadt2,,,,,119.567,pass_verified,DMV_Teilnahmen_2015_2025_VOLLSTAENDIG
DMV-152011,66830.0,66830.0,2016,2016-06-12,2016-06-12-Aßlar2,,,,,114.121,pass_verified,DMV_Teilnahmen_2015_2025_VOLLSTAENDIG
DMV-152012,66830.0,66830.0,2016,2016-08-27,2016-08-27-Pfungstadt,,,,,117.151,pass_verified,DMV_Teilnahmen_2015_2025_VOLLSTAENDIG
DMV-152013,66831.0,66831.0,2016,2016-04-10,2016-04-10-Arheilgen2,,,,,117.451,pass_verified,DMV_Teilnahmen_2015_2025_VOLLSTAENDIG
DMV-152014,66831.0,66831.0,2016,2016-05-29,2016-05-29-Bensheim2,MRP-Jugendliga/A-Rangliste,Mainz,,,122.22,pass_verified,DMV_Teilnahmen_2015_2025_VOLLSTAENDIG
DMV-152015,66831.0,66831.0,2016,2016-06-12,2016-06-12-Aßlar2,,,,,114.621,pass_verified,DMV_Teilnahmen_2015_2025_VOLLSTAENDIG
DMV-152016,66833.0,66833.0,2016,2016-04-17,2016-04-17-Karlshagen2,,,,,106.055,pass_verified,DMV_Teilnahmen_2015_2025_VOLLSTAENDIG
DMV-152017,66833.0,66833.0,2016,2016-05-22,2016-05-22-Berlin_Tegel_Adelheidallee2,,,,,106.741,pass_verified,DMV_Teilnahmen_2015_2025_VOLLSTAENDIG
DMV-152018,66833.0,66833.0,2016,2016-06-19,2016-06-19-Woltersdorf,,,,,107.838,pass_verified,DMV_Teilnahmen_2015_2025_VOLLSTAENDIG
DMV-152019,66833.0,66833.0,2016,2016-06-05,2016-06-05-Berlin_Lankwitz2,,,,,104.639,pass_verified,DMV_Teilnahmen_2015_2025_VOLLSTAENDIG
DMV-152020,66833.0,66833.0,2016,2016-07-31,2016-07-31-Berlin_Britz,,,,,104.67,pass_verified,DMV_Teilnahmen_2015_2025_VOLLSTAENDIG
DMV-152021,66833.0,66833.0,2016,2016-09-04,2016-09-04-Berlin_Spandau2,"3. Bundesliga Nord, Staffel I, 5. Spieltag",Dormagen,,,112.062,pass_verified,DMV_Teilnahmen_2015_2025_VOLLSTAENDIG
DMV-152022,66833.0,66833.0,2016,2016-11-26,2016-11-26-Decin,,,,,111.357,pass_verified,DMV_Teilnahmen_2015_2025_VOLLSTAENDIG
DMV-152023,66834.0,66834.0,2016,2016-04-17,2016-04-17-Karlshagen2,,,,,107.055,pass_verified,DMV_Teilnahmen_2015_2025_VOLLSTAENDIG
DMV-152024,66834.0,66834.0,2016,2016-05-22,2016-05-22-Berlin_Tegel_Adelheidallee2,,,,,106.074,pass_verified,DMV_Teilnahmen_2015_2025_VOLLSTAENDIG
DMV-152025,66834.0,66834.0,2016,2016-06-19,2016-06-19-Woltersdorf,,,,,105.088,pass_verified,DMV_Teilnahmen_2015_2025_VOLLSTAENDIG
DMV-152026,66834.0,66834.0,2016,2016-06-05,2016-06-05-Berlin_Lankwitz2,,,,,106.139,pass_verified,DMV_Teilnahmen_2015_2025_VOLLSTAENDIG
DMV-152027,66834.0,66834.0,2016,2016-09-04,2016-09-04-Berlin_Spandau2,"3. Bundesliga Nord, Staffel I, 5. Spieltag",Dormagen,,,107.062,pass_verified,DMV_Teilnahmen_2015_2025_VOLLSTAENDIG
DMV-152028,66834.0,66834.0,2016,2016-11-26,2016-11-26-Decin,,,,,104.557,pass_verified,DMV_Teilnahmen_2015_2025_VOLLSTAENDIG
DMV-152029,66835.0,66835.0,2016,2016-04-10,2016-04-10-Uerdingen,,,,,112.57,pass_verified,DMV_Teilnahmen_2015_2025_VOLLSTAENDIG
DMV-152030,66835.0,66835.0,2016,2016-06-05,2016-06-05-Dormagen,,,,,122.613,pass_verified,DMV_Teilnahmen_2015_2025_VOLLSTAENDIG
DMV-152031,66835.0,66835.0,2016,2016-09-04,2016-09-04-Kaarst,"3. Bundesliga Nord, Staffel I, 5. Spieltag",Dormagen,,,110.065,pass_verified,DMV_Teilnahmen_2015_2025_VOLLSTAENDIG
DMV-152032,66835.0,66835.0,2016,2016-09-25,2016-09-25-Kaarst,,,,,113.941,pass_verified,DMV_Teilnahmen_2015_2025_VOLLSTAENDIG
DMV-152033,66836.0,66836.0,2016,2016-04-17,2016-04-17-Bremen_Vahr,,,,,111.721,pass_verified,DMV_Teilnahmen_2015_2025_VOLLSTAENDIG
DMV-152034,66836.0,66836.0,2016,2016-06-05,2016-06-05-Bremen_Vahr,,,,,114.571,pass_verified,DMV_Teilnahmen_2015_2025_VOLLSTAENDIG
DMV-152035,66836.0,66836.0,2016,2016-06-19,2016-06-19-Cuxhaven,,,,,117.161,pass_verified,DMV_Teilnahmen_2015_2025_VOLLSTAENDIG
DMV-152036,66837.0,66837.0,2016,2016-06-19,2016-06-19-Bremen_Vahr,,,,,112.988,pass_verified,DMV_Teilnahmen_2015_2025_VOLLSTAENDIG
DMV-152037,66837.0,66837.0,2016,2016-07-31,2016-07-31-Bad_Nenndorf,,,,,110.465,pass_verified,DMV_Teilnahmen_2015_2025_VOLLSTAENDIG
DMV-152038,66837.0,66837.0,2016,2016-08-27,2016-08-27-Hamburg_Lurup,,,,,110.148,pass_verified,DMV_Teilnahmen_2015_2025_VOLLSTAENDIG
DMV-152039,66838.0,66838.0,2016,2016-04-24,2016-04-24-Ingolstadt_Auwaldsee,,,,,107.722,pass_verified,DMV_Teilnahmen_2015_2025_VOLLSTAENDIG
DMV-152040,66838.0,66838.0,2016,2016-07-10,2016-07-10-Wolnzach,,,,,113.905,pass_verified,DMV_Teilnahmen_2015_2025_VOLLSTAENDIG
DMV-152041,66838.0,66838.0,2016,2016-07-24,2016-07-24-Ingolstadt_Baggersee,,,,,112.468,pass_verified,DMV_Teilnahmen_2015_2025_VOLLSTAENDIG
DMV-152042,66839.0,66839.0,2016,2016-04-10,2016-04-10-Paderborn_Lieth,,,,,114.496,pass_verified,DMV_Teilnahmen_2015_2025_VOLLSTAENDIG
DMV-152043,66839.0,66839.0,2016,2016-05-22,2016-05-22-Bad_Salzuflen,,,,,113.028,pass_verified,DMV_Teilnahmen_2015_2025_VOLLSTAENDIG
DMV-152044,66839.0,66839.0,2016,2016-06-05,2016-06-05-Detmold,,,,,116.783,pass_verified,DMV_Teilnahmen_2015_2025_VOLLSTAENDIG
DMV-152045,66841.0,66841.0,2016,2016-04-17,2016-04-17-Karlshagen,,,,,112.587,pass_verified,DMV_Teilnahmen_2015_2025_VOLLSTAENDIG
DMV-152046,66841.0,66841.0,2016,2016-05-22,2016-05-22-Berlin_Tegel_Adelheidallee,,,,,115.722,pass_verified,DMV_Teilnahmen_2015_2025_VOLLSTAENDIG
DMV-152047,66842.0,66842.0,2016,2016-04-10,2016-04-10-Sindelfingen,1. Spieltag WBV-Rangliste,Sindelfingen,,,116.999,pass_verified,DMV_Teilnahmen_2015_2025_VOLLSTAENDIG
DMV-152048,66842.0,66842.0,2016,2016-05-15,2016-05-15-Metzingen,,,,,127.492,pass_verified,DMV_Teilnahmen_2015_2025_VOLLSTAENDIG
DMV-152049,66842.0,66842.0,2016,2016-05-29,2016-05-29-Oberkochen,MRP-Jugendliga/A-Rangliste,Mainz,,,116.85,pass_verified,DMV_Teilnahmen_2015_2025_VOLLSTAENDIG
DMV-152050,66842.0,66842.0,2016,2016-06-12,2016-06-12-Großbottwar,,,,,112.685,pass_verified,DMV_Teilnahmen_2015_2025_VOLLSTAENDIG
DMV-152051,66843.0,66843.0,2016,2016-04-10,2016-04-10-Sindelfingen,1. Spieltag WBV-Rangliste,Sindelfingen,,,115.249,pass_verified,DMV_Teilnahmen_2015_2025_VOLLSTAENDIG
DMV-152052,66843.0,66843.0,2016,2016-05-15,2016-05-15-Metzingen,,,,,120.292,pass_verified,DMV_Teilnahmen_2015_2025_VOLLSTAENDIG
DMV-152053,66843.0,66843.0,2016,2016-05-29,2016-05-29-Oberkochen,MRP-Jugendliga/A-Rangliste,Mainz,,,115.35,pass_verified,DMV_Teilnahmen_2015_2025_VOLLSTAENDIG
DMV-152054,66843.0,66843.0,2016,2016-06-12,2016-06-12-Großbottwar,,,,,118.352,pass_verified,DMV_Teilnahmen_2015_2025_VOLLSTAENDIG
DMV-152055,66844.0,66844.0,2016,2016-04-10,2016-04-10-Sindelfingen,1. Spieltag WBV-Rangliste,Sindelfingen,,,116.249,pass_verified,DMV_Teilnahmen_2015_2025_VOLLSTAENDIG
DMV-152056,66844.0,66844.0,2016,2016-05-15,2016-05-15-Metzingen,,,,,122.292,pass_verified,DMV_Teilnahmen_2015_2025_VOLLSTAENDIG
DMV-152057,66844.0,66844.0,2016,2016-05-29,2016-05-29-Oberkochen,MRP-Jugendliga/A-Rangliste,Mainz,,,121.6,pass_verified,DMV_Teilnahmen_2015_2025_VOLLSTAENDIG
DMV-152058,66844.0,66844.0,2016,2016-06-12,2016-06-12-Großbottwar,,,,,112.685,pass_verified,DMV_Teilnahmen_2015_2025_VOLLSTAENDIG
DMV-152059,66845.0,66845.0,2016,2016-04-10,2016-04-10-Sindelfingen,1. Spieltag WBV-Rangliste,Sindelfingen,,,113.249,pass_verified,DMV_Teilnahmen_2015_2025_VOLLSTAENDIG
DMV-152060,66845.0,66845.0,2016,2016-05-15,2016-05-15-Metzingen,,,,,119.292,pass_verified,DMV_Teilnahmen_2015_2025_VOLLSTAENDIG
DMV-152061,66845.0,66845.0,2016,2016-05-29,2016-05-29-Oberkochen,MRP-Jugendliga/A-Rangliste,Mainz,,,109.85,pass_verified,DMV_Teilnahmen_2015_2025_VOLLSTAENDIG
DMV-152062,66845.0,66845.0,2016,2016-06-12,2016-06-12-Großbottwar,,,,,112.352,pass_verified,DMV_Teilnahmen_2015_2025_VOLLSTAENDIG
DMV-152063,66846.0,66846.0,2016,2016-05-22,2016-05-22-Berlin_Tegel_Adelheidallee,,,,,113.722,pass_verified,DMV_Teilnahmen_2015_2025_VOLLSTAENDIG
DMV-152064,66847.0,66847.0,2016,2016-04-10,2016-04-10-Uerdingen,,,,,109.237,pass_verified,DMV_Teilnahmen_2015_2025_VOLLSTAENDIG
DMV-152065,66847.0,66847.0,2016,2016-05-22,2016-05-22-Mönchengladbach,,,,,111.786,pass_verified,DMV_Teilnahmen_2015_2025_VOLLSTAENDIG
DMV-152066,66847.0,66847.0,2016,2016-08-07,2016-08-07-Duisburg_Rheinhausen,"NBV-Landesliga Staffel I, 5. Spieltag",Kaarst,,,111.217,pass_verified,DMV_Teilnahmen_2015_2025_VOLLSTAENDIG
DMV-152067,66847.0,66847.0,2016,2016-09-04,2016-09-04-Kaarst,"3. Bundesliga Nord, Staffel I, 5. Spieltag",Dormagen,,,114.398,pass_verified,DMV_Teilnahmen_2015_2025_VOLLSTAENDIG
DMV-152068,66847.0,66847.0,2016,2016-09-04,2016-09-04-Büttgen,"3. Bundesliga Nord, Staffel I, 5. Spieltag",Dormagen,,,114.398,pass_verified,DMV_Teilnahmen_2015_2025_VOLLSTAENDIG
DMV-152069,66851.0,66851.0,2016,2016-06-19,2016-06-19-Biskirchen,,,,,113.106,pass_verified,DMV_Teilnahmen_2015_2025_VOLLSTAENDIG
DMV-152070,66851.0,66851.0,2016,2016-07-31,2016-07-31-Aßlar,,,,,109.635,pass_verified,DMV_Teilnahmen_2015_2025_VOLLSTAENDIG
DMV-152071,66852.0,66852.0,2016,2016-03-20,2016-03-20-Mannheim_Sandhofen_Halle,,,,,118.398,pass_verified,DMV_Teilnahmen_2015_2025_VOLLSTAENDIG
DMV-152072,66852.0,66852.0,2016,2016-04-10,2016-04-10-Bensheim,,,,,117.83,pass_verified,DMV_Teilnahmen_2015_2025_VOLLSTAENDIG
DMV-152073,66852.0,66852.0,2016,2016-05-22,2016-05-22-Bad_Soden,,,,,112.012,pass_verified,DMV_Teilnahmen_2015_2025_VOLLSTAENDIG
DMV-152074,66852.0,66852.0,2016,2016-06-05,2016-06-05-Wetzlar,,,,,113.234,pass_verified,DMV_Teilnahmen_2015_2025_VOLLSTAENDIG
DMV-152075,66852.0,66852.0,2016,2016-06-19,2016-06-19-Biskirchen,,,,,112.606,pass_verified,DMV_Teilnahmen_2015_2025_VOLLSTAENDIG
DMV-152076,66852.0,66852.0,2016,2016-07-31,2016-07-31-Aßlar,,,,,106.635,pass_verified,DMV_Teilnahmen_2015_2025_VOLLSTAENDIG
DMV-152077,66852.0,66852.0,2016,2016-09-04,2016-09-04-Künzell,"3. Bundesliga Nord, Staffel I, 5. Spieltag",Dormagen,,,108.537,pass_verified,DMV_Teilnahmen_2015_2025_VOLLSTAENDIG
DMV-152078,66852.0,66852.0,2016,2016-12-03,2016-12-03-Mannheim_Sandhofen_Halle,,,,,108.197,pass_verified,DMV_Teilnahmen_2015_2025_VOLLSTAENDIG
DMV-152079,66853.0,66853.0,2016,2016-04-10,2016-04-10-Leipzig_Clara_Zetkin_Park,,,,,122.706,pass_verified,DMV_Teilnahmen_2015_2025_VOLLSTAENDIG
DMV-152080,66853.0,66853.0,2016,2016-05-08,2016-05-08-Köthen,Badische Meisterschaften,Tuttlingen,,,109.063,pass_verified,DMV_Teilnahmen_2015_2025_VOLLSTAENDIG
DMV-152081,66853.0,66853.0,2016,2016-07-21,2016-07-21-Weinheim,,,,,108.321,pass_verified,DMV_Teilnahmen_2015_2025_VOLLSTAENDIG
DMV-152082,66853.0,66853.0,2016,2016-09-25,2016-09-25-Leipzig_Probstheida,,,,,106.424,pass_verified,DMV_Teilnahmen_2015_2025_VOLLSTAENDIG
DMV-152083,66853.0,66853.0,2016,2016-11-05,2016-11-05-Eibenstock_Halle,,,,,106.401,pass_verified,DMV_Teilnahmen_2015_2025_VOLLSTAENDIG
DMV-152084,66854.0,66854.0,2016,2016-04-17,2016-04-17-Schweinfurt,,,,,130.294,pass_verified,DMV_Teilnahmen_2015_2025_VOLLSTAENDIG
DMV-152085,66856.0,66856.0,2016,2016-04-10,2016-04-10-Witten_Herbede,,,,,101.642,pass_verified,DMV_Teilnahmen_2015_2025_VOLLSTAENDIG
DMV-152086,66856.0,66856.0,2016,2016-05-14,2016-05-14-Neheim_Hüsten,,,,,103.971,pass_verified,DMV_Teilnahmen_2015_2025_VOLLSTAENDIG
DMV-152087,66856.0,66856.0,2016,2016-05-22,2016-05-22-Lüttringhausen,,,,,102.618,pass_verified,DMV_Teilnahmen_2015_2025_VOLLSTAENDIG
DMV-152088,66856.0,66856.0,2016,2016-06-05,2016-06-05-Witten_Herbede,,,,,106.409,pass_verified,DMV_Teilnahmen_2015_2025_VOLLSTAENDIG
DMV-152089,66856.0,66856.0,2016,2016-06-19,2016-06-19-Bochum_Stiepel,"3. Bundesliga Nord Staffel I, 3. Spieltag",Bochum,,,101.999,pass_verified,DMV_Teilnahmen_2015_2025_VOLLSTAENDIG
DMV-152090,66856.0,66856.0,2016,2016-08-07,2016-08-07-Wermelskirchen,"NBV-Landesliga Staffel I, 5. Spieltag",Kaarst,,,107.94,pass_verified,DMV_Teilnahmen_2015_2025_VOLLSTAENDIG
DMV-152091,66856.0,66856.0,2016,2016-09-04,2016-09-04-Lünen,"3. Bundesliga Nord, Staffel I, 5. Spieltag",Dormagen,,,109.605,pass_verified,DMV_Teilnahmen_2015_2025_VOLLSTAENDIG
DMV-152092,66856.0,66856.0,2016,2016-11-05,2016-11-05-Halver_Halle,,,,,105.334,pass_verified,DMV_Teilnahmen_2015_2025_VOLLSTAENDIG
DMV-152093,66856.0,66856.0,2016,2016-12-17,2016-12-17-Halver_Halle,,,,,104.133,pass_verified,DMV_Teilnahmen_2015_2025_VOLLSTAENDIG
DMV-152094,66857.0,66857.0,2016,2016-05-22,2016-05-22-Berlin_Tegel_Adelheidallee,,,,,114.056,pass_verified,DMV_Teilnahmen_2015_2025_VOLLSTAENDIG
DMV-152095,66857.0,66857.0,2016,2016-06-05,2016-06-05-Berlin_Lankwitz,,,,,111.412,pass_verified,DMV_Teilnahmen_2015_2025_VOLLSTAENDIG
DMV-152096,66863.0,66863.0,2016,2016-04-10,2016-04-10-Sindelfingen,1. Spieltag WBV-Rangliste,Sindelfingen,,,105.749,pass_verified,DMV_Teilnahmen_2015_2025_VOLLSTAENDIG
DMV-152097,66863.0,66863.0,2016,2016-04-17,2016-04-17-Sindelfingen,,,,,110.133,pass_verified,DMV_Teilnahmen_2015_2025_VOLLSTAENDIG
DMV-152098,66863.0,66863.0,2016,2016-05-22,2016-05-22-Hechingen,,,,,109.039,pass_verified,DMV_Teilnahmen_2015_2025_VOLLSTAENDIG
DMV-152099,66863.0,66863.0,2016,2016-06-05,2016-06-05-Ludwigsburg,,,,,104.133,pass_verified,DMV_Teilnahmen_2015_2025_VOLLSTAENDIG
DMV-152100,66863.0,66863.0,2016,2016-06-19,2016-06-19-Unterschneidheim,,,,,108.789,pass_verified,DMV_Teilnahmen_2015_2025_VOLLSTAENDIG
DMV-152101,66863.0,66863.0,2016,2016-07-31,2016-07-31-Bad_Mergentheim,,,,,109.842,pass_verified,DMV_Teilnahmen_2015_2025_VOLLSTAENDIG
DMV-152102,66864.0,66864.0,2016,2016-10-23,2016-10-23-Gevelsberg,,,,,107.002,pass_verified,DMV_Teilnahmen_2015_2025_VOLLSTAENDIG
DMV-152103,66865.0,66865.0,2016,2016-05-22,2016-05-22-Springe,,,,,121.207,pass_verified,DMV_Teilnahmen_2015_2025_VOLLSTAENDIG
DMV-152104,66866.0,66866.0,2016,2016-03-27,2016-03-27-Landshut,,,,,115.525,pass_verified,DMV_Teilnahmen_2015_2025_VOLLSTAENDIG
DMV-152105,66866.0,66866.0,2016,2016-06-05,2016-06-05-Landshut,,,,,108.925,pass_verified,DMV_Teilnahmen_2015_2025_VOLLSTAENDIG
DMV-152106,66866.0,66866.0,2016,2016-07-24,2016-07-24-Mitterteich,,,,,112.752,pass_verified,DMV_Teilnahmen_2015_2025_VOLLSTAENDIG
DMV-152107,66866.0,66866.0,2016,2016-08-28,2016-08-28-Landshut,,,,,108.932,pass_verified,DMV_Teilnahmen_2015_2025_VOLLSTAENDIG
DMV-152108,66866.0,66866.0,2016,2016-09-18,2016-09-18-Murnau_See,Heven-Cup 2016,Witten,,,111.922,pass_verified,DMV_Teilnahmen_2015_2025_VOLLSTAENDIG
DMV-152109,66867.0,66867.0,2016,2016-03-27,2016-03-27-Landshut,,,,,113.525,pass_verified,DMV_Teilnahmen_2015_2025_VOLLSTAENDIG
DMV-152110,66869.0,66869.0,2016,2016-04-17,2016-04-17-Bremen_Vahr,,,,,113.721,pass_verified,DMV_Teilnahmen_2015_2025_VOLLSTAENDIG
DMV-152111,66869.0,66869.0,2016,2016-05-22,2016-05-22-Bremen_Hastedt,,,,,111.239,pass_verified,DMV_Teilnahmen_2015_2025_VOLLSTAENDIG
DMV-152112,66869.0,66869.0,2016,2016-06-19,2016-06-19-Cuxhaven,,,,,116.411,pass_verified,DMV_Teilnahmen_2015_2025_VOLLSTAENDIG
DMV-152113,66869.0,66869.0,2016,2016-07-23,2016-07-23-Bremen_Hastedt,,,,,113.215,pass_verified,DMV_Teilnahmen_2015_2025_VOLLSTAENDIG
DMV-152114,66869.0,66869.0,2016,2016-07-31,2016-07-31-Lüneburg,,,,,117.242,pass_verified,DMV_Teilnahmen_2015_2025_VOLLSTAENDIG
DMV-152115,66870.0,66870.0,2016,2016-05-22,2016-05-22-Bad_Soden,,,,,109.762,pass_verified,DMV_Teilnahmen_2015_2025_VOLLSTAENDIG
DMV-152116,66870.0,66870.0,2016,2016-07-31,2016-07-31-Aßlar,,,,,106.635,pass_verified,DMV_Teilnahmen_2015_2025_VOLLSTAENDIG
DMV-152117,66872.0,66872.0,2016,2016-04-17,2016-04-17-Bamberg,,,,,121.069,pass_verified,DMV_Teilnahmen_2015_2025_VOLLSTAENDIG
DMV-152118,66872.0,66872.0,2016,2016-06-05,2016-06-05-Mitterteich,,,,,111.609,pass_verified,DMV_Teilnahmen_2015_2025_VOLLSTAENDIG
DMV-152119,66872.0,66872.0,2016,2016-07-24,2016-07-24-Mitterteich,,,,,113.419,pass_verified,DMV_Teilnahmen_2015_2025_VOLLSTAENDIG
DMV-152120,66872.0,66872.0,2016,2016-08-14,2016-08-14-Lichtenfels,26. Rebland-Turnier,Ohlsbach,,,111.941,pass_verified,DMV_Teilnahmen_2015_2025_VOLLSTAENDIG
DMV-152121,66872.0,66872.0,2016,2016-09-04,2016-09-04-Bad_Berneck,"3. Bundesliga Nord, Staffel I, 5. Spieltag",Dormagen,,,113.469,pass_verified,DMV_Teilnahmen_2015_2025_VOLLSTAENDIG
DMV-152122,66873.0,66873.0,2016,2016-04-17,2016-04-17-Bamberg,,,,,110.402,pass_verified,DMV_Teilnahmen_2015_2025_VOLLSTAENDIG
DMV-152123,66873.0,66873.0,2016,2016-06-05,2016-06-05-Mitterteich,,,,,112.943,pass_verified,DMV_Teilnahmen_2015_2025_VOLLSTAENDIG
DMV-152124,66873.0,66873.0,2016,2016-07-24,2016-07-24-Mitterteich,,,,,110.085,pass_verified,DMV_Teilnahmen_2015_2025_VOLLSTAENDIG
DMV-152125,66873.0,66873.0,2016,2016-08-07,2016-08-07-Höchberg,"NBV-Landesliga Staffel I, 5. Spieltag",Kaarst,,,109.792,pass_verified,DMV_Teilnahmen_2015_2025_VOLLSTAENDIG
DMV-152126,66873.0,66873.0,2016,2016-08-14,2016-08-14-Lichtenfels,26. Rebland-Turnier,Ohlsbach,,,110.274,pass_verified,DMV_Teilnahmen_2015_2025_VOLLSTAENDIG
DMV-152127,66873.0,66873.0,2016,2016-08-28,2016-08-28-Bamberg,,,,,110.359,pass_verified,DMV_Teilnahmen_2015_2025_VOLLSTAENDIG
DMV-152128,66873.0,66873.0,2016,2016-09-04,2016-09-04-Bad_Berneck,"3. Bundesliga Nord, Staffel I, 5. Spieltag",Dormagen,,,110.469,pass_verified,DMV_Teilnahmen_2015_2025_VOLLSTAENDIG
DMV-152129,66874.0,66874.0,2016,2016-03-27,2016-03-27-Bad_Homburg_Kirdorf,,,,,117.445,pass_verified,DMV_Teilnahmen_2015_2025_VOLLSTAENDIG
DMV-152130,66875.0,66875.0,2016,2016-03-27,2016-03-27-Bad_Homburg_Kirdorf,,,,,115.195,pass_verified,DMV_Teilnahmen_2015_2025_VOLLSTAENDIG
DMV-152131,66876.0,66876.0,2016,2016-06-05,2016-06-05-Dormagen,,,,,116.28,pass_verified,DMV_Teilnahmen_2015_2025_VOLLSTAENDIG
DMV-152132,66876.0,66876.0,2016,2016-06-19,2016-06-19-Dormagen_Hackenbroich,,,,,118.56,pass_verified,DMV_Teilnahmen_2015_2025_VOLLSTAENDIG
DMV-152133,66876.0,66876.0,2016,2016-08-07,2016-08-07-Duisburg_Rheinhausen,"NBV-Landesliga Staffel I, 5. Spieltag",Kaarst,,,113.551,pass_verified,DMV_Teilnahmen_2015_2025_VOLLSTAENDIG
DMV-152134,66876.0,66876.0,2016,2016-09-04,2016-09-04-Kaarst,"3. Bundesliga Nord, Staffel I, 5. Spieltag",Dormagen,,,111.731,pass_verified,DMV_Teilnahmen_2015_2025_VOLLSTAENDIG
DMV-152135,66876.0,66876.0,2016,2016-09-04,2016-09-04-Büttgen,"3. Bundesliga Nord, Staffel I, 5. Spieltag",Dormagen,,,111.731,pass_verified,DMV_Teilnahmen_2015_2025_VOLLSTAENDIG
DMV-152136,66877.0,66877.0,2016,2016-05-01,2016-05-01-Hamburg_Niendorf,,,,,113.927,pass_verified,DMV_Teilnahmen_2015_2025_VOLLSTAENDIG
DMV-152137,66877.0,66877.0,2016,2016-06-19,2016-06-19-Hamburg_Lohbrügge,,,,,116.236,pass_verified,DMV_Teilnahmen_2015_2025_VOLLSTAENDIG
DMV-152138,66879.0,66879.0,2016,2016-05-08,2016-05-08-Homburg_Stadtpark,Badische Meisterschaften,Tuttlingen,,,126.318,pass_verified,DMV_Teilnahmen_2015_2025_VOLLSTAENDIG
DMV-152139,66879.0,66879.0,2016,2016-08-06,2016-08-06-Mannheim,,,,,121.328,pass_verified,DMV_Teilnahmen_2015_2025_VOLLSTAENDIG
DMV-152140,66879.0,66879.0,2016,2016-09-18,2016-09-18-Bad_Kreuznach,Heven-Cup 2016,Witten,,,120.561,pass_verified,DMV_Teilnahmen_2015_2025_VOLLSTAENDIG
DMV-152141,66880.0,66880.0,2016,2016-05-08,2016-05-08-Homburg_Stadtpark,Badische Meisterschaften,Tuttlingen,,,129.568,pass_verified,DMV_Teilnahmen_2015_2025_VOLLSTAENDIG
DMV-152142,66880.0,66880.0,2016,2016-08-06,2016-08-06-Mannheim,,,,,121.578,pass_verified,DMV_Teilnahmen_2015_2025_VOLLSTAENDIG
DMV-152143,66880.0,66880.0,2016,2016-09-18,2016-09-18-Bad_Kreuznach,Heven-Cup 2016,Witten,,,113.561,pass_verified,DMV_Teilnahmen_2015_2025_VOLLSTAENDIG
DMV-152144,66881.0,66881.0,2016,2016-05-08,2016-05-08-Homburg_Stadtpark,Badische Meisterschaften,Tuttlingen,,,131.818,pass_verified,DMV_Teilnahmen_2015_2025_VOLLSTAENDIG
DMV-152145,66881.0,66881.0,2016,2016-08-06,2016-08-06-Mannheim,,,,,118.078,pass_verified,DMV_Teilnahmen_2015_2025_VOLLSTAENDIG
DMV-152146,66881.0,66881.0,2016,2016-09-18,2016-09-18-Bad_Kreuznach,Heven-Cup 2016,Witten,,,119.228,pass_verified,DMV_Teilnahmen_2015_2025_VOLLSTAENDIG
DMV-152147,66881.0,66881.0,2016,2016-10-23,2016-10-23-Bildstock,,,,,115.489,pass_verified,DMV_Teilnahmen_2015_2025_VOLLSTAENDIG
DMV-152148,66882.0,66882.0,2016,2016-04-10,2016-04-10-Trappenkamp,,,,,126.993,pass_verified,DMV_Teilnahmen_2015_2025_VOLLSTAENDIG
DMV-152149,66883.0,66883.0,2016,2016-07-10,2016-07-10-Wolnzach,,,,,110.105,pass_verified,DMV_Teilnahmen_2015_2025_VOLLSTAENDIG
DMV-152150,66883.0,66883.0,2016,2016-07-24,2016-07-24-Ingolstadt_Baggersee,,,,,110.135,pass_verified,DMV_Teilnahmen_2015_2025_VOLLSTAENDIG
DMV-152151,66884.0,66884.0,2016,2016-07-10,2016-07-10-Wolnzach,,,,,106.105,pass_verified,DMV_Teilnahmen_2015_2025_VOLLSTAENDIG
DMV-152152,66884.0,66884.0,2016,2016-07-24,2016-07-24-Ingolstadt_Baggersee,,,,,106.135,pass_verified,DMV_Teilnahmen_2015_2025_VOLLSTAENDIG
DMV-152153,66885.0,66885.0,2016,2016-04-10,2016-04-10-Rheinau_Freistett,,,,,111.57,pass_verified,DMV_Teilnahmen_2015_2025_VOLLSTAENDIG
DMV-152154,66886.0,66886.0,2016,2016-04-10,2016-04-10-Rheinau_Freistett,,,,,105.82,pass_verified,DMV_Teilnahmen_2015_2025_VOLLSTAENDIG
DMV-152155,66887.0,66887.0,2016,2016-04-10,2016-04-10-Köln_Freizeitinsel,,,,,129.979,pass_verified,DMV_Teilnahmen_2015_2025_VOLLSTAENDIG
DMV-152156,66887.0,66887.0,2016,2016-05-22,2016-05-22-Bad_Godesberg,,,,,136.462,pass_verified,DMV_Teilnahmen_2015_2025_VOLLSTAENDIG
DMV-152157,66887.0,66887.0,2016,2016-06-19,2016-06-19-Wesseling,,,,,157.398,pass_verified,DMV_Teilnahmen_2015_2025_VOLLSTAENDIG
DMV-152158,66887.0,66887.0,2016,2016-08-07,2016-08-07-Kerpen,"NBV-Landesliga Staffel I, 5. Spieltag",Kaarst,,,147.755,pass_verified,DMV_Teilnahmen_2015_2025_VOLLSTAENDIG
DMV-152159,66889.0,66889.0,2016,2016-04-17,2016-04-17-Seesen,,,,,114.362,pass_verified,DMV_Teilnahmen_2015_2025_VOLLSTAENDIG
DMV-152160,66889.0,66889.0,2016,2016-05-22,2016-05-22-Göttingen_Grone,,,,,115.172,pass_verified,DMV_Teilnahmen_2015_2025_VOLLSTAENDIG
DMV-152161,66889.0,66889.0,2016,2016-06-05,2016-06-05-Lohfelden,,,,,114.899,pass_verified,DMV_Teilnahmen_2015_2025_VOLLSTAENDIG
DMV-152162,66892.0,66892.0,2016,2016-08-28,2016-08-28-Landshut,,,,,107.132,pass_verified,DMV_Teilnahmen_2015_2025_VOLLSTAENDIG
DMV-152163,66893.0,66893.0,2016,2016-04-17,2016-04-17-Seesen,,,,,112.862,pass_verified,DMV_Teilnahmen_2015_2025_VOLLSTAENDIG
DMV-152164,66893.0,66893.0,2016,2016-05-01,2016-05-01-Vellmar,,,,,113.601,pass_verified,DMV_Teilnahmen_2015_2025_VOLLSTAENDIG
DMV-152165,66893.0,66893.0,2016,2016-05-22,2016-05-22-Göttingen_Grone,,,,,114.172,pass_verified,DMV_Teilnahmen_2015_2025_VOLLSTAENDIG
DMV-152166,66893.0,66893.0,2016,2016-06-05,2016-06-05-Lohfelden,,,,,110.149,pass_verified,DMV_Teilnahmen_2015_2025_VOLLSTAENDIG
DMV-152167,66893.0,66893.0,2016,2016-06-19,2016-06-19-Vellmar,,,,,110.202,pass_verified,DMV_Teilnahmen_2015_2025_VOLLSTAENDIG
DMV-152168,66894.0,66894.0,2016,2016-04-17,2016-04-17-Seesen,,,,,111.112,pass_verified,DMV_Teilnahmen_2015_2025_VOLLSTAENDIG
DMV-152169,66894.0,66894.0,2016,2016-05-22,2016-05-22-Göttingen_Grone,,,,,113.172,pass_verified,DMV_Teilnahmen_2015_2025_VOLLSTAENDIG
DMV-152170,66894.0,66894.0,2016,2016-06-05,2016-06-05-Lohfelden,,,,,113.649,pass_verified,DMV_Teilnahmen_2015_2025_VOLLSTAENDIG
DMV-152171,66895.0,66895.0,2016,2016-04-17,2016-04-17-Seesen,,,,,115.112,pass_verified,DMV_Teilnahmen_2015_2025_VOLLSTAENDIG
DMV-152172,66895.0,66895.0,2016,2016-05-22,2016-05-22-Göttingen_Grone,,,,,110.172,pass_verified,DMV_Teilnahmen_2015_2025_VOLLSTAENDIG
DMV-152173,66895.0,66895.0,2016,2016-06-05,2016-06-05-Lohfelden,,,,,112.899,pass_verified,DMV_Teilnahmen_2015_2025_VOLLSTAENDIG
DMV-152174,66896.0,66896.0,2016,2016-04-17,2016-04-17-Seesen,,,,,107.612,pass_verified,DMV_Teilnahmen_2015_2025_VOLLSTAENDIG
DMV-152175,66896.0,66896.0,2016,2016-05-22,2016-05-22-Göttingen_Grone,,,,,109.172,pass_verified,DMV_Teilnahmen_2015_2025_VOLLSTAENDIG
DMV-152176,66896.0,66896.0,2016,2016-06-05,2016-06-05-Lohfelden,,,,,105.899,pass_verified,DMV_Teilnahmen_2015_2025_VOLLSTAENDIG
DMV-152177,66896.0,66896.0,2016,2016-06-19,2016-06-19-Vellmar,,,,,110.452,pass_verified,DMV_Teilnahmen_2015_2025_VOLLSTAENDIG
DMV-152178,66896.0,66896.0,2016,2016-07-31,2016-07-31-Northeim,,,,,109.945,pass_verified,DMV_Teilnahmen_2015_2025_VOLLSTAENDIG
DMV-152179,66896.0,66896.0,2016,2016-08-27,2016-08-27-Vellmar,,,,,105.834,pass_verified,DMV_Teilnahmen_2015_2025_VOLLSTAENDIG
DMV-152180,66897.0,66897.0,2016,2016-06-12,2016-06-12-Ottobrunn,,,,,104.166,pass_verified,DMV_Teilnahmen_2015_2025_VOLLSTAENDIG
DMV-152181,66897.0,66897.0,2016,2016-09-11,2016-09-11-Ottobrunn,,,,,107.211,pass_verified,DMV_Teilnahmen_2015_2025_VOLLSTAENDIG
DMV-152182,66901.0,66901.0,2016,2016-05-22,2016-05-22-Ladenburg,,,,,110.788,pass_verified,DMV_Teilnahmen_2015_2025_VOLLSTAENDIG
DMV-152183,66901.0,66901.0,2016,2016-06-05,2016-06-05-Weinheim,"BBS-Landesliga, 2. Spieltag",Weinheim,,,112.367,pass_verified,DMV_Teilnahmen_2015_2025_VOLLSTAENDIG
DMV-152184,66901.0,66901.0,2016,2016-09-04,2016-09-04-Schriesheim,"3. Bundesliga Nord, Staffel I, 5. Spieltag",Dormagen,,,118.182,pass_verified,DMV_Teilnahmen_2015_2025_VOLLSTAENDIG
DMV-152185,66901.0,66901.0,2016,2016-10-09,2016-10-09-Schriesheim,BMW Knopf Trophy 2016,Schriesheim,,2.0,113.356,pass_verified,DMV_Teilnahmen_2015_2025_VOLLSTAENDIG
DMV-152186,66903.0,66903.0,2016,2016-06-05,2016-06-05-Lüdenscheid,"NBV-Landesliga I, 3. Spieltag",Lüdenscheid,,,124.033,pass_verified,DMV_Teilnahmen_2015_2025_VOLLSTAENDIG
DMV-152187,66903.0,66903.0,2016,2016-08-07,2016-08-07-Kaarst,"NBV-Landesliga Staffel I, 5. Spieltag",Kaarst,,,123.909,pass_verified,DMV_Teilnahmen_2015_2025_VOLLSTAENDIG
DMV-152188,66903.0,66903.0,2016,2016-09-25,2016-09-25-Kaarst,,,,,115.191,pass_verified,DMV_Teilnahmen_2015_2025_VOLLSTAENDIG
DMV-152189,66903.0,66903.0,2016,2016-09-25,2016-09-25-Büttgen,,,,,115.191,pass_verified,DMV_Teilnahmen_2015_2025_VOLLSTAENDIG
DMV-152190,66903.0,66903.0,2016,2016-11-19,2016-11-19-Halver_Halle,,,,,121.162,pass_verified,DMV_Teilnahmen_2015_2025_VOLLSTAENDIG
DMV-152191,66903.0,66903.0,2016,2016-12-17,2016-12-17-Halver_Halle,,,,,126.133,pass_verified,DMV_Teilnahmen_2015_2025_VOLLSTAENDIG
DMV-152192,66904.0,66904.0,2016,2016-06-19,2016-06-19-Arheilgen,,,,,129.486,pass_verified,DMV_Teilnahmen_2015_2025_VOLLSTAENDIG
DMV-152193,66908.0,66908.0,2016,2016-06-05,2016-06-05-Bad_Bocklet,,,,,113.633,pass_verified,DMV_Teilnahmen_2015_2025_VOLLSTAENDIG
DMV-152194,66908.0,66908.0,2016,2016-07-17,2016-07-17-Bad_Bocklet,,,,,109.84,pass_verified,DMV_Teilnahmen_2015_2025_VOLLSTAENDIG
DMV-152195,66908.0,66908.0,2016,2016-07-31,2016-07-31-Wertheim,,,,,111.335,pass_verified,DMV_Teilnahmen_2015_2025_VOLLSTAENDIG
DMV-152196,66908.0,66908.0,2016,2016-09-04,2016-09-04-Würzburg_Löwenbrücke,"3. Bundesliga Nord, Staffel I, 5. Spieltag",Dormagen,,,118.051,pass_verified,DMV_Teilnahmen_2015_2025_VOLLSTAENDIG
DMV-152197,66910.0,66910.0,2016,2016-06-12,2016-06-12-Ansbach,,,,,101.676,pass_verified,DMV_Teilnahmen_2015_2025_VOLLSTAENDIG
DMV-152198,66910.0,66910.0,2016,2016-07-03,2016-07-03-Wertheim,,,,,108.772,pass_verified,DMV_Teilnahmen_2015_2025_VOLLSTAENDIG
DMV-152199,66910.0,66910.0,2016,2016-07-24,2016-07-24-Ingolstadt_Baggersee,,,,,106.468,pass_verified,DMV_Teilnahmen_2015_2025_VOLLSTAENDIG
DMV-152200,66910.0,66910.0,2016,2016-07-31,2016-07-31-Wertheim,,,,,103.835,pass_verified,DMV_Teilnahmen_2015_2025_VOLLSTAENDIG
DMV-152201,66910.0,66910.0,2016,2016-08-07,2016-08-07-Höchberg,"NBV-Landesliga Staffel I, 5. Spieltag",Kaarst,,,104.542,pass_verified,DMV_Teilnahmen_2015_2025_VOLLSTAENDIG
DMV-152202,66910.0,66910.0,2016,2016-08-28,2016-08-28-Bamberg,,,,,104.026,pass_verified,DMV_Teilnahmen_2015_2025_VOLLSTAENDIG
DMV-152203,66910.0,66910.0,2016,2016-09-04,2016-09-04-Würzburg_Löwenbrücke,"3. Bundesliga Nord, Staffel I, 5. Spieltag",Dormagen,,,102.301,pass_verified,DMV_Teilnahmen_2015_2025_VOLLSTAENDIG
DMV-152204,66911.0,66911.0,2016,2016-07-31,2016-07-31-Weiterstadt,,,,,106.585,pass_verified,DMV_Teilnahmen_2015_2025_VOLLSTAENDIG
DMV-152205,66911.0,66911.0,2016,2016-08-27,2016-08-27-Pfungstadt,,,,,108.351,pass_verified,DMV_Teilnahmen_2015_2025_VOLLSTAENDIG
DMV-152206,66911.0,66911.0,2016,2016-09-04,2016-09-04-Bad_Homburg_Hirschgarten,"3. Bundesliga Nord, Staffel I, 5. Spieltag",Dormagen,,,113.078,pass_verified,DMV_Teilnahmen_2015_2025_VOLLSTAENDIG
DMV-152207,66912.0,66912.0,2016,2016-08-27,2016-08-27-Pfungstadt,,,,,114.751,pass_verified,DMV_Teilnahmen_2015_2025_VOLLSTAENDIG
DMV-152208,66912.0,66912.0,2016,2016-09-04,2016-09-04-Bad_Homburg_Hirschgarten,"3. Bundesliga Nord, Staffel I, 5. Spieltag",Dormagen,,,112.412,pass_verified,DMV_Teilnahmen_2015_2025_VOLLSTAENDIG
DMV-152209,66913.0,66913.0,2016,2016-06-19,2016-06-19-Unterschneidheim,,,,,106.289,pass_verified,DMV_Teilnahmen_2015_2025_VOLLSTAENDIG
DMV-152210,66913.0,66913.0,2016,2016-07-31,2016-07-31-Bad_Mergentheim,,,,,109.342,pass_verified,DMV_Teilnahmen_2015_2025_VOLLSTAENDIG
DMV-152211,66917.0,66917.0,2016,2016-07-02,2016-07-02-Gevelsberg,,,,,105.533,pass_verified,DMV_Teilnahmen_2015_2025_VOLLSTAENDIG
DMV-152212,66917.0,66917.0,2016,2016-09-10,2016-09-10-Lüttringhausen,,,,,105.87,pass_verified,DMV_Teilnahmen_2015_2025_VOLLSTAENDIG
DMV-152213,66917.0,66917.0,2016,2016-10-23,2016-10-23-Gevelsberg,,,,,105.252,pass_verified,DMV_Teilnahmen_2015_2025_VOLLSTAENDIG
DMV-152214,66918.0,66918.0,2016,2016-07-02,2016-07-02-Gevelsberg,,,,,114.867,pass_verified,DMV_Teilnahmen_2015_2025_VOLLSTAENDIG
DMV-152215,66918.0,66918.0,2016,2016-10-23,2016-10-23-Gevelsberg,,,,,114.502,pass_verified,DMV_Teilnahmen_2015_2025_VOLLSTAENDIG
DMV-152216,66919.0,66919.0,2016,2016-09-18,2016-09-18-Brunsbüttel,Heven-Cup 2016,Witten,,,106.438,pass_verified,DMV_Teilnahmen_2015_2025_VOLLSTAENDIG
DMV-152217,66919.0,66919.0,2016,2016-09-18,2016-09-18-Brunsbüttel2,Heven-Cup 2016,Witten,,,114.106,pass_verified,DMV_Teilnahmen_2015_2025_VOLLSTAENDIG
DMV-152218,66920.0,66920.0,2016,2016-08-06,2016-08-06-Mannheim,,,,,114.328,pass_verified,DMV_Teilnahmen_2015_2025_VOLLSTAENDIG
DMV-152219,66920.0,66920.0,2016,2016-09-18,2016-09-18-Bad_Kreuznach,Heven-Cup 2016,Witten,,,111.895,pass_verified,DMV_Teilnahmen_2015_2025_VOLLSTAENDIG
DMV-152220,66921.0,66921.0,2016,2016-08-06,2016-08-06-Mannheim,,,,,119.578,pass_verified,DMV_Teilnahmen_2015_2025_VOLLSTAENDIG
DMV-152221,66921.0,66921.0,2016,2016-09-18,2016-09-18-Bad_Kreuznach,Heven-Cup 2016,Witten,,,116.561,pass_verified,DMV_Teilnahmen_2015_2025_VOLLSTAENDIG
DMV-152222,66929.0,66929.0,2016,2016-09-04,2016-09-04-Lünen,"3. Bundesliga Nord, Staffel I, 5. Spieltag",Dormagen,,,113.605,pass_verified,DMV_Teilnahmen_2015_2025_VOLLSTAENDIG
DMV-152223,66929.0,66929.0,2016,2016-09-17,2016-09-17-Witten_Herbede,,,,,111.842,pass_verified,DMV_Teilnahmen_2015_2025_VOLLSTAENDIG
DMV-152224,66932.0,66932.0,2016,2016-09-04,2016-09-04-Bad_Homburg_Hirschgarten,"3. Bundesliga Nord, Staffel I, 5. Spieltag",Dormagen,,,102.745,pass_verified,DMV_Teilnahmen_2015_2025_VOLLSTAENDIG
DMV-152225,66934.0,66934.0,2016,2016-09-04,2016-09-04-Schriesheim,"3. Bundesliga Nord, Staffel I, 5. Spieltag",Dormagen,,,107.932,pass_verified,DMV_Teilnahmen_2015_2025_VOLLSTAENDIG
DMV-152226,66934.0,66934.0,2016,2016-10-09,2016-10-09-Schriesheim,BMW Knopf Trophy 2016,Schriesheim,,1.0,104.689,pass_verified,DMV_Teilnahmen_2015_2025_VOLLSTAENDIG
DMV-152227,66935.0,66935.0,2016,2016-09-25,2016-09-25-Neu_Wulmstorf,,,,,108.821,pass_verified,DMV_Teilnahmen_2015_2025_VOLLSTAENDIG
DMV-152228,66935.0,66935.0,2016,2016-10-02,2016-10-02-Hamburg_Lohbrügge,,,,,112.299,pass_verified,DMV_Teilnahmen_2015_2025_VOLLSTAENDIG
DMV-152229,66936.0,66936.0,2016,2016-09-25,2016-09-25-Neu_Wulmstorf,,,,,105.571,pass_verified,DMV_Teilnahmen_2015_2025_VOLLSTAENDIG
DMV-152230,66939.0,66939.0,2016,2016-09-04,2016-09-04-Hamburg_Rahlstedt,"3. Bundesliga Nord, Staffel I, 5. Spieltag",Dormagen,,,112.878,pass_verified,DMV_Teilnahmen_2015_2025_VOLLSTAENDIG
DMV-152231,66942.0,66942.0,2016,2016-08-27,2016-08-27-Vellmar,,,,,110.334,pass_verified,DMV_Teilnahmen_2015_2025_VOLLSTAENDIG
DMV-152232,66943.0,66943.0,2016,2016-08-27,2016-08-27-Vellmar,,,,,115.084,pass_verified,DMV_Teilnahmen_2015_2025_VOLLSTAENDIG
DMV-152233,66944.0,66944.0,2016,2016-08-06,2016-08-06-Mannheim,,,,,118.078,pass_verified,DMV_Teilnahmen_2015_2025_VOLLSTAENDIG
DMV-152234,66951.0,66951.0,2016,2016-12-03,2016-12-03-Mannheim_Sandhofen_Halle,,,,,110.447,pass_verified,DMV_Teilnahmen_2015_2025_VOLLSTAENDIG
DMV-152235,36173.0,36173.0,2016,2016-01-03,2016-01-03-Mannheim_Sandhofen_Halle,,,,,99.063,pass_verified,DMV_Teilnahmen_2015_2025_VOLLSTAENDIG
DMV-152236,36173.0,36173.0,2016,2016-01-31,2016-01-31-Celle_Halle,,,,,101.614,pass_verified,DMV_Teilnahmen_2015_2025_VOLLSTAENDIG
DMV-152237,36173.0,36173.0,2016,2016-05-29,2016-05-29-Göttingen_Schillerwiesen,MRP-Jugendliga/A-Rangliste,Mainz,,,100.869,pass_verified,DMV_Teilnahmen_2015_2025_VOLLSTAENDIG
DMV-152238,36173.0,36173.0,2016,2016-06-29,2016-06-29-Singen,,,,,99.626,pass_verified,DMV_Teilnahmen_2015_2025_VOLLSTAENDIG
DMV-152239,36173.0,36173.0,2016,2016-05-01,2016-05-01-Goslar,,,,,99.951,pass_verified,DMV_Teilnahmen_2015_2025_VOLLSTAENDIG
DMV-152240,36173.0,36173.0,2016,2016-05-22,2016-05-22-Bottrop_Overbeckshof,,,,,102.64,pass_verified,DMV_Teilnahmen_2015_2025_VOLLSTAENDIG
DMV-152241,36173.0,36173.0,2016,2016-06-05,2016-06-05-Velbert_Hardenberg,,,,,100.971,pass_verified,DMV_Teilnahmen_2015_2025_VOLLSTAENDIG
DMV-152242,36173.0,36173.0,2016,2016-06-19,2016-06-19-Göttingen_Schillerwiese,,,,,101.878,pass_verified,DMV_Teilnahmen_2015_2025_VOLLSTAENDIG
DMV-152243,36173.0,36173.0,2016,2016-07-24,2016-07-24-Mitterteich,,,,,103.085,pass_verified,DMV_Teilnahmen_2015_2025_VOLLSTAENDIG
DMV-152244,36173.0,36173.0,2016,2016-07-31,2016-07-31-Neheim_Hüsten,,,,,101.377,pass_verified,DMV_Teilnahmen_2015_2025_VOLLSTAENDIG
DMV-152245,36173.0,36173.0,2016,2016-08-28,2016-08-28-Bamberg,,,,,102.026,pass_verified,DMV_Teilnahmen_2015_2025_VOLLSTAENDIG
DMV-152246,36173.0,36173.0,2016,2016-09-04,2016-09-04-Kerpen,"3. Bundesliga Nord, Staffel I, 5. Spieltag",Dormagen,,,101.276,pass_verified,DMV_Teilnahmen_2015_2025_VOLLSTAENDIG
DMV-152247,36173.0,36173.0,2016,2016-10-01,2016-10-01-Bad_Münder,Europacup 2016,Neutraubling,,,101.456,pass_verified,DMV_Teilnahmen_2015_2025_VOLLSTAENDIG
DMV-152248,36173.0,36173.0,2016,2016-11-05,2016-11-05-Mannheim_Sandhofen_Halle,,,,,98.875,pass_verified,DMV_Teilnahmen_2015_2025_VOLLSTAENDIG
DMV-152249,36173.0,36173.0,2016,2016-12-27,2016-12-27-Mannheim_Sandhofen_Halle,,,,,100.219,pass_verified,DMV_Teilnahmen_2015_2025_VOLLSTAENDIG
DMV-152250,36175.0,36175.0,2016,2016-05-01,2016-05-01-Berlin_Reinickendorf,,,,,102.61,pass_verified,DMV_Teilnahmen_2015_2025_VOLLSTAENDIG
DMV-152251,36175.0,36175.0,2016,2016-04-17,2016-04-17-Karlshagen,,,,,105.087,pass_verified,DMV_Teilnahmen_2015_2025_VOLLSTAENDIG
DMV-152252,36175.0,36175.0,2016,2016-05-01,2016-05-01-Berlin_MärkischesViertel,,,,,102.61,pass_verified,DMV_Teilnahmen_2015_2025_VOLLSTAENDIG
DMV-152253,36175.0,36175.0,2016,2016-05-22,2016-05-22-Berlin_Tegel_Adelheidallee,,,,,107.389,pass_verified,DMV_Teilnahmen_2015_2025_VOLLSTAENDIG
DMV-152254,36175.0,36175.0,2016,2016-05-29,2016-05-29-Berlin_Tegel_Adelheidallee,MRP-Jugendliga/A-Rangliste,Mainz,,,100.159,pass_verified,DMV_Teilnahmen_2015_2025_VOLLSTAENDIG
DMV-152255,36175.0,36175.0,2016,2016-06-12,2016-06-12-Berlin_Lankwitz,,,,,103.327,pass_verified,DMV_Teilnahmen_2015_2025_VOLLSTAENDIG
DMV-152256,36175.0,36175.0,2016,2016-06-05,2016-06-05-Berlin_Lankwitz,,,,,104.662,pass_verified,DMV_Teilnahmen_2015_2025_VOLLSTAENDIG
DMV-152257,36175.0,36175.0,2016,2016-07-31,2016-07-31-Berlin_MärkischesViertel,,,,,103.174,pass_verified,DMV_Teilnahmen_2015_2025_VOLLSTAENDIG
DMV-152258,36175.0,36175.0,2016,2016-08-06,2016-08-06-Berlin_MärkischesViertel,,,,,100.896,pass_verified,DMV_Teilnahmen_2015_2025_VOLLSTAENDIG
DMV-152259,36175.0,36175.0,2016,2016-09-04,2016-09-04-Berlin_Spandau,"3. Bundesliga Nord, Staffel I, 5. Spieltag",Dormagen,,,101.528,pass_verified,DMV_Teilnahmen_2015_2025_VOLLSTAENDIG
DMV-152260,36175.0,36175.0,2016,2016-10-22,2016-10-22-Berlin_Tegel_Adelheidallee+Berlin_MärkischesViertel,,,,,101.158,pass_verified,DMV_Teilnahmen_2015_2025_VOLLSTAENDIG
DMV-152261,36175.0,36175.0,2016,2016-11-26,2016-11-26-Decin,,,,,101.357,pass_verified,DMV_Teilnahmen_2015_2025_VOLLSTAENDIG
DMV-152262,36179.0,36179.0,2016,2016-05-29,2016-05-29-Woltersdorf,MRP-Jugendliga/A-Rangliste,Mainz,,,104.195,pass_verified,DMV_Teilnahmen_2015_2025_VOLLSTAENDIG
DMV-152263,36179.0,36179.0,2016,2016-06-05,2016-06-05-Berlin_Tegel_Adelheidallee,,,,,106.538,pass_verified,DMV_Teilnahmen_2015_2025_VOLLSTAENDIG
DMV-152264,36179.0,36179.0,2016,2016-06-12,2016-06-12-Berlin_MärkischesViertel,,,,,105.599,pass_verified,DMV_Teilnahmen_2015_2025_VOLLSTAENDIG
DMV-152265,36179.0,36179.0,2016,2016-04-10,2016-04-10-Berlin_Tegel_Adelheidallee,,,,,104.198,pass_verified,DMV_Teilnahmen_2015_2025_VOLLSTAENDIG
DMV-152266,36179.0,36179.0,2016,2016-05-01,2016-05-01-Berlin_Britz,,,,,105.016,pass_verified,DMV_Teilnahmen_2015_2025_VOLLSTAENDIG
DMV-152267,36180.0,36180.0,2016,2016-06-05,2016-06-05-Berlin_Tegel_Adelheidallee,,,,,102.538,pass_verified,DMV_Teilnahmen_2015_2025_VOLLSTAENDIG
DMV-152268,36181.0,36181.0,2016,2016-05-22,2016-05-22-Berlin_Tegel_Adelheidallee2,,,,,103.741,pass_verified,DMV_Teilnahmen_2015_2025_VOLLSTAENDIG
DMV-152269,36181.0,36181.0,2016,2016-06-12,2016-06-12-Berlin_MärkischesViertel,,,,,109.349,pass_verified,DMV_Teilnahmen_2015_2025_VOLLSTAENDIG
DMV-152270,36181.0,36181.0,2016,2016-06-19,2016-06-19-Woltersdorf,,,,,106.588,pass_verified,DMV_Teilnahmen_2015_2025_VOLLSTAENDIG
DMV-152271,36181.0,36181.0,2016,2016-05-01,2016-05-01-Berlin_Britz,,,,,106.266,pass_verified,DMV_Teilnahmen_2015_2025_VOLLSTAENDIG
DMV-152272,36181.0,36181.0,2016,2016-06-05,2016-06-05-Berlin_Lankwitz2,,,,,102.639,pass_verified,DMV_Teilnahmen_2015_2025_VOLLSTAENDIG
DMV-152273,36181.0,36181.0,2016,2016-07-31,2016-07-31-Berlin_Britz,,,,,106.17,pass_verified,DMV_Teilnahmen_2015_2025_VOLLSTAENDIG
DMV-152274,36181.0,36181.0,2016,2016-09-04,2016-09-04-Berlin_Spandau2,"3. Bundesliga Nord, Staffel I, 5. Spieltag",Dormagen,,,106.062,pass_verified,DMV_Teilnahmen_2015_2025_VOLLSTAENDIG
DMV-152275,36181.0,36181.0,2016,2016-10-22,2016-10-22-Berlin_Tegel_Adelheidallee+Berlin_MärkischesViertel,,,,,106.491,pass_verified,DMV_Teilnahmen_2015_2025_VOLLSTAENDIG
DMV-152276,36185.0,36185.0,2016,2016-06-05,2016-06-05-Berlin_Tegel_Adelheidallee,,,,,105.038,pass_verified,DMV_Teilnahmen_2015_2025_VOLLSTAENDIG
DMV-152277,36191.0,36191.0,2016,2016-04-10,2016-04-10-Ludwigshafen2,,,,,108.286,pass_verified,DMV_Teilnahmen_2015_2025_VOLLSTAENDIG
DMV-152278,36191.0,36191.0,2016,2016-04-24,2016-04-24-Bad_Kreuznach2,,,,,107.326,pass_verified,DMV_Teilnahmen_2015_2025_VOLLSTAENDIG
DMV-152279,36191.0,36191.0,2016,2016-05-01,2016-05-01-Mainz_Hartenberg2,MRP - Seniorenliga/A-Rangliste,Mainz,,1.0,106.046,pass_verified,DMV_Teilnahmen_2015_2025_VOLLSTAENDIG
DMV-152280,36191.0,36191.0,2016,2016-05-29,2016-05-29-Bad_Bodendorf,MRP-Jugendliga/A-Rangliste,Mainz,,,104.92,pass_verified,DMV_Teilnahmen_2015_2025_VOLLSTAENDIG
DMV-152281,36191.0,36191.0,2016,2016-06-12,2016-06-12-Mannheim2,,,,,105.258,pass_verified,DMV_Teilnahmen_2015_2025_VOLLSTAENDIG
DMV-152282,36191.0,36191.0,2016,2016-08-06,2016-08-06-Mannheim,,,,,103.578,pass_verified,DMV_Teilnahmen_2015_2025_VOLLSTAENDIG
DMV-152283,36191.0,36191.0,2016,2016-08-18,2016-08-18-Mannheim,,,,,103.028,pass_verified,DMV_Teilnahmen_2015_2025_VOLLSTAENDIG
DMV-152284,36191.0,36191.0,2016,2016-10-23,2016-10-23-Bildstock,,,,,114.155,pass_verified,DMV_Teilnahmen_2015_2025_VOLLSTAENDIG
DMV-152285,36192.0,36192.0,2016,2016-04-10,2016-04-10-Ludwigshafen2,,,,,101.536,pass_verified,DMV_Teilnahmen_2015_2025_VOLLSTAENDIG
DMV-152286,36192.0,36192.0,2016,2016-01-03,2016-01-03-Mannheim_Sandhofen_Halle,,,,,104.563,pass_verified,DMV_Teilnahmen_2015_2025_VOLLSTAENDIG
DMV-152287,36192.0,36192.0,2016,2016-01-30,2016-01-30-Mannheim_Sandhofen_Halle,,,,,105.773,pass_verified,DMV_Teilnahmen_2015_2025_VOLLSTAENDIG
DMV-152288,36192.0,36192.0,2016,2016-04-24,2016-04-24-Bad_Kreuznach2,,,,,105.826,pass_verified,DMV_Teilnahmen_2015_2025_VOLLSTAENDIG
DMV-152289,36192.0,36192.0,2016,2016-05-01,2016-05-01-Mainz_Hartenberg2,MRP - Seniorenliga/A-Rangliste,Mainz,,,107.296,pass_verified,DMV_Teilnahmen_2015_2025_VOLLSTAENDIG
DMV-152290,36192.0,36192.0,2016,2016-05-29,2016-05-29-Bad_Bodendorf,MRP-Jugendliga/A-Rangliste,Mainz,,,108.42,pass_verified,DMV_Teilnahmen_2015_2025_VOLLSTAENDIG
DMV-152291,36192.0,36192.0,2016,2016-06-12,2016-06-12-Mannheim2,,,,,105.758,pass_verified,DMV_Teilnahmen_2015_2025_VOLLSTAENDIG
DMV-152292,36192.0,36192.0,2016,2016-08-06,2016-08-06-Mannheim,,,,,104.828,pass_verified,DMV_Teilnahmen_2015_2025_VOLLSTAENDIG
DMV-152293,36192.0,36192.0,2016,2016-08-18,2016-08-18-Mannheim,,,,,104.895,pass_verified,DMV_Teilnahmen_2015_2025_VOLLSTAENDIG
DMV-152294,36192.0,36192.0,2016,2016-10-23,2016-10-23-Bildstock,,,,,105.489,pass_verified,DMV_Teilnahmen_2015_2025_VOLLSTAENDIG
DMV-152295,36192.0,36192.0,2016,2016-12-03,2016-12-03-Mannheim_Sandhofen_Halle,,,,,102.947,pass_verified,DMV_Teilnahmen_2015_2025_VOLLSTAENDIG
DMV-152296,36193.0,36193.0,2016,2016-04-17,2016-04-17-Bad_Godesberg,,,,,101.771,pass_verified,DMV_Teilnahmen_2015_2025_VOLLSTAENDIG
DMV-152297,36193.0,36193.0,2016,2016-05-22,2016-05-22-Castrop,"3. Bundesliga Nord Staffel 1, 2. Spieltag",Castrop-Rauxel,,1.0,100.043,pass_verified,DMV_Teilnahmen_2015_2025_VOLLSTAENDIG
DMV-152298,36193.0,36193.0,2016,2016-06-19,2016-06-19-Bochum_Stadtpark,"3. Bundesliga Nord Staffel I, 3. Spieltag",Bochum,,12.0,104.859,pass_verified,DMV_Teilnahmen_2015_2025_VOLLSTAENDIG
DMV-152299,36193.0,36193.0,2016,2016-07-31,2016-07-31-Kaarst,"3. Bundesliga Nord Staffel I, 4. Spieltag",Kaarst,,,100.821,pass_verified,DMV_Teilnahmen_2015_2025_VOLLSTAENDIG
DMV-152300,36193.0,36193.0,2016,2016-09-04,2016-09-04-Dormagen_Hackenbroich,"3. Bundesliga Nord, Staffel I, 5. Spieltag",Dormagen,,,105.483,pass_verified,DMV_Teilnahmen_2015_2025_VOLLSTAENDIG
DMV-152301,36196.0,36196.0,2016,2016-04-10,2016-04-10-Uerdingen,,,,,107.237,pass_verified,DMV_Teilnahmen_2015_2025_VOLLSTAENDIG
DMV-152302,36196.0,36196.0,2016,2016-05-22,2016-05-22-Mönchengladbach,,,,,116.786,pass_verified,DMV_Teilnahmen_2015_2025_VOLLSTAENDIG
DMV-152303,36196.0,36196.0,2016,2016-06-05,2016-06-05-Dormagen,,,,,110.947,pass_verified,DMV_Teilnahmen_2015_2025_VOLLSTAENDIG
DMV-152304,36196.0,36196.0,2016,2016-06-19,2016-06-19-Dormagen_Hackenbroich,,,,,106.894,pass_verified,DMV_Teilnahmen_2015_2025_VOLLSTAENDIG
DMV-152305,36196.0,36196.0,2016,2016-08-07,2016-08-07-Duisburg_Rheinhausen,"NBV-Landesliga Staffel I, 5. Spieltag",Kaarst,,,107.551,pass_verified,DMV_Teilnahmen_2015_2025_VOLLSTAENDIG
DMV-152306,36196.0,36196.0,2016,2016-09-04,2016-09-04-Kaarst,"3. Bundesliga Nord, Staffel I, 5. Spieltag",Dormagen,,,105.731,pass_verified,DMV_Teilnahmen_2015_2025_VOLLSTAENDIG
DMV-152307,36196.0,36196.0,2016,2016-09-04,2016-09-04-Büttgen,"3. Bundesliga Nord, Staffel I, 5. Spieltag",Dormagen,,,105.731,pass_verified,DMV_Teilnahmen_2015_2025_VOLLSTAENDIG
DMV-152308,36204.0,36204.0,2016,2016-04-17,2016-04-17-Homburg_Stadtpark,1. Spieltag 1. Bundesliga Süd,Homburg,,,97.625,pass_verified,DMV_Teilnahmen_2015_2025_VOLLSTAENDIG
DMV-152309,36204.0,36204.0,2016,2016-05-22,2016-05-22-Murnau_See,"1. Bundesliga Süd, 2. Spieltag",Murnau,,,99.528,pass_verified,DMV_Teilnahmen_2015_2025_VOLLSTAENDIG
DMV-152310,36204.0,36204.0,2016,2016-06-05,2016-06-05-Bamberg,"1. Bundesliga Süd, 3. Spieltag",Bamberg,,,97.305,pass_verified,DMV_Teilnahmen_2015_2025_VOLLSTAENDIG
DMV-152311,36204.0,36204.0,2016,2016-06-19,2016-06-19-Wittlich,"1. Bundesliga Süd, 4. Spieltag",Wittlich,,,97.937,pass_verified,DMV_Teilnahmen_2015_2025_VOLLSTAENDIG
DMV-152312,36204.0,36204.0,2016,2016-04-10,2016-04-10-Bildstock,,,,,99.473,pass_verified,DMV_Teilnahmen_2015_2025_VOLLSTAENDIG
DMV-152313,36204.0,36204.0,2016,2016-05-08,2016-05-08-Homburg_Stadtpark,Badische Meisterschaften,Tuttlingen,,,99.068,pass_verified,DMV_Teilnahmen_2015_2025_VOLLSTAENDIG
DMV-152314,36204.0,36204.0,2016,2016-10-23,2016-10-23-Bildstock,,,,,98.822,pass_verified,DMV_Teilnahmen_2015_2025_VOLLSTAENDIG
DMV-152315,36205.0,36205.0,2016,2016-04-17,2016-04-17-Homburg_Stadtpark,1. Spieltag 1. Bundesliga Süd,Homburg,,,96.875,pass_verified,DMV_Teilnahmen_2015_2025_VOLLSTAENDIG
DMV-152316,36205.0,36205.0,2016,2016-05-22,2016-05-22-Murnau_See,"1. Bundesliga Süd, 2. Spieltag",Murnau,,,97.778,pass_verified,DMV_Teilnahmen_2015_2025_VOLLSTAENDIG
DMV-152317,36205.0,36205.0,2016,2016-06-05,2016-06-05-Bamberg,"1. Bundesliga Süd, 3. Spieltag",Bamberg,,,99.638,pass_verified,DMV_Teilnahmen_2015_2025_VOLLSTAENDIG
DMV-152318,36205.0,36205.0,2016,2016-06-19,2016-06-19-Wittlich,"1. Bundesliga Süd, 4. Spieltag",Wittlich,,,98.937,pass_verified,DMV_Teilnahmen_2015_2025_VOLLSTAENDIG
DMV-152319,36205.0,36205.0,2016,2016-07-13,2016-07-13-Wanne_Eickel,,,,,97.118,pass_verified,DMV_Teilnahmen_2015_2025_VOLLSTAENDIG
DMV-152320,36205.0,36205.0,2016,2016-07-16,2016-07-16-Wanne_Eickel,,,,,98.275,pass_verified,DMV_Teilnahmen_2015_2025_VOLLSTAENDIG
DMV-152321,36205.0,36205.0,2016,2016-08-24,2016-08-24-Vizela,,,,,96.937,pass_verified,DMV_Teilnahmen_2015_2025_VOLLSTAENDIG
DMV-152322,36205.0,36205.0,2016,2016-10-09,2016-10-09-Schriesheim,BMW Knopf Trophy 2016,Schriesheim,,2.0,95.356,pass_verified,DMV_Teilnahmen_2015_2025_VOLLSTAENDIG
DMV-152323,36205.0,36205.0,2016,2016-12-27,2016-12-27-Mannheim_Sandhofen_Halle,,,,,98.219,pass_verified,DMV_Teilnahmen_2015_2025_VOLLSTAENDIG
DMV-152324,36206.0,36206.0,2016,2016-01-30,2016-01-30-Mannheim_Sandhofen_Halle,,,,,102.023,pass_verified,DMV_Teilnahmen_2015_2025_VOLLSTAENDIG
DMV-152325,36206.0,36206.0,2016,2016-04-10,2016-04-10-Bildstock,,,,,101.723,pass_verified,DMV_Teilnahmen_2015_2025_VOLLSTAENDIG
DMV-152326,36206.0,36206.0,2016,2016-05-01,2016-05-01-Oberthal,,,,,104.365,pass_verified,DMV_Teilnahmen_2015_2025_VOLLSTAENDIG
DMV-152327,36206.0,36206.0,2016,2016-05-29,2016-05-29-Bliesen,MRP-Jugendliga/A-Rangliste,Mainz,,,102.819,pass_verified,DMV_Teilnahmen_2015_2025_VOLLSTAENDIG
DMV-152328,36206.0,36206.0,2016,2016-06-26,2016-06-26-Dudweiler,,,,,104.35,pass_verified,DMV_Teilnahmen_2015_2025_VOLLSTAENDIG
DMV-152329,36206.0,36206.0,2016,2016-08-18,2016-08-18-Traben_Trarbach,,,,,104.246,pass_verified,DMV_Teilnahmen_2015_2025_VOLLSTAENDIG
DMV-152330,36222.0,36222.0,2016,2016-04-10,2016-04-10-Uerdingen,,,,,106.903,pass_verified,DMV_Teilnahmen_2015_2025_VOLLSTAENDIG
DMV-152331,36222.0,36222.0,2016,2016-04-23,2016-04-23-Herne,,,,,105.613,pass_verified,DMV_Teilnahmen_2015_2025_VOLLSTAENDIG
DMV-152332,36222.0,36222.0,2016,2016-06-05,2016-06-05-Dormagen,,,,,115.28,pass_verified,DMV_Teilnahmen_2015_2025_VOLLSTAENDIG
DMV-152333,36222.0,36222.0,2016,2016-06-19,2016-06-19-Dormagen_Hackenbroich,,,,,111.227,pass_verified,DMV_Teilnahmen_2015_2025_VOLLSTAENDIG
DMV-152334,36222.0,36222.0,2016,2016-07-13,2016-07-13-Wanne_Eickel,,,,,105.132,pass_verified,DMV_Teilnahmen_2015_2025_VOLLSTAENDIG
DMV-152335,36222.0,36222.0,2016,2016-08-07,2016-08-07-Duisburg_Rheinhausen,"NBV-Landesliga Staffel I, 5. Spieltag",Kaarst,,,111.551,pass_verified,DMV_Teilnahmen_2015_2025_VOLLSTAENDIG
DMV-152336,36222.0,36222.0,2016,2016-09-04,2016-09-04-Kaarst,"3. Bundesliga Nord, Staffel I, 5. Spieltag",Dormagen,,,108.398,pass_verified,DMV_Teilnahmen_2015_2025_VOLLSTAENDIG
DMV-152337,36222.0,36222.0,2016,2016-09-04,2016-09-04-Büttgen,"3. Bundesliga Nord, Staffel I, 5. Spieltag",Dormagen,,,108.398,pass_verified,DMV_Teilnahmen_2015_2025_VOLLSTAENDIG
DMV-152338,36232.0,36232.0,2016,2016-05-01,2016-05-01-Bad_Oldesloe,,,,,107.261,pass_verified,DMV_Teilnahmen_2015_2025_VOLLSTAENDIG
DMV-152339,36232.0,36232.0,2016,2016-06-05,2016-06-05-Kiel_West,,,,,106.191,pass_verified,DMV_Teilnahmen_2015_2025_VOLLSTAENDIG
DMV-152340,36232.0,36232.0,2016,2016-06-12,2016-06-12-Brunsbüttel,,,,,109.506,pass_verified,DMV_Teilnahmen_2015_2025_VOLLSTAENDIG
DMV-152341,36232.0,36232.0,2016,2016-08-18,2016-08-18-Mannheim,,,,,108.395,pass_verified,DMV_Teilnahmen_2015_2025_VOLLSTAENDIG
DMV-152342,36237.0,36237.0,2016,2016-01-24,2016-01-24-Salzburg,Südwestdeutsche Jugendmeisterschaft,Mannheim,,,100.52,pass_verified,DMV_Teilnahmen_2015_2025_VOLLSTAENDIG
DMV-152343,36237.0,36237.0,2016,2016-06-05,2016-06-05-Bad_Feilnbach,,,,,103.266,pass_verified,DMV_Teilnahmen_2015_2025_VOLLSTAENDIG
DMV-152344,36237.0,36237.0,2016,2016-06-26,2016-06-26-Bad_Feilnbach,,,,,99.781,pass_verified,DMV_Teilnahmen_2015_2025_VOLLSTAENDIG
DMV-152345,36237.0,36237.0,2016,2016-07-31,2016-07-31-Murnau_See,,,,,101.318,pass_verified,DMV_Teilnahmen_2015_2025_VOLLSTAENDIG
DMV-152346,36237.0,36237.0,2016,2016-08-21,2016-08-21-Olching,,,,,101.414,pass_verified,DMV_Teilnahmen_2015_2025_VOLLSTAENDIG
DMV-152347,36237.0,36237.0,2016,2016-09-11,2016-09-11-München_Feldmoching,,,,,103.152,pass_verified,DMV_Teilnahmen_2015_2025_VOLLSTAENDIG
DMV-152348,36237.0,36237.0,2016,2016-09-18,2016-09-18-Murnau_See,Heven-Cup 2016,Witten,,,101.922,pass_verified,DMV_Teilnahmen_2015_2025_VOLLSTAENDIG
DMV-152349,36247.0,36247.0,2016,2016-04-17,2016-04-17-Homburg_Stadtpark,1. Spieltag 1. Bundesliga Süd,Homburg,,,99.125,pass_verified,DMV_Teilnahmen_2015_2025_VOLLSTAENDIG
DMV-152350,36247.0,36247.0,2016,2016-05-22,2016-05-22-Murnau_See,"1. Bundesliga Süd, 2. Spieltag",Murnau,,,98.028,pass_verified,DMV_Teilnahmen_2015_2025_VOLLSTAENDIG
DMV-152351,36247.0,36247.0,2016,2016-06-05,2016-06-05-Bamberg,"1. Bundesliga Süd, 3. Spieltag",Bamberg,,,100.972,pass_verified,DMV_Teilnahmen_2015_2025_VOLLSTAENDIG
DMV-152352,36247.0,36247.0,2016,2016-06-19,2016-06-19-Wittlich,"1. Bundesliga Süd, 4. Spieltag",Wittlich,,,101.187,pass_verified,DMV_Teilnahmen_2015_2025_VOLLSTAENDIG
DMV-152353,36247.0,36247.0,2016,2016-07-09,2016-07-09-Arheilgen,,,,,98.901,pass_verified,DMV_Teilnahmen_2015_2025_VOLLSTAENDIG
DMV-152354,36247.0,36247.0,2016,2016-07-10,2016-07-10-Arheilgen,,,,,100.563,pass_verified,DMV_Teilnahmen_2015_2025_VOLLSTAENDIG
DMV-152355,36255.0,36255.0,2016,2016-04-17,2016-04-17-Bremen_Vahr,,,,,117.971,pass_verified,DMV_Teilnahmen_2015_2025_VOLLSTAENDIG
DMV-152356,36255.0,36255.0,2016,2016-05-22,2016-05-22-Bremen_Hastedt,,,,,114.989,pass_verified,DMV_Teilnahmen_2015_2025_VOLLSTAENDIG
DMV-152357,36257.0,36257.0,2016,2016-03-04,2016-03-04-Celle_Halle,,,,,110.07,pass_verified,DMV_Teilnahmen_2015_2025_VOLLSTAENDIG
DMV-152358,36257.0,36257.0,2016,2016-04-17,2016-04-17-Bremen_Vahr,,,,,112.221,pass_verified,DMV_Teilnahmen_2015_2025_VOLLSTAENDIG
DMV-152359,36257.0,36257.0,2016,2016-05-07,2016-05-07-Diepholz,,,,,110.903,pass_verified,DMV_Teilnahmen_2015_2025_VOLLSTAENDIG
DMV-152360,36257.0,36257.0,2016,2016-05-22,2016-05-22-Bremen_Hastedt,,,,,117.739,pass_verified,DMV_Teilnahmen_2015_2025_VOLLSTAENDIG
DMV-152361,36257.0,36257.0,2016,2016-06-19,2016-06-19-Cuxhaven,,,,,116.161,pass_verified,DMV_Teilnahmen_2015_2025_VOLLSTAENDIG
DMV-152362,36257.0,36257.0,2016,2016-07-23,2016-07-23-Bremen_Hastedt,,,,,108.715,pass_verified,DMV_Teilnahmen_2015_2025_VOLLSTAENDIG
DMV-152363,36258.0,36258.0,2016,2016-03-04,2016-03-04-Celle_Halle,,,,,108.32,pass_verified,DMV_Teilnahmen_2015_2025_VOLLSTAENDIG
DMV-152364,36258.0,36258.0,2016,2016-04-17,2016-04-17-Bremen_Vahr,,,,,109.971,pass_verified,DMV_Teilnahmen_2015_2025_VOLLSTAENDIG
DMV-152365,36258.0,36258.0,2016,2016-05-07,2016-05-07-Diepholz,,,,,108.103,pass_verified,DMV_Teilnahmen_2015_2025_VOLLSTAENDIG
DMV-152366,36258.0,36258.0,2016,2016-05-22,2016-05-22-Bremen_Hastedt,,,,,108.989,pass_verified,DMV_Teilnahmen_2015_2025_VOLLSTAENDIG
DMV-152367,36258.0,36258.0,2016,2016-06-05,2016-06-05-Bremen_Vahr,,,,,107.571,pass_verified,DMV_Teilnahmen_2015_2025_VOLLSTAENDIG
DMV-152368,36258.0,36258.0,2016,2016-06-19,2016-06-19-Cuxhaven,,,,,108.911,pass_verified,DMV_Teilnahmen_2015_2025_VOLLSTAENDIG
DMV-152369,36258.0,36258.0,2016,2016-07-23,2016-07-23-Bremen_Hastedt,,,,,106.715,pass_verified,DMV_Teilnahmen_2015_2025_VOLLSTAENDIG
DMV-152370,36284.0,36284.0,2016,2016-05-01,2016-05-01-Niederstetten,,,,,107.491,pass_verified,DMV_Teilnahmen_2015_2025_VOLLSTAENDIG
DMV-152371,36284.0,36284.0,2016,2016-05-29,2016-05-29-Oberkochen,MRP-Jugendliga/A-Rangliste,Mainz,,,105.6,pass_verified,DMV_Teilnahmen_2015_2025_VOLLSTAENDIG
DMV-152372,36288.0,36288.0,2016,2016-04-17,2016-04-17-Rheinstetten,1. Spieltag BBS-Verbandsliga Allg. Klasse,Rheinstetten,,,102.356,pass_verified,DMV_Teilnahmen_2015_2025_VOLLSTAENDIG
DMV-152373,36288.0,36288.0,2016,2016-05-07,2016-05-07-Tuttlingen,,,,,101.023,pass_verified,DMV_Teilnahmen_2015_2025_VOLLSTAENDIG
DMV-152374,36288.0,36288.0,2016,2016-05-22,2016-05-22-Sulzfeld,"NBV-Landesliga Staffel 1, 2. Spieltag",Kerpen,,1.0,103.578,pass_verified,DMV_Teilnahmen_2015_2025_VOLLSTAENDIG
DMV-152375,36288.0,36288.0,2016,2016-06-05,2016-06-05-Ilvesheim,,,,,103.879,pass_verified,DMV_Teilnahmen_2015_2025_VOLLSTAENDIG
DMV-152376,36288.0,36288.0,2016,2016-07-31,2016-07-31-Tuttlingen,"Verbandsliga Baden, 4. Spieltag",Tuttlingen,,,102.578,pass_verified,DMV_Teilnahmen_2015_2025_VOLLSTAENDIG
DMV-152377,36288.0,36288.0,2016,2016-09-04,2016-09-04-Singen,"3. Bundesliga Nord, Staffel I, 5. Spieltag",Dormagen,,,102.252,pass_verified,DMV_Teilnahmen_2015_2025_VOLLSTAENDIG
DMV-152378,36292.0,36292.0,2016,2016-04-17,2016-04-17-Lüneburg,,,,,103.025,pass_verified,DMV_Teilnahmen_2015_2025_VOLLSTAENDIG
DMV-152379,36292.0,36292.0,2016,2016-05-07,2016-05-07-Diepholz,,,,,101.903,pass_verified,DMV_Teilnahmen_2015_2025_VOLLSTAENDIG
DMV-152380,36292.0,36292.0,2016,2016-05-22,2016-05-22-Diepholz,,,,,103.466,pass_verified,DMV_Teilnahmen_2015_2025_VOLLSTAENDIG
DMV-152381,36292.0,36292.0,2016,2016-06-05,2016-06-05-Cuxhaven,,,,,105.744,pass_verified,DMV_Teilnahmen_2015_2025_VOLLSTAENDIG
DMV-152382,36292.0,36292.0,2016,2016-06-19,2016-06-19-Bremen_Vahr,,,,,105.238,pass_verified,DMV_Teilnahmen_2015_2025_VOLLSTAENDIG
DMV-152383,36292.0,36292.0,2016,2016-07-31,2016-07-31-Bad_Nenndorf,,,,,107.215,pass_verified,DMV_Teilnahmen_2015_2025_VOLLSTAENDIG
DMV-152384,36293.0,36293.0,2016,2016-03-04,2016-03-04-Celle_Halle,,,,,107.82,pass_verified,DMV_Teilnahmen_2015_2025_VOLLSTAENDIG
DMV-152385,36293.0,36293.0,2016,2016-05-22,2016-05-22-Hamburg_Lurup,,,,,104.56,pass_verified,DMV_Teilnahmen_2015_2025_VOLLSTAENDIG
DMV-152386,36293.0,36293.0,2016,2016-05-29,2016-05-29-Hamburg_Rahlstedt,MRP-Jugendliga/A-Rangliste,Mainz,,,110.03,pass_verified,DMV_Teilnahmen_2015_2025_VOLLSTAENDIG
DMV-152387,36293.0,36293.0,2016,2016-06-12,2016-06-12-Hamburg_Lurup,,,,,104.168,pass_verified,DMV_Teilnahmen_2015_2025_VOLLSTAENDIG
DMV-152388,36293.0,36293.0,2016,2016-06-19,2016-06-19-Hamburg_Lohbrügge,,,,,105.986,pass_verified,DMV_Teilnahmen_2015_2025_VOLLSTAENDIG
DMV-152389,36293.0,36293.0,2016,2016-08-06,2016-08-06-Bad_Oldesloe,,,,,107.371,pass_verified,DMV_Teilnahmen_2015_2025_VOLLSTAENDIG
DMV-152390,36293.0,36293.0,2016,2016-08-27,2016-08-27-Hamburg_Lurup,,,,,102.862,pass_verified,DMV_Teilnahmen_2015_2025_VOLLSTAENDIG
DMV-152391,36293.0,36293.0,2016,2016-09-04,2016-09-04-Hamburg_Rahlstedt,"3. Bundesliga Nord, Staffel I, 5. Spieltag",Dormagen,,,106.211,pass_verified,DMV_Teilnahmen_2015_2025_VOLLSTAENDIG
DMV-152392,36293.0,36293.0,2016,2016-10-02,2016-10-02-Hamburg_Lohbrügge,,,,,105.299,pass_verified,DMV_Teilnahmen_2015_2025_VOLLSTAENDIG
DMV-152393,36311.0,36311.0,2016,2016-04-10,2016-04-10-Attendorn,,,,,109.232,pass_verified,DMV_Teilnahmen_2015_2025_VOLLSTAENDIG
DMV-152394,36311.0,36311.0,2016,2016-05-22,2016-05-22-Biebertal,,,,,105.955,pass_verified,DMV_Teilnahmen_2015_2025_VOLLSTAENDIG
DMV-152395,36311.0,36311.0,2016,2016-06-05,2016-06-05-Hagen,"MVBN-Verbandsliga Süd, 3. Punktspiel",Gebhardshagen,,,105.859,pass_verified,DMV_Teilnahmen_2015_2025_VOLLSTAENDIG
DMV-152396,36311.0,36311.0,2016,2016-06-19,2016-06-19-Neheim_Hüsten,,,,,106.589,pass_verified,DMV_Teilnahmen_2015_2025_VOLLSTAENDIG
DMV-152397,36311.0,36311.0,2016,2016-08-07,2016-08-07-Brilon,"NBV-Landesliga Staffel I, 5. Spieltag",Kaarst,,,106.266,pass_verified,DMV_Teilnahmen_2015_2025_VOLLSTAENDIG
DMV-152398,36312.0,36312.0,2016,2016-05-22,2016-05-22-Göttingen_Grone,,,,,104.922,pass_verified,DMV_Teilnahmen_2015_2025_VOLLSTAENDIG
DMV-152399,36312.0,36312.0,2016,2016-06-05,2016-06-05-Lohfelden,,,,,106.649,pass_verified,DMV_Teilnahmen_2015_2025_VOLLSTAENDIG
DMV-152400,36323.0,36323.0,2016,2016-04-17,2016-04-17-Ludwigsburg,,,,,105.868,pass_verified,DMV_Teilnahmen_2015_2025_VOLLSTAENDIG
DMV-152401,36323.0,36323.0,2016,2016-05-15,2016-05-15-Metzingen,,,,,105.692,pass_verified,DMV_Teilnahmen_2015_2025_VOLLSTAENDIG
DMV-152402,36323.0,36323.0,2016,2016-05-22,2016-05-22-Wendlingen,,,,,109.781,pass_verified,DMV_Teilnahmen_2015_2025_VOLLSTAENDIG
DMV-152403,36323.0,36323.0,2016,2016-06-05,2016-06-05-Wernau,,,,,106.884,pass_verified,DMV_Teilnahmen_2015_2025_VOLLSTAENDIG
DMV-152404,36323.0,36323.0,2016,2016-06-19,2016-06-19-Ulm,,,,,103.283,pass_verified,DMV_Teilnahmen_2015_2025_VOLLSTAENDIG
DMV-152405,36323.0,36323.0,2016,2016-09-04,2016-09-04-Bad_Urach,"3. Bundesliga Nord, Staffel I, 5. Spieltag",Dormagen,,,105.598,pass_verified,DMV_Teilnahmen_2015_2025_VOLLSTAENDIG
DMV-152406,36324.0,36324.0,2016,2016-04-17,2016-04-17-Bad_Münder,,,,,115.288,pass_verified,DMV_Teilnahmen_2015_2025_VOLLSTAENDIG
DMV-152407,36324.0,36324.0,2016,2016-05-22,2016-05-22-Springe,,,,,116.207,pass_verified,DMV_Teilnahmen_2015_2025_VOLLSTAENDIG
DMV-152408,36324.0,36324.0,2016,2016-06-05,2016-06-05-Diepholz,,,,,111.499,pass_verified,DMV_Teilnahmen_2015_2025_VOLLSTAENDIG
DMV-152409,36324.0,36324.0,2016,2016-06-19,2016-06-19-Bad_Nenndorf,,,,,109.776,pass_verified,DMV_Teilnahmen_2015_2025_VOLLSTAENDIG
DMV-152410,36344.0,36344.0,2016,2016-01-09,2016-01-09-Hohenems_Halle,,,,,99.599,pass_verified,DMV_Teilnahmen_2015_2025_VOLLSTAENDIG
DMV-152411,36344.0,36344.0,2016,2016-01-30,2016-01-30-Mannheim_Sandhofen_Halle,,,,,100.773,pass_verified,DMV_Teilnahmen_2015_2025_VOLLSTAENDIG
DMV-152412,36344.0,36344.0,2016,2016-04-10,2016-04-10-Sindelfingen,1. Spieltag WBV-Rangliste,Sindelfingen,,,104.249,pass_verified,DMV_Teilnahmen_2015_2025_VOLLSTAENDIG
DMV-152413,36344.0,36344.0,2016,2016-04-17,2016-04-17-Bad_Mergentheim,,,,,101.017,pass_verified,DMV_Teilnahmen_2015_2025_VOLLSTAENDIG
DMV-152414,36344.0,36344.0,2016,2016-05-01,2016-05-01-Niederstetten,,,,,96.491,pass_verified,DMV_Teilnahmen_2015_2025_VOLLSTAENDIG
DMV-152415,36344.0,36344.0,2016,2016-05-22,2016-05-22-Neutraubling,,,,,102.366,pass_verified,DMV_Teilnahmen_2015_2025_VOLLSTAENDIG
DMV-152416,36344.0,36344.0,2016,2016-05-29,2016-05-29-Oberkochen,MRP-Jugendliga/A-Rangliste,Mainz,,,102.85,pass_verified,DMV_Teilnahmen_2015_2025_VOLLSTAENDIG
DMV-152417,36344.0,36344.0,2016,2016-06-12,2016-06-12-Großbottwar,,,,,104.018,pass_verified,DMV_Teilnahmen_2015_2025_VOLLSTAENDIG
DMV-152418,36344.0,36344.0,2016,2016-06-19,2016-06-19-Höchberg,,,,,101.558,pass_verified,DMV_Teilnahmen_2015_2025_VOLLSTAENDIG
DMV-152419,36344.0,36344.0,2016,2016-08-06,2016-08-06-Mannheim,,,,,99.828,pass_verified,DMV_Teilnahmen_2015_2025_VOLLSTAENDIG
DMV-152420,36344.0,36344.0,2016,2016-08-18,2016-08-18-Mannheim,,,,,99.328,pass_verified,DMV_Teilnahmen_2015_2025_VOLLSTAENDIG
DMV-152421,36344.0,36344.0,2016,2016-09-04,2016-09-04-Olching,"3. Bundesliga Nord, Staffel I, 5. Spieltag",Dormagen,,,99.142,pass_verified,DMV_Teilnahmen_2015_2025_VOLLSTAENDIG
DMV-152422,36344.0,36344.0,2016,2016-09-11,2016-09-11-Ingolstadt_Auwaldsee,,,,,100.906,pass_verified,DMV_Teilnahmen_2015_2025_VOLLSTAENDIG
DMV-152423,36344.0,36344.0,2016,2016-10-09,2016-10-09-Schriesheim,BMW Knopf Trophy 2016,Schriesheim,,14.0,103.356,pass_verified,DMV_Teilnahmen_2015_2025_VOLLSTAENDIG
DMV-152424,36344.0,36344.0,2016,2016-11-05,2016-11-05-Mannheim_Sandhofen_Halle,,,,,99.875,pass_verified,DMV_Teilnahmen_2015_2025_VOLLSTAENDIG
DMV-152425,36344.0,36344.0,2016,2016-12-03,2016-12-03-Mannheim_Sandhofen_Halle,,,,,99.947,pass_verified,DMV_Teilnahmen_2015_2025_VOLLSTAENDIG
DMV-152426,36344.0,36344.0,2016,2016-12-27,2016-12-27-Mannheim_Sandhofen_Halle,,,,,99.469,pass_verified,DMV_Teilnahmen_2015_2025_VOLLSTAENDIG
DMV-152427,36353.0,36353.0,2016,2016-07-31,2016-07-31-Illertissen,,,,,107.745,pass_verified,DMV_Teilnahmen_2015_2025_VOLLSTAENDIG
DMV-152428,36353.0,36353.0,2016,2016-08-07,2016-08-07-Garmisch_Partenkirchen,"NBV-Landesliga Staffel I, 5. Spieltag",Kaarst,,,102.965,pass_verified,DMV_Teilnahmen_2015_2025_VOLLSTAENDIG
DMV-152429,36354.0,36354.0,2016,2016-05-22,2016-05-22-Ravensburg,,,,,106.655,pass_verified,DMV_Teilnahmen_2015_2025_VOLLSTAENDIG
DMV-152430,36354.0,36354.0,2016,2016-08-07,2016-08-07-Garmisch_Partenkirchen,"NBV-Landesliga Staffel I, 5. Spieltag",Kaarst,,,104.715,pass_verified,DMV_Teilnahmen_2015_2025_VOLLSTAENDIG
DMV-152431,36354.0,36354.0,2016,2016-09-11,2016-09-11-Murnau_See,,,,,107.398,pass_verified,DMV_Teilnahmen_2015_2025_VOLLSTAENDIG
DMV-152432,36355.0,36355.0,2016,2016-05-26,2016-05-26-Kelheim,,,,,107.306,pass_verified,DMV_Teilnahmen_2015_2025_VOLLSTAENDIG
DMV-152433,36355.0,36355.0,2016,2016-07-31,2016-07-31-Illertissen,,,,,110.245,pass_verified,DMV_Teilnahmen_2015_2025_VOLLSTAENDIG
DMV-152434,36355.0,36355.0,2016,2016-08-07,2016-08-07-Garmisch_Partenkirchen,"NBV-Landesliga Staffel I, 5. Spieltag",Kaarst,,,105.215,pass_verified,DMV_Teilnahmen_2015_2025_VOLLSTAENDIG
DMV-152435,36355.0,36355.0,2016,2016-08-28,2016-08-28-Kempten_Steinbruch,,,,,108.211,pass_verified,DMV_Teilnahmen_2015_2025_VOLLSTAENDIG
DMV-152436,36366.0,36366.0,2016,2016-04-10,2016-04-10-Witten_Herbede,,,,,103.309,pass_verified,DMV_Teilnahmen_2015_2025_VOLLSTAENDIG
DMV-152437,36366.0,36366.0,2016,2016-05-14,2016-05-14-Neheim_Hüsten,,,,,103.971,pass_verified,DMV_Teilnahmen_2015_2025_VOLLSTAENDIG
DMV-152438,36366.0,36366.0,2016,2016-05-22,2016-05-22-Lüttringhausen,,,,,105.284,pass_verified,DMV_Teilnahmen_2015_2025_VOLLSTAENDIG
DMV-152439,36366.0,36366.0,2016,2016-06-05,2016-06-05-Witten_Herbede,,,,,105.076,pass_verified,DMV_Teilnahmen_2015_2025_VOLLSTAENDIG
DMV-152440,36366.0,36366.0,2016,2016-06-19,2016-06-19-Bochum_Stiepel,"3. Bundesliga Nord Staffel I, 3. Spieltag",Bochum,,,101.666,pass_verified,DMV_Teilnahmen_2015_2025_VOLLSTAENDIG
DMV-152441,36366.0,36366.0,2016,2016-09-04,2016-09-04-Lünen,"3. Bundesliga Nord, Staffel I, 5. Spieltag",Dormagen,,,109.105,pass_verified,DMV_Teilnahmen_2015_2025_VOLLSTAENDIG
DMV-152442,36366.0,36366.0,2016,2016-11-05,2016-11-05-Halver_Halle,,,,,108.334,pass_verified,DMV_Teilnahmen_2015_2025_VOLLSTAENDIG
DMV-152443,36366.0,36366.0,2016,2016-12-17,2016-12-17-Halver_Halle,,,,,103.633,pass_verified,DMV_Teilnahmen_2015_2025_VOLLSTAENDIG
DMV-152444,36394.0,36394.0,2016,2016-04-10,2016-04-10-Epe,,,,,111.548,pass_verified,DMV_Teilnahmen_2015_2025_VOLLSTAENDIG
DMV-152445,36394.0,36394.0,2016,2016-05-07,2016-05-07-Diepholz,,,,,103.303,pass_verified,DMV_Teilnahmen_2015_2025_VOLLSTAENDIG
DMV-152446,36394.0,36394.0,2016,2016-05-22,2016-05-22-Wallenhorst_Rulle,,,,,105.609,pass_verified,DMV_Teilnahmen_2015_2025_VOLLSTAENDIG
DMV-152447,36394.0,36394.0,2016,2016-06-05,2016-06-05-Wesel,,,,,106.191,pass_verified,DMV_Teilnahmen_2015_2025_VOLLSTAENDIG
DMV-152448,36394.0,36394.0,2016,2016-06-19,2016-06-19-Gladbeck,,,,,107.687,pass_verified,DMV_Teilnahmen_2015_2025_VOLLSTAENDIG
DMV-152449,36394.0,36394.0,2016,2016-08-07,2016-08-07-Herten,"NBV-Landesliga Staffel I, 5. Spieltag",Kaarst,,,109.205,pass_verified,DMV_Teilnahmen_2015_2025_VOLLSTAENDIG
DMV-152450,36395.0,36395.0,2016,2016-03-13,2016-03-13-Köln_Freizeitinsel,,,,,107.528,pass_verified,DMV_Teilnahmen_2015_2025_VOLLSTAENDIG
DMV-152451,36395.0,36395.0,2016,2016-04-10,2016-04-10-Köln_Freizeitinsel,,,,,110.313,pass_verified,DMV_Teilnahmen_2015_2025_VOLLSTAENDIG
DMV-152452,36395.0,36395.0,2016,2016-05-22,2016-05-22-Bad_Godesberg,,,,,107.129,pass_verified,DMV_Teilnahmen_2015_2025_VOLLSTAENDIG
DMV-152453,36395.0,36395.0,2016,2016-06-05,2016-06-05-Paffendorf,,,,,106.737,pass_verified,DMV_Teilnahmen_2015_2025_VOLLSTAENDIG
DMV-152454,36395.0,36395.0,2016,2016-06-19,2016-06-19-Wesseling,,,,,102.065,pass_verified,DMV_Teilnahmen_2015_2025_VOLLSTAENDIG
DMV-152455,36395.0,36395.0,2016,2016-08-07,2016-08-07-Kerpen,"NBV-Landesliga Staffel I, 5. Spieltag",Kaarst,,,103.421,pass_verified,DMV_Teilnahmen_2015_2025_VOLLSTAENDIG
DMV-152456,36395.0,36395.0,2016,2016-10-29,2016-10-29-Paffendorf,,,,,106.794,pass_verified,DMV_Teilnahmen_2015_2025_VOLLSTAENDIG
DMV-152457,36407.0,36407.0,2016,2016-04-17,2016-04-17-Bad_Mergentheim,,,,,100.017,pass_verified,DMV_Teilnahmen_2015_2025_VOLLSTAENDIG
DMV-152458,36407.0,36407.0,2016,2016-05-22,2016-05-22-Neutraubling,,,,,103.366,pass_verified,DMV_Teilnahmen_2015_2025_VOLLSTAENDIG
DMV-152459,36407.0,36407.0,2016,2016-06-19,2016-06-19-Höchberg,,,,,100.558,pass_verified,DMV_Teilnahmen_2015_2025_VOLLSTAENDIG
DMV-152460,36407.0,36407.0,2016,2016-08-07,2016-08-07-Höchberg,"NBV-Landesliga Staffel I, 5. Spieltag",Kaarst,,,102.292,pass_verified,DMV_Teilnahmen_2015_2025_VOLLSTAENDIG
DMV-152461,36407.0,36407.0,2016,2016-09-04,2016-09-04-Olching,"3. Bundesliga Nord, Staffel I, 5. Spieltag",Dormagen,,,102.642,pass_verified,DMV_Teilnahmen_2015_2025_VOLLSTAENDIG
DMV-152462,36407.0,36407.0,2016,2016-09-11,2016-09-11-Ingolstadt_Auwaldsee,,,,,99.906,pass_verified,DMV_Teilnahmen_2015_2025_VOLLSTAENDIG
DMV-152463,36420.0,36420.0,2016,2016-05-15,2016-05-15-Metzingen,,,,,116.692,pass_verified,DMV_Teilnahmen_2015_2025_VOLLSTAENDIG
DMV-152464,36420.0,36420.0,2016,2016-05-29,2016-05-29-Metzingen,MRP-Jugendliga/A-Rangliste,Mainz,,,113.604,pass_verified,DMV_Teilnahmen_2015_2025_VOLLSTAENDIG
DMV-152465,36420.0,36420.0,2016,2016-06-05,2016-06-05-Wernau,,,,,111.884,pass_verified,DMV_Teilnahmen_2015_2025_VOLLSTAENDIG
DMV-152466,36420.0,36420.0,2016,2016-06-12,2016-06-12-Niederstetten,,,,,117.443,pass_verified,DMV_Teilnahmen_2015_2025_VOLLSTAENDIG
DMV-152467,36423.0,36423.0,2016,2016-04-10,2016-04-10-Sindelfingen,1. Spieltag WBV-Rangliste,Sindelfingen,,,101.999,pass_verified,DMV_Teilnahmen_2015_2025_VOLLSTAENDIG
DMV-152468,36423.0,36423.0,2016,2016-04-17,2016-04-17-Homburg_Stadtpark,1. Spieltag 1. Bundesliga Süd,Homburg,,,100.125,pass_verified,DMV_Teilnahmen_2015_2025_VOLLSTAENDIG
DMV-152469,36423.0,36423.0,2016,2016-05-01,2016-05-01-Niederstetten,,,,,94.991,pass_verified,DMV_Teilnahmen_2015_2025_VOLLSTAENDIG
DMV-152470,36423.0,36423.0,2016,2016-05-22,2016-05-22-Murnau_See,"1. Bundesliga Süd, 2. Spieltag",Murnau,,,99.778,pass_verified,DMV_Teilnahmen_2015_2025_VOLLSTAENDIG
DMV-152471,36423.0,36423.0,2016,2016-06-05,2016-06-05-Bamberg,"1. Bundesliga Süd, 3. Spieltag",Bamberg,,,97.305,pass_verified,DMV_Teilnahmen_2015_2025_VOLLSTAENDIG
DMV-152472,36423.0,36423.0,2016,2016-06-19,2016-06-19-Wittlich,"1. Bundesliga Süd, 4. Spieltag",Wittlich,,,97.937,pass_verified,DMV_Teilnahmen_2015_2025_VOLLSTAENDIG
DMV-152473,36423.0,36423.0,2016,2016-07-13,2016-07-13-Wanne_Eickel,,,,,100.165,pass_verified,DMV_Teilnahmen_2015_2025_VOLLSTAENDIG
DMV-152474,36423.0,36423.0,2016,2016-07-16,2016-07-16-Wanne_Eickel2,,,,,101.309,pass_verified,DMV_Teilnahmen_2015_2025_VOLLSTAENDIG
DMV-152475,36423.0,36423.0,2016,2016-08-24,2016-08-24-Vizela,,,,,97.687,pass_verified,DMV_Teilnahmen_2015_2025_VOLLSTAENDIG
DMV-152476,36423.0,36423.0,2016,2016-10-09,2016-10-09-Schriesheim,BMW Knopf Trophy 2016,Schriesheim,,,98.356,pass_verified,DMV_Teilnahmen_2015_2025_VOLLSTAENDIG
DMV-152477,36423.0,36423.0,2016,2016-12-03,2016-12-03-Mannheim_Sandhofen_Halle,,,,,100.947,pass_verified,DMV_Teilnahmen_2015_2025_VOLLSTAENDIG
DMV-152478,36423.0,36423.0,2016,2016-12-27,2016-12-27-Mannheim_Sandhofen_Halle,,,,,98.844,pass_verified,DMV_Teilnahmen_2015_2025_VOLLSTAENDIG
DMV-152479,36425.0,36425.0,2016,2016-03-27,2016-03-27-Bad_Homburg_Kirdorf,,,,,110.445,pass_verified,DMV_Teilnahmen_2015_2025_VOLLSTAENDIG
DMV-152480,36460.0,36460.0,2016,2016-06-12,2016-06-12-Berlin_Lankwitz,,,,,101.827,pass_verified,DMV_Teilnahmen_2015_2025_VOLLSTAENDIG
DMV-152481,36474.0,36474.0,2016,2016-03-20,2016-03-20-Bad_Godesberg,,,,,103.449,pass_verified,DMV_Teilnahmen_2015_2025_VOLLSTAENDIG
DMV-152482,36474.0,36474.0,2016,2016-04-17,2016-04-17-Bad_Godesberg,,,,,106.021,pass_verified,DMV_Teilnahmen_2015_2025_VOLLSTAENDIG
DMV-152483,36474.0,36474.0,2016,2016-04-23,2016-04-23-Herne,,,,,104.946,pass_verified,DMV_Teilnahmen_2015_2025_VOLLSTAENDIG
DMV-152484,36474.0,36474.0,2016,2016-05-22,2016-05-22-Castrop,"3. Bundesliga Nord Staffel 1, 2. Spieltag",Castrop-Rauxel,,2.0,106.293,pass_verified,DMV_Teilnahmen_2015_2025_VOLLSTAENDIG
DMV-152485,36474.0,36474.0,2016,2016-06-19,2016-06-19-Bochum_Stadtpark,"3. Bundesliga Nord Staffel I, 3. Spieltag",Bochum,,3.0,107.859,pass_verified,DMV_Teilnahmen_2015_2025_VOLLSTAENDIG
DMV-152486,36474.0,36474.0,2016,2016-07-13,2016-07-13-Wanne_Eickel,,,,,104.432,pass_verified,DMV_Teilnahmen_2015_2025_VOLLSTAENDIG
DMV-152487,36474.0,36474.0,2016,2016-07-31,2016-07-31-Kaarst,"3. Bundesliga Nord Staffel I, 4. Spieltag",Kaarst,,,103.821,pass_verified,DMV_Teilnahmen_2015_2025_VOLLSTAENDIG
DMV-152488,36474.0,36474.0,2016,2016-09-04,2016-09-04-Dormagen_Hackenbroich,"3. Bundesliga Nord, Staffel I, 5. Spieltag",Dormagen,,,105.983,pass_verified,DMV_Teilnahmen_2015_2025_VOLLSTAENDIG
DMV-152489,36479.0,36479.0,2016,2016-04-17,2016-04-17-Göttingen_Grone,,,,,103.464,pass_verified,DMV_Teilnahmen_2015_2025_VOLLSTAENDIG
DMV-152490,36479.0,36479.0,2016,2016-05-22,2016-05-22-Bottrop_Overbeckshof,,,,,101.306,pass_verified,DMV_Teilnahmen_2015_2025_VOLLSTAENDIG
DMV-152491,36479.0,36479.0,2016,2016-06-05,2016-06-05-Velbert_Hardenberg,,,,,100.971,pass_verified,DMV_Teilnahmen_2015_2025_VOLLSTAENDIG
DMV-152492,36479.0,36479.0,2016,2016-06-19,2016-06-19-Göttingen_Schillerwiese,,,,,103.378,pass_verified,DMV_Teilnahmen_2015_2025_VOLLSTAENDIG
DMV-152493,36479.0,36479.0,2016,2016-07-31,2016-07-31-Neheim_Hüsten,,,,,103.71,pass_verified,DMV_Teilnahmen_2015_2025_VOLLSTAENDIG
DMV-152494,36479.0,36479.0,2016,2016-09-04,2016-09-04-Kerpen,"3. Bundesliga Nord, Staffel I, 5. Spieltag",Dormagen,,,100.276,pass_verified,DMV_Teilnahmen_2015_2025_VOLLSTAENDIG
DMV-152495,36479.0,36479.0,2016,2016-09-25,2016-09-25-Kaarst,,,,,103.441,pass_verified,DMV_Teilnahmen_2015_2025_VOLLSTAENDIG
DMV-152496,36479.0,36479.0,2016,2016-09-25,2016-09-25-Büttgen,,,,,103.441,pass_verified,DMV_Teilnahmen_2015_2025_VOLLSTAENDIG
DMV-152497,36519.0,36519.0,2016,2016-03-27,2016-03-27-Landshut,,,,,104.191,pass_verified,DMV_Teilnahmen_2015_2025_VOLLSTAENDIG
DMV-152498,36519.0,36519.0,2016,2016-04-17,2016-04-17-Kelheim,,,,,105.649,pass_verified,DMV_Teilnahmen_2015_2025_VOLLSTAENDIG
DMV-152499,36519.0,36519.0,2016,2016-04-24,2016-04-24-Ingolstadt_Auwaldsee,,,,,104.389,pass_verified,DMV_Teilnahmen_2015_2025_VOLLSTAENDIG
DMV-152500,36519.0,36519.0,2016,2016-05-26,2016-05-26-Kelheim,,,,,106.306,pass_verified,DMV_Teilnahmen_2015_2025_VOLLSTAENDIG
DMV-152501,36519.0,36519.0,2016,2016-06-05,2016-06-05-Landshut,"MVBN-Verbandsliga Süd, 3. Punktspiel",Gebhardshagen,,16.0,102.925,pass_verified,DMV_Teilnahmen_2015_2025_VOLLSTAENDIG
DMV-152502,36519.0,36519.0,2016,2016-06-19,2016-06-19-Wolnzach,,,,,103.37,pass_verified,DMV_Teilnahmen_2015_2025_VOLLSTAENDIG
DMV-152503,36519.0,36519.0,2016,2016-07-10,2016-07-10-Wolnzach,,,,,102.905,pass_verified,DMV_Teilnahmen_2015_2025_VOLLSTAENDIG
DMV-152504,36519.0,36519.0,2016,2016-07-24,2016-07-24-Ingolstadt_Baggersee,,,,,102.135,pass_verified,DMV_Teilnahmen_2015_2025_VOLLSTAENDIG
DMV-152505,36519.0,36519.0,2016,2016-08-28,2016-08-28-Landshut,,,,,108.732,pass_verified,DMV_Teilnahmen_2015_2025_VOLLSTAENDIG
DMV-152506,36519.0,36519.0,2016,2016-09-17,2016-09-17-Ingolstadt_Auwaldsee,,,,,106.134,pass_verified,DMV_Teilnahmen_2015_2025_VOLLSTAENDIG
DMV-152507,36519.0,36519.0,2016,2016-10-08,2016-10-08-Ingolstadt_Auwaldsee,,,,,104.046,pass_verified,DMV_Teilnahmen_2015_2025_VOLLSTAENDIG
DMV-152508,36519.0,36519.0,2016,2016-10-29,2016-10-29-Algund,,,,,103.812,pass_verified,DMV_Teilnahmen_2015_2025_VOLLSTAENDIG
DMV-152509,36520.0,36520.0,2016,2016-08-06,2016-08-06-Bad_Oldesloe,,,,,102.246,pass_verified,DMV_Teilnahmen_2015_2025_VOLLSTAENDIG
DMV-152510,36522.0,36522.0,2016,2016-05-22,2016-05-22-Murnau_See,"1. Bundesliga Süd, 2. Spieltag",Murnau,,,102.278,pass_verified,DMV_Teilnahmen_2015_2025_VOLLSTAENDIG
DMV-152511,36522.0,36522.0,2016,2016-06-05,2016-06-05-Bamberg,"1. Bundesliga Süd, 3. Spieltag",Bamberg,,,100.638,pass_verified,DMV_Teilnahmen_2015_2025_VOLLSTAENDIG
DMV-152512,36524.0,36524.0,2016,2016-06-05,2016-06-05-Inzlingen,,,,,99.845,pass_verified,DMV_Teilnahmen_2015_2025_VOLLSTAENDIG
DMV-152513,36524.0,36524.0,2016,2016-05-22,2016-05-22-Homburg_Stadtpark,,,,,102.96,pass_verified,DMV_Teilnahmen_2015_2025_VOLLSTAENDIG
DMV-152514,36524.0,36524.0,2016,2016-07-31,2016-07-31-Singen,,,,,100.746,pass_verified,DMV_Teilnahmen_2015_2025_VOLLSTAENDIG
DMV-152515,36524.0,36524.0,2016,2016-09-04,2016-09-04-Heilbronn,"3. Bundesliga Nord, Staffel I, 5. Spieltag",Dormagen,,,103.293,pass_verified,DMV_Teilnahmen_2015_2025_VOLLSTAENDIG
DMV-152516,36524.0,36524.0,2016,2016-10-01,2016-10-01-Landshut,Europacup 2016,Neutraubling,,,100.814,pass_verified,DMV_Teilnahmen_2015_2025_VOLLSTAENDIG
DMV-152517,36524.0,36524.0,2016,2016-09-04,2016-09-04-Heilbronn_Europaplatz,"3. Bundesliga Nord, Staffel I, 5. Spieltag",Dormagen,,,103.293,pass_verified,DMV_Teilnahmen_2015_2025_VOLLSTAENDIG
DMV-152518,36532.0,36532.0,2016,2016-01-30,2016-01-30-Mannheim_Sandhofen_Halle,,,,,100.023,pass_verified,DMV_Teilnahmen_2015_2025_VOLLSTAENDIG
DMV-152519,36532.0,36532.0,2016,2016-04-17,2016-04-17-Bad_Mergentheim,,,,,97.517,pass_verified,DMV_Teilnahmen_2015_2025_VOLLSTAENDIG
DMV-152520,36532.0,36532.0,2016,2016-05-01,2016-05-01-Niederstetten,,,,,99.491,pass_verified,DMV_Teilnahmen_2015_2025_VOLLSTAENDIG
DMV-152521,36532.0,36532.0,2016,2016-05-22,2016-05-22-Neutraubling,,,,,99.866,pass_verified,DMV_Teilnahmen_2015_2025_VOLLSTAENDIG
DMV-152522,36532.0,36532.0,2016,2016-06-19,2016-06-19-Höchberg,,,,,99.808,pass_verified,DMV_Teilnahmen_2015_2025_VOLLSTAENDIG
DMV-152523,36532.0,36532.0,2016,2016-08-21,2016-08-21-Olching,,,,,100.081,pass_verified,DMV_Teilnahmen_2015_2025_VOLLSTAENDIG
DMV-152524,36532.0,36532.0,2016,2016-09-04,2016-09-04-Olching,"3. Bundesliga Nord, Staffel I, 5. Spieltag",Dormagen,,,97.892,pass_verified,DMV_Teilnahmen_2015_2025_VOLLSTAENDIG
DMV-152525,36532.0,36532.0,2016,2016-09-11,2016-09-11-Ingolstadt_Auwaldsee,,,,,98.656,pass_verified,DMV_Teilnahmen_2015_2025_VOLLSTAENDIG
DMV-152526,36532.0,36532.0,2016,2016-12-03,2016-12-03-Mannheim_Sandhofen_Halle,,,,,102.197,pass_verified,DMV_Teilnahmen_2015_2025_VOLLSTAENDIG
DMV-152527,36538.0,36538.0,2016,2016-04-10,2016-04-10-Bottrop_Overbeckshof,,,,,105.785,pass_verified,DMV_Teilnahmen_2015_2025_VOLLSTAENDIG
DMV-152528,36538.0,36538.0,2016,2016-05-22,2016-05-22-Gelsenkirchen_Bulmke,,,,,108.837,pass_verified,DMV_Teilnahmen_2015_2025_VOLLSTAENDIG
DMV-152529,36538.0,36538.0,2016,2016-06-19,2016-06-19-Lünen,,,,,104.447,pass_verified,DMV_Teilnahmen_2015_2025_VOLLSTAENDIG
DMV-152530,36538.0,36538.0,2016,2016-07-02,2016-07-02-Gevelsberg,,,,,104.867,pass_verified,DMV_Teilnahmen_2015_2025_VOLLSTAENDIG
DMV-152531,36538.0,36538.0,2016,2016-08-07,2016-08-07-Dortmund_Brechten,"NBV-Landesliga Staffel I, 5. Spieltag",Kaarst,,,108.651,pass_verified,DMV_Teilnahmen_2015_2025_VOLLSTAENDIG
DMV-152532,36538.0,36538.0,2016,2016-09-17,2016-09-17-Witten_Herbede,,,,,106.342,pass_verified,DMV_Teilnahmen_2015_2025_VOLLSTAENDIG
DMV-152533,36538.0,36538.0,2016,2016-09-17,2016-09-17-Witten_Herbede2,,,,,108.091,pass_verified,DMV_Teilnahmen_2015_2025_VOLLSTAENDIG
DMV-152534,36538.0,36538.0,2016,2016-10-23,2016-10-23-Gevelsberg,,,,,108.002,pass_verified,DMV_Teilnahmen_2015_2025_VOLLSTAENDIG
DMV-152535,36548.0,36548.0,2016,2016-04-10,2016-04-10-Uerdingen,,,,,106.237,pass_verified,DMV_Teilnahmen_2015_2025_VOLLSTAENDIG
DMV-152536,36548.0,36548.0,2016,2016-05-22,2016-05-22-Mönchengladbach,,,,,104.786,pass_verified,DMV_Teilnahmen_2015_2025_VOLLSTAENDIG
DMV-152537,36548.0,36548.0,2016,2016-06-05,2016-06-05-Dormagen,,,,,105.613,pass_verified,DMV_Teilnahmen_2015_2025_VOLLSTAENDIG
DMV-152538,36548.0,36548.0,2016,2016-08-07,2016-08-07-Duisburg_Rheinhausen,"NBV-Landesliga Staffel I, 5. Spieltag",Kaarst,,,102.884,pass_verified,DMV_Teilnahmen_2015_2025_VOLLSTAENDIG
DMV-152539,36548.0,36548.0,2016,2016-09-04,2016-09-04-Kaarst,"3. Bundesliga Nord, Staffel I, 5. Spieltag",Dormagen,,,101.065,pass_verified,DMV_Teilnahmen_2015_2025_VOLLSTAENDIG
DMV-152540,36548.0,36548.0,2016,2016-09-04,2016-09-04-Büttgen,"3. Bundesliga Nord, Staffel I, 5. Spieltag",Dormagen,,,101.065,pass_verified,DMV_Teilnahmen_2015_2025_VOLLSTAENDIG
DMV-152541,36549.0,36549.0,2016,2016-04-10,2016-04-10-Uerdingen,,,,,108.903,pass_verified,DMV_Teilnahmen_2015_2025_VOLLSTAENDIG
DMV-152542,36549.0,36549.0,2016,2016-05-22,2016-05-22-Mönchengladbach,,,,,106.119,pass_verified,DMV_Teilnahmen_2015_2025_VOLLSTAENDIG
DMV-152543,36549.0,36549.0,2016,2016-06-19,2016-06-19-Dormagen_Hackenbroich,,,,,107.894,pass_verified,DMV_Teilnahmen_2015_2025_VOLLSTAENDIG
DMV-152544,36549.0,36549.0,2016,2016-08-07,2016-08-07-Duisburg_Rheinhausen,"NBV-Landesliga Staffel I, 5. Spieltag",Kaarst,,,105.884,pass_verified,DMV_Teilnahmen_2015_2025_VOLLSTAENDIG
DMV-152545,36549.0,36549.0,2016,2016-09-04,2016-09-04-Kaarst,"3. Bundesliga Nord, Staffel I, 5. Spieltag",Dormagen,,,105.065,pass_verified,DMV_Teilnahmen_2015_2025_VOLLSTAENDIG
DMV-152546,36549.0,36549.0,2016,2016-09-04,2016-09-04-Büttgen,"3. Bundesliga Nord, Staffel I, 5. Spieltag",Dormagen,,,105.065,pass_verified,DMV_Teilnahmen_2015_2025_VOLLSTAENDIG
DMV-152547,36550.0,36550.0,2016,2016-04-10,2016-04-10-Uerdingen,,,,,107.237,pass_verified,DMV_Teilnahmen_2015_2025_VOLLSTAENDIG
DMV-152548,36550.0,36550.0,2016,2016-05-22,2016-05-22-Mönchengladbach,,,,,106.453,pass_verified,DMV_Teilnahmen_2015_2025_VOLLSTAENDIG
DMV-152549,36550.0,36550.0,2016,2016-06-05,2016-06-05-Dormagen,,,,,108.947,pass_verified,DMV_Teilnahmen_2015_2025_VOLLSTAENDIG
DMV-152550,36550.0,36550.0,2016,2016-08-07,2016-08-07-Duisburg_Rheinhausen,"NBV-Landesliga Staffel I, 5. Spieltag",Kaarst,,,109.551,pass_verified,DMV_Teilnahmen_2015_2025_VOLLSTAENDIG
DMV-152551,36550.0,36550.0,2016,2016-09-04,2016-09-04-Kaarst,"3. Bundesliga Nord, Staffel I, 5. Spieltag",Dormagen,,,110.065,pass_verified,DMV_Teilnahmen_2015_2025_VOLLSTAENDIG
DMV-152552,36550.0,36550.0,2016,2016-09-04,2016-09-04-Büttgen,"3. Bundesliga Nord, Staffel I, 5. Spieltag",Dormagen,,,110.065,pass_verified,DMV_Teilnahmen_2015_2025_VOLLSTAENDIG
DMV-152553,36560.0,36560.0,2016,2016-03-04,2016-03-04-Celle_Halle,,,,,99.07,pass_verified,DMV_Teilnahmen_2015_2025_VOLLSTAENDIG
DMV-152554,36560.0,36560.0,2016,2016-05-22,2016-05-22-Dormagen_Hackenbroich,"1. Bundesliga Nord, 2. Spieltag",Dormagen,,7.0,99.177,pass_verified,DMV_Teilnahmen_2015_2025_VOLLSTAENDIG
DMV-152555,36560.0,36560.0,2016,2016-06-19,2016-06-19-Bad_Münder,"1. Bundesliga Nord, 4. Spieltag",Bad Münder,,,97.657,pass_verified,DMV_Teilnahmen_2015_2025_VOLLSTAENDIG
DMV-152556,36560.0,36560.0,2016,2016-07-13,2016-07-13-Wanne_Eickel,,,,,98.189,pass_verified,DMV_Teilnahmen_2015_2025_VOLLSTAENDIG
DMV-152557,36560.0,36560.0,2016,2016-07-16,2016-07-16-Wanne_Eickel,,,,,99.228,pass_verified,DMV_Teilnahmen_2015_2025_VOLLSTAENDIG
DMV-152558,36563.0,36563.0,2016,2016-06-05,2016-06-05-Salzgitter,,,,,109.067,pass_verified,DMV_Teilnahmen_2015_2025_VOLLSTAENDIG
DMV-152559,36564.0,36564.0,2016,2016-06-05,2016-06-05-Vellmar,,,,,102.144,pass_verified,DMV_Teilnahmen_2015_2025_VOLLSTAENDIG
DMV-152560,36564.0,36564.0,2016,2016-08-06,2016-08-06-Bad_Münder,,,,,101.477,pass_verified,DMV_Teilnahmen_2015_2025_VOLLSTAENDIG
DMV-152561,36564.0,36564.0,2016,2016-08-13,2016-08-13-Salzgitter,,,,,101.555,pass_verified,DMV_Teilnahmen_2015_2025_VOLLSTAENDIG
DMV-152562,36564.0,36564.0,2016,2016-08-20,2016-08-20-Gebhardshagen,,,,,101.076,pass_verified,DMV_Teilnahmen_2015_2025_VOLLSTAENDIG
DMV-152563,36564.0,36564.0,2016,2016-09-04,2016-09-04-Salzgitter,"3. Bundesliga Nord, Staffel I, 5. Spieltag",Dormagen,,,99.768,pass_verified,DMV_Teilnahmen_2015_2025_VOLLSTAENDIG
DMV-152564,36564.0,36564.0,2016,2016-10-01,2016-10-01-Bad_Münder2,Europacup 2016,Neutraubling,,,101.838,pass_verified,DMV_Teilnahmen_2015_2025_VOLLSTAENDIG
DMV-152565,36565.0,36565.0,2016,2016-03-20,2016-03-20-Celle_Halle,,,,,101.471,pass_verified,DMV_Teilnahmen_2015_2025_VOLLSTAENDIG
DMV-152566,36565.0,36565.0,2016,2016-04-17,2016-04-17-Northeim,,,,,100.815,pass_verified,DMV_Teilnahmen_2015_2025_VOLLSTAENDIG
DMV-152567,36565.0,36565.0,2016,2016-05-22,2016-05-22-Vellmar,,,,,104.384,pass_verified,DMV_Teilnahmen_2015_2025_VOLLSTAENDIG
DMV-152568,36565.0,36565.0,2016,2016-05-29,2016-05-29-Göttingen_Schillerwiesen,MRP-Jugendliga/A-Rangliste,Mainz,,,101.869,pass_verified,DMV_Teilnahmen_2015_2025_VOLLSTAENDIG
DMV-152569,36565.0,36565.0,2016,2016-06-05,2016-06-05-Gebhardshagen,"MVBN-Verbandsliga Süd, 3. Punktspiel",Gebhardshagen,,21.0,104.98,pass_verified,DMV_Teilnahmen_2015_2025_VOLLSTAENDIG
DMV-152570,36565.0,36565.0,2016,2016-06-19,2016-06-19-Wolfsburg,,,,,107.15,pass_verified,DMV_Teilnahmen_2015_2025_VOLLSTAENDIG
DMV-152571,36565.0,36565.0,2016,2016-05-01,2016-05-01-Goslar,,,,,103.784,pass_verified,DMV_Teilnahmen_2015_2025_VOLLSTAENDIG
DMV-152572,36565.0,36565.0,2016,2016-07-31,2016-07-31-Salzgitter,,,,,102.582,pass_verified,DMV_Teilnahmen_2015_2025_VOLLSTAENDIG
DMV-152573,36567.0,36567.0,2016,2016-02-21,2016-02-21-Celle_Halle,,,,,105.688,pass_verified,DMV_Teilnahmen_2015_2025_VOLLSTAENDIG
DMV-152574,36567.0,36567.0,2016,2016-04-17,2016-04-17-Lüneburg,,,,,105.525,pass_verified,DMV_Teilnahmen_2015_2025_VOLLSTAENDIG
DMV-152575,36567.0,36567.0,2016,2016-05-01,2016-05-01-Vellmar,,,,,105.601,pass_verified,DMV_Teilnahmen_2015_2025_VOLLSTAENDIG
DMV-152576,36567.0,36567.0,2016,2016-05-22,2016-05-22-Diepholz,,,,,108.466,pass_verified,DMV_Teilnahmen_2015_2025_VOLLSTAENDIG
DMV-152577,36567.0,36567.0,2016,2016-05-29,2016-05-29-Celle,MRP-Jugendliga/A-Rangliste,Mainz,,,103.6,pass_verified,DMV_Teilnahmen_2015_2025_VOLLSTAENDIG
DMV-152578,36567.0,36567.0,2016,2016-06-05,2016-06-05-Cuxhaven,,,,,103.494,pass_verified,DMV_Teilnahmen_2015_2025_VOLLSTAENDIG
DMV-152579,36567.0,36567.0,2016,2016-06-12,2016-06-12-Hannover,,,,,104.613,pass_verified,DMV_Teilnahmen_2015_2025_VOLLSTAENDIG
DMV-152580,36567.0,36567.0,2016,2016-06-19,2016-06-19-Bremen_Vahr,,,,,106.738,pass_verified,DMV_Teilnahmen_2015_2025_VOLLSTAENDIG
DMV-152581,36567.0,36567.0,2016,2016-07-31,2016-07-31-Bad_Nenndorf,,,,,106.715,pass_verified,DMV_Teilnahmen_2015_2025_VOLLSTAENDIG
DMV-152582,36567.0,36567.0,2016,2016-08-27,2016-08-27-Hamburg_Lurup,,,,,105.291,pass_verified,DMV_Teilnahmen_2015_2025_VOLLSTAENDIG
DMV-152583,36570.0,36570.0,2016,2016-01-24,2016-01-24-Mannheim_Sandhofen_Halle2,Südwestdeutsche Jugendmeisterschaft,Mannheim,,,102.601,pass_verified,DMV_Teilnahmen_2015_2025_VOLLSTAENDIG
DMV-152584,36570.0,36570.0,2016,2016-04-01,2016-04-01-Schweinfurt,,,,,100.074,pass_verified,DMV_Teilnahmen_2015_2025_VOLLSTAENDIG
DMV-152585,36570.0,36570.0,2016,2016-04-10,2016-04-10-Weinheim,2. Spieltag Jugendrangliste BBS / MRP,Weinheim,,1.0,101.475,pass_verified,DMV_Teilnahmen_2015_2025_VOLLSTAENDIG
DMV-152586,36570.0,36570.0,2016,2016-04-17,2016-04-17-Homburg_Stadtpark,1. Spieltag 1. Bundesliga Süd,Homburg,,,100.375,pass_verified,DMV_Teilnahmen_2015_2025_VOLLSTAENDIG
DMV-152587,36570.0,36570.0,2016,2016-06-19,2016-06-19-Schriesheim,"2. Bundesliga Süd Staffel I, 4. Spieltag",Schriesheim,,,97.451,pass_verified,DMV_Teilnahmen_2015_2025_VOLLSTAENDIG
DMV-152588,36570.0,36570.0,2016,2016-07-13,2016-07-13-Wanne_Eickel,,,,,98.999,pass_verified,DMV_Teilnahmen_2015_2025_VOLLSTAENDIG
DMV-152589,36570.0,36570.0,2016,2016-07-16,2016-07-16-Wanne_Eickel,,,,,98.466,pass_verified,DMV_Teilnahmen_2015_2025_VOLLSTAENDIG
DMV-152590,36570.0,36570.0,2016,2016-07-21,2016-07-21-Weinheim,,,,,101.654,pass_verified,DMV_Teilnahmen_2015_2025_VOLLSTAENDIG
DMV-152591,36570.0,36570.0,2016,2016-10-01,2016-10-01-Landshut,Europacup 2016,Neutraubling,,,99.314,pass_verified,DMV_Teilnahmen_2015_2025_VOLLSTAENDIG
DMV-152592,36571.0,36571.0,2016,2016-05-22,2016-05-22-Mannheim,,,,,101.729,pass_verified,DMV_Teilnahmen_2015_2025_VOLLSTAENDIG
DMV-152593,36571.0,36571.0,2016,2016-06-05,2016-06-05-Künzell,,,,,104.863,pass_verified,DMV_Teilnahmen_2015_2025_VOLLSTAENDIG
DMV-152594,36571.0,36571.0,2016,2016-06-19,2016-06-19-Schriesheim,"2. Bundesliga Süd Staffel I, 4. Spieltag",Schriesheim,,,108.451,pass_verified,DMV_Teilnahmen_2015_2025_VOLLSTAENDIG
DMV-152595,36571.0,36571.0,2016,2016-07-31,2016-07-31-Mainz_Hartenberg,"2. Bundesliga Süd, Staffel I, 5. Spieltag",Mainz,,,99.27,pass_verified,DMV_Teilnahmen_2015_2025_VOLLSTAENDIG
DMV-152596,36572.0,36572.0,2016,2016-01-31,2016-01-31-Celle_Halle,,,,,101.614,pass_verified,DMV_Teilnahmen_2015_2025_VOLLSTAENDIG
DMV-152597,36572.0,36572.0,2016,2016-03-20,2016-03-20-Celle_Halle,,,,,104.804,pass_verified,DMV_Teilnahmen_2015_2025_VOLLSTAENDIG
DMV-152598,36572.0,36572.0,2016,2016-04-09,2016-04-09-Hannover,,,,,100.619,pass_verified,DMV_Teilnahmen_2015_2025_VOLLSTAENDIG
DMV-152599,36572.0,36572.0,2016,2016-04-17,2016-04-17-Hannover,,,,,102.62,pass_verified,DMV_Teilnahmen_2015_2025_VOLLSTAENDIG
DMV-152600,36572.0,36572.0,2016,2016-05-22,2016-05-22-Cuxhaven,,,,,106.16,pass_verified,DMV_Teilnahmen_2015_2025_VOLLSTAENDIG
DMV-152601,36572.0,36572.0,2016,2016-06-05,2016-06-05-Celle,,,,,102.393,pass_verified,DMV_Teilnahmen_2015_2025_VOLLSTAENDIG
DMV-152602,36572.0,36572.0,2016,2016-06-19,2016-06-19-Hannover,,,,,101.747,pass_verified,DMV_Teilnahmen_2015_2025_VOLLSTAENDIG
DMV-152603,36572.0,36572.0,2016,2016-05-01,2016-05-01-Goslar,,,,,102.951,pass_verified,DMV_Teilnahmen_2015_2025_VOLLSTAENDIG
DMV-152604,36572.0,36572.0,2016,2016-07-31,2016-07-31-Bremen_Vahr,,,,,101.332,pass_verified,DMV_Teilnahmen_2015_2025_VOLLSTAENDIG
DMV-152605,36572.0,36572.0,2016,2016-08-18,2016-08-18-Traben_Trarbach,,,,,105.912,pass_verified,DMV_Teilnahmen_2015_2025_VOLLSTAENDIG
DMV-152606,36572.0,36572.0,2016,2016-09-17,2016-09-17-Hannover,,,,,102.213,pass_verified,DMV_Teilnahmen_2015_2025_VOLLSTAENDIG
DMV-152607,36587.0,36587.0,2016,2016-04-10,2016-04-10-Wernau,,,,,104.866,pass_verified,DMV_Teilnahmen_2015_2025_VOLLSTAENDIG
DMV-152608,36587.0,36587.0,2016,2016-04-17,2016-04-17-Sindelfingen,,,,,105.633,pass_verified,DMV_Teilnahmen_2015_2025_VOLLSTAENDIG
DMV-152609,36587.0,36587.0,2016,2016-05-15,2016-05-15-Metzingen,,,,,101.492,pass_verified,DMV_Teilnahmen_2015_2025_VOLLSTAENDIG
DMV-152610,36587.0,36587.0,2016,2016-05-22,2016-05-22-Hechingen,,,,,103.539,pass_verified,DMV_Teilnahmen_2015_2025_VOLLSTAENDIG
DMV-152611,36587.0,36587.0,2016,2016-06-05,2016-06-05-Ludwigsburg,,,,,105.383,pass_verified,DMV_Teilnahmen_2015_2025_VOLLSTAENDIG
DMV-152612,36587.0,36587.0,2016,2016-06-19,2016-06-19-Unterschneidheim,,,,,107.039,pass_verified,DMV_Teilnahmen_2015_2025_VOLLSTAENDIG
DMV-152613,36587.0,36587.0,2016,2016-07-31,2016-07-31-Bad_Mergentheim,,,,,106.842,pass_verified,DMV_Teilnahmen_2015_2025_VOLLSTAENDIG
DMV-152614,36594.0,36594.0,2016,2016-01-24,2016-01-24-Salzburg,Südwestdeutsche Jugendmeisterschaft,Mannheim,,,101.27,pass_verified,DMV_Teilnahmen_2015_2025_VOLLSTAENDIG
DMV-152615,36594.0,36594.0,2016,2016-01-09,2016-01-09-Hohenems_Halle,,,,,99.968,pass_verified,DMV_Teilnahmen_2015_2025_VOLLSTAENDIG
DMV-152616,36594.0,36594.0,2016,2016-03-27,2016-03-27-Landshut,,,,,102.191,pass_verified,DMV_Teilnahmen_2015_2025_VOLLSTAENDIG
DMV-152617,36594.0,36594.0,2016,2016-04-24,2016-04-24-Olching,,,,,101.28,pass_verified,DMV_Teilnahmen_2015_2025_VOLLSTAENDIG
DMV-152618,36594.0,36594.0,2016,2016-05-22,2016-05-22-Murnau_See,"1. Bundesliga Süd, 2. Spieltag",Murnau,,,102.778,pass_verified,DMV_Teilnahmen_2015_2025_VOLLSTAENDIG
DMV-152619,36594.0,36594.0,2016,2016-05-26,2016-05-26-Kelheim,,,,,101.098,pass_verified,DMV_Teilnahmen_2015_2025_VOLLSTAENDIG
DMV-152620,36594.0,36594.0,2016,2016-06-05,2016-06-05-Bamberg,"MVBN-Verbandsliga Süd, 3. Punktspiel",Gebhardshagen,,1.0,101.972,pass_verified,DMV_Teilnahmen_2015_2025_VOLLSTAENDIG
DMV-152621,36594.0,36594.0,2016,2016-07-13,2016-07-13-Wanne_Eickel,,,,,101.582,pass_verified,DMV_Teilnahmen_2015_2025_VOLLSTAENDIG
DMV-152622,36594.0,36594.0,2016,2016-07-16,2016-07-16-Wanne_Eickel2,,,,,99.407,pass_verified,DMV_Teilnahmen_2015_2025_VOLLSTAENDIG
DMV-152623,36594.0,36594.0,2016,2016-08-07,2016-08-07-Garmisch_Partenkirchen,"NBV-Landesliga Staffel I, 5. Spieltag",Kaarst,,,100.465,pass_verified,DMV_Teilnahmen_2015_2025_VOLLSTAENDIG
DMV-152624,36603.0,36603.0,2016,2016-02-21,2016-02-21-Celle_Halle,,,,,101.855,pass_verified,DMV_Teilnahmen_2015_2025_VOLLSTAENDIG
DMV-152625,36603.0,36603.0,2016,2016-03-04,2016-03-04-Celle_Halle,,,,,99.57,pass_verified,DMV_Teilnahmen_2015_2025_VOLLSTAENDIG
DMV-152626,36603.0,36603.0,2016,2016-04-17,2016-04-17-Northeim,,,,,99.565,pass_verified,DMV_Teilnahmen_2015_2025_VOLLSTAENDIG
DMV-152627,36603.0,36603.0,2016,2016-05-01,2016-05-01-Vellmar,,,,,101.767,pass_verified,DMV_Teilnahmen_2015_2025_VOLLSTAENDIG
DMV-152628,36603.0,36603.0,2016,2016-05-07,2016-05-07-Diepholz,,,,,101.303,pass_verified,DMV_Teilnahmen_2015_2025_VOLLSTAENDIG
DMV-152629,36603.0,36603.0,2016,2016-05-22,2016-05-22-Vellmar,,,,,101.134,pass_verified,DMV_Teilnahmen_2015_2025_VOLLSTAENDIG
DMV-152630,36603.0,36603.0,2016,2016-05-29,2016-05-29-Celle,MRP-Jugendliga/A-Rangliste,Mainz,,,101.267,pass_verified,DMV_Teilnahmen_2015_2025_VOLLSTAENDIG
DMV-152631,36603.0,36603.0,2016,2016-06-05,2016-06-05-Gebhardshagen,"MVBN-Verbandsliga Süd, 3. Punktspiel",Gebhardshagen,,2.0,100.23,pass_verified,DMV_Teilnahmen_2015_2025_VOLLSTAENDIG
DMV-152632,36603.0,36603.0,2016,2016-06-19,2016-06-19-Künsebeck,,,,,100.506,pass_verified,DMV_Teilnahmen_2015_2025_VOLLSTAENDIG
DMV-152633,36603.0,36603.0,2016,2016-07-31,2016-07-31-Salzgitter,,,,,99.082,pass_verified,DMV_Teilnahmen_2015_2025_VOLLSTAENDIG
DMV-152634,36603.0,36603.0,2016,2016-08-13,2016-08-13-Salzgitter,,,,,101.055,pass_verified,DMV_Teilnahmen_2015_2025_VOLLSTAENDIG
DMV-152635,36603.0,36603.0,2016,2016-08-20,2016-08-20-Gebhardshagen,,,,,102.076,pass_verified,DMV_Teilnahmen_2015_2025_VOLLSTAENDIG
DMV-152636,36616.0,36616.0,2016,2016-04-10,2016-04-10-Mönchengladbach,,,,,103.74,pass_verified,DMV_Teilnahmen_2015_2025_VOLLSTAENDIG
DMV-152637,36616.0,36616.0,2016,2016-06-05,2016-06-05-Neheim_Hüsten,,,,,103.908,pass_verified,DMV_Teilnahmen_2015_2025_VOLLSTAENDIG
DMV-152638,36616.0,36616.0,2016,2016-06-19,2016-06-19-Bad_Salzuflen,,,,,102.739,pass_verified,DMV_Teilnahmen_2015_2025_VOLLSTAENDIG
DMV-152639,36616.0,36616.0,2016,2016-08-07,2016-08-07-Dormagen_Hackenbroich,"NBV-Landesliga Staffel I, 5. Spieltag",Kaarst,,,103.612,pass_verified,DMV_Teilnahmen_2015_2025_VOLLSTAENDIG
DMV-152640,36616.0,36616.0,2016,2016-09-25,2016-09-25-Kaarst,,,,,101.441,pass_verified,DMV_Teilnahmen_2015_2025_VOLLSTAENDIG
DMV-152641,36616.0,36616.0,2016,2016-10-23,2016-10-23-Gevelsberg,,,,,105.002,pass_verified,DMV_Teilnahmen_2015_2025_VOLLSTAENDIG
DMV-152642,36616.0,36616.0,2016,2016-09-25,2016-09-25-Büttgen,,,,,101.441,pass_verified,DMV_Teilnahmen_2015_2025_VOLLSTAENDIG
DMV-152643,36623.0,36623.0,2016,2016-06-05,2016-06-05-Karlsfeld,,,,,107.068,pass_verified,DMV_Teilnahmen_2015_2025_VOLLSTAENDIG
DMV-152644,36623.0,36623.0,2016,2016-07-10,2016-07-10-Wolnzach,,,,,105.505,pass_verified,DMV_Teilnahmen_2015_2025_VOLLSTAENDIG
DMV-152645,36623.0,36623.0,2016,2016-08-14,2016-08-14-Lichtenfels,26. Rebland-Turnier,Ohlsbach,,,105.607,pass_verified,DMV_Teilnahmen_2015_2025_VOLLSTAENDIG
DMV-152646,36623.0,36623.0,2016,2016-09-04,2016-09-04-Olching2,"3. Bundesliga Nord, Staffel I, 5. Spieltag",Dormagen,,,107.507,pass_verified,DMV_Teilnahmen_2015_2025_VOLLSTAENDIG
DMV-152647,36623.0,36623.0,2016,2016-09-17,2016-09-17-Ingolstadt_Auwaldsee,,,,,107.8,pass_verified,DMV_Teilnahmen_2015_2025_VOLLSTAENDIG
DMV-152648,36623.0,36623.0,2016,2016-10-08,2016-10-08-Ingolstadt_Auwaldsee,,,,,108.046,pass_verified,DMV_Teilnahmen_2015_2025_VOLLSTAENDIG
DMV-152649,36624.0,36624.0,2016,2016-01-30,2016-01-30-Mannheim_Sandhofen_Halle,,,,,102.773,pass_verified,DMV_Teilnahmen_2015_2025_VOLLSTAENDIG
DMV-152650,36624.0,36624.0,2016,2016-04-10,2016-04-10-Ludwigshafen,,,,,108.069,pass_verified,DMV_Teilnahmen_2015_2025_VOLLSTAENDIG
DMV-152651,36624.0,36624.0,2016,2016-05-01,2016-05-01-Mainz_Hartenberg,MRP - Seniorenliga/A-Rangliste,Mainz,,,106.474,pass_verified,DMV_Teilnahmen_2015_2025_VOLLSTAENDIG
DMV-152652,36624.0,36624.0,2016,2016-07-13,2016-07-13-Wanne_Eickel,,,,,105.332,pass_verified,DMV_Teilnahmen_2015_2025_VOLLSTAENDIG
DMV-152653,36624.0,36624.0,2016,2016-08-06,2016-08-06-Mannheim,,,,,105.328,pass_verified,DMV_Teilnahmen_2015_2025_VOLLSTAENDIG
DMV-152654,36624.0,36624.0,2016,2016-09-18,2016-09-18-Murnau_See,Heven-Cup 2016,Witten,,,105.922,pass_verified,DMV_Teilnahmen_2015_2025_VOLLSTAENDIG
DMV-152655,36624.0,36624.0,2016,2016-12-03,2016-12-03-Mannheim_Sandhofen_Halle,,,,,104.697,pass_verified,DMV_Teilnahmen_2015_2025_VOLLSTAENDIG
DMV-152656,36625.0,36625.0,2016,2016-04-24,2016-04-24-Olching,,,,,102.28,pass_verified,DMV_Teilnahmen_2015_2025_VOLLSTAENDIG
DMV-152657,36625.0,36625.0,2016,2016-06-05,2016-06-05-Karlsfeld,,,,,106.568,pass_verified,DMV_Teilnahmen_2015_2025_VOLLSTAENDIG
DMV-152658,36625.0,36625.0,2016,2016-06-12,2016-06-12-Ottobrunn,,,,,104.833,pass_verified,DMV_Teilnahmen_2015_2025_VOLLSTAENDIG
DMV-152659,36625.0,36625.0,2016,2016-07-10,2016-07-10-Wolnzach,,,,,106.555,pass_verified,DMV_Teilnahmen_2015_2025_VOLLSTAENDIG
DMV-152660,36625.0,36625.0,2016,2016-08-14,2016-08-14-Lichtenfels,26. Rebland-Turnier,Ohlsbach,,,106.941,pass_verified,DMV_Teilnahmen_2015_2025_VOLLSTAENDIG
DMV-152661,36625.0,36625.0,2016,2016-09-04,2016-09-04-Olching2,"3. Bundesliga Nord, Staffel I, 5. Spieltag",Dormagen,,,104.007,pass_verified,DMV_Teilnahmen_2015_2025_VOLLSTAENDIG
DMV-152662,36625.0,36625.0,2016,2016-09-11,2016-09-11-Ottobrunn,,,,,109.877,pass_verified,DMV_Teilnahmen_2015_2025_VOLLSTAENDIG
DMV-152663,36625.0,36625.0,2016,2016-09-17,2016-09-17-Ingolstadt_Auwaldsee,,,,,111.467,pass_verified,DMV_Teilnahmen_2015_2025_VOLLSTAENDIG
DMV-152664,36625.0,36625.0,2016,2016-09-25,2016-09-25-Karlsfeld,,,,,102.493,pass_verified,DMV_Teilnahmen_2015_2025_VOLLSTAENDIG
DMV-152665,36625.0,36625.0,2016,2016-10-08,2016-10-08-Ingolstadt_Auwaldsee,,,,,106.046,pass_verified,DMV_Teilnahmen_2015_2025_VOLLSTAENDIG
DMV-152666,36630.0,36630.0,2016,2016-04-10,2016-04-10-Waldshut,,,,,106.631,pass_verified,DMV_Teilnahmen_2015_2025_VOLLSTAENDIG
DMV-152667,36630.0,36630.0,2016,2016-04-17,2016-04-17-Rheinstetten,1. Spieltag BBS-Verbandsliga Allg. Klasse,Rheinstetten,,,102.356,pass_verified,DMV_Teilnahmen_2015_2025_VOLLSTAENDIG
DMV-152668,36630.0,36630.0,2016,2016-05-01,2016-05-01-Rheinstetten,2. Spieltag BBS-Verbandsliga Senioren,Rheinstetten,,,101.012,pass_verified,DMV_Teilnahmen_2015_2025_VOLLSTAENDIG
DMV-152669,36630.0,36630.0,2016,2016-05-07,2016-05-07-Tuttlingen,,,,,105.648,pass_verified,DMV_Teilnahmen_2015_2025_VOLLSTAENDIG
DMV-152670,36630.0,36630.0,2016,2016-05-22,2016-05-22-Sulzfeld,"NBV-Landesliga Staffel 1, 2. Spieltag",Kerpen,,23.0,105.328,pass_verified,DMV_Teilnahmen_2015_2025_VOLLSTAENDIG
DMV-152671,36630.0,36630.0,2016,2016-06-05,2016-06-05-Ilvesheim,,,,,105.129,pass_verified,DMV_Teilnahmen_2015_2025_VOLLSTAENDIG
DMV-152672,36630.0,36630.0,2016,2016-07-31,2016-07-31-Tuttlingen,"Verbandsliga Baden, 4. Spieltag",Tuttlingen,,,105.578,pass_verified,DMV_Teilnahmen_2015_2025_VOLLSTAENDIG
DMV-152673,36630.0,36630.0,2016,2016-09-04,2016-09-04-Singen,"3. Bundesliga Nord, Staffel I, 5. Spieltag",Dormagen,,,110.252,pass_verified,DMV_Teilnahmen_2015_2025_VOLLSTAENDIG
DMV-152674,36630.0,36630.0,2016,2016-10-22,2016-10-22-Lana,,,,,105.635,pass_verified,DMV_Teilnahmen_2015_2025_VOLLSTAENDIG
DMV-152675,36632.0,36632.0,2016,2016-04-10,2016-04-10-Wernau,,,,,102.116,pass_verified,DMV_Teilnahmen_2015_2025_VOLLSTAENDIG
DMV-152676,36632.0,36632.0,2016,2016-04-17,2016-04-17-Sindelfingen,,,,,102.883,pass_verified,DMV_Teilnahmen_2015_2025_VOLLSTAENDIG
DMV-152677,36632.0,36632.0,2016,2016-05-15,2016-05-15-Metzingen,,,,,102.092,pass_verified,DMV_Teilnahmen_2015_2025_VOLLSTAENDIG
DMV-152678,36632.0,36632.0,2016,2016-05-22,2016-05-22-Hechingen,,,,,104.039,pass_verified,DMV_Teilnahmen_2015_2025_VOLLSTAENDIG
DMV-152679,36632.0,36632.0,2016,2016-06-05,2016-06-05-Ludwigsburg,,,,,101.883,pass_verified,DMV_Teilnahmen_2015_2025_VOLLSTAENDIG
DMV-152680,36632.0,36632.0,2016,2016-06-19,2016-06-19-Unterschneidheim,,,,,104.539,pass_verified,DMV_Teilnahmen_2015_2025_VOLLSTAENDIG
DMV-152681,36632.0,36632.0,2016,2016-07-24,2016-07-24-Mitterteich,,,,,103.752,pass_verified,DMV_Teilnahmen_2015_2025_VOLLSTAENDIG
DMV-152682,36633.0,36633.0,2016,2016-04-17,2016-04-17-Sindelfingen,,,,,106.133,pass_verified,DMV_Teilnahmen_2015_2025_VOLLSTAENDIG
DMV-152683,36633.0,36633.0,2016,2016-05-22,2016-05-22-Hechingen,,,,,108.289,pass_verified,DMV_Teilnahmen_2015_2025_VOLLSTAENDIG
DMV-152684,36633.0,36633.0,2016,2016-06-05,2016-06-05-Ludwigsburg,,,,,104.883,pass_verified,DMV_Teilnahmen_2015_2025_VOLLSTAENDIG
DMV-152685,36636.0,36636.0,2016,2016-04-17,2016-04-17-Homburg_Stadtpark,1. Spieltag 1. Bundesliga Süd,Homburg,,,100.125,pass_verified,DMV_Teilnahmen_2015_2025_VOLLSTAENDIG
DMV-152686,36636.0,36636.0,2016,2016-05-22,2016-05-22-Murnau_See,"1. Bundesliga Süd, 2. Spieltag",Murnau,,,99.028,pass_verified,DMV_Teilnahmen_2015_2025_VOLLSTAENDIG
DMV-152687,36636.0,36636.0,2016,2016-06-05,2016-06-05-Bamberg,"1. Bundesliga Süd, 3. Spieltag",Bamberg,,,99.972,pass_verified,DMV_Teilnahmen_2015_2025_VOLLSTAENDIG
DMV-152688,36636.0,36636.0,2016,2016-06-19,2016-06-19-Wittlich,"1. Bundesliga Süd, 4. Spieltag",Wittlich,,,101.187,pass_verified,DMV_Teilnahmen_2015_2025_VOLLSTAENDIG
DMV-152689,36641.0,36641.0,2016,2016-04-17,2016-04-17-Göttingen_Grone,,,,,101.214,pass_verified,DMV_Teilnahmen_2015_2025_VOLLSTAENDIG
DMV-152690,36641.0,36641.0,2016,2016-05-22,2016-05-22-Bottrop_Overbeckshof,,,,,101.306,pass_verified,DMV_Teilnahmen_2015_2025_VOLLSTAENDIG
DMV-152691,36641.0,36641.0,2016,2016-06-05,2016-06-05-Velbert_Hardenberg,,,,,100.721,pass_verified,DMV_Teilnahmen_2015_2025_VOLLSTAENDIG
DMV-152692,36641.0,36641.0,2016,2016-06-19,2016-06-19-Göttingen_Schillerwiese,,,,,101.878,pass_verified,DMV_Teilnahmen_2015_2025_VOLLSTAENDIG
DMV-152693,36641.0,36641.0,2016,2016-07-31,2016-07-31-Neheim_Hüsten,,,,,99.377,pass_verified,DMV_Teilnahmen_2015_2025_VOLLSTAENDIG
DMV-152694,36641.0,36641.0,2016,2016-09-04,2016-09-04-Kerpen,"3. Bundesliga Nord, Staffel I, 5. Spieltag",Dormagen,,,102.609,pass_verified,DMV_Teilnahmen_2015_2025_VOLLSTAENDIG
DMV-152695,36647.0,36647.0,2016,2016-06-05,2016-06-05-Karlsfeld,,,,,101.318,pass_verified,DMV_Teilnahmen_2015_2025_VOLLSTAENDIG
DMV-152696,36647.0,36647.0,2016,2016-09-04,2016-09-04-Olching2,"3. Bundesliga Nord, Staffel I, 5. Spieltag",Dormagen,,,104.257,pass_verified,DMV_Teilnahmen_2015_2025_VOLLSTAENDIG
DMV-152697,36647.0,36647.0,2016,2016-09-11,2016-09-11-Ottobrunn,,,,,105.211,pass_verified,DMV_Teilnahmen_2015_2025_VOLLSTAENDIG
DMV-152698,36647.0,36647.0,2016,2016-09-25,2016-09-25-Karlsfeld,,,,,101.493,pass_verified,DMV_Teilnahmen_2015_2025_VOLLSTAENDIG
DMV-152699,36654.0,36654.0,2016,2016-05-22,2016-05-22-Gelsenkirchen_Bulmke,,,,,103.837,pass_verified,DMV_Teilnahmen_2015_2025_VOLLSTAENDIG
DMV-152700,36654.0,36654.0,2016,2016-06-05,2016-06-05-Castrop,"NBV-Berzirksliga Staffel VII, 3. Spieltag",Castrop-Rauxel,,8.0,108.223,pass_verified,DMV_Teilnahmen_2015_2025_VOLLSTAENDIG
DMV-152701,36654.0,36654.0,2016,2016-06-19,2016-06-19-Lünen,,,,,107.114,pass_verified,DMV_Teilnahmen_2015_2025_VOLLSTAENDIG
DMV-152702,36654.0,36654.0,2016,2016-08-07,2016-08-07-Dortmund_Brechten,"NBV-Landesliga Staffel I, 5. Spieltag",Kaarst,,,110.318,pass_verified,DMV_Teilnahmen_2015_2025_VOLLSTAENDIG
DMV-152703,36658.0,36658.0,2016,2016-04-10,2016-04-10-Epe,,,,,108.215,pass_verified,DMV_Teilnahmen_2015_2025_VOLLSTAENDIG
DMV-152704,36658.0,36658.0,2016,2016-05-22,2016-05-22-Wallenhorst_Rulle,,,,,112.276,pass_verified,DMV_Teilnahmen_2015_2025_VOLLSTAENDIG
DMV-152705,36658.0,36658.0,2016,2016-06-05,2016-06-05-Wesel,,,,,107.525,pass_verified,DMV_Teilnahmen_2015_2025_VOLLSTAENDIG
DMV-152706,36658.0,36658.0,2016,2016-08-07,2016-08-07-Herten,"NBV-Landesliga Staffel I, 5. Spieltag",Kaarst,,,110.205,pass_verified,DMV_Teilnahmen_2015_2025_VOLLSTAENDIG
DMV-152707,36659.0,36659.0,2016,2016-04-10,2016-04-10-Epe,,,,,104.548,pass_verified,DMV_Teilnahmen_2015_2025_VOLLSTAENDIG
DMV-152708,36659.0,36659.0,2016,2016-05-22,2016-05-22-Wallenhorst_Rulle,,,,,108.276,pass_verified,DMV_Teilnahmen_2015_2025_VOLLSTAENDIG
DMV-152709,36659.0,36659.0,2016,2016-06-05,2016-06-05-Wesel,,,,,109.525,pass_verified,DMV_Teilnahmen_2015_2025_VOLLSTAENDIG
DMV-152710,36660.0,36660.0,2016,2016-05-01,2016-05-01-Hamburg_Niendorf,,,,,103.677,pass_verified,DMV_Teilnahmen_2015_2025_VOLLSTAENDIG
DMV-152711,36660.0,36660.0,2016,2016-05-22,2016-05-22-Hamburg_Lurup,,,,,103.31,pass_verified,DMV_Teilnahmen_2015_2025_VOLLSTAENDIG
DMV-152712,36660.0,36660.0,2016,2016-05-29,2016-05-29-Hamburg_Rahlstedt,MRP-Jugendliga/A-Rangliste,Mainz,,,104.53,pass_verified,DMV_Teilnahmen_2015_2025_VOLLSTAENDIG
DMV-152713,36660.0,36660.0,2016,2016-06-12,2016-06-12-Hamburg_Lurup,,,,,104.501,pass_verified,DMV_Teilnahmen_2015_2025_VOLLSTAENDIG
DMV-152714,36660.0,36660.0,2016,2016-06-19,2016-06-19-Hamburg_Lohbrügge,,,,,99.986,pass_verified,DMV_Teilnahmen_2015_2025_VOLLSTAENDIG
DMV-152715,36660.0,36660.0,2016,2016-09-04,2016-09-04-Hamburg_Rahlstedt,"3. Bundesliga Nord, Staffel I, 5. Spieltag",Dormagen,,,102.211,pass_verified,DMV_Teilnahmen_2015_2025_VOLLSTAENDIG
DMV-152716,36660.0,36660.0,2016,2016-10-02,2016-10-02-Hamburg_Lohbrügge,,,,,100.549,pass_verified,DMV_Teilnahmen_2015_2025_VOLLSTAENDIG
DMV-152717,36667.0,36667.0,2016,2016-06-05,2016-06-05-Bad_Feilnbach,,,,,102.266,pass_verified,DMV_Teilnahmen_2015_2025_VOLLSTAENDIG
DMV-152718,36672.0,36672.0,2016,2016-06-05,2016-06-05-Murnau_See,,,,,111.749,pass_verified,DMV_Teilnahmen_2015_2025_VOLLSTAENDIG
DMV-152719,36672.0,36672.0,2016,2016-07-31,2016-07-31-Illertissen,,,,,107.245,pass_verified,DMV_Teilnahmen_2015_2025_VOLLSTAENDIG
DMV-152720,36672.0,36672.0,2016,2016-08-14,2016-08-14-Illertissen,26. Rebland-Turnier,Ohlsbach,,,105.576,pass_verified,DMV_Teilnahmen_2015_2025_VOLLSTAENDIG
DMV-152721,36672.0,36672.0,2016,2016-09-04,2016-09-04-Kempten_Steinbruch,"3. Bundesliga Nord, Staffel I, 5. Spieltag",Dormagen,,,110.616,pass_verified,DMV_Teilnahmen_2015_2025_VOLLSTAENDIG
DMV-152722,36686.0,36686.0,2016,2016-04-10,2016-04-10-Herne,,,,,109.936,pass_verified,DMV_Teilnahmen_2015_2025_VOLLSTAENDIG
DMV-152723,36686.0,36686.0,2016,2016-04-17,2016-04-17-Halver,,,,,106.07,pass_verified,DMV_Teilnahmen_2015_2025_VOLLSTAENDIG
DMV-152724,36686.0,36686.0,2016,2016-04-23,2016-04-23-Herne,,,,,107.78,pass_verified,DMV_Teilnahmen_2015_2025_VOLLSTAENDIG
DMV-152725,36686.0,36686.0,2016,2016-06-12,2016-06-12-Heilenbecke,,,,,109.53,pass_verified,DMV_Teilnahmen_2015_2025_VOLLSTAENDIG
DMV-152726,36686.0,36686.0,2016,2016-05-22,2016-05-22-Halver,,,,,106.966,pass_verified,DMV_Teilnahmen_2015_2025_VOLLSTAENDIG
DMV-152727,36686.0,36686.0,2016,2016-06-05,2016-06-05-Gevelsberg,,,,,110.151,pass_verified,DMV_Teilnahmen_2015_2025_VOLLSTAENDIG
DMV-152728,36686.0,36686.0,2016,2016-07-02,2016-07-02-Gevelsberg,,,,,104.867,pass_verified,DMV_Teilnahmen_2015_2025_VOLLSTAENDIG
DMV-152729,36686.0,36686.0,2016,2016-08-07,2016-08-07-Attendorn,"NBV-Landesliga Staffel I, 5. Spieltag",Kaarst,,,106.654,pass_verified,DMV_Teilnahmen_2015_2025_VOLLSTAENDIG
DMV-152730,36686.0,36686.0,2016,2016-08-18,2016-08-18-Traben_Trarbach,,,,,107.579,pass_verified,DMV_Teilnahmen_2015_2025_VOLLSTAENDIG
DMV-152731,36686.0,36686.0,2016,2016-09-10,2016-09-10-Lüttringhausen,,,,,105.87,pass_verified,DMV_Teilnahmen_2015_2025_VOLLSTAENDIG
DMV-152732,36686.0,36686.0,2016,2016-10-23,2016-10-23-Gevelsberg,,,,,104.502,pass_verified,DMV_Teilnahmen_2015_2025_VOLLSTAENDIG
DMV-152733,36686.0,36686.0,2016,2016-11-05,2016-11-05-Halver_Halle,,,,,109.334,pass_verified,DMV_Teilnahmen_2015_2025_VOLLSTAENDIG
DMV-152734,36686.0,36686.0,2016,2016-11-19,2016-11-19-Halver_Halle,,,,,108.912,pass_verified,DMV_Teilnahmen_2015_2025_VOLLSTAENDIG
DMV-152735,36686.0,36686.0,2016,2016-12-17,2016-12-17-Halver_Halle,,,,,106.883,pass_verified,DMV_Teilnahmen_2015_2025_VOLLSTAENDIG
DMV-152736,36691.0,36691.0,2016,2016-01-31,2016-01-31-Celle_Halle,,,,,100.114,pass_verified,DMV_Teilnahmen_2015_2025_VOLLSTAENDIG
DMV-152737,36691.0,36691.0,2016,2016-03-20,2016-03-20-Celle_Halle,,,,,99.304,pass_verified,DMV_Teilnahmen_2015_2025_VOLLSTAENDIG
DMV-152738,36691.0,36691.0,2016,2016-04-17,2016-04-17-Kerpen,1. Spieltag 1. Bundesliga Nord,Kerpen,,2.0,102.534,pass_verified,DMV_Teilnahmen_2015_2025_VOLLSTAENDIG
DMV-152739,36691.0,36691.0,2016,2016-05-22,2016-05-22-Dormagen_Hackenbroich,"1. Bundesliga Nord, 2. Spieltag",Dormagen,,1.0,100.427,pass_verified,DMV_Teilnahmen_2015_2025_VOLLSTAENDIG
DMV-152740,36691.0,36691.0,2016,2016-05-29,2016-05-29-Göttingen_Schillerwiesen,MRP-Jugendliga/A-Rangliste,Mainz,,,98.469,pass_verified,DMV_Teilnahmen_2015_2025_VOLLSTAENDIG
DMV-152741,36691.0,36691.0,2016,2016-06-05,2016-06-05-Hamburg_Rahlstedt,"1. Bundesliga Nord, 3. Spieltag",Hamburg,,,101.983,pass_verified,DMV_Teilnahmen_2015_2025_VOLLSTAENDIG
DMV-152742,36691.0,36691.0,2016,2016-06-19,2016-06-19-Bad_Münder,"1. Bundesliga Nord, 4. Spieltag",Bad Münder,,,98.657,pass_verified,DMV_Teilnahmen_2015_2025_VOLLSTAENDIG
DMV-152743,36691.0,36691.0,2016,2016-05-01,2016-05-01-Goslar,,,,,99.784,pass_verified,DMV_Teilnahmen_2015_2025_VOLLSTAENDIG
DMV-152744,36691.0,36691.0,2016,2016-07-13,2016-07-13-Wanne_Eickel,,,,,100.999,pass_verified,DMV_Teilnahmen_2015_2025_VOLLSTAENDIG
DMV-152745,36691.0,36691.0,2016,2016-07-16,2016-07-16-Wanne_Eickel2,,,,,99.195,pass_verified,DMV_Teilnahmen_2015_2025_VOLLSTAENDIG
DMV-152746,36691.0,36691.0,2016,2016-08-10,2016-08-10-Lahti,,,,,98.319,pass_verified,DMV_Teilnahmen_2015_2025_VOLLSTAENDIG
DMV-152747,36691.0,36691.0,2016,2016-08-13,2016-08-13-Lahti2,,,,,99.056,pass_verified,DMV_Teilnahmen_2015_2025_VOLLSTAENDIG
DMV-152748,36696.0,36696.0,2016,2016-03-27,2016-03-27-Landshut,,,,,107.191,pass_verified,DMV_Teilnahmen_2015_2025_VOLLSTAENDIG
DMV-152749,36696.0,36696.0,2016,2016-04-24,2016-04-24-Ingolstadt_Auwaldsee,,,,,102.389,pass_verified,DMV_Teilnahmen_2015_2025_VOLLSTAENDIG
DMV-152750,36696.0,36696.0,2016,2016-06-05,2016-06-05-Landshut,,,,,107.925,pass_verified,DMV_Teilnahmen_2015_2025_VOLLSTAENDIG
DMV-152751,36696.0,36696.0,2016,2016-06-12,2016-06-12-Ottobrunn,,,,,105.5,pass_verified,DMV_Teilnahmen_2015_2025_VOLLSTAENDIG
DMV-152752,36696.0,36696.0,2016,2016-06-19,2016-06-19-Wolnzach,,,,,106.87,pass_verified,DMV_Teilnahmen_2015_2025_VOLLSTAENDIG
DMV-152753,36696.0,36696.0,2016,2016-07-24,2016-07-24-Ingolstadt_Baggersee,,,,,110.801,pass_verified,DMV_Teilnahmen_2015_2025_VOLLSTAENDIG
DMV-152754,36697.0,36697.0,2016,2016-04-10,2016-04-10-Velbert_Hardenberg,"NBV-Landesliga Staffel 1, 1. Spieltag",Hardenberg,,5.0,103.94,pass_verified,DMV_Teilnahmen_2015_2025_VOLLSTAENDIG
DMV-152755,36697.0,36697.0,2016,2016-04-17,2016-04-17-Halver,,,,,104.403,pass_verified,DMV_Teilnahmen_2015_2025_VOLLSTAENDIG
DMV-152756,36697.0,36697.0,2016,2016-05-22,2016-05-22-Kerpen,"NBV-Landesliga Staffel 1, 2. Spieltag",Kerpen,,4.0,101.93,pass_verified,DMV_Teilnahmen_2015_2025_VOLLSTAENDIG
DMV-152757,36697.0,36697.0,2016,2016-06-05,2016-06-05-Lüdenscheid,"NBV-Landesliga I, 3. Spieltag",Lüdenscheid,,6.0,104.033,pass_verified,DMV_Teilnahmen_2015_2025_VOLLSTAENDIG
DMV-152758,36697.0,36697.0,2016,2016-06-19,2016-06-19-Velbert_Langenberg,,,,,104.785,pass_verified,DMV_Teilnahmen_2015_2025_VOLLSTAENDIG
DMV-152759,36697.0,36697.0,2016,2016-07-02,2016-07-02-Gevelsberg,,,,,102.533,pass_verified,DMV_Teilnahmen_2015_2025_VOLLSTAENDIG
DMV-152760,36697.0,36697.0,2016,2016-07-23,2016-07-23-Kerpen,,,,,102.921,pass_verified,DMV_Teilnahmen_2015_2025_VOLLSTAENDIG
DMV-152761,36697.0,36697.0,2016,2016-08-07,2016-08-07-Kaarst,"NBV-Landesliga Staffel I, 5. Spieltag",Kaarst,,9.0,105.159,pass_verified,DMV_Teilnahmen_2015_2025_VOLLSTAENDIG
DMV-152762,36697.0,36697.0,2016,2016-09-10,2016-09-10-Lüttringhausen,,,,,103.537,pass_verified,DMV_Teilnahmen_2015_2025_VOLLSTAENDIG
DMV-152763,36697.0,36697.0,2016,2016-09-25,2016-09-25-Kaarst,,,,,103.441,pass_verified,DMV_Teilnahmen_2015_2025_VOLLSTAENDIG
DMV-152764,36697.0,36697.0,2016,2016-10-23,2016-10-23-Gevelsberg,,,,,103.502,pass_verified,DMV_Teilnahmen_2015_2025_VOLLSTAENDIG
DMV-152765,36697.0,36697.0,2016,2016-09-25,2016-09-25-Büttgen,,,,,103.441,pass_verified,DMV_Teilnahmen_2015_2025_VOLLSTAENDIG
DMV-152766,36697.0,36697.0,2016,2016-11-19,2016-11-19-Halver_Halle,,,,,104.662,pass_verified,DMV_Teilnahmen_2015_2025_VOLLSTAENDIG
DMV-152767,36697.0,36697.0,2016,2016-12-17,2016-12-17-Halver_Halle,,,,,101.633,pass_verified,DMV_Teilnahmen_2015_2025_VOLLSTAENDIG
DMV-152768,36706.0,36706.0,2016,2016-06-05,2016-06-05-Bad_Bocklet,,,,,107.883,pass_verified,DMV_Teilnahmen_2015_2025_VOLLSTAENDIG
DMV-152769,36706.0,36706.0,2016,2016-06-19,2016-06-19-Wertheim,,,,,107.865,pass_verified,DMV_Teilnahmen_2015_2025_VOLLSTAENDIG
DMV-152770,36712.0,36712.0,2016,2016-08-18,2016-08-18-Rauschenberg,,,,,109.197,pass_verified,DMV_Teilnahmen_2015_2025_VOLLSTAENDIG
DMV-152771,36717.0,36717.0,2016,2016-04-10,2016-04-10-Trappenkamp,,,,,104.66,pass_verified,DMV_Teilnahmen_2015_2025_VOLLSTAENDIG
DMV-152772,36717.0,36717.0,2016,2016-04-17,2016-04-17-Elmshorn,,,,,106.871,pass_verified,DMV_Teilnahmen_2015_2025_VOLLSTAENDIG
DMV-152773,36717.0,36717.0,2016,2016-05-01,2016-05-01-Bad_Oldesloe,,,,,107.011,pass_verified,DMV_Teilnahmen_2015_2025_VOLLSTAENDIG
DMV-152774,36717.0,36717.0,2016,2016-05-08,2016-05-08-Trappenkamp,Badische Meisterschaften,Tuttlingen,,,103.116,pass_verified,DMV_Teilnahmen_2015_2025_VOLLSTAENDIG
DMV-152775,36717.0,36717.0,2016,2016-05-22,2016-05-22-Preetz,,,,,104.662,pass_verified,DMV_Teilnahmen_2015_2025_VOLLSTAENDIG
DMV-152776,36717.0,36717.0,2016,2016-06-05,2016-06-05-Kiel_West,,,,,101.441,pass_verified,DMV_Teilnahmen_2015_2025_VOLLSTAENDIG
DMV-152777,36717.0,36717.0,2016,2016-06-12,2016-06-12-Brunsbüttel,,,,,102.506,pass_verified,DMV_Teilnahmen_2015_2025_VOLLSTAENDIG
DMV-152778,36717.0,36717.0,2016,2016-06-19,2016-06-19-Trappenkamp,,,,,103.457,pass_verified,DMV_Teilnahmen_2015_2025_VOLLSTAENDIG
DMV-152779,36717.0,36717.0,2016,2016-07-24,2016-07-24-Bad_Oldesloe,,,,,101.604,pass_verified,DMV_Teilnahmen_2015_2025_VOLLSTAENDIG
DMV-152780,36717.0,36717.0,2016,2016-08-06,2016-08-06-Bad_Oldesloe,,,,,105.121,pass_verified,DMV_Teilnahmen_2015_2025_VOLLSTAENDIG
DMV-152781,36717.0,36717.0,2016,2016-08-27,2016-08-27-Hamburg_Lurup,,,,,109.005,pass_verified,DMV_Teilnahmen_2015_2025_VOLLSTAENDIG
DMV-152782,36717.0,36717.0,2016,2016-09-04,2016-09-04-Kiel_Gaarden,"3. Bundesliga Nord, Staffel I, 5. Spieltag",Dormagen,,,103.245,pass_verified,DMV_Teilnahmen_2015_2025_VOLLSTAENDIG
DMV-152783,36717.0,36717.0,2016,2016-09-18,2016-09-18-Brunsbüttel,Heven-Cup 2016,Witten,,,100.074,pass_verified,DMV_Teilnahmen_2015_2025_VOLLSTAENDIG
DMV-152784,36717.0,36717.0,2016,2016-09-18,2016-09-18-Brunsbüttel2,Heven-Cup 2016,Witten,,,101.106,pass_verified,DMV_Teilnahmen_2015_2025_VOLLSTAENDIG
DMV-152785,36748.0,36748.0,2016,2016-04-17,2016-04-17-Göttingen_Grone,,,,,102.464,pass_verified,DMV_Teilnahmen_2015_2025_VOLLSTAENDIG
DMV-152786,36748.0,36748.0,2016,2016-05-22,2016-05-22-Bottrop_Overbeckshof,,,,,99.64,pass_verified,DMV_Teilnahmen_2015_2025_VOLLSTAENDIG
DMV-152787,36748.0,36748.0,2016,2016-06-05,2016-06-05-Velbert_Hardenberg,,,,,101.471,pass_verified,DMV_Teilnahmen_2015_2025_VOLLSTAENDIG
DMV-152788,36748.0,36748.0,2016,2016-06-19,2016-06-19-Göttingen_Schillerwiese,,,,,103.628,pass_verified,DMV_Teilnahmen_2015_2025_VOLLSTAENDIG
DMV-152789,36748.0,36748.0,2016,2016-07-31,2016-07-31-Neheim_Hüsten,,,,,99.71,pass_verified,DMV_Teilnahmen_2015_2025_VOLLSTAENDIG
DMV-152790,36748.0,36748.0,2016,2016-08-18,2016-08-18-Traben_Trarbach,,,,,100.301,pass_verified,DMV_Teilnahmen_2015_2025_VOLLSTAENDIG
DMV-152791,36748.0,36748.0,2016,2016-09-04,2016-09-04-Kerpen,"3. Bundesliga Nord, Staffel I, 5. Spieltag",Dormagen,,,102.609,pass_verified,DMV_Teilnahmen_2015_2025_VOLLSTAENDIG
DMV-152792,36754.0,36754.0,2016,2016-03-13,2016-03-13-Köln_Freizeitinsel,,,,,108.861,pass_verified,DMV_Teilnahmen_2015_2025_VOLLSTAENDIG
DMV-152793,36754.0,36754.0,2016,2016-04-10,2016-04-10-Witten_Herbede,,,,,112.309,pass_verified,DMV_Teilnahmen_2015_2025_VOLLSTAENDIG
DMV-152794,36754.0,36754.0,2016,2016-05-22,2016-05-22-Lüttringhausen,,,,,105.951,pass_verified,DMV_Teilnahmen_2015_2025_VOLLSTAENDIG
DMV-152795,36754.0,36754.0,2016,2016-06-05,2016-06-05-Witten_Herbede,,,,,113.409,pass_verified,DMV_Teilnahmen_2015_2025_VOLLSTAENDIG
DMV-152796,36754.0,36754.0,2016,2016-08-07,2016-08-07-Wermelskirchen,"NBV-Landesliga Staffel I, 5. Spieltag",Kaarst,,,107.94,pass_verified,DMV_Teilnahmen_2015_2025_VOLLSTAENDIG
DMV-152797,36754.0,36754.0,2016,2016-09-04,2016-09-04-Lünen,"3. Bundesliga Nord, Staffel I, 5. Spieltag",Dormagen,,,105.605,pass_verified,DMV_Teilnahmen_2015_2025_VOLLSTAENDIG
DMV-152798,36767.0,36767.0,2016,2016-04-17,2016-04-17-Karlshagen2,,,,,107.805,pass_verified,DMV_Teilnahmen_2015_2025_VOLLSTAENDIG
DMV-152799,36767.0,36767.0,2016,2016-05-22,2016-05-22-Berlin_Tegel_Adelheidallee2,,,,,109.408,pass_verified,DMV_Teilnahmen_2015_2025_VOLLSTAENDIG
DMV-152800,36767.0,36767.0,2016,2016-05-29,2016-05-29-Woltersdorf,MRP-Jugendliga/A-Rangliste,Mainz,,,108.195,pass_verified,DMV_Teilnahmen_2015_2025_VOLLSTAENDIG
DMV-152801,36767.0,36767.0,2016,2016-06-12,2016-06-12-Berlin_MärkischesViertel,,,,,106.099,pass_verified,DMV_Teilnahmen_2015_2025_VOLLSTAENDIG
DMV-152802,36767.0,36767.0,2016,2016-06-19,2016-06-19-Woltersdorf,,,,,106.338,pass_verified,DMV_Teilnahmen_2015_2025_VOLLSTAENDIG
DMV-152803,36767.0,36767.0,2016,2016-04-10,2016-04-10-Berlin_Tegel_Adelheidallee,,,,,105.448,pass_verified,DMV_Teilnahmen_2015_2025_VOLLSTAENDIG
DMV-152804,36767.0,36767.0,2016,2016-05-01,2016-05-01-Berlin_Britz,,,,,101.766,pass_verified,DMV_Teilnahmen_2015_2025_VOLLSTAENDIG
DMV-152805,36767.0,36767.0,2016,2016-06-05,2016-06-05-Berlin_Lankwitz2,,,,,110.639,pass_verified,DMV_Teilnahmen_2015_2025_VOLLSTAENDIG
DMV-152806,36767.0,36767.0,2016,2016-07-31,2016-07-31-Berlin_Britz,,,,,107.42,pass_verified,DMV_Teilnahmen_2015_2025_VOLLSTAENDIG
DMV-152807,36767.0,36767.0,2016,2016-08-18,2016-08-18-Traben_Trarbach,,,,,108.246,pass_verified,DMV_Teilnahmen_2015_2025_VOLLSTAENDIG
DMV-152808,36767.0,36767.0,2016,2016-09-04,2016-09-04-Berlin_Spandau2,"3. Bundesliga Nord, Staffel I, 5. Spieltag",Dormagen,,,107.729,pass_verified,DMV_Teilnahmen_2015_2025_VOLLSTAENDIG
DMV-152809,36767.0,36767.0,2016,2016-10-22,2016-10-22-Lana,,,,,106.135,pass_verified,DMV_Teilnahmen_2015_2025_VOLLSTAENDIG
DMV-152810,36767.0,36767.0,2016,2016-10-29,2016-10-29-Algund,,,,,105.881,pass_verified,DMV_Teilnahmen_2015_2025_VOLLSTAENDIG
DMV-152811,36767.0,36767.0,2016,2016-11-05,2016-11-05-Eibenstock_Halle,,,,,102.567,pass_verified,DMV_Teilnahmen_2015_2025_VOLLSTAENDIG
DMV-152812,36775.0,36775.0,2016,2016-08-18,2016-08-18-Traben_Trarbach,,,,,103.968,pass_verified,DMV_Teilnahmen_2015_2025_VOLLSTAENDIG
DMV-152813,36775.0,36775.0,2016,2016-08-28,2016-08-28-Traben_Trarbach,,,,,104.118,pass_verified,DMV_Teilnahmen_2015_2025_VOLLSTAENDIG
DMV-152814,36776.0,36776.0,2016,2016-04-10,2016-04-10-Herne,,,,,108.936,pass_verified,DMV_Teilnahmen_2015_2025_VOLLSTAENDIG
DMV-152815,36776.0,36776.0,2016,2016-05-22,2016-05-22-Halver,,,,,108.966,pass_verified,DMV_Teilnahmen_2015_2025_VOLLSTAENDIG
DMV-152816,36776.0,36776.0,2016,2016-06-05,2016-06-05-Gevelsberg,,,,,110.151,pass_verified,DMV_Teilnahmen_2015_2025_VOLLSTAENDIG
DMV-152817,36776.0,36776.0,2016,2016-08-07,2016-08-07-Witten_Herbede,"NBV-Landesliga Staffel I, 5. Spieltag",Kaarst,,,110.653,pass_verified,DMV_Teilnahmen_2015_2025_VOLLSTAENDIG
DMV-152818,36793.0,36793.0,2016,2016-04-10,2016-04-10-Wallenhorst_Rulle,,,,,102.501,pass_verified,DMV_Teilnahmen_2015_2025_VOLLSTAENDIG
DMV-152819,36793.0,36793.0,2016,2016-05-22,2016-05-22-Gladbeck,,,,,105.388,pass_verified,DMV_Teilnahmen_2015_2025_VOLLSTAENDIG
DMV-152820,36793.0,36793.0,2016,2016-06-05,2016-06-05-Herten,,,,,102.571,pass_verified,DMV_Teilnahmen_2015_2025_VOLLSTAENDIG
DMV-152821,36793.0,36793.0,2016,2016-06-19,2016-06-19-Essen_Vogelheim,,,,,101.436,pass_verified,DMV_Teilnahmen_2015_2025_VOLLSTAENDIG
DMV-152822,36793.0,36793.0,2016,2016-08-18,2016-08-18-Rauschenberg,,,,,104.919,pass_verified,DMV_Teilnahmen_2015_2025_VOLLSTAENDIG
DMV-152823,36810.0,36810.0,2016,2016-06-26,2016-06-26-Bad_Feilnbach,,,,,109.448,pass_verified,DMV_Teilnahmen_2015_2025_VOLLSTAENDIG
DMV-152824,36820.0,36820.0,2016,2016-04-10,2016-04-10-Paderborn_Lieth,,,,,104.829,pass_verified,DMV_Teilnahmen_2015_2025_VOLLSTAENDIG
DMV-152825,36820.0,36820.0,2016,2016-05-22,2016-05-22-Bad_Salzuflen,,,,,107.028,pass_verified,DMV_Teilnahmen_2015_2025_VOLLSTAENDIG
DMV-152826,36820.0,36820.0,2016,2016-06-05,2016-06-05-Detmold,,,,,107.116,pass_verified,DMV_Teilnahmen_2015_2025_VOLLSTAENDIG
DMV-152827,36823.0,36823.0,2016,2016-05-22,2016-05-22-Hechingen,,,,,104.539,pass_verified,DMV_Teilnahmen_2015_2025_VOLLSTAENDIG
DMV-152828,36823.0,36823.0,2016,2016-06-05,2016-06-05-Ludwigsburg,,,,,107.133,pass_verified,DMV_Teilnahmen_2015_2025_VOLLSTAENDIG
DMV-152829,36823.0,36823.0,2016,2016-06-19,2016-06-19-Unterschneidheim,,,,,105.289,pass_verified,DMV_Teilnahmen_2015_2025_VOLLSTAENDIG
DMV-152830,36823.0,36823.0,2016,2016-07-31,2016-07-31-Bad_Mergentheim,,,,,105.342,pass_verified,DMV_Teilnahmen_2015_2025_VOLLSTAENDIG
DMV-152831,36833.0,36833.0,2016,2016-03-04,2016-03-04-Celle_Halle,,,,,108.82,pass_verified,DMV_Teilnahmen_2015_2025_VOLLSTAENDIG
DMV-152832,36833.0,36833.0,2016,2016-04-17,2016-04-17-Peine,,,,,113.281,pass_verified,DMV_Teilnahmen_2015_2025_VOLLSTAENDIG
DMV-152833,36833.0,36833.0,2016,2016-05-22,2016-05-22-Gebhardshagen,,,,,107.452,pass_verified,DMV_Teilnahmen_2015_2025_VOLLSTAENDIG
DMV-152834,36833.0,36833.0,2016,2016-06-05,2016-06-05-Salzgitter,,,,,110.567,pass_verified,DMV_Teilnahmen_2015_2025_VOLLSTAENDIG
DMV-152835,36833.0,36833.0,2016,2016-06-19,2016-06-19-Peine,,,,,118.406,pass_verified,DMV_Teilnahmen_2015_2025_VOLLSTAENDIG
DMV-152836,36833.0,36833.0,2016,2016-06-25,2016-06-25-Goslar,,,,,110.878,pass_verified,DMV_Teilnahmen_2015_2025_VOLLSTAENDIG
DMV-152837,36833.0,36833.0,2016,2016-07-31,2016-07-31-Goslar,,,,,113.448,pass_verified,DMV_Teilnahmen_2015_2025_VOLLSTAENDIG
DMV-152838,36833.0,36833.0,2016,2016-08-20,2016-08-20-Gebhardshagen,,,,,108.076,pass_verified,DMV_Teilnahmen_2015_2025_VOLLSTAENDIG
DMV-152839,36834.0,36834.0,2016,2016-03-04,2016-03-04-Celle_Halle,,,,,104.57,pass_verified,DMV_Teilnahmen_2015_2025_VOLLSTAENDIG
DMV-152840,36834.0,36834.0,2016,2016-04-17,2016-04-17-Peine,,,,,105.281,pass_verified,DMV_Teilnahmen_2015_2025_VOLLSTAENDIG
DMV-152841,36834.0,36834.0,2016,2016-05-22,2016-05-22-Gebhardshagen,,,,,105.202,pass_verified,DMV_Teilnahmen_2015_2025_VOLLSTAENDIG
DMV-152842,36834.0,36834.0,2016,2016-06-05,2016-06-05-Salzgitter,,,,,105.567,pass_verified,DMV_Teilnahmen_2015_2025_VOLLSTAENDIG
DMV-152843,36834.0,36834.0,2016,2016-06-19,2016-06-19-Peine,,,,,108.156,pass_verified,DMV_Teilnahmen_2015_2025_VOLLSTAENDIG
DMV-152844,36834.0,36834.0,2016,2016-06-25,2016-06-25-Goslar,,,,,108.378,pass_verified,DMV_Teilnahmen_2015_2025_VOLLSTAENDIG
DMV-152845,36834.0,36834.0,2016,2016-07-31,2016-07-31-Goslar,,,,,106.698,pass_verified,DMV_Teilnahmen_2015_2025_VOLLSTAENDIG
DMV-152846,36834.0,36834.0,2016,2016-08-20,2016-08-20-Gebhardshagen,,,,,105.326,pass_verified,DMV_Teilnahmen_2015_2025_VOLLSTAENDIG
DMV-152847,36836.0,36836.0,2016,2016-04-10,2016-04-10-Paderborn_Lieth,,,,,106.162,pass_verified,DMV_Teilnahmen_2015_2025_VOLLSTAENDIG
DMV-152848,36836.0,36836.0,2016,2016-05-14,2016-05-14-Neheim_Hüsten,,,,,108.304,pass_verified,DMV_Teilnahmen_2015_2025_VOLLSTAENDIG
DMV-152849,36836.0,36836.0,2016,2016-05-22,2016-05-22-Bad_Salzuflen,,,,,105.028,pass_verified,DMV_Teilnahmen_2015_2025_VOLLSTAENDIG
DMV-152850,36836.0,36836.0,2016,2016-06-05,2016-06-05-Detmold,,,,,111.783,pass_verified,DMV_Teilnahmen_2015_2025_VOLLSTAENDIG
DMV-152851,36836.0,36836.0,2016,2016-06-19,2016-06-19-Paderborn_Fischteiche,,,,,106.25,pass_verified,DMV_Teilnahmen_2015_2025_VOLLSTAENDIG
DMV-152852,36836.0,36836.0,2016,2016-08-18,2016-08-18-Traben_Trarbach,,,,,106.746,pass_verified,DMV_Teilnahmen_2015_2025_VOLLSTAENDIG
DMV-152853,36844.0,36844.0,2016,2016-04-10,2016-04-10-Paderborn_Lieth,,,,,112.162,pass_verified,DMV_Teilnahmen_2015_2025_VOLLSTAENDIG
DMV-152854,36844.0,36844.0,2016,2016-05-22,2016-05-22-Bad_Salzuflen,,,,,108.695,pass_verified,DMV_Teilnahmen_2015_2025_VOLLSTAENDIG
DMV-152855,36844.0,36844.0,2016,2016-06-05,2016-06-05-Detmold,,,,,124.449,pass_verified,DMV_Teilnahmen_2015_2025_VOLLSTAENDIG
DMV-152856,36844.0,36844.0,2016,2016-06-19,2016-06-19-Paderborn_Fischteiche,,,,,112.25,pass_verified,DMV_Teilnahmen_2015_2025_VOLLSTAENDIG
DMV-152857,36853.0,36853.0,2016,2016-04-10,2016-04-10-Paderborn_Lieth,,,,,110.829,pass_verified,DMV_Teilnahmen_2015_2025_VOLLSTAENDIG
DMV-152858,36853.0,36853.0,2016,2016-05-22,2016-05-22-Bad_Salzuflen,,,,,104.695,pass_verified,DMV_Teilnahmen_2015_2025_VOLLSTAENDIG
DMV-152859,36853.0,36853.0,2016,2016-06-05,2016-06-05-Detmold,,,,,107.449,pass_verified,DMV_Teilnahmen_2015_2025_VOLLSTAENDIG
DMV-152860,36853.0,36853.0,2016,2016-06-19,2016-06-19-Paderborn_Fischteiche,,,,,110.917,pass_verified,DMV_Teilnahmen_2015_2025_VOLLSTAENDIG
DMV-152861,36853.0,36853.0,2016,2016-08-18,2016-08-18-Traben_Trarbach,,,,,108.746,pass_verified,DMV_Teilnahmen_2015_2025_VOLLSTAENDIG
DMV-152862,36856.0,36856.0,2016,2016-04-10,2016-04-10-Velbert_Hardenberg,"NBV-Landesliga Staffel 1, 1. Spieltag",Hardenberg,,9.0,105.44,pass_verified,DMV_Teilnahmen_2015_2025_VOLLSTAENDIG
DMV-152863,36856.0,36856.0,2016,2016-05-22,2016-05-22-Kerpen,"NBV-Landesliga Staffel 1, 2. Spieltag",Kerpen,,12.0,106.43,pass_verified,DMV_Teilnahmen_2015_2025_VOLLSTAENDIG
DMV-152864,36856.0,36856.0,2016,2016-06-19,2016-06-19-Velbert_Langenberg,,,,,105.035,pass_verified,DMV_Teilnahmen_2015_2025_VOLLSTAENDIG
DMV-152865,36856.0,36856.0,2016,2016-08-07,2016-08-07-Kaarst,"NBV-Landesliga Staffel I, 5. Spieltag",Kaarst,,3.0,103.159,pass_verified,DMV_Teilnahmen_2015_2025_VOLLSTAENDIG
DMV-152866,36856.0,36856.0,2016,2016-09-25,2016-09-25-Kaarst,,,,,100.941,pass_verified,DMV_Teilnahmen_2015_2025_VOLLSTAENDIG
DMV-152867,36856.0,36856.0,2016,2016-09-25,2016-09-25-Büttgen,,,,,100.941,pass_verified,DMV_Teilnahmen_2015_2025_VOLLSTAENDIG
DMV-152868,36867.0,36867.0,2016,2016-06-12,2016-06-12-Ottobrunn,,,,,110.166,pass_verified,DMV_Teilnahmen_2015_2025_VOLLSTAENDIG
DMV-152869,36868.0,36868.0,2016,2016-03-28,2016-03-28-Kempten_Steinbruch,,,,,103.651,pass_verified,DMV_Teilnahmen_2015_2025_VOLLSTAENDIG
DMV-152870,36868.0,36868.0,2016,2016-05-26,2016-05-26-Kelheim,,,,,103.931,pass_verified,DMV_Teilnahmen_2015_2025_VOLLSTAENDIG
DMV-152871,36868.0,36868.0,2016,2016-06-05,2016-06-05-Murnau_See,"MVBN-Verbandsliga Süd, 3. Punktspiel",Gebhardshagen,,5.0,107.999,pass_verified,DMV_Teilnahmen_2015_2025_VOLLSTAENDIG
DMV-152872,36868.0,36868.0,2016,2016-07-31,2016-07-31-Illertissen,,,,,103.745,pass_verified,DMV_Teilnahmen_2015_2025_VOLLSTAENDIG
DMV-152873,36868.0,36868.0,2016,2016-08-07,2016-08-07-Garmisch_Partenkirchen,"NBV-Landesliga Staffel I, 5. Spieltag",Kaarst,,,108.965,pass_verified,DMV_Teilnahmen_2015_2025_VOLLSTAENDIG
DMV-152874,36868.0,36868.0,2016,2016-08-21,2016-08-21-Olching,,,,,104.081,pass_verified,DMV_Teilnahmen_2015_2025_VOLLSTAENDIG
DMV-152875,36868.0,36868.0,2016,2016-08-28,2016-08-28-Kempten_Steinbruch,,,,,111.878,pass_verified,DMV_Teilnahmen_2015_2025_VOLLSTAENDIG
DMV-152876,36868.0,36868.0,2016,2016-09-04,2016-09-04-Kempten_Steinbruch,"3. Bundesliga Nord, Staffel I, 5. Spieltag",Dormagen,,,107.949,pass_verified,DMV_Teilnahmen_2015_2025_VOLLSTAENDIG
DMV-152877,36868.0,36868.0,2016,2016-09-18,2016-09-18-Murnau_See,Heven-Cup 2016,Witten,,,109.422,pass_verified,DMV_Teilnahmen_2015_2025_VOLLSTAENDIG
DMV-152878,36868.0,36868.0,2016,2016-10-01,2016-10-01-Landshut2,Europacup 2016,Neutraubling,,,107.953,pass_verified,DMV_Teilnahmen_2015_2025_VOLLSTAENDIG
DMV-152879,36872.0,36872.0,2016,2016-04-17,2016-04-17-Ludwigshafen,,,,,101.227,pass_verified,DMV_Teilnahmen_2015_2025_VOLLSTAENDIG
DMV-152880,36872.0,36872.0,2016,2016-06-05,2016-06-05-Künzell,,,,,101.363,pass_verified,DMV_Teilnahmen_2015_2025_VOLLSTAENDIG
DMV-152881,36872.0,36872.0,2016,2016-07-31,2016-07-31-Mainz_Hartenberg,"2. Bundesliga Süd, Staffel I, 5. Spieltag",Mainz,,,100.02,pass_verified,DMV_Teilnahmen_2015_2025_VOLLSTAENDIG
DMV-152882,36891.0,36891.0,2016,2016-06-12,2016-06-12-Ottobrunn,,,,,107.166,pass_verified,DMV_Teilnahmen_2015_2025_VOLLSTAENDIG
DMV-152883,36891.0,36891.0,2016,2016-08-28,2016-08-28-Kempten_Steinbruch,,,,,108.211,pass_verified,DMV_Teilnahmen_2015_2025_VOLLSTAENDIG
DMV-152884,36894.0,36894.0,2016,2016-08-14,2016-08-14-Illertissen,26. Rebland-Turnier,Ohlsbach,,,117.326,pass_verified,DMV_Teilnahmen_2015_2025_VOLLSTAENDIG
DMV-152885,36901.0,36901.0,2016,2016-04-10,2016-04-10-Witten_Herbede,,,,,110.309,pass_verified,DMV_Teilnahmen_2015_2025_VOLLSTAENDIG
DMV-152886,36901.0,36901.0,2016,2016-05-22,2016-05-22-Lüttringhausen,,,,,106.284,pass_verified,DMV_Teilnahmen_2015_2025_VOLLSTAENDIG
DMV-152887,36901.0,36901.0,2016,2016-06-05,2016-06-05-Witten_Herbede,,,,,115.076,pass_verified,DMV_Teilnahmen_2015_2025_VOLLSTAENDIG
DMV-152888,36907.0,36907.0,2016,2016-04-17,2016-04-17-Bremen_Vahr,,,,,105.471,pass_verified,DMV_Teilnahmen_2015_2025_VOLLSTAENDIG
DMV-152889,36907.0,36907.0,2016,2016-05-22,2016-05-22-Bremen_Hastedt,,,,,102.489,pass_verified,DMV_Teilnahmen_2015_2025_VOLLSTAENDIG
DMV-152890,36907.0,36907.0,2016,2016-06-05,2016-06-05-Bremen_Vahr,,,,,108.571,pass_verified,DMV_Teilnahmen_2015_2025_VOLLSTAENDIG
DMV-152891,36907.0,36907.0,2016,2016-06-19,2016-06-19-Cuxhaven,,,,,106.661,pass_verified,DMV_Teilnahmen_2015_2025_VOLLSTAENDIG
DMV-152892,36907.0,36907.0,2016,2016-07-23,2016-07-23-Bremen_Hastedt,,,,,105.465,pass_verified,DMV_Teilnahmen_2015_2025_VOLLSTAENDIG
DMV-152893,36907.0,36907.0,2016,2016-07-31,2016-07-31-Lüneburg,,,,,105.242,pass_verified,DMV_Teilnahmen_2015_2025_VOLLSTAENDIG
DMV-152894,36908.0,36908.0,2016,2016-04-17,2016-04-17-Göttingen_Grone,,,,,102.464,pass_verified,DMV_Teilnahmen_2015_2025_VOLLSTAENDIG
DMV-152895,36908.0,36908.0,2016,2016-05-22,2016-05-22-Bottrop_Overbeckshof,,,,,101.64,pass_verified,DMV_Teilnahmen_2015_2025_VOLLSTAENDIG
DMV-152896,36908.0,36908.0,2016,2016-06-05,2016-06-05-Velbert_Hardenberg,,,,,101.971,pass_verified,DMV_Teilnahmen_2015_2025_VOLLSTAENDIG
DMV-152897,36908.0,36908.0,2016,2016-06-19,2016-06-19-Göttingen_Schillerwiese,,,,,102.128,pass_verified,DMV_Teilnahmen_2015_2025_VOLLSTAENDIG
DMV-152898,36908.0,36908.0,2016,2016-07-31,2016-07-31-Neheim_Hüsten,,,,,102.377,pass_verified,DMV_Teilnahmen_2015_2025_VOLLSTAENDIG
DMV-152899,36908.0,36908.0,2016,2016-09-04,2016-09-04-Kerpen,"3. Bundesliga Nord, Staffel I, 5. Spieltag",Dormagen,,,101.942,pass_verified,DMV_Teilnahmen_2015_2025_VOLLSTAENDIG
DMV-152900,36914.0,36914.0,2016,2016-04-10,2016-04-10-Leipzig_Clara_Zetkin_Park,,,,,107.706,pass_verified,DMV_Teilnahmen_2015_2025_VOLLSTAENDIG
DMV-152901,36914.0,36914.0,2016,2016-05-08,2016-05-08-Köthen,Badische Meisterschaften,Tuttlingen,,,107.396,pass_verified,DMV_Teilnahmen_2015_2025_VOLLSTAENDIG
DMV-152902,36914.0,36914.0,2016,2016-06-12,2016-06-12-Havelberg,,,,,111.03,pass_verified,DMV_Teilnahmen_2015_2025_VOLLSTAENDIG
DMV-152903,36914.0,36914.0,2016,2016-11-05,2016-11-05-Eibenstock_Halle,,,,,108.234,pass_verified,DMV_Teilnahmen_2015_2025_VOLLSTAENDIG
DMV-152904,36920.0,36920.0,2016,2016-03-13,2016-03-13-Köln_Freizeitinsel,,,,,104.861,pass_verified,DMV_Teilnahmen_2015_2025_VOLLSTAENDIG
DMV-152905,36920.0,36920.0,2016,2016-03-20,2016-03-20-Bad_Godesberg,,,,,102.782,pass_verified,DMV_Teilnahmen_2015_2025_VOLLSTAENDIG
DMV-152906,36920.0,36920.0,2016,2016-04-10,2016-04-10-Köln_Freizeitinsel,,,,,105.979,pass_verified,DMV_Teilnahmen_2015_2025_VOLLSTAENDIG
DMV-152907,36920.0,36920.0,2016,2016-05-22,2016-05-22-Bad_Godesberg,,,,,104.795,pass_verified,DMV_Teilnahmen_2015_2025_VOLLSTAENDIG
DMV-152908,36920.0,36920.0,2016,2016-06-05,2016-06-05-Paffendorf,,,,,107.07,pass_verified,DMV_Teilnahmen_2015_2025_VOLLSTAENDIG
DMV-152909,36920.0,36920.0,2016,2016-06-19,2016-06-19-Wesseling,,,,,100.065,pass_verified,DMV_Teilnahmen_2015_2025_VOLLSTAENDIG
DMV-152910,36920.0,36920.0,2016,2016-07-23,2016-07-23-Kerpen,,,,,103.683,pass_verified,DMV_Teilnahmen_2015_2025_VOLLSTAENDIG
DMV-152911,36920.0,36920.0,2016,2016-08-07,2016-08-07-Kerpen,"NBV-Landesliga Staffel I, 5. Spieltag",Kaarst,,,104.755,pass_verified,DMV_Teilnahmen_2015_2025_VOLLSTAENDIG
DMV-152912,36920.0,36920.0,2016,2016-10-29,2016-10-29-Paffendorf,,,,,104.294,pass_verified,DMV_Teilnahmen_2015_2025_VOLLSTAENDIG
DMV-152913,36924.0,36924.0,2016,2016-04-10,2016-04-10-Mönchengladbach,,,,,103.99,pass_verified,DMV_Teilnahmen_2015_2025_VOLLSTAENDIG
DMV-152914,36924.0,36924.0,2016,2016-05-22,2016-05-22-Halver2,,,,,104.239,pass_verified,DMV_Teilnahmen_2015_2025_VOLLSTAENDIG
DMV-152915,36924.0,36924.0,2016,2016-06-05,2016-06-05-Neheim_Hüsten,,,,,110.158,pass_verified,DMV_Teilnahmen_2015_2025_VOLLSTAENDIG
DMV-152916,36924.0,36924.0,2016,2016-08-07,2016-08-07-Dormagen_Hackenbroich,"NBV-Landesliga Staffel I, 5. Spieltag",Kaarst,,,106.362,pass_verified,DMV_Teilnahmen_2015_2025_VOLLSTAENDIG
DMV-152917,36924.0,36924.0,2016,2016-09-25,2016-09-25-Kaarst,,,,,108.691,pass_verified,DMV_Teilnahmen_2015_2025_VOLLSTAENDIG
DMV-152918,36924.0,36924.0,2016,2016-09-25,2016-09-25-Büttgen,,,,,108.691,pass_verified,DMV_Teilnahmen_2015_2025_VOLLSTAENDIG
DMV-152919,36924.0,36924.0,2016,2016-12-17,2016-12-17-Halver_Halle,,,,,107.633,pass_verified,DMV_Teilnahmen_2015_2025_VOLLSTAENDIG
DMV-152920,36927.0,36927.0,2016,2016-06-19,2016-06-19-Seelze,,,,,108.481,pass_verified,DMV_Teilnahmen_2015_2025_VOLLSTAENDIG
DMV-152921,36927.0,36927.0,2016,2016-07-31,2016-07-31-Bad_Münder,,,,,107.066,pass_verified,DMV_Teilnahmen_2015_2025_VOLLSTAENDIG
DMV-152922,36939.0,36939.0,2016,2016-04-17,2016-04-17-Würzburg_Löwenbrücke,,,,,104.369,pass_verified,DMV_Teilnahmen_2015_2025_VOLLSTAENDIG
DMV-152923,36939.0,36939.0,2016,2016-06-05,2016-06-05-Pegnitz,,,,,104.493,pass_verified,DMV_Teilnahmen_2015_2025_VOLLSTAENDIG
DMV-152924,36939.0,36939.0,2016,2016-06-19,2016-06-19-Bad_Berneck,,,,,102.18,pass_verified,DMV_Teilnahmen_2015_2025_VOLLSTAENDIG
DMV-152925,36946.0,36946.0,2016,2016-04-17,2016-04-17-Ohlsbach,,,,,105.605,pass_verified,DMV_Teilnahmen_2015_2025_VOLLSTAENDIG
DMV-152926,36946.0,36946.0,2016,2016-06-05,2016-06-05-Inzlingen,,,,,107.595,pass_verified,DMV_Teilnahmen_2015_2025_VOLLSTAENDIG
DMV-152927,36946.0,36946.0,2016,2016-04-10,2016-04-10-Bildstock,,,,,104.973,pass_verified,DMV_Teilnahmen_2015_2025_VOLLSTAENDIG
DMV-152928,36946.0,36946.0,2016,2016-05-01,2016-05-01-Oberthal,,,,,102.115,pass_verified,DMV_Teilnahmen_2015_2025_VOLLSTAENDIG
DMV-152929,36946.0,36946.0,2016,2016-05-08,2016-05-08-Homburg_Stadtpark,Badische Meisterschaften,Tuttlingen,,,103.068,pass_verified,DMV_Teilnahmen_2015_2025_VOLLSTAENDIG
DMV-152930,36946.0,36946.0,2016,2016-05-22,2016-05-22-Homburg_Stadtpark,,,,,102.21,pass_verified,DMV_Teilnahmen_2015_2025_VOLLSTAENDIG
DMV-152931,36946.0,36946.0,2016,2016-05-29,2016-05-29-Bliesen,MRP-Jugendliga/A-Rangliste,Mainz,,,104.319,pass_verified,DMV_Teilnahmen_2015_2025_VOLLSTAENDIG
DMV-152932,36946.0,36946.0,2016,2016-06-26,2016-06-26-Dudweiler,,,,,104.6,pass_verified,DMV_Teilnahmen_2015_2025_VOLLSTAENDIG
DMV-152933,36946.0,36946.0,2016,2016-07-31,2016-07-31-Singen,,,,,109.746,pass_verified,DMV_Teilnahmen_2015_2025_VOLLSTAENDIG
DMV-152934,36946.0,36946.0,2016,2016-09-04,2016-09-04-Heilbronn,"3. Bundesliga Nord, Staffel I, 5. Spieltag",Dormagen,,,104.793,pass_verified,DMV_Teilnahmen_2015_2025_VOLLSTAENDIG
DMV-152935,36946.0,36946.0,2016,2016-10-23,2016-10-23-Bildstock,,,,,104.155,pass_verified,DMV_Teilnahmen_2015_2025_VOLLSTAENDIG
DMV-152936,36946.0,36946.0,2016,2016-09-04,2016-09-04-Heilbronn_Europaplatz,"3. Bundesliga Nord, Staffel I, 5. Spieltag",Dormagen,,,104.793,pass_verified,DMV_Teilnahmen_2015_2025_VOLLSTAENDIG
DMV-152937,36946.0,36946.0,2016,2016-11-05,2016-11-05-Mannheim_Sandhofen_Halle,,,,,104.125,pass_verified,DMV_Teilnahmen_2015_2025_VOLLSTAENDIG
DMV-152938,36949.0,36949.0,2016,2016-04-10,2016-04-10-Straßlach,,,,,100.258,pass_verified,DMV_Teilnahmen_2015_2025_VOLLSTAENDIG
DMV-152939,36949.0,36949.0,2016,2016-06-12,2016-06-12-Murnau_See,,,,,103.594,pass_verified,DMV_Teilnahmen_2015_2025_VOLLSTAENDIG
DMV-152940,36949.0,36949.0,2016,2016-06-26,2016-06-26-Bad_Feilnbach,,,,,103.781,pass_verified,DMV_Teilnahmen_2015_2025_VOLLSTAENDIG
DMV-152941,36949.0,36949.0,2016,2016-08-07,2016-08-07-Straßlach,"NBV-Landesliga Staffel I, 5. Spieltag",Kaarst,,,102.713,pass_verified,DMV_Teilnahmen_2015_2025_VOLLSTAENDIG
DMV-152942,36949.0,36949.0,2016,2016-08-21,2016-08-21-Olching,,,,,104.081,pass_verified,DMV_Teilnahmen_2015_2025_VOLLSTAENDIG
DMV-152943,36949.0,36949.0,2016,2016-09-18,2016-09-18-Murnau_See,Heven-Cup 2016,Witten,,,104.922,pass_verified,DMV_Teilnahmen_2015_2025_VOLLSTAENDIG
DMV-152944,36956.0,36956.0,2016,2016-03-27,2016-03-27-Bad_Homburg_Kirdorf,,,,,116.945,pass_verified,DMV_Teilnahmen_2015_2025_VOLLSTAENDIG
DMV-152945,36966.0,36966.0,2016,2016-04-23,2016-04-23-Herne,,,,,112.28,pass_verified,DMV_Teilnahmen_2015_2025_VOLLSTAENDIG
DMV-152946,36966.0,36966.0,2016,2016-08-18,2016-08-18-Rauschenberg,,,,,108.975,pass_verified,DMV_Teilnahmen_2015_2025_VOLLSTAENDIG
DMV-152947,36967.0,36967.0,2016,2016-04-10,2016-04-10-Wallenhorst_Rulle,,,,,103.001,pass_verified,DMV_Teilnahmen_2015_2025_VOLLSTAENDIG
DMV-152948,36967.0,36967.0,2016,2016-04-23,2016-04-23-Herne,,,,,101.613,pass_verified,DMV_Teilnahmen_2015_2025_VOLLSTAENDIG
DMV-152949,36967.0,36967.0,2016,2016-05-22,2016-05-22-Gladbeck,,,,,102.888,pass_verified,DMV_Teilnahmen_2015_2025_VOLLSTAENDIG
DMV-152950,36967.0,36967.0,2016,2016-06-05,2016-06-05-Herten,,,,,104.071,pass_verified,DMV_Teilnahmen_2015_2025_VOLLSTAENDIG
DMV-152951,36967.0,36967.0,2016,2016-06-19,2016-06-19-Essen_Vogelheim,,,,,102.686,pass_verified,DMV_Teilnahmen_2015_2025_VOLLSTAENDIG
DMV-152952,36967.0,36967.0,2016,2016-07-13,2016-07-13-Wanne_Eickel,,,,,101.732,pass_verified,DMV_Teilnahmen_2015_2025_VOLLSTAENDIG
DMV-152953,36967.0,36967.0,2016,2016-08-18,2016-08-18-Rauschenberg,,,,,104.619,pass_verified,DMV_Teilnahmen_2015_2025_VOLLSTAENDIG
DMV-152954,36971.0,36971.0,2016,2016-03-05,2016-03-05-Decin,,,,,110.887,pass_verified,DMV_Teilnahmen_2015_2025_VOLLSTAENDIG
DMV-152955,36971.0,36971.0,2016,2016-05-29,2016-05-29-Woltersdorf,MRP-Jugendliga/A-Rangliste,Mainz,,,105.195,pass_verified,DMV_Teilnahmen_2015_2025_VOLLSTAENDIG
DMV-152956,36971.0,36971.0,2016,2016-06-12,2016-06-12-Berlin_MärkischesViertel,,,,,104.599,pass_verified,DMV_Teilnahmen_2015_2025_VOLLSTAENDIG
DMV-152957,36971.0,36971.0,2016,2016-04-10,2016-04-10-Berlin_Tegel_Adelheidallee,,,,,102.448,pass_verified,DMV_Teilnahmen_2015_2025_VOLLSTAENDIG
DMV-152958,36971.0,36971.0,2016,2016-05-01,2016-05-01-Berlin_Britz,,,,,103.766,pass_verified,DMV_Teilnahmen_2015_2025_VOLLSTAENDIG
DMV-152959,36971.0,36971.0,2016,2016-07-31,2016-07-31-Berlin_Britz,,,,,102.17,pass_verified,DMV_Teilnahmen_2015_2025_VOLLSTAENDIG
DMV-152960,36971.0,36971.0,2016,2016-08-06,2016-08-06-Berlin_MärkischesViertel,,,,,103.729,pass_verified,DMV_Teilnahmen_2015_2025_VOLLSTAENDIG
DMV-152961,36971.0,36971.0,2016,2016-11-26,2016-11-26-Decin,,,,,103.957,pass_verified,DMV_Teilnahmen_2015_2025_VOLLSTAENDIG
DMV-152962,36982.0,36982.0,2016,2016-01-03,2016-01-03-Mannheim_Sandhofen_Halle,,,,,102.063,pass_verified,DMV_Teilnahmen_2015_2025_VOLLSTAENDIG
DMV-152963,36982.0,36982.0,2016,2016-01-30,2016-01-30-Mannheim_Sandhofen_Halle,,,,,103.523,pass_verified,DMV_Teilnahmen_2015_2025_VOLLSTAENDIG
DMV-152964,36982.0,36982.0,2016,2016-03-20,2016-03-20-Mannheim_Sandhofen_Halle,,,,,103.648,pass_verified,DMV_Teilnahmen_2015_2025_VOLLSTAENDIG
DMV-152965,36982.0,36982.0,2016,2016-04-10,2016-04-10-Bensheim,,,,,102.58,pass_verified,DMV_Teilnahmen_2015_2025_VOLLSTAENDIG
DMV-152966,36982.0,36982.0,2016,2016-04-17,2016-04-17-Arheilgen,,,,,102.025,pass_verified,DMV_Teilnahmen_2015_2025_VOLLSTAENDIG
DMV-152967,36982.0,36982.0,2016,2016-05-01,2016-05-01-Bad_Soden,,,,,103.155,pass_verified,DMV_Teilnahmen_2015_2025_VOLLSTAENDIG
DMV-152968,36982.0,36982.0,2016,2016-05-22,2016-05-22-Traben_Trarbach,,,,,103.233,pass_verified,DMV_Teilnahmen_2015_2025_VOLLSTAENDIG
DMV-152969,36982.0,36982.0,2016,2016-05-29,2016-05-29-Arheilgen,MRP-Jugendliga/A-Rangliste,Mainz,,,102.574,pass_verified,DMV_Teilnahmen_2015_2025_VOLLSTAENDIG
DMV-152970,36982.0,36982.0,2016,2016-06-05,2016-06-05-Bad_Kreuznach,,,,,104.05,pass_verified,DMV_Teilnahmen_2015_2025_VOLLSTAENDIG
DMV-152971,36982.0,36982.0,2016,2016-06-19,2016-06-19-Bad_Homburg_Hirschgarten,,,,,101.924,pass_verified,DMV_Teilnahmen_2015_2025_VOLLSTAENDIG
DMV-152972,36982.0,36982.0,2016,2016-07-31,2016-07-31-Bensheim,,,,,101.634,pass_verified,DMV_Teilnahmen_2015_2025_VOLLSTAENDIG
DMV-152973,36983.0,36983.0,2016,2016-03-27,2016-03-27-Bad_Homburg_Kirdorf,,,,,112.195,pass_verified,DMV_Teilnahmen_2015_2025_VOLLSTAENDIG
DMV-152974,36984.0,36984.0,2016,2016-05-22,2016-05-22-Bad_Soden,,,,,107.762,pass_verified,DMV_Teilnahmen_2015_2025_VOLLSTAENDIG
DMV-152975,36984.0,36984.0,2016,2016-06-05,2016-06-05-Wetzlar,,,,,106.234,pass_verified,DMV_Teilnahmen_2015_2025_VOLLSTAENDIG
DMV-152976,36984.0,36984.0,2016,2016-06-19,2016-06-19-Biskirchen,,,,,104.856,pass_verified,DMV_Teilnahmen_2015_2025_VOLLSTAENDIG
DMV-152977,36984.0,36984.0,2016,2016-07-31,2016-07-31-Aßlar,,,,,111.385,pass_verified,DMV_Teilnahmen_2015_2025_VOLLSTAENDIG
DMV-152978,36994.0,36994.0,2016,2016-04-17,2016-04-17-Bad_Mergentheim,,,,,102.267,pass_verified,DMV_Teilnahmen_2015_2025_VOLLSTAENDIG
DMV-152979,36994.0,36994.0,2016,2016-05-08,2016-05-08-Schweinfurt,Badische Meisterschaften,Tuttlingen,,,100.981,pass_verified,DMV_Teilnahmen_2015_2025_VOLLSTAENDIG
DMV-152980,36994.0,36994.0,2016,2016-05-22,2016-05-22-Neutraubling,,,,,104.616,pass_verified,DMV_Teilnahmen_2015_2025_VOLLSTAENDIG
DMV-152981,36994.0,36994.0,2016,2016-05-26,2016-05-26-Kelheim,,,,,99.931,pass_verified,DMV_Teilnahmen_2015_2025_VOLLSTAENDIG
DMV-152982,36994.0,36994.0,2016,2016-06-12,2016-06-12-Ansbach,,,,,101.176,pass_verified,DMV_Teilnahmen_2015_2025_VOLLSTAENDIG
DMV-152983,36994.0,36994.0,2016,2016-06-19,2016-06-19-Höchberg,,,,,101.558,pass_verified,DMV_Teilnahmen_2015_2025_VOLLSTAENDIG
DMV-152984,36994.0,36994.0,2016,2016-07-03,2016-07-03-Wertheim,,,,,102.022,pass_verified,DMV_Teilnahmen_2015_2025_VOLLSTAENDIG
DMV-152985,36994.0,36994.0,2016,2016-07-24,2016-07-24-Ingolstadt_Baggersee,,,,,100.135,pass_verified,DMV_Teilnahmen_2015_2025_VOLLSTAENDIG
DMV-152986,36994.0,36994.0,2016,2016-08-07,2016-08-07-Höchberg,"NBV-Landesliga Staffel I, 5. Spieltag",Kaarst,,,102.792,pass_verified,DMV_Teilnahmen_2015_2025_VOLLSTAENDIG
DMV-152987,36994.0,36994.0,2016,2016-08-21,2016-08-21-Olching,,,,,101.747,pass_verified,DMV_Teilnahmen_2015_2025_VOLLSTAENDIG
DMV-152988,36994.0,36994.0,2016,2016-08-28,2016-08-28-Bamberg,,,,,103.359,pass_verified,DMV_Teilnahmen_2015_2025_VOLLSTAENDIG
DMV-152989,36994.0,36994.0,2016,2016-09-04,2016-09-04-Olching,"3. Bundesliga Nord, Staffel I, 5. Spieltag",Dormagen,,,103.142,pass_verified,DMV_Teilnahmen_2015_2025_VOLLSTAENDIG
DMV-152990,36994.0,36994.0,2016,2016-09-11,2016-09-11-Ingolstadt_Auwaldsee,,,,,101.156,pass_verified,DMV_Teilnahmen_2015_2025_VOLLSTAENDIG
DMV-152991,36994.0,36994.0,2016,2016-09-25,2016-09-25-Karlsfeld,,,,,104.493,pass_verified,DMV_Teilnahmen_2015_2025_VOLLSTAENDIG
DMV-152992,36995.0,36995.0,2016,2016-04-17,2016-04-17-Schweinfurt,,,,,107.627,pass_verified,DMV_Teilnahmen_2015_2025_VOLLSTAENDIG
DMV-152993,36995.0,36995.0,2016,2016-05-08,2016-05-08-Schweinfurt,Badische Meisterschaften,Tuttlingen,,,102.481,pass_verified,DMV_Teilnahmen_2015_2025_VOLLSTAENDIG
DMV-152994,36995.0,36995.0,2016,2016-05-26,2016-05-26-Kelheim,,,,,103.556,pass_verified,DMV_Teilnahmen_2015_2025_VOLLSTAENDIG
DMV-152995,36995.0,36995.0,2016,2016-06-05,2016-06-05-Bad_Bocklet,"MVBN-Verbandsliga Süd, 3. Punktspiel",Gebhardshagen,,24.0,105.133,pass_verified,DMV_Teilnahmen_2015_2025_VOLLSTAENDIG
DMV-152996,36995.0,36995.0,2016,2016-06-12,2016-06-12-Ansbach,,,,,102.926,pass_verified,DMV_Teilnahmen_2015_2025_VOLLSTAENDIG
DMV-152997,36995.0,36995.0,2016,2016-06-19,2016-06-19-Wertheim,,,,,103.615,pass_verified,DMV_Teilnahmen_2015_2025_VOLLSTAENDIG
DMV-152998,36995.0,36995.0,2016,2016-07-03,2016-07-03-Wertheim,,,,,103.522,pass_verified,DMV_Teilnahmen_2015_2025_VOLLSTAENDIG
DMV-152999,36995.0,36995.0,2016,2016-07-24,2016-07-24-Ingolstadt_Baggersee,,,,,104.468,pass_verified,DMV_Teilnahmen_2015_2025_VOLLSTAENDIG
DMV-153000,36995.0,36995.0,2016,2016-07-31,2016-07-31-Wertheim,,,,,101.585,pass_verified,DMV_Teilnahmen_2015_2025_VOLLSTAENDIG
DMV-153001,36995.0,36995.0,2016,2016-08-07,2016-08-07-Höchberg,"NBV-Landesliga Staffel I, 5. Spieltag",Kaarst,,,103.042,pass_verified,DMV_Teilnahmen_2015_2025_VOLLSTAENDIG
DMV-153002,36995.0,36995.0,2016,2016-08-28,2016-08-28-Bamberg,,,,,101.692,pass_verified,DMV_Teilnahmen_2015_2025_VOLLSTAENDIG
DMV-153003,36995.0,36995.0,2016,2016-09-04,2016-09-04-Würzburg_Löwenbrücke,"3. Bundesliga Nord, Staffel I, 5. Spieltag",Dormagen,,,103.551,pass_verified,DMV_Teilnahmen_2015_2025_VOLLSTAENDIG
DMV-153004,37008.0,37008.0,2016,2016-01-30,2016-01-30-Mannheim_Sandhofen_Halle,,,,,105.773,pass_verified,DMV_Teilnahmen_2015_2025_VOLLSTAENDIG
DMV-153005,37008.0,37008.0,2016,2016-04-10,2016-04-10-Velbert_Hardenberg,"NBV-Landesliga Staffel 1, 1. Spieltag",Hardenberg,,12.0,106.19,pass_verified,DMV_Teilnahmen_2015_2025_VOLLSTAENDIG
DMV-153006,37008.0,37008.0,2016,2016-05-22,2016-05-22-Kerpen,"NBV-Landesliga Staffel 1, 2. Spieltag",Kerpen,,8.0,103.68,pass_verified,DMV_Teilnahmen_2015_2025_VOLLSTAENDIG
DMV-153007,37008.0,37008.0,2016,2016-06-05,2016-06-05-Lüdenscheid,"NBV-Landesliga I, 3. Spieltag",Lüdenscheid,,1.0,100.783,pass_verified,DMV_Teilnahmen_2015_2025_VOLLSTAENDIG
DMV-153008,37008.0,37008.0,2016,2016-06-19,2016-06-19-Velbert_Langenberg,,,,,108.285,pass_verified,DMV_Teilnahmen_2015_2025_VOLLSTAENDIG
DMV-153009,37008.0,37008.0,2016,2016-07-23,2016-07-23-Kerpen,,,,,101.85,pass_verified,DMV_Teilnahmen_2015_2025_VOLLSTAENDIG
DMV-153010,37008.0,37008.0,2016,2016-07-31,2016-07-31-Neheim_Hüsten,,,,,102.71,pass_verified,DMV_Teilnahmen_2015_2025_VOLLSTAENDIG
DMV-153011,37008.0,37008.0,2016,2016-08-18,2016-08-18-Mannheim,,,,,101.006,pass_verified,DMV_Teilnahmen_2015_2025_VOLLSTAENDIG
DMV-153012,37008.0,37008.0,2016,2016-09-04,2016-09-04-Kerpen,"3. Bundesliga Nord, Staffel I, 5. Spieltag",Dormagen,,,99.942,pass_verified,DMV_Teilnahmen_2015_2025_VOLLSTAENDIG
DMV-153013,37008.0,37008.0,2016,2016-11-19,2016-11-19-Halver_Halle,,,,,103.912,pass_verified,DMV_Teilnahmen_2015_2025_VOLLSTAENDIG
DMV-153014,37008.0,37008.0,2016,2016-12-17,2016-12-17-Halver_Halle,,,,,103.383,pass_verified,DMV_Teilnahmen_2015_2025_VOLLSTAENDIG
DMV-153015,37011.0,37011.0,2016,2016-04-10,2016-04-10-Herne,,,,,103.603,pass_verified,DMV_Teilnahmen_2015_2025_VOLLSTAENDIG
DMV-153016,37011.0,37011.0,2016,2016-04-17,2016-04-17-Halver,,,,,104.737,pass_verified,DMV_Teilnahmen_2015_2025_VOLLSTAENDIG
DMV-153017,37011.0,37011.0,2016,2016-05-22,2016-05-22-Halver,,,,,102.3,pass_verified,DMV_Teilnahmen_2015_2025_VOLLSTAENDIG
DMV-153018,37011.0,37011.0,2016,2016-07-02,2016-07-02-Gevelsberg,,,,,105.867,pass_verified,DMV_Teilnahmen_2015_2025_VOLLSTAENDIG
DMV-153019,37011.0,37011.0,2016,2016-07-21,2016-07-21-Weinheim,,,,,102.738,pass_verified,DMV_Teilnahmen_2015_2025_VOLLSTAENDIG
DMV-153020,37011.0,37011.0,2016,2016-09-10,2016-09-10-Lüttringhausen,,,,,103.87,pass_verified,DMV_Teilnahmen_2015_2025_VOLLSTAENDIG
DMV-153021,37011.0,37011.0,2016,2016-10-23,2016-10-23-Gevelsberg,,,,,102.252,pass_verified,DMV_Teilnahmen_2015_2025_VOLLSTAENDIG
DMV-153022,37012.0,37012.0,2016,2016-04-17,2016-04-17-Bad_Münder,,,,,107.538,pass_verified,DMV_Teilnahmen_2015_2025_VOLLSTAENDIG
DMV-153023,37012.0,37012.0,2016,2016-05-22,2016-05-22-Springe,,,,,107.707,pass_verified,DMV_Teilnahmen_2015_2025_VOLLSTAENDIG
DMV-153024,37012.0,37012.0,2016,2016-06-05,2016-06-05-Diepholz,,,,,106.499,pass_verified,DMV_Teilnahmen_2015_2025_VOLLSTAENDIG
DMV-153025,37012.0,37012.0,2016,2016-06-19,2016-06-19-Bad_Nenndorf,,,,,110.526,pass_verified,DMV_Teilnahmen_2015_2025_VOLLSTAENDIG
DMV-153026,37012.0,37012.0,2016,2016-07-31,2016-07-31-Hannover,,,,,109.096,pass_verified,DMV_Teilnahmen_2015_2025_VOLLSTAENDIG
DMV-153027,37012.0,37012.0,2016,2016-09-17,2016-09-17-Hannover,,,,,107.246,pass_verified,DMV_Teilnahmen_2015_2025_VOLLSTAENDIG
DMV-153028,37019.0,37019.0,2016,2016-04-17,2016-04-17-Bad_Mergentheim,,,,,103.017,pass_verified,DMV_Teilnahmen_2015_2025_VOLLSTAENDIG
DMV-153029,37019.0,37019.0,2016,2016-05-22,2016-05-22-Neutraubling,,,,,100.366,pass_verified,DMV_Teilnahmen_2015_2025_VOLLSTAENDIG
DMV-153030,37019.0,37019.0,2016,2016-05-26,2016-05-26-Kelheim,,,,,102.431,pass_verified,DMV_Teilnahmen_2015_2025_VOLLSTAENDIG
DMV-153031,37019.0,37019.0,2016,2016-06-12,2016-06-12-Ansbach,,,,,101.926,pass_verified,DMV_Teilnahmen_2015_2025_VOLLSTAENDIG
DMV-153032,37019.0,37019.0,2016,2016-06-19,2016-06-19-Höchberg,,,,,101.308,pass_verified,DMV_Teilnahmen_2015_2025_VOLLSTAENDIG
DMV-153033,37019.0,37019.0,2016,2016-07-24,2016-07-24-Ingolstadt_Baggersee,,,,,102.468,pass_verified,DMV_Teilnahmen_2015_2025_VOLLSTAENDIG
DMV-153034,37019.0,37019.0,2016,2016-08-07,2016-08-07-Höchberg,"NBV-Landesliga Staffel I, 5. Spieltag",Kaarst,,,101.042,pass_verified,DMV_Teilnahmen_2015_2025_VOLLSTAENDIG
DMV-153035,37019.0,37019.0,2016,2016-08-28,2016-08-28-Bamberg,,,,,105.359,pass_verified,DMV_Teilnahmen_2015_2025_VOLLSTAENDIG
DMV-153036,37019.0,37019.0,2016,2016-09-04,2016-09-04-Olching,"3. Bundesliga Nord, Staffel I, 5. Spieltag",Dormagen,,,103.392,pass_verified,DMV_Teilnahmen_2015_2025_VOLLSTAENDIG
DMV-153037,37020.0,37020.0,2016,2016-04-10,2016-04-10-Trappenkamp,,,,,102.66,pass_verified,DMV_Teilnahmen_2015_2025_VOLLSTAENDIG
DMV-153038,37020.0,37020.0,2016,2016-05-01,2016-05-01-Bad_Oldesloe,,,,,107.261,pass_verified,DMV_Teilnahmen_2015_2025_VOLLSTAENDIG
DMV-153039,37020.0,37020.0,2016,2016-06-05,2016-06-05-Kiel_West,,,,,104.941,pass_verified,DMV_Teilnahmen_2015_2025_VOLLSTAENDIG
DMV-153040,37020.0,37020.0,2016,2016-06-19,2016-06-19-Trappenkamp,,,,,107.207,pass_verified,DMV_Teilnahmen_2015_2025_VOLLSTAENDIG
DMV-153041,37020.0,37020.0,2016,2016-07-24,2016-07-24-Bad_Oldesloe,,,,,106.104,pass_verified,DMV_Teilnahmen_2015_2025_VOLLSTAENDIG
DMV-153042,37027.0,37027.0,2016,2016-03-05,2016-03-05-Decin,,,,,103.331,pass_verified,DMV_Teilnahmen_2015_2025_VOLLSTAENDIG
DMV-153043,37027.0,37027.0,2016,2016-04-10,2016-04-10-Sindelfingen,1. Spieltag WBV-Rangliste,Sindelfingen,,,102.749,pass_verified,DMV_Teilnahmen_2015_2025_VOLLSTAENDIG
DMV-153044,37027.0,37027.0,2016,2016-04-17,2016-04-17-Ludwigsburg,,,,,101.868,pass_verified,DMV_Teilnahmen_2015_2025_VOLLSTAENDIG
DMV-153045,37027.0,37027.0,2016,2016-05-01,2016-05-01-Niederstetten,,,,,104.241,pass_verified,DMV_Teilnahmen_2015_2025_VOLLSTAENDIG
DMV-153046,37027.0,37027.0,2016,2016-05-15,2016-05-15-Metzingen,,,,,103.892,pass_verified,DMV_Teilnahmen_2015_2025_VOLLSTAENDIG
DMV-153047,37027.0,37027.0,2016,2016-05-22,2016-05-22-Wendlingen,,,,,103.781,pass_verified,DMV_Teilnahmen_2015_2025_VOLLSTAENDIG
DMV-153048,37027.0,37027.0,2016,2016-05-29,2016-05-29-Oberkochen,MRP-Jugendliga/A-Rangliste,Mainz,,,105.35,pass_verified,DMV_Teilnahmen_2015_2025_VOLLSTAENDIG
DMV-153049,37027.0,37027.0,2016,2016-06-05,2016-06-05-Wernau,,,,,103.551,pass_verified,DMV_Teilnahmen_2015_2025_VOLLSTAENDIG
DMV-153050,37027.0,37027.0,2016,2016-06-12,2016-06-12-Großbottwar,,,,,106.685,pass_verified,DMV_Teilnahmen_2015_2025_VOLLSTAENDIG
DMV-153051,37027.0,37027.0,2016,2016-06-19,2016-06-19-Ulm,,,,,102.783,pass_verified,DMV_Teilnahmen_2015_2025_VOLLSTAENDIG
DMV-153052,37027.0,37027.0,2016,2016-07-31,2016-07-31-Metzingen,,,,,101.883,pass_verified,DMV_Teilnahmen_2015_2025_VOLLSTAENDIG
DMV-153053,37027.0,37027.0,2016,2016-08-18,2016-08-18-Mannheim,,,,,102.895,pass_verified,DMV_Teilnahmen_2015_2025_VOLLSTAENDIG
DMV-153054,37027.0,37027.0,2016,2016-08-28,2016-08-28-Kempten_Steinbruch,,,,,103.878,pass_verified,DMV_Teilnahmen_2015_2025_VOLLSTAENDIG
DMV-153055,37027.0,37027.0,2016,2016-09-04,2016-09-04-Bad_Urach,"3. Bundesliga Nord, Staffel I, 5. Spieltag",Dormagen,,,103.848,pass_verified,DMV_Teilnahmen_2015_2025_VOLLSTAENDIG
DMV-153056,37029.0,37029.0,2016,2016-04-10,2016-04-10-Wallenhorst_Rulle,,,,,104.001,pass_verified,DMV_Teilnahmen_2015_2025_VOLLSTAENDIG
DMV-153057,37029.0,37029.0,2016,2016-08-28,2016-08-28-Gladbeck,,,,,104.089,pass_verified,DMV_Teilnahmen_2015_2025_VOLLSTAENDIG
DMV-153058,37029.0,37029.0,2016,2016-09-17,2016-09-17-Witten_Herbede,,,,,109.342,pass_verified,DMV_Teilnahmen_2015_2025_VOLLSTAENDIG
DMV-153059,37030.0,37030.0,2016,2016-05-22,2016-05-22-Gladbeck,,,,,103.888,pass_verified,DMV_Teilnahmen_2015_2025_VOLLSTAENDIG
DMV-153060,37030.0,37030.0,2016,2016-06-05,2016-06-05-Herten,,,,,106.821,pass_verified,DMV_Teilnahmen_2015_2025_VOLLSTAENDIG
DMV-153061,37030.0,37030.0,2016,2016-06-19,2016-06-19-Essen_Vogelheim,,,,,105.436,pass_verified,DMV_Teilnahmen_2015_2025_VOLLSTAENDIG
DMV-153062,37030.0,37030.0,2016,2016-08-28,2016-08-28-Gladbeck,,,,,104.339,pass_verified,DMV_Teilnahmen_2015_2025_VOLLSTAENDIG
DMV-153063,37030.0,37030.0,2016,2016-09-17,2016-09-17-Witten_Herbede,,,,,103.092,pass_verified,DMV_Teilnahmen_2015_2025_VOLLSTAENDIG
DMV-153064,37030.0,37030.0,2016,2016-11-05,2016-11-05-Halver_Halle,,,,,101.334,pass_verified,DMV_Teilnahmen_2015_2025_VOLLSTAENDIG
DMV-153065,37046.0,37046.0,2016,2016-04-10,2016-04-10-Uerdingen,,,,,115.57,pass_verified,DMV_Teilnahmen_2015_2025_VOLLSTAENDIG
DMV-153066,37046.0,37046.0,2016,2016-06-05,2016-06-05-Dormagen,,,,,110.613,pass_verified,DMV_Teilnahmen_2015_2025_VOLLSTAENDIG
DMV-153067,37046.0,37046.0,2016,2016-06-19,2016-06-19-Dormagen_Hackenbroich,,,,,108.894,pass_verified,DMV_Teilnahmen_2015_2025_VOLLSTAENDIG
DMV-153068,37046.0,37046.0,2016,2016-07-23,2016-07-23-Kerpen,,,,,115.225,pass_verified,DMV_Teilnahmen_2015_2025_VOLLSTAENDIG
DMV-153069,37046.0,37046.0,2016,2016-08-07,2016-08-07-Duisburg_Rheinhausen,"NBV-Landesliga Staffel I, 5. Spieltag",Kaarst,,,112.217,pass_verified,DMV_Teilnahmen_2015_2025_VOLLSTAENDIG
DMV-153070,37046.0,37046.0,2016,2016-10-29,2016-10-29-Paffendorf,,,,,107.294,pass_verified,DMV_Teilnahmen_2015_2025_VOLLSTAENDIG
DMV-153071,37047.0,37047.0,2016,2016-04-17,2016-04-17-Kerpen,1. Spieltag 1. Bundesliga Nord,Kerpen,,17.0,100.534,pass_verified,DMV_Teilnahmen_2015_2025_VOLLSTAENDIG
DMV-153072,37047.0,37047.0,2016,2016-05-22,2016-05-22-Dormagen_Hackenbroich,"1. Bundesliga Nord, 2. Spieltag",Dormagen,,18.0,100.177,pass_verified,DMV_Teilnahmen_2015_2025_VOLLSTAENDIG
DMV-153073,37047.0,37047.0,2016,2016-06-05,2016-06-05-Hamburg_Rahlstedt,"1. Bundesliga Nord, 3. Spieltag",Hamburg,,,99.733,pass_verified,DMV_Teilnahmen_2015_2025_VOLLSTAENDIG
DMV-153074,37047.0,37047.0,2016,2016-06-19,2016-06-19-Bad_Münder,"1. Bundesliga Nord, 4. Spieltag",Bad Münder,,,101.907,pass_verified,DMV_Teilnahmen_2015_2025_VOLLSTAENDIG
DMV-153075,37047.0,37047.0,2016,2016-07-02,2016-07-02-Gevelsberg,,,,,103.533,pass_verified,DMV_Teilnahmen_2015_2025_VOLLSTAENDIG
DMV-153076,37047.0,37047.0,2016,2016-07-23,2016-07-23-Kerpen,,,,,101.35,pass_verified,DMV_Teilnahmen_2015_2025_VOLLSTAENDIG
DMV-153077,37047.0,37047.0,2016,2016-09-10,2016-09-10-Lüttringhausen,,,,,101.704,pass_verified,DMV_Teilnahmen_2015_2025_VOLLSTAENDIG
DMV-153078,37047.0,37047.0,2016,2016-09-25,2016-09-25-Kaarst,,,,,101.691,pass_verified,DMV_Teilnahmen_2015_2025_VOLLSTAENDIG
DMV-153079,37047.0,37047.0,2016,2016-10-09,2016-10-09-Schriesheim,BMW Knopf Trophy 2016,Schriesheim,,4.0,96.022,pass_verified,DMV_Teilnahmen_2015_2025_VOLLSTAENDIG
DMV-153080,37047.0,37047.0,2016,2016-10-23,2016-10-23-Gevelsberg,,,,,102.002,pass_verified,DMV_Teilnahmen_2015_2025_VOLLSTAENDIG
DMV-153081,37047.0,37047.0,2016,2016-09-25,2016-09-25-Büttgen,,,,,101.691,pass_verified,DMV_Teilnahmen_2015_2025_VOLLSTAENDIG
DMV-153082,37048.0,37048.0,2016,2016-04-10,2016-04-10-Uerdingen,,,,,106.903,pass_verified,DMV_Teilnahmen_2015_2025_VOLLSTAENDIG
DMV-153083,37048.0,37048.0,2016,2016-04-23,2016-04-23-Herne,,,,,103.78,pass_verified,DMV_Teilnahmen_2015_2025_VOLLSTAENDIG
DMV-153084,37048.0,37048.0,2016,2016-05-22,2016-05-22-Kerpen,"NBV-Landesliga Staffel 1, 2. Spieltag",Kerpen,,,105.18,pass_verified,DMV_Teilnahmen_2015_2025_VOLLSTAENDIG
DMV-153085,37048.0,37048.0,2016,2016-06-05,2016-06-05-Dormagen,,,,,105.947,pass_verified,DMV_Teilnahmen_2015_2025_VOLLSTAENDIG
DMV-153086,37048.0,37048.0,2016,2016-06-19,2016-06-19-Dormagen_Hackenbroich,,,,,103.894,pass_verified,DMV_Teilnahmen_2015_2025_VOLLSTAENDIG
DMV-153087,37048.0,37048.0,2016,2016-07-23,2016-07-23-Kerpen,,,,,105.683,pass_verified,DMV_Teilnahmen_2015_2025_VOLLSTAENDIG
DMV-153088,37048.0,37048.0,2016,2016-08-07,2016-08-07-Duisburg_Rheinhausen,"NBV-Landesliga Staffel I, 5. Spieltag",Kaarst,,,108.884,pass_verified,DMV_Teilnahmen_2015_2025_VOLLSTAENDIG
DMV-153089,37048.0,37048.0,2016,2016-09-04,2016-09-04-Kaarst,"3. Bundesliga Nord, Staffel I, 5. Spieltag",Dormagen,,,106.065,pass_verified,DMV_Teilnahmen_2015_2025_VOLLSTAENDIG
DMV-153090,37048.0,37048.0,2016,2016-09-25,2016-09-25-Kaarst,,,,,103.441,pass_verified,DMV_Teilnahmen_2015_2025_VOLLSTAENDIG
DMV-153091,37048.0,37048.0,2016,2016-09-04,2016-09-04-Büttgen,"3. Bundesliga Nord, Staffel I, 5. Spieltag",Dormagen,,,106.065,pass_verified,DMV_Teilnahmen_2015_2025_VOLLSTAENDIG
DMV-153092,37048.0,37048.0,2016,2016-09-25,2016-09-25-Büttgen,,,,,103.441,pass_verified,DMV_Teilnahmen_2015_2025_VOLLSTAENDIG
DMV-153093,37051.0,37051.0,2016,2016-04-10,2016-04-10-Trappenkamp,,,,,110.327,pass_verified,DMV_Teilnahmen_2015_2025_VOLLSTAENDIG
DMV-153094,37051.0,37051.0,2016,2016-04-17,2016-04-17-Elmshorn,,,,,111.871,pass_verified,DMV_Teilnahmen_2015_2025_VOLLSTAENDIG
DMV-153095,37051.0,37051.0,2016,2016-05-08,2016-05-08-Trappenkamp,Badische Meisterschaften,Tuttlingen,,,107.449,pass_verified,DMV_Teilnahmen_2015_2025_VOLLSTAENDIG
DMV-153096,37051.0,37051.0,2016,2016-05-22,2016-05-22-Preetz,,,,,114.662,pass_verified,DMV_Teilnahmen_2015_2025_VOLLSTAENDIG
DMV-153097,37051.0,37051.0,2016,2016-06-05,2016-06-05-Kiel_West,,,,,106.691,pass_verified,DMV_Teilnahmen_2015_2025_VOLLSTAENDIG
DMV-153098,37051.0,37051.0,2016,2016-06-19,2016-06-19-Trappenkamp,,,,,105.957,pass_verified,DMV_Teilnahmen_2015_2025_VOLLSTAENDIG
DMV-153099,37051.0,37051.0,2016,2016-07-24,2016-07-24-Bad_Oldesloe,,,,,108.354,pass_verified,DMV_Teilnahmen_2015_2025_VOLLSTAENDIG
DMV-153100,37051.0,37051.0,2016,2016-09-04,2016-09-04-Kiel_Gaarden,"3. Bundesliga Nord, Staffel I, 5. Spieltag",Dormagen,,,109.995,pass_verified,DMV_Teilnahmen_2015_2025_VOLLSTAENDIG
DMV-153101,37054.0,37054.0,2016,2016-04-10,2016-04-10-Leipzig_Clara_Zetkin_Park,,,,,102.372,pass_verified,DMV_Teilnahmen_2015_2025_VOLLSTAENDIG
DMV-153102,37054.0,37054.0,2016,2016-09-25,2016-09-25-Leipzig_Probstheida,,,,,108.924,pass_verified,DMV_Teilnahmen_2015_2025_VOLLSTAENDIG
DMV-153103,37054.0,37054.0,2016,2016-11-05,2016-11-05-Eibenstock_Halle,,,,,105.734,pass_verified,DMV_Teilnahmen_2015_2025_VOLLSTAENDIG
DMV-153104,37065.0,37065.0,2016,2016-04-17,2016-04-17-Bad_Münder,,,,,103.288,pass_verified,DMV_Teilnahmen_2015_2025_VOLLSTAENDIG
DMV-153105,37065.0,37065.0,2016,2016-05-22,2016-05-22-Springe,,,,,102.207,pass_verified,DMV_Teilnahmen_2015_2025_VOLLSTAENDIG
DMV-153106,37065.0,37065.0,2016,2016-06-05,2016-06-05-Diepholz,,,,,101.749,pass_verified,DMV_Teilnahmen_2015_2025_VOLLSTAENDIG
DMV-153107,37065.0,37065.0,2016,2016-06-19,2016-06-19-Bad_Nenndorf,,,,,106.526,pass_verified,DMV_Teilnahmen_2015_2025_VOLLSTAENDIG
DMV-153108,37065.0,37065.0,2016,2016-07-31,2016-07-31-Hannover,,,,,106.096,pass_verified,DMV_Teilnahmen_2015_2025_VOLLSTAENDIG
DMV-153109,37073.0,37073.0,2016,2016-05-08,2016-05-08-Köthen,Badische Meisterschaften,Tuttlingen,,,110.063,pass_verified,DMV_Teilnahmen_2015_2025_VOLLSTAENDIG
DMV-153110,37073.0,37073.0,2016,2016-06-12,2016-06-12-Havelberg,,,,,111.28,pass_verified,DMV_Teilnahmen_2015_2025_VOLLSTAENDIG
DMV-153111,37074.0,37074.0,2016,2016-03-04,2016-03-04-Celle_Halle,,,,,104.82,pass_verified,DMV_Teilnahmen_2015_2025_VOLLSTAENDIG
DMV-153112,37074.0,37074.0,2016,2016-03-20,2016-03-20-Celle_Halle,,,,,102.804,pass_verified,DMV_Teilnahmen_2015_2025_VOLLSTAENDIG
DMV-153113,37074.0,37074.0,2016,2016-04-09,2016-04-09-Hannover,,,,,105.453,pass_verified,DMV_Teilnahmen_2015_2025_VOLLSTAENDIG
DMV-153114,37074.0,37074.0,2016,2016-05-14,2016-05-14-Celle,,,,,102.275,pass_verified,DMV_Teilnahmen_2015_2025_VOLLSTAENDIG
DMV-153115,37074.0,37074.0,2016,2016-05-22,2016-05-22-Goslar,,,,,103.281,pass_verified,DMV_Teilnahmen_2015_2025_VOLLSTAENDIG
DMV-153116,37074.0,37074.0,2016,2016-05-29,2016-05-29-Göttingen_Schillerwiesen,MRP-Jugendliga/A-Rangliste,Mainz,,,101.669,pass_verified,DMV_Teilnahmen_2015_2025_VOLLSTAENDIG
DMV-153117,37074.0,37074.0,2016,2016-06-05,2016-06-05-Vellmar,,,,,100.394,pass_verified,DMV_Teilnahmen_2015_2025_VOLLSTAENDIG
DMV-153118,37074.0,37074.0,2016,2016-06-19,2016-06-19-Künsebeck,,,,,103.256,pass_verified,DMV_Teilnahmen_2015_2025_VOLLSTAENDIG
DMV-153119,37074.0,37074.0,2016,2016-05-01,2016-05-01-Goslar,,,,,102.117,pass_verified,DMV_Teilnahmen_2015_2025_VOLLSTAENDIG
DMV-153120,37074.0,37074.0,2016,2016-08-13,2016-08-13-Salzgitter,,,,,103.555,pass_verified,DMV_Teilnahmen_2015_2025_VOLLSTAENDIG
DMV-153121,37074.0,37074.0,2016,2016-08-20,2016-08-20-Gebhardshagen,,,,,101.826,pass_verified,DMV_Teilnahmen_2015_2025_VOLLSTAENDIG
DMV-153122,37074.0,37074.0,2016,2016-08-27,2016-08-27-Vellmar,,,,,104.084,pass_verified,DMV_Teilnahmen_2015_2025_VOLLSTAENDIG
DMV-153123,37074.0,37074.0,2016,2016-09-04,2016-09-04-Salzgitter,"3. Bundesliga Nord, Staffel I, 5. Spieltag",Dormagen,,,104.268,pass_verified,DMV_Teilnahmen_2015_2025_VOLLSTAENDIG
DMV-153124,37074.0,37074.0,2016,2016-09-17,2016-09-17-Hannover,,,,,105.846,pass_verified,DMV_Teilnahmen_2015_2025_VOLLSTAENDIG
DMV-153125,37079.0,37079.0,2016,2016-01-31,2016-01-31-Celle_Halle,,,,,104.114,pass_verified,DMV_Teilnahmen_2015_2025_VOLLSTAENDIG
DMV-153126,37079.0,37079.0,2016,2016-03-04,2016-03-04-Celle_Halle,,,,,105.57,pass_verified,DMV_Teilnahmen_2015_2025_VOLLSTAENDIG
DMV-153127,37079.0,37079.0,2016,2016-03-20,2016-03-20-Celle_Halle,,,,,102.637,pass_verified,DMV_Teilnahmen_2015_2025_VOLLSTAENDIG
DMV-153128,37079.0,37079.0,2016,2016-04-09,2016-04-09-Hannover,,,,,105.953,pass_verified,DMV_Teilnahmen_2015_2025_VOLLSTAENDIG
DMV-153129,37079.0,37079.0,2016,2016-05-14,2016-05-14-Celle,,,,,103.075,pass_verified,DMV_Teilnahmen_2015_2025_VOLLSTAENDIG
DMV-153130,37079.0,37079.0,2016,2016-05-22,2016-05-22-Goslar,,,,,104.781,pass_verified,DMV_Teilnahmen_2015_2025_VOLLSTAENDIG
DMV-153131,37079.0,37079.0,2016,2016-05-29,2016-05-29-Göttingen_Schillerwiesen,MRP-Jugendliga/A-Rangliste,Mainz,,,104.069,pass_verified,DMV_Teilnahmen_2015_2025_VOLLSTAENDIG
DMV-153132,37079.0,37079.0,2016,2016-06-05,2016-06-05-Gebhardshagen,"MVBN-Verbandsliga Süd, 3. Punktspiel",Gebhardshagen,,14.0,104.23,pass_verified,DMV_Teilnahmen_2015_2025_VOLLSTAENDIG
DMV-153133,37079.0,37079.0,2016,2016-06-19,2016-06-19-Wolfsburg,,,,,103.4,pass_verified,DMV_Teilnahmen_2015_2025_VOLLSTAENDIG
DMV-153134,37079.0,37079.0,2016,2016-05-01,2016-05-01-Goslar,,,,,105.451,pass_verified,DMV_Teilnahmen_2015_2025_VOLLSTAENDIG
DMV-153135,37079.0,37079.0,2016,2016-06-25,2016-06-25-Goslar,,,,,103.378,pass_verified,DMV_Teilnahmen_2015_2025_VOLLSTAENDIG
DMV-153136,37079.0,37079.0,2016,2016-07-23,2016-07-23-Bremen_Hastedt,,,,,105.965,pass_verified,DMV_Teilnahmen_2015_2025_VOLLSTAENDIG
DMV-153137,37079.0,37079.0,2016,2016-07-31,2016-07-31-Salzgitter,,,,,105.082,pass_verified,DMV_Teilnahmen_2015_2025_VOLLSTAENDIG
DMV-153138,37079.0,37079.0,2016,2016-08-13,2016-08-13-Salzgitter,,,,,102.805,pass_verified,DMV_Teilnahmen_2015_2025_VOLLSTAENDIG
DMV-153139,37079.0,37079.0,2016,2016-08-20,2016-08-20-Gebhardshagen,,,,,103.826,pass_verified,DMV_Teilnahmen_2015_2025_VOLLSTAENDIG
DMV-153140,37079.0,37079.0,2016,2016-08-27,2016-08-27-Vellmar,,,,,102.334,pass_verified,DMV_Teilnahmen_2015_2025_VOLLSTAENDIG
DMV-153141,37079.0,37079.0,2016,2016-09-17,2016-09-17-Hannover,,,,,105.546,pass_verified,DMV_Teilnahmen_2015_2025_VOLLSTAENDIG
DMV-153142,37088.0,37088.0,2016,2016-04-23,2016-04-23-Herne,,,,,101.78,pass_verified,DMV_Teilnahmen_2015_2025_VOLLSTAENDIG
DMV-153143,37088.0,37088.0,2016,2016-06-05,2016-06-05-Witten_Herbede,,,,,103.076,pass_verified,DMV_Teilnahmen_2015_2025_VOLLSTAENDIG
DMV-153144,37088.0,37088.0,2016,2016-06-19,2016-06-19-Bochum_Stiepel,"3. Bundesliga Nord Staffel I, 3. Spieltag",Bochum,,,104.332,pass_verified,DMV_Teilnahmen_2015_2025_VOLLSTAENDIG
DMV-153145,37088.0,37088.0,2016,2016-07-23,2016-07-23-Kerpen,,,,,105.35,pass_verified,DMV_Teilnahmen_2015_2025_VOLLSTAENDIG
DMV-153146,37088.0,37088.0,2016,2016-08-18,2016-08-18-Mannheim,,,,,102.117,pass_verified,DMV_Teilnahmen_2015_2025_VOLLSTAENDIG
DMV-153147,37088.0,37088.0,2016,2016-09-04,2016-09-04-Lünen,"3. Bundesliga Nord, Staffel I, 5. Spieltag",Dormagen,,,104.605,pass_verified,DMV_Teilnahmen_2015_2025_VOLLSTAENDIG
DMV-153148,37088.0,37088.0,2016,2016-09-17,2016-09-17-Witten_Herbede,,,,,105.342,pass_verified,DMV_Teilnahmen_2015_2025_VOLLSTAENDIG
DMV-153149,37088.0,37088.0,2016,2016-09-17,2016-09-17-Witten_Herbede2,,,,,106.425,pass_verified,DMV_Teilnahmen_2015_2025_VOLLSTAENDIG
DMV-153150,37089.0,37089.0,2016,2016-04-23,2016-04-23-Herne,,,,,107.113,pass_verified,DMV_Teilnahmen_2015_2025_VOLLSTAENDIG
DMV-153151,37089.0,37089.0,2016,2016-05-22,2016-05-22-Lüttringhausen,,,,,107.284,pass_verified,DMV_Teilnahmen_2015_2025_VOLLSTAENDIG
DMV-153152,37089.0,37089.0,2016,2016-06-05,2016-06-05-Witten_Herbede,,,,,101.743,pass_verified,DMV_Teilnahmen_2015_2025_VOLLSTAENDIG
DMV-153153,37089.0,37089.0,2016,2016-06-19,2016-06-19-Bochum_Stiepel,"3. Bundesliga Nord Staffel I, 3. Spieltag",Bochum,,,109.332,pass_verified,DMV_Teilnahmen_2015_2025_VOLLSTAENDIG
DMV-153154,37089.0,37089.0,2016,2016-07-23,2016-07-23-Kerpen,,,,,110.35,pass_verified,DMV_Teilnahmen_2015_2025_VOLLSTAENDIG
DMV-153155,37089.0,37089.0,2016,2016-08-18,2016-08-18-Mannheim,,,,,103.628,pass_verified,DMV_Teilnahmen_2015_2025_VOLLSTAENDIG
DMV-153156,37089.0,37089.0,2016,2016-09-04,2016-09-04-Lünen,"3. Bundesliga Nord, Staffel I, 5. Spieltag",Dormagen,,,106.605,pass_verified,DMV_Teilnahmen_2015_2025_VOLLSTAENDIG
DMV-153157,37089.0,37089.0,2016,2016-09-17,2016-09-17-Witten_Herbede,,,,,103.092,pass_verified,DMV_Teilnahmen_2015_2025_VOLLSTAENDIG
DMV-153158,37089.0,37089.0,2016,2016-09-17,2016-09-17-Witten_Herbede2,,,,,104.758,pass_verified,DMV_Teilnahmen_2015_2025_VOLLSTAENDIG
DMV-153159,37096.0,37096.0,2016,2016-04-17,2016-04-17-Berlin_Tegel_Adelheidallee,,,,,100.381,pass_verified,DMV_Teilnahmen_2015_2025_VOLLSTAENDIG
DMV-153160,37097.0,37097.0,2016,2016-04-17,2016-04-17-Berlin_Tegel_Adelheidallee,,,,,102.381,pass_verified,DMV_Teilnahmen_2015_2025_VOLLSTAENDIG
DMV-153161,37097.0,37097.0,2016,2016-05-22,2016-05-22-Kiel_Gaarden,,,,,101.214,pass_verified,DMV_Teilnahmen_2015_2025_VOLLSTAENDIG
DMV-153162,37097.0,37097.0,2016,2016-06-19,2016-06-19-Berlin_MärkischesViertel,,,,,102.135,pass_verified,DMV_Teilnahmen_2015_2025_VOLLSTAENDIG
DMV-153163,37097.0,37097.0,2016,2016-09-04,2016-09-04-Cuxhaven,"3. Bundesliga Nord, Staffel I, 5. Spieltag",Dormagen,,,101.162,pass_verified,DMV_Teilnahmen_2015_2025_VOLLSTAENDIG
DMV-153164,37102.0,37102.0,2016,2016-05-22,2016-05-22-Gladbeck,,,,,106.138,pass_verified,DMV_Teilnahmen_2015_2025_VOLLSTAENDIG
DMV-153165,37103.0,37103.0,2016,2016-01-30,2016-01-30-Mannheim_Sandhofen_Halle,,,,,102.773,pass_verified,DMV_Teilnahmen_2015_2025_VOLLSTAENDIG
DMV-153166,37103.0,37103.0,2016,2016-04-23,2016-04-23-Herne,,,,,100.446,pass_verified,DMV_Teilnahmen_2015_2025_VOLLSTAENDIG
DMV-153167,37103.0,37103.0,2016,2016-05-14,2016-05-14-Neheim_Hüsten,,,,,100.971,pass_verified,DMV_Teilnahmen_2015_2025_VOLLSTAENDIG
DMV-153168,37103.0,37103.0,2016,2016-04-17,2016-04-17-Göttingen_Grone,,,,,102.714,pass_verified,DMV_Teilnahmen_2015_2025_VOLLSTAENDIG
DMV-153169,37103.0,37103.0,2016,2016-05-22,2016-05-22-Bottrop_Overbeckshof,,,,,99.64,pass_verified,DMV_Teilnahmen_2015_2025_VOLLSTAENDIG
DMV-153170,37103.0,37103.0,2016,2016-06-05,2016-06-05-Velbert_Hardenberg,,,,,100.971,pass_verified,DMV_Teilnahmen_2015_2025_VOLLSTAENDIG
DMV-153171,37103.0,37103.0,2016,2016-07-13,2016-07-13-Wanne_Eickel,,,,,101.132,pass_verified,DMV_Teilnahmen_2015_2025_VOLLSTAENDIG
DMV-153172,37103.0,37103.0,2016,2016-07-31,2016-07-31-Neheim_Hüsten,,,,,100.043,pass_verified,DMV_Teilnahmen_2015_2025_VOLLSTAENDIG
DMV-153173,37103.0,37103.0,2016,2016-09-04,2016-09-04-Kerpen,"3. Bundesliga Nord, Staffel I, 5. Spieltag",Dormagen,,,101.609,pass_verified,DMV_Teilnahmen_2015_2025_VOLLSTAENDIG
DMV-153174,37103.0,37103.0,2016,2016-11-05,2016-11-05-Halver_Halle,,,,,104.334,pass_verified,DMV_Teilnahmen_2015_2025_VOLLSTAENDIG
DMV-153175,37108.0,37108.0,2016,2016-01-03,2016-01-03-Mannheim_Sandhofen_Halle,,,,,109.313,pass_verified,DMV_Teilnahmen_2015_2025_VOLLSTAENDIG
DMV-153176,37108.0,37108.0,2016,2016-01-30,2016-01-30-Mannheim_Sandhofen_Halle,,,,,108.773,pass_verified,DMV_Teilnahmen_2015_2025_VOLLSTAENDIG
DMV-153177,37108.0,37108.0,2016,2016-03-27,2016-03-27-Bad_Homburg_Kirdorf,,,,,110.195,pass_verified,DMV_Teilnahmen_2015_2025_VOLLSTAENDIG
DMV-153178,37108.0,37108.0,2016,2016-08-28,2016-08-28-Traben_Trarbach,,,,,112.785,pass_verified,DMV_Teilnahmen_2015_2025_VOLLSTAENDIG
DMV-153179,37108.0,37108.0,2016,2016-12-03,2016-12-03-Mannheim_Sandhofen_Halle,,,,,109.947,pass_verified,DMV_Teilnahmen_2015_2025_VOLLSTAENDIG
DMV-153180,37112.0,37112.0,2016,2016-07-31,2016-07-31-Weiterstadt,,,,,115.085,pass_verified,DMV_Teilnahmen_2015_2025_VOLLSTAENDIG
DMV-153181,37112.0,37112.0,2016,2016-09-04,2016-09-04-Bad_Homburg_Hirschgarten,"3. Bundesliga Nord, Staffel I, 5. Spieltag",Dormagen,,,111.078,pass_verified,DMV_Teilnahmen_2015_2025_VOLLSTAENDIG
DMV-153182,37136.0,37136.0,2016,2016-04-10,2016-04-10-Epe,,,,,108.882,pass_verified,DMV_Teilnahmen_2015_2025_VOLLSTAENDIG
DMV-153183,37136.0,37136.0,2016,2016-05-22,2016-05-22-Wallenhorst_Rulle,,,,,107.276,pass_verified,DMV_Teilnahmen_2015_2025_VOLLSTAENDIG
DMV-153184,37139.0,37139.0,2016,2016-04-24,2016-04-24-Ostheim,,,,,108.593,pass_verified,DMV_Teilnahmen_2015_2025_VOLLSTAENDIG
DMV-153185,37139.0,37139.0,2016,2016-06-05,2016-06-05-Bad_Bocklet,,,,,106.383,pass_verified,DMV_Teilnahmen_2015_2025_VOLLSTAENDIG
DMV-153186,37139.0,37139.0,2016,2016-06-19,2016-06-19-Wertheim,,,,,107.865,pass_verified,DMV_Teilnahmen_2015_2025_VOLLSTAENDIG
DMV-153187,37139.0,37139.0,2016,2016-07-17,2016-07-17-Bad_Bocklet,,,,,104.84,pass_verified,DMV_Teilnahmen_2015_2025_VOLLSTAENDIG
DMV-153188,37139.0,37139.0,2016,2016-07-31,2016-07-31-Wertheim,,,,,110.835,pass_verified,DMV_Teilnahmen_2015_2025_VOLLSTAENDIG
DMV-153189,37139.0,37139.0,2016,2016-09-04,2016-09-04-Würzburg_Löwenbrücke,"3. Bundesliga Nord, Staffel I, 5. Spieltag",Dormagen,,,109.551,pass_verified,DMV_Teilnahmen_2015_2025_VOLLSTAENDIG
DMV-153190,37141.0,37141.0,2016,2016-04-10,2016-04-10-Berlin_Tempelhof,,,,,105.499,pass_verified,DMV_Teilnahmen_2015_2025_VOLLSTAENDIG
DMV-153191,37141.0,37141.0,2016,2016-05-01,2016-05-01-Berlin_Reinickendorf,,,,,102.36,pass_verified,DMV_Teilnahmen_2015_2025_VOLLSTAENDIG
DMV-153192,37141.0,37141.0,2016,2016-04-10,2016-04-10-Berlin_Marienfelde,,,,,105.499,pass_verified,DMV_Teilnahmen_2015_2025_VOLLSTAENDIG
DMV-153193,37141.0,37141.0,2016,2016-05-01,2016-05-01-Berlin_MärkischesViertel,,,,,102.36,pass_verified,DMV_Teilnahmen_2015_2025_VOLLSTAENDIG
DMV-153194,37141.0,37141.0,2016,2016-05-29,2016-05-29-Berlin_Tegel_Adelheidallee,MRP-Jugendliga/A-Rangliste,Mainz,,,102.909,pass_verified,DMV_Teilnahmen_2015_2025_VOLLSTAENDIG
DMV-153195,37141.0,37141.0,2016,2016-06-05,2016-06-05-Berlin_Tegel_Adelheidallee,,,,,102.038,pass_verified,DMV_Teilnahmen_2015_2025_VOLLSTAENDIG
DMV-153196,37141.0,37141.0,2016,2016-06-12,2016-06-12-Berlin_Lankwitz,,,,,101.827,pass_verified,DMV_Teilnahmen_2015_2025_VOLLSTAENDIG
DMV-153197,37141.0,37141.0,2016,2016-08-18,2016-08-18-Mannheim,,,,,101.895,pass_verified,DMV_Teilnahmen_2015_2025_VOLLSTAENDIG
DMV-153198,37141.0,37141.0,2016,2016-10-22,2016-10-22-Berlin_Tegel_Adelheidallee+Berlin_MärkischesViertel,,,,,102.658,pass_verified,DMV_Teilnahmen_2015_2025_VOLLSTAENDIG
DMV-153199,37142.0,37142.0,2016,2016-04-10,2016-04-10-Ludwigshafen2,,,,,108.036,pass_verified,DMV_Teilnahmen_2015_2025_VOLLSTAENDIG
DMV-153200,37142.0,37142.0,2016,2016-04-17,2016-04-17-Mainz_Hartenberg,,,,,107.173,pass_verified,DMV_Teilnahmen_2015_2025_VOLLSTAENDIG
DMV-153201,37142.0,37142.0,2016,2016-05-29,2016-05-29-Bad_Bodendorf,MRP-Jugendliga/A-Rangliste,Mainz,,,109.42,pass_verified,DMV_Teilnahmen_2015_2025_VOLLSTAENDIG
DMV-153202,37142.0,37142.0,2016,2016-06-05,2016-06-05-Hachenburg,,,,,106.401,pass_verified,DMV_Teilnahmen_2015_2025_VOLLSTAENDIG
DMV-153203,37142.0,37142.0,2016,2016-06-12,2016-06-12-Mannheim2,,,,,111.008,pass_verified,DMV_Teilnahmen_2015_2025_VOLLSTAENDIG
DMV-153204,37142.0,37142.0,2016,2016-09-04,2016-09-04-Bad_Bodendorf,"3. Bundesliga Nord, Staffel I, 5. Spieltag",Dormagen,,,107.811,pass_verified,DMV_Teilnahmen_2015_2025_VOLLSTAENDIG
DMV-153205,37147.0,37147.0,2016,2016-05-22,2016-05-22-Murnau_See,"1. Bundesliga Süd, 2. Spieltag",Murnau,,,100.028,pass_verified,DMV_Teilnahmen_2015_2025_VOLLSTAENDIG
DMV-153206,37171.0,37171.0,2016,2016-08-18,2016-08-18-Rauschenberg,,,,,112.919,pass_verified,DMV_Teilnahmen_2015_2025_VOLLSTAENDIG
DMV-153207,37194.0,37194.0,2016,2016-04-01,2016-04-01-Schweinfurt,,,,,103.474,pass_verified,DMV_Teilnahmen_2015_2025_VOLLSTAENDIG
DMV-153208,37194.0,37194.0,2016,2016-04-17,2016-04-17-Arheilgen,,,,,101.275,pass_verified,DMV_Teilnahmen_2015_2025_VOLLSTAENDIG
DMV-153209,37194.0,37194.0,2016,2016-05-01,2016-05-01-Pfungstadt2,,,,,104.567,pass_verified,DMV_Teilnahmen_2015_2025_VOLLSTAENDIG
DMV-153210,37194.0,37194.0,2016,2016-05-22,2016-05-22-Traben_Trarbach,,,,,102.983,pass_verified,DMV_Teilnahmen_2015_2025_VOLLSTAENDIG
DMV-153211,37194.0,37194.0,2016,2016-05-29,2016-05-29-Bensheim2,MRP-Jugendliga/A-Rangliste,Mainz,,,104.72,pass_verified,DMV_Teilnahmen_2015_2025_VOLLSTAENDIG
DMV-153212,37194.0,37194.0,2016,2016-06-05,2016-06-05-Bad_Kreuznach,,,,,103.05,pass_verified,DMV_Teilnahmen_2015_2025_VOLLSTAENDIG
DMV-153213,37194.0,37194.0,2016,2016-06-12,2016-06-12-Aßlar2,,,,,101.871,pass_verified,DMV_Teilnahmen_2015_2025_VOLLSTAENDIG
DMV-153214,37194.0,37194.0,2016,2016-06-19,2016-06-19-Bad_Homburg_Hirschgarten,,,,,101.174,pass_verified,DMV_Teilnahmen_2015_2025_VOLLSTAENDIG
DMV-153215,37194.0,37194.0,2016,2016-07-21,2016-07-21-Weinheim,,,,,103.271,pass_verified,DMV_Teilnahmen_2015_2025_VOLLSTAENDIG
DMV-153216,37194.0,37194.0,2016,2016-07-31,2016-07-31-Bensheim,,,,,101.884,pass_verified,DMV_Teilnahmen_2015_2025_VOLLSTAENDIG
DMV-153217,37194.0,37194.0,2016,2016-10-01,2016-10-01-Landshut,Europacup 2016,Neutraubling,,,101.314,pass_verified,DMV_Teilnahmen_2015_2025_VOLLSTAENDIG
DMV-153218,37201.0,37201.0,2016,2016-04-17,2016-04-17-Karlshagen2,,,,,105.305,pass_verified,DMV_Teilnahmen_2015_2025_VOLLSTAENDIG
DMV-153219,37201.0,37201.0,2016,2016-05-22,2016-05-22-Berlin_Tegel_Adelheidallee2,,,,,119.074,pass_verified,DMV_Teilnahmen_2015_2025_VOLLSTAENDIG
DMV-153220,37201.0,37201.0,2016,2016-06-12,2016-06-12-Berlin_MärkischesViertel,,,,,107.349,pass_verified,DMV_Teilnahmen_2015_2025_VOLLSTAENDIG
DMV-153221,37201.0,37201.0,2016,2016-06-19,2016-06-19-Woltersdorf,,,,,112.088,pass_verified,DMV_Teilnahmen_2015_2025_VOLLSTAENDIG
DMV-153222,37201.0,37201.0,2016,2016-04-10,2016-04-10-Berlin_Tegel_Adelheidallee,,,,,115.198,pass_verified,DMV_Teilnahmen_2015_2025_VOLLSTAENDIG
DMV-153223,37201.0,37201.0,2016,2016-05-01,2016-05-01-Berlin_Britz,,,,,109.016,pass_verified,DMV_Teilnahmen_2015_2025_VOLLSTAENDIG
DMV-153224,37201.0,37201.0,2016,2016-06-05,2016-06-05-Berlin_Lankwitz2,,,,,110.139,pass_verified,DMV_Teilnahmen_2015_2025_VOLLSTAENDIG
DMV-153225,37201.0,37201.0,2016,2016-07-31,2016-07-31-Berlin_Britz,,,,,108.17,pass_verified,DMV_Teilnahmen_2015_2025_VOLLSTAENDIG
DMV-153226,37201.0,37201.0,2016,2016-09-04,2016-09-04-Berlin_Spandau2,"3. Bundesliga Nord, Staffel I, 5. Spieltag",Dormagen,,,105.395,pass_verified,DMV_Teilnahmen_2015_2025_VOLLSTAENDIG
DMV-153227,37204.0,37204.0,2016,2016-04-10,2016-04-10-Bottrop_Overbeckshof,,,,,103.785,pass_verified,DMV_Teilnahmen_2015_2025_VOLLSTAENDIG
DMV-153228,37204.0,37204.0,2016,2016-05-22,2016-05-22-Gelsenkirchen_Bulmke,,,,,105.837,pass_verified,DMV_Teilnahmen_2015_2025_VOLLSTAENDIG
DMV-153229,37204.0,37204.0,2016,2016-06-05,2016-06-05-Castrop,"NBV-Berzirksliga Staffel VII, 3. Spieltag",Castrop-Rauxel,,1.0,101.89,pass_verified,DMV_Teilnahmen_2015_2025_VOLLSTAENDIG
DMV-153230,37204.0,37204.0,2016,2016-06-19,2016-06-19-Lünen,,,,,104.781,pass_verified,DMV_Teilnahmen_2015_2025_VOLLSTAENDIG
DMV-153231,37204.0,37204.0,2016,2016-08-07,2016-08-07-Dortmund_Brechten,"NBV-Landesliga Staffel I, 5. Spieltag",Kaarst,,,102.984,pass_verified,DMV_Teilnahmen_2015_2025_VOLLSTAENDIG
DMV-153232,37225.0,37225.0,2016,2016-04-10,2016-04-10-Arheilgen,,,,,101.985,pass_verified,DMV_Teilnahmen_2015_2025_VOLLSTAENDIG
DMV-153233,37225.0,37225.0,2016,2016-05-01,2016-05-01-Pfungstadt,,,,,103.151,pass_verified,DMV_Teilnahmen_2015_2025_VOLLSTAENDIG
DMV-153234,37225.0,37225.0,2016,2016-05-22,2016-05-22-Dreieich,,,,,103.503,pass_verified,DMV_Teilnahmen_2015_2025_VOLLSTAENDIG
DMV-153235,37225.0,37225.0,2016,2016-05-29,2016-05-29-Bensheim,MRP-Jugendliga/A-Rangliste,Mainz,,,102.933,pass_verified,DMV_Teilnahmen_2015_2025_VOLLSTAENDIG
DMV-153236,37225.0,37225.0,2016,2016-06-05,2016-06-05-Bad_Soden,,,,,103.008,pass_verified,DMV_Teilnahmen_2015_2025_VOLLSTAENDIG
DMV-153237,37225.0,37225.0,2016,2016-06-19,2016-06-19-Arheilgen,,,,,103.236,pass_verified,DMV_Teilnahmen_2015_2025_VOLLSTAENDIG
DMV-153238,37225.0,37225.0,2016,2016-07-31,2016-07-31-Weiterstadt,,,,,102.085,pass_verified,DMV_Teilnahmen_2015_2025_VOLLSTAENDIG
DMV-153239,37225.0,37225.0,2016,2016-08-18,2016-08-18-Rauschenberg,,,,,105.619,pass_verified,DMV_Teilnahmen_2015_2025_VOLLSTAENDIG
DMV-153240,37225.0,37225.0,2016,2016-08-27,2016-08-27-Pfungstadt,,,,,102.551,pass_verified,DMV_Teilnahmen_2015_2025_VOLLSTAENDIG
DMV-153241,37225.0,37225.0,2016,2016-09-04,2016-09-04-Bad_Homburg_Hirschgarten,"3. Bundesliga Nord, Staffel I, 5. Spieltag",Dormagen,,,101.412,pass_verified,DMV_Teilnahmen_2015_2025_VOLLSTAENDIG
DMV-153242,37225.0,37225.0,2016,2016-09-24,2016-09-24-Bad_Homburg_Hirschgarten+Dreieich,,,,,103.769,pass_verified,DMV_Teilnahmen_2015_2025_VOLLSTAENDIG
DMV-153243,37236.0,37236.0,2016,2016-04-17,2016-04-17-Sindelfingen,,,,,113.383,pass_verified,DMV_Teilnahmen_2015_2025_VOLLSTAENDIG
DMV-153244,37236.0,37236.0,2016,2016-05-22,2016-05-22-Hechingen,,,,,112.789,pass_verified,DMV_Teilnahmen_2015_2025_VOLLSTAENDIG
DMV-153245,37236.0,37236.0,2016,2016-06-05,2016-06-05-Ludwigsburg,,,,,114.383,pass_verified,DMV_Teilnahmen_2015_2025_VOLLSTAENDIG
DMV-153246,37236.0,37236.0,2016,2016-07-31,2016-07-31-Bad_Mergentheim,,,,,112.842,pass_verified,DMV_Teilnahmen_2015_2025_VOLLSTAENDIG
DMV-153247,37241.0,37241.0,2016,2016-04-10,2016-04-10-Uerdingen,,,,,104.57,pass_verified,DMV_Teilnahmen_2015_2025_VOLLSTAENDIG
DMV-153248,37241.0,37241.0,2016,2016-05-22,2016-05-22-Mönchengladbach,,,,,105.786,pass_verified,DMV_Teilnahmen_2015_2025_VOLLSTAENDIG
DMV-153249,37241.0,37241.0,2016,2016-06-05,2016-06-05-Dormagen,,,,,104.28,pass_verified,DMV_Teilnahmen_2015_2025_VOLLSTAENDIG
DMV-153250,37241.0,37241.0,2016,2016-06-19,2016-06-19-Dormagen_Hackenbroich,,,,,106.227,pass_verified,DMV_Teilnahmen_2015_2025_VOLLSTAENDIG
DMV-153251,37241.0,37241.0,2016,2016-07-23,2016-07-23-Kerpen,,,,,105.683,pass_verified,DMV_Teilnahmen_2015_2025_VOLLSTAENDIG
DMV-153252,37241.0,37241.0,2016,2016-08-07,2016-08-07-Duisburg_Rheinhausen,"NBV-Landesliga Staffel I, 5. Spieltag",Kaarst,,,108.884,pass_verified,DMV_Teilnahmen_2015_2025_VOLLSTAENDIG
DMV-153253,37241.0,37241.0,2016,2016-10-23,2016-10-23-Gevelsberg,,,,,106.752,pass_verified,DMV_Teilnahmen_2015_2025_VOLLSTAENDIG
DMV-153254,37241.0,37241.0,2016,2016-12-17,2016-12-17-Halver_Halle,,,,,107.133,pass_verified,DMV_Teilnahmen_2015_2025_VOLLSTAENDIG
DMV-153255,37242.0,37242.0,2016,2016-04-17,2016-04-17-Kerpen,1. Spieltag 1. Bundesliga Nord,Kerpen,,4.0,101.534,pass_verified,DMV_Teilnahmen_2015_2025_VOLLSTAENDIG
DMV-153256,37242.0,37242.0,2016,2016-05-22,2016-05-22-Dormagen_Hackenbroich,"1. Bundesliga Nord, 2. Spieltag",Dormagen,,4.0,101.427,pass_verified,DMV_Teilnahmen_2015_2025_VOLLSTAENDIG
DMV-153257,37242.0,37242.0,2016,2016-06-05,2016-06-05-Hamburg_Rahlstedt,"1. Bundesliga Nord, 3. Spieltag",Hamburg,,,98.733,pass_verified,DMV_Teilnahmen_2015_2025_VOLLSTAENDIG
DMV-153258,37242.0,37242.0,2016,2016-06-19,2016-06-19-Bad_Münder,"1. Bundesliga Nord, 4. Spieltag",Bad Münder,,,100.407,pass_verified,DMV_Teilnahmen_2015_2025_VOLLSTAENDIG
DMV-153259,37242.0,37242.0,2016,2016-07-13,2016-07-13-Wanne_Eickel,,,,,101.165,pass_verified,DMV_Teilnahmen_2015_2025_VOLLSTAENDIG
DMV-153260,37242.0,37242.0,2016,2016-07-16,2016-07-16-Wanne_Eickel2,,,,,100.252,pass_verified,DMV_Teilnahmen_2015_2025_VOLLSTAENDIG
DMV-153261,37242.0,37242.0,2016,2016-10-29,2016-10-29-Paffendorf,,,,,104.294,pass_verified,DMV_Teilnahmen_2015_2025_VOLLSTAENDIG
DMV-153262,37242.0,37242.0,2016,2016-12-17,2016-12-17-Halver_Halle,,,,,101.383,pass_verified,DMV_Teilnahmen_2015_2025_VOLLSTAENDIG
DMV-153263,37245.0,37245.0,2016,2016-04-17,2016-04-17-Bad_Mergentheim,,,,,100.767,pass_verified,DMV_Teilnahmen_2015_2025_VOLLSTAENDIG
DMV-153264,37245.0,37245.0,2016,2016-05-22,2016-05-22-Neutraubling,,,,,102.866,pass_verified,DMV_Teilnahmen_2015_2025_VOLLSTAENDIG
DMV-153265,37245.0,37245.0,2016,2016-06-19,2016-06-19-Höchberg,,,,,101.308,pass_verified,DMV_Teilnahmen_2015_2025_VOLLSTAENDIG
DMV-153266,37245.0,37245.0,2016,2016-09-04,2016-09-04-Olching,"3. Bundesliga Nord, Staffel I, 5. Spieltag",Dormagen,,,103.892,pass_verified,DMV_Teilnahmen_2015_2025_VOLLSTAENDIG
DMV-153267,37245.0,37245.0,2016,2016-09-11,2016-09-11-Ingolstadt_Auwaldsee,,,,,102.406,pass_verified,DMV_Teilnahmen_2015_2025_VOLLSTAENDIG
DMV-153268,37247.0,37247.0,2016,2016-08-07,2016-08-07-Biskirchen,"NBV-Landesliga Staffel I, 5. Spieltag",Kaarst,,,104.121,pass_verified,DMV_Teilnahmen_2015_2025_VOLLSTAENDIG
DMV-153269,37247.0,37247.0,2016,2016-08-27,2016-08-27-Pfungstadt,,,,,104.551,pass_verified,DMV_Teilnahmen_2015_2025_VOLLSTAENDIG
DMV-153270,37249.0,37249.0,2016,2016-04-10,2016-04-10-Bensheim,,,,,105.33,pass_verified,DMV_Teilnahmen_2015_2025_VOLLSTAENDIG
DMV-153271,37249.0,37249.0,2016,2016-05-01,2016-05-01-Bad_Soden,,,,,109.405,pass_verified,DMV_Teilnahmen_2015_2025_VOLLSTAENDIG
DMV-153272,37249.0,37249.0,2016,2016-09-24,2016-09-24-Bad_Homburg_Hirschgarten+Dreieich,,,,,107.019,pass_verified,DMV_Teilnahmen_2015_2025_VOLLSTAENDIG
DMV-153273,37252.0,37252.0,2016,2016-03-20,2016-03-20-Bad_Godesberg,,,,,104.782,pass_verified,DMV_Teilnahmen_2015_2025_VOLLSTAENDIG
DMV-153274,37252.0,37252.0,2016,2016-04-17,2016-04-17-Bad_Godesberg,,,,,105.521,pass_verified,DMV_Teilnahmen_2015_2025_VOLLSTAENDIG
DMV-153275,37252.0,37252.0,2016,2016-05-22,2016-05-22-Castrop,"3. Bundesliga Nord Staffel 1, 2. Spieltag",Castrop-Rauxel,,1.0,104.043,pass_verified,DMV_Teilnahmen_2015_2025_VOLLSTAENDIG
DMV-153276,37252.0,37252.0,2016,2016-06-19,2016-06-19-Bochum_Stadtpark,"3. Bundesliga Nord Staffel I, 3. Spieltag",Bochum,,1.0,105.609,pass_verified,DMV_Teilnahmen_2015_2025_VOLLSTAENDIG
DMV-153277,37252.0,37252.0,2016,2016-07-02,2016-07-02-Gevelsberg,,,,,105.2,pass_verified,DMV_Teilnahmen_2015_2025_VOLLSTAENDIG
DMV-153278,37252.0,37252.0,2016,2016-07-23,2016-07-23-Kerpen,,,,,103.725,pass_verified,DMV_Teilnahmen_2015_2025_VOLLSTAENDIG
DMV-153279,37252.0,37252.0,2016,2016-07-31,2016-07-31-Kaarst,"3. Bundesliga Nord Staffel I, 4. Spieltag",Kaarst,,,105.821,pass_verified,DMV_Teilnahmen_2015_2025_VOLLSTAENDIG
DMV-153280,37252.0,37252.0,2016,2016-08-18,2016-08-18-Mannheim,,,,,104.117,pass_verified,DMV_Teilnahmen_2015_2025_VOLLSTAENDIG
DMV-153281,37252.0,37252.0,2016,2016-09-04,2016-09-04-Dormagen_Hackenbroich,"3. Bundesliga Nord, Staffel I, 5. Spieltag",Dormagen,,,105.233,pass_verified,DMV_Teilnahmen_2015_2025_VOLLSTAENDIG
DMV-153282,37252.0,37252.0,2016,2016-09-10,2016-09-10-Lüttringhausen,,,,,105.537,pass_verified,DMV_Teilnahmen_2015_2025_VOLLSTAENDIG
DMV-153283,37252.0,37252.0,2016,2016-09-25,2016-09-25-Kaarst,,,,,105.191,pass_verified,DMV_Teilnahmen_2015_2025_VOLLSTAENDIG
DMV-153284,37252.0,37252.0,2016,2016-10-09,2016-10-09-Schriesheim,BMW Knopf Trophy 2016,Schriesheim,,9.0,107.689,pass_verified,DMV_Teilnahmen_2015_2025_VOLLSTAENDIG
DMV-153285,37252.0,37252.0,2016,2016-09-25,2016-09-25-Büttgen,,,,,105.191,pass_verified,DMV_Teilnahmen_2015_2025_VOLLSTAENDIG
DMV-153286,37254.0,37254.0,2016,2016-03-13,2016-03-13-Köln_Freizeitinsel,,,,,103.861,pass_verified,DMV_Teilnahmen_2015_2025_VOLLSTAENDIG
DMV-153287,37254.0,37254.0,2016,2016-04-10,2016-04-10-Bad_Godesberg,,,,,107.23,pass_verified,DMV_Teilnahmen_2015_2025_VOLLSTAENDIG
DMV-153288,37254.0,37254.0,2016,2016-05-22,2016-05-22-Nümbrecht,,,,,106.075,pass_verified,DMV_Teilnahmen_2015_2025_VOLLSTAENDIG
DMV-153289,37254.0,37254.0,2016,2016-06-05,2016-06-05-Köln_Rath,,,,,103.018,pass_verified,DMV_Teilnahmen_2015_2025_VOLLSTAENDIG
DMV-153290,37254.0,37254.0,2016,2016-06-19,2016-06-19-Attendorn,,,,,105.294,pass_verified,DMV_Teilnahmen_2015_2025_VOLLSTAENDIG
DMV-153291,37254.0,37254.0,2016,2016-07-09,2016-07-09-Bad_Bodendorf,,,,,106.514,pass_verified,DMV_Teilnahmen_2015_2025_VOLLSTAENDIG
DMV-153292,37254.0,37254.0,2016,2016-08-07,2016-08-07-Köln_Ehrenfeld,"NBV-Landesliga Staffel I, 5. Spieltag",Kaarst,,,103.75,pass_verified,DMV_Teilnahmen_2015_2025_VOLLSTAENDIG
DMV-153293,37276.0,37276.0,2016,2016-03-20,2016-03-20-Mannheim_Sandhofen_Halle,,,,,104.648,pass_verified,DMV_Teilnahmen_2015_2025_VOLLSTAENDIG
DMV-153294,37276.0,37276.0,2016,2016-04-10,2016-04-10-Bensheim,,,,,106.58,pass_verified,DMV_Teilnahmen_2015_2025_VOLLSTAENDIG
DMV-153295,37276.0,37276.0,2016,2016-05-01,2016-05-01-Bad_Soden,,,,,105.655,pass_verified,DMV_Teilnahmen_2015_2025_VOLLSTAENDIG
DMV-153296,37276.0,37276.0,2016,2016-05-22,2016-05-22-Dreieich,,,,,104.003,pass_verified,DMV_Teilnahmen_2015_2025_VOLLSTAENDIG
DMV-153297,37276.0,37276.0,2016,2016-05-29,2016-05-29-Arheilgen,MRP-Jugendliga/A-Rangliste,Mainz,,,105.074,pass_verified,DMV_Teilnahmen_2015_2025_VOLLSTAENDIG
DMV-153298,37276.0,37276.0,2016,2016-06-05,2016-06-05-Bad_Soden,,,,,105.508,pass_verified,DMV_Teilnahmen_2015_2025_VOLLSTAENDIG
DMV-153299,37276.0,37276.0,2016,2016-06-19,2016-06-19-Arheilgen,,,,,106.736,pass_verified,DMV_Teilnahmen_2015_2025_VOLLSTAENDIG
DMV-153300,37276.0,37276.0,2016,2016-07-09,2016-07-09-Arheilgen,,,,,106.651,pass_verified,DMV_Teilnahmen_2015_2025_VOLLSTAENDIG
DMV-153301,37276.0,37276.0,2016,2016-07-10,2016-07-10-Arheilgen,,,,,107.563,pass_verified,DMV_Teilnahmen_2015_2025_VOLLSTAENDIG
DMV-153302,37276.0,37276.0,2016,2016-07-31,2016-07-31-Weiterstadt,,,,,104.335,pass_verified,DMV_Teilnahmen_2015_2025_VOLLSTAENDIG
DMV-153303,37276.0,37276.0,2016,2016-09-04,2016-09-04-Bad_Homburg_Hirschgarten,"3. Bundesliga Nord, Staffel I, 5. Spieltag",Dormagen,,,106.412,pass_verified,DMV_Teilnahmen_2015_2025_VOLLSTAENDIG
DMV-153304,37276.0,37276.0,2016,2016-09-24,2016-09-24-Bad_Homburg_Hirschgarten+Dreieich,,,,,106.894,pass_verified,DMV_Teilnahmen_2015_2025_VOLLSTAENDIG
DMV-153305,37288.0,37288.0,2016,2016-04-17,2016-04-17-Bamberg,,,,,111.402,pass_verified,DMV_Teilnahmen_2015_2025_VOLLSTAENDIG
DMV-153306,37288.0,37288.0,2016,2016-06-05,2016-06-05-Mitterteich,,,,,107.609,pass_verified,DMV_Teilnahmen_2015_2025_VOLLSTAENDIG
DMV-153307,37288.0,37288.0,2016,2016-09-04,2016-09-04-Bad_Berneck,"3. Bundesliga Nord, Staffel I, 5. Spieltag",Dormagen,,,111.135,pass_verified,DMV_Teilnahmen_2015_2025_VOLLSTAENDIG
DMV-153308,37289.0,37289.0,2016,2016-03-27,2016-03-27-Landshut,,,,,103.858,pass_verified,DMV_Teilnahmen_2015_2025_VOLLSTAENDIG
DMV-153309,37289.0,37289.0,2016,2016-04-17,2016-04-17-Bamberg,,,,,102.069,pass_verified,DMV_Teilnahmen_2015_2025_VOLLSTAENDIG
DMV-153310,37289.0,37289.0,2016,2016-05-08,2016-05-08-Schweinfurt,Badische Meisterschaften,Tuttlingen,,,101.481,pass_verified,DMV_Teilnahmen_2015_2025_VOLLSTAENDIG
DMV-153311,37289.0,37289.0,2016,2016-05-15,2016-05-15-Bad_Berneck,,,,,102.691,pass_verified,DMV_Teilnahmen_2015_2025_VOLLSTAENDIG
DMV-153312,37289.0,37289.0,2016,2016-06-05,2016-06-05-Mitterteich,,,,,101.943,pass_verified,DMV_Teilnahmen_2015_2025_VOLLSTAENDIG
DMV-153313,37289.0,37289.0,2016,2016-07-24,2016-07-24-Mitterteich,,,,,104.419,pass_verified,DMV_Teilnahmen_2015_2025_VOLLSTAENDIG
DMV-153314,37289.0,37289.0,2016,2016-09-04,2016-09-04-Bad_Berneck,"3. Bundesliga Nord, Staffel I, 5. Spieltag",Dormagen,,,103.135,pass_verified,DMV_Teilnahmen_2015_2025_VOLLSTAENDIG
DMV-153315,37290.0,37290.0,2016,2016-04-17,2016-04-17-Bamberg,,,,,110.402,pass_verified,DMV_Teilnahmen_2015_2025_VOLLSTAENDIG
DMV-153316,37290.0,37290.0,2016,2016-07-24,2016-07-24-Mitterteich,,,,,107.752,pass_verified,DMV_Teilnahmen_2015_2025_VOLLSTAENDIG
DMV-153317,37290.0,37290.0,2016,2016-09-04,2016-09-04-Bad_Berneck,"3. Bundesliga Nord, Staffel I, 5. Spieltag",Dormagen,,,109.802,pass_verified,DMV_Teilnahmen_2015_2025_VOLLSTAENDIG
DMV-153318,37293.0,37293.0,2016,2016-07-31,2016-07-31-Goslar,,,,,103.948,pass_verified,DMV_Teilnahmen_2015_2025_VOLLSTAENDIG
DMV-153319,37293.0,37293.0,2016,2016-09-04,2016-09-04-Salzgitter,"3. Bundesliga Nord, Staffel I, 5. Spieltag",Dormagen,,,103.518,pass_verified,DMV_Teilnahmen_2015_2025_VOLLSTAENDIG
DMV-153320,37310.0,37310.0,2016,2016-05-01,2016-05-01-Niederstetten,,,,,105.491,pass_verified,DMV_Teilnahmen_2015_2025_VOLLSTAENDIG
DMV-153321,37312.0,37312.0,2016,2016-10-23,2016-10-23-Bildstock,,,,,103.489,pass_verified,DMV_Teilnahmen_2015_2025_VOLLSTAENDIG
DMV-153322,37313.0,37313.0,2016,2016-04-10,2016-04-10-Bildstock,,,,,115.473,pass_verified,DMV_Teilnahmen_2015_2025_VOLLSTAENDIG
DMV-153323,37313.0,37313.0,2016,2016-05-29,2016-05-29-Bliesen,MRP-Jugendliga/A-Rangliste,Mainz,,,114.819,pass_verified,DMV_Teilnahmen_2015_2025_VOLLSTAENDIG
DMV-153324,37321.0,37321.0,2016,2016-04-23,2016-04-23-Herne,,,,,105.613,pass_verified,DMV_Teilnahmen_2015_2025_VOLLSTAENDIG
DMV-153325,37321.0,37321.0,2016,2016-05-22,2016-05-22-Halver,,,,,105.633,pass_verified,DMV_Teilnahmen_2015_2025_VOLLSTAENDIG
DMV-153326,37321.0,37321.0,2016,2016-06-05,2016-06-05-Gevelsberg,,,,,106.151,pass_verified,DMV_Teilnahmen_2015_2025_VOLLSTAENDIG
DMV-153327,37321.0,37321.0,2016,2016-07-13,2016-07-13-Wanne_Eickel,,,,,104.332,pass_verified,DMV_Teilnahmen_2015_2025_VOLLSTAENDIG
DMV-153328,37322.0,37322.0,2016,2016-04-17,2016-04-17-Kerpen,1. Spieltag 1. Bundesliga Nord,Kerpen,,,100.534,pass_verified,DMV_Teilnahmen_2015_2025_VOLLSTAENDIG
DMV-153329,37322.0,37322.0,2016,2016-04-23,2016-04-23-Herne,,,,,100.446,pass_verified,DMV_Teilnahmen_2015_2025_VOLLSTAENDIG
DMV-153330,37322.0,37322.0,2016,2016-05-22,2016-05-22-Dormagen_Hackenbroich,"1. Bundesliga Nord, 2. Spieltag",Dormagen,,,101.927,pass_verified,DMV_Teilnahmen_2015_2025_VOLLSTAENDIG
DMV-153331,37322.0,37322.0,2016,2016-06-05,2016-06-05-Hamburg_Rahlstedt,"1. Bundesliga Nord, 3. Spieltag",Hamburg,,,105.233,pass_verified,DMV_Teilnahmen_2015_2025_VOLLSTAENDIG
DMV-153332,37322.0,37322.0,2016,2016-06-19,2016-06-19-Bad_Münder,"1. Bundesliga Nord, 4. Spieltag",Bad Münder,,,101.907,pass_verified,DMV_Teilnahmen_2015_2025_VOLLSTAENDIG
DMV-153333,37322.0,37322.0,2016,2016-07-13,2016-07-13-Wanne_Eickel,,,,,99.665,pass_verified,DMV_Teilnahmen_2015_2025_VOLLSTAENDIG
DMV-153334,37322.0,37322.0,2016,2016-07-16,2016-07-16-Wanne_Eickel,,,,,100.085,pass_verified,DMV_Teilnahmen_2015_2025_VOLLSTAENDIG
DMV-153335,37322.0,37322.0,2016,2016-10-01,2016-10-01-Bad_Münder,Europacup 2016,Neutraubling,,,104.623,pass_verified,DMV_Teilnahmen_2015_2025_VOLLSTAENDIG
DMV-153336,37325.0,37325.0,2016,2016-04-10,2016-04-10-Epe,,,,,105.882,pass_verified,DMV_Teilnahmen_2015_2025_VOLLSTAENDIG
DMV-153337,37325.0,37325.0,2016,2016-08-07,2016-08-07-Herten,"NBV-Landesliga Staffel I, 5. Spieltag",Kaarst,,,107.538,pass_verified,DMV_Teilnahmen_2015_2025_VOLLSTAENDIG
DMV-153338,37329.0,37329.0,2016,2016-03-20,2016-03-20-Bad_Godesberg,,,,,102.782,pass_verified,DMV_Teilnahmen_2015_2025_VOLLSTAENDIG
DMV-153339,37329.0,37329.0,2016,2016-04-17,2016-04-17-Bad_Godesberg,,,,,105.521,pass_verified,DMV_Teilnahmen_2015_2025_VOLLSTAENDIG
DMV-153340,37329.0,37329.0,2016,2016-05-22,2016-05-22-Castrop,"3. Bundesliga Nord Staffel 1, 2. Spieltag",Castrop-Rauxel,,,99.793,pass_verified,DMV_Teilnahmen_2015_2025_VOLLSTAENDIG
DMV-153341,37329.0,37329.0,2016,2016-06-19,2016-06-19-Bochum_Stadtpark,"3. Bundesliga Nord Staffel I, 3. Spieltag",Bochum,,,101.359,pass_verified,DMV_Teilnahmen_2015_2025_VOLLSTAENDIG
DMV-153342,37329.0,37329.0,2016,2016-07-23,2016-07-23-Kerpen,,,,,99.6,pass_verified,DMV_Teilnahmen_2015_2025_VOLLSTAENDIG
DMV-153343,37329.0,37329.0,2016,2016-07-31,2016-07-31-Kaarst,"3. Bundesliga Nord Staffel I, 4. Spieltag",Kaarst,,,101.571,pass_verified,DMV_Teilnahmen_2015_2025_VOLLSTAENDIG
DMV-153344,37329.0,37329.0,2016,2016-09-04,2016-09-04-Dormagen_Hackenbroich,"3. Bundesliga Nord, Staffel I, 5. Spieltag",Dormagen,,,100.733,pass_verified,DMV_Teilnahmen_2015_2025_VOLLSTAENDIG
DMV-153345,37329.0,37329.0,2016,2016-09-25,2016-09-25-Kaarst,,,,,102.191,pass_verified,DMV_Teilnahmen_2015_2025_VOLLSTAENDIG
DMV-153346,37329.0,37329.0,2016,2016-10-01,2016-10-01-Bad_Münder2,Europacup 2016,Neutraubling,,,99.838,pass_verified,DMV_Teilnahmen_2015_2025_VOLLSTAENDIG
DMV-153347,37329.0,37329.0,2016,2016-09-25,2016-09-25-Büttgen,,,,,102.191,pass_verified,DMV_Teilnahmen_2015_2025_VOLLSTAENDIG
DMV-153348,37352.0,37352.0,2016,2016-04-17,2016-04-17-Lüneburg,,,,,101.525,pass_verified,DMV_Teilnahmen_2015_2025_VOLLSTAENDIG
DMV-153349,37352.0,37352.0,2016,2016-05-07,2016-05-07-Diepholz,,,,,102.303,pass_verified,DMV_Teilnahmen_2015_2025_VOLLSTAENDIG
DMV-153350,37352.0,37352.0,2016,2016-05-22,2016-05-22-Diepholz,,,,,104.966,pass_verified,DMV_Teilnahmen_2015_2025_VOLLSTAENDIG
DMV-153351,37352.0,37352.0,2016,2016-06-05,2016-06-05-Cuxhaven,,,,,103.244,pass_verified,DMV_Teilnahmen_2015_2025_VOLLSTAENDIG
DMV-153352,37352.0,37352.0,2016,2016-06-19,2016-06-19-Bremen_Vahr,,,,,101.238,pass_verified,DMV_Teilnahmen_2015_2025_VOLLSTAENDIG
DMV-153353,37352.0,37352.0,2016,2016-07-23,2016-07-23-Bremen_Hastedt,,,,,102.465,pass_verified,DMV_Teilnahmen_2015_2025_VOLLSTAENDIG
DMV-153354,37352.0,37352.0,2016,2016-07-31,2016-07-31-Bad_Nenndorf,,,,,104.465,pass_verified,DMV_Teilnahmen_2015_2025_VOLLSTAENDIG
DMV-153355,37352.0,37352.0,2016,2016-08-27,2016-08-27-Hamburg_Lurup,,,,,102.148,pass_verified,DMV_Teilnahmen_2015_2025_VOLLSTAENDIG
DMV-153356,37355.0,37355.0,2016,2016-03-13,2016-03-13-Köln_Freizeitinsel,,,,,113.861,pass_verified,DMV_Teilnahmen_2015_2025_VOLLSTAENDIG
DMV-153357,37355.0,37355.0,2016,2016-04-10,2016-04-10-Köln_Freizeitinsel,,,,,107.979,pass_verified,DMV_Teilnahmen_2015_2025_VOLLSTAENDIG
DMV-153358,37355.0,37355.0,2016,2016-05-22,2016-05-22-Bad_Godesberg,,,,,114.462,pass_verified,DMV_Teilnahmen_2015_2025_VOLLSTAENDIG
DMV-153359,37355.0,37355.0,2016,2016-06-05,2016-06-05-Paffendorf,,,,,109.737,pass_verified,DMV_Teilnahmen_2015_2025_VOLLSTAENDIG
DMV-153360,37355.0,37355.0,2016,2016-06-19,2016-06-19-Wesseling,,,,,108.732,pass_verified,DMV_Teilnahmen_2015_2025_VOLLSTAENDIG
DMV-153361,37355.0,37355.0,2016,2016-08-07,2016-08-07-Kerpen,"NBV-Landesliga Staffel I, 5. Spieltag",Kaarst,,,111.088,pass_verified,DMV_Teilnahmen_2015_2025_VOLLSTAENDIG
DMV-153362,37360.0,37360.0,2016,2016-04-10,2016-04-10-Wallenhorst_Rulle,,,,,105.251,pass_verified,DMV_Teilnahmen_2015_2025_VOLLSTAENDIG
DMV-153363,37360.0,37360.0,2016,2016-05-22,2016-05-22-Gladbeck,,,,,103.138,pass_verified,DMV_Teilnahmen_2015_2025_VOLLSTAENDIG
DMV-153364,37360.0,37360.0,2016,2016-06-05,2016-06-05-Herten,,,,,104.321,pass_verified,DMV_Teilnahmen_2015_2025_VOLLSTAENDIG
DMV-153365,37360.0,37360.0,2016,2016-06-19,2016-06-19-Essen_Vogelheim,,,,,105.936,pass_verified,DMV_Teilnahmen_2015_2025_VOLLSTAENDIG
DMV-153366,37360.0,37360.0,2016,2016-08-28,2016-08-28-Gladbeck,,,,,105.339,pass_verified,DMV_Teilnahmen_2015_2025_VOLLSTAENDIG
DMV-153367,37360.0,37360.0,2016,2016-09-17,2016-09-17-Witten_Herbede,,,,,107.842,pass_verified,DMV_Teilnahmen_2015_2025_VOLLSTAENDIG
DMV-153368,37363.0,37363.0,2016,2016-05-22,2016-05-22-Wallenhorst_Rulle,,,,,107.943,pass_verified,DMV_Teilnahmen_2015_2025_VOLLSTAENDIG
DMV-153369,37371.0,37371.0,2016,2016-05-07,2016-05-07-Tuttlingen,,,,,101.648,pass_verified,DMV_Teilnahmen_2015_2025_VOLLSTAENDIG
DMV-153370,37371.0,37371.0,2016,2016-10-22,2016-10-22-Lana,,,,,103.385,pass_verified,DMV_Teilnahmen_2015_2025_VOLLSTAENDIG
DMV-153371,37371.0,37371.0,2016,2016-10-29,2016-10-29-Algund,,,,,102.937,pass_verified,DMV_Teilnahmen_2015_2025_VOLLSTAENDIG
DMV-153372,37372.0,37372.0,2016,2016-04-10,2016-04-10-Leipzig_Clara_Zetkin_Park,,,,,123.706,pass_verified,DMV_Teilnahmen_2015_2025_VOLLSTAENDIG
DMV-153373,37372.0,37372.0,2016,2016-05-08,2016-05-08-Köthen,Badische Meisterschaften,Tuttlingen,,,113.063,pass_verified,DMV_Teilnahmen_2015_2025_VOLLSTAENDIG
DMV-153374,37380.0,37380.0,2016,2016-04-10,2016-04-10-Wernau,,,,,102.866,pass_verified,DMV_Teilnahmen_2015_2025_VOLLSTAENDIG
DMV-153375,37380.0,37380.0,2016,2016-04-17,2016-04-17-Ludwigsburg,,,,,104.535,pass_verified,DMV_Teilnahmen_2015_2025_VOLLSTAENDIG
DMV-153376,37380.0,37380.0,2016,2016-05-01,2016-05-01-Süßen,,,,,103.177,pass_verified,DMV_Teilnahmen_2015_2025_VOLLSTAENDIG
DMV-153377,37380.0,37380.0,2016,2016-05-15,2016-05-15-Metzingen,,,,,101.692,pass_verified,DMV_Teilnahmen_2015_2025_VOLLSTAENDIG
DMV-153378,37380.0,37380.0,2016,2016-05-22,2016-05-22-Wendlingen,,,,,105.031,pass_verified,DMV_Teilnahmen_2015_2025_VOLLSTAENDIG
DMV-153379,37380.0,37380.0,2016,2016-05-29,2016-05-29-Metzingen,MRP-Jugendliga/A-Rangliste,Mainz,,,104.104,pass_verified,DMV_Teilnahmen_2015_2025_VOLLSTAENDIG
DMV-153380,37380.0,37380.0,2016,2016-06-05,2016-06-05-Wernau,,,,,102.884,pass_verified,DMV_Teilnahmen_2015_2025_VOLLSTAENDIG
DMV-153381,37380.0,37380.0,2016,2016-08-18,2016-08-18-Mannheim,,,,,102.672,pass_verified,DMV_Teilnahmen_2015_2025_VOLLSTAENDIG
DMV-153382,37380.0,37380.0,2016,2016-09-04,2016-09-04-Bad_Urach,"3. Bundesliga Nord, Staffel I, 5. Spieltag",Dormagen,,,103.098,pass_verified,DMV_Teilnahmen_2015_2025_VOLLSTAENDIG
DMV-153383,37386.0,37386.0,2016,2016-03-28,2016-03-28-Kempten_Steinbruch,,,,,108.651,pass_verified,DMV_Teilnahmen_2015_2025_VOLLSTAENDIG
DMV-153384,37386.0,37386.0,2016,2016-04-24,2016-04-24-Ingolstadt_Auwaldsee,,,,,104.722,pass_verified,DMV_Teilnahmen_2015_2025_VOLLSTAENDIG
DMV-153385,37386.0,37386.0,2016,2016-05-26,2016-05-26-Kelheim,,,,,104.764,pass_verified,DMV_Teilnahmen_2015_2025_VOLLSTAENDIG
DMV-153386,37386.0,37386.0,2016,2016-06-05,2016-06-05-Bad_Feilnbach,"MVBN-Verbandsliga Süd, 3. Punktspiel",Gebhardshagen,,4.0,105.766,pass_verified,DMV_Teilnahmen_2015_2025_VOLLSTAENDIG
DMV-153387,37386.0,37386.0,2016,2016-06-12,2016-06-12-Ottobrunn,,,,,107.5,pass_verified,DMV_Teilnahmen_2015_2025_VOLLSTAENDIG
DMV-153388,37386.0,37386.0,2016,2016-06-26,2016-06-26-Bad_Feilnbach,,,,,107.781,pass_verified,DMV_Teilnahmen_2015_2025_VOLLSTAENDIG
DMV-153389,37386.0,37386.0,2016,2016-08-07,2016-08-07-Höchberg,"NBV-Landesliga Staffel I, 5. Spieltag",Kaarst,,,105.542,pass_verified,DMV_Teilnahmen_2015_2025_VOLLSTAENDIG
DMV-153390,37386.0,37386.0,2016,2016-09-18,2016-09-18-Murnau_See,Heven-Cup 2016,Witten,,,101.422,pass_verified,DMV_Teilnahmen_2015_2025_VOLLSTAENDIG
DMV-153391,37389.0,37389.0,2016,2016-04-01,2016-04-01-Schweinfurt,,,,,101.674,pass_verified,DMV_Teilnahmen_2015_2025_VOLLSTAENDIG
DMV-153392,37389.0,37389.0,2016,2016-04-24,2016-04-24-Ingolstadt_Auwaldsee,,,,,105.389,pass_verified,DMV_Teilnahmen_2015_2025_VOLLSTAENDIG
DMV-153393,37389.0,37389.0,2016,2016-05-22,2016-05-22-Ravensburg,,,,,104.905,pass_verified,DMV_Teilnahmen_2015_2025_VOLLSTAENDIG
DMV-153394,37389.0,37389.0,2016,2016-06-05,2016-06-05-Schwaikheim,,,,,104.774,pass_verified,DMV_Teilnahmen_2015_2025_VOLLSTAENDIG
DMV-153395,37389.0,37389.0,2016,2016-06-12,2016-06-12-Ottobrunn,,,,,101.166,pass_verified,DMV_Teilnahmen_2015_2025_VOLLSTAENDIG
DMV-153396,37389.0,37389.0,2016,2016-07-21,2016-07-21-Weinheim,,,,,104.488,pass_verified,DMV_Teilnahmen_2015_2025_VOLLSTAENDIG
DMV-153397,37389.0,37389.0,2016,2016-07-31,2016-07-31-Niederstetten,,,,,106.197,pass_verified,DMV_Teilnahmen_2015_2025_VOLLSTAENDIG
DMV-153398,37389.0,37389.0,2016,2016-08-28,2016-08-28-Kempten_Steinbruch,,,,,102.878,pass_verified,DMV_Teilnahmen_2015_2025_VOLLSTAENDIG
DMV-153399,37389.0,37389.0,2016,2016-09-11,2016-09-11-Murnau_See,,,,,101.398,pass_verified,DMV_Teilnahmen_2015_2025_VOLLSTAENDIG
DMV-153400,37389.0,37389.0,2016,2016-09-18,2016-09-18-Murnau_See,Heven-Cup 2016,Witten,,,106.922,pass_verified,DMV_Teilnahmen_2015_2025_VOLLSTAENDIG
DMV-153401,37389.0,37389.0,2016,2016-10-01,2016-10-01-Landshut,Europacup 2016,Neutraubling,,,105.481,pass_verified,DMV_Teilnahmen_2015_2025_VOLLSTAENDIG
DMV-153402,37389.0,37389.0,2016,2016-09-04,2016-09-04-Bad_Füssing,"3. Bundesliga Nord, Staffel I, 5. Spieltag",Dormagen,,,101.322,pass_verified,DMV_Teilnahmen_2015_2025_VOLLSTAENDIG
DMV-153403,37390.0,37390.0,2016,2016-04-03,2016-04-03-Olching,,,,,105.006,pass_verified,DMV_Teilnahmen_2015_2025_VOLLSTAENDIG
DMV-153404,37390.0,37390.0,2016,2016-04-10,2016-04-10-Straßlach,,,,,102.258,pass_verified,DMV_Teilnahmen_2015_2025_VOLLSTAENDIG
DMV-153405,37390.0,37390.0,2016,2016-04-24,2016-04-24-Ingolstadt_Auwaldsee,,,,,103.389,pass_verified,DMV_Teilnahmen_2015_2025_VOLLSTAENDIG
DMV-153406,37390.0,37390.0,2016,2016-06-05,2016-06-05-Schwaikheim,,,,,101.107,pass_verified,DMV_Teilnahmen_2015_2025_VOLLSTAENDIG
DMV-153407,37390.0,37390.0,2016,2016-06-12,2016-06-12-Ottobrunn,,,,,105.833,pass_verified,DMV_Teilnahmen_2015_2025_VOLLSTAENDIG
DMV-153408,37390.0,37390.0,2016,2016-07-31,2016-07-31-Niederstetten,,,,,104.197,pass_verified,DMV_Teilnahmen_2015_2025_VOLLSTAENDIG
DMV-153409,37390.0,37390.0,2016,2016-08-07,2016-08-07-Garmisch_Partenkirchen,"NBV-Landesliga Staffel I, 5. Spieltag",Kaarst,,,103.715,pass_verified,DMV_Teilnahmen_2015_2025_VOLLSTAENDIG
DMV-153410,37390.0,37390.0,2016,2016-09-11,2016-09-11-Murnau_See,,,,,99.648,pass_verified,DMV_Teilnahmen_2015_2025_VOLLSTAENDIG
DMV-153411,37390.0,37390.0,2016,2016-09-18,2016-09-18-Murnau_See,Heven-Cup 2016,Witten,,,100.422,pass_verified,DMV_Teilnahmen_2015_2025_VOLLSTAENDIG
DMV-153412,37390.0,37390.0,2016,2016-10-01,2016-10-01-Landshut,Europacup 2016,Neutraubling,,,102.814,pass_verified,DMV_Teilnahmen_2015_2025_VOLLSTAENDIG
DMV-153413,37390.0,37390.0,2016,2016-09-04,2016-09-04-Bad_Füssing,"3. Bundesliga Nord, Staffel I, 5. Spieltag",Dormagen,,,104.572,pass_verified,DMV_Teilnahmen_2015_2025_VOLLSTAENDIG
DMV-153414,37392.0,37392.0,2016,2016-05-01,2016-05-01-Mainz_Hartenberg,MRP - Seniorenliga/A-Rangliste,Mainz,,,102.724,pass_verified,DMV_Teilnahmen_2015_2025_VOLLSTAENDIG
DMV-153415,37395.0,37395.0,2016,2016-05-29,2016-05-29-Woltersdorf,MRP-Jugendliga/A-Rangliste,Mainz,,,105.445,pass_verified,DMV_Teilnahmen_2015_2025_VOLLSTAENDIG
DMV-153416,37395.0,37395.0,2016,2016-06-05,2016-06-05-Berlin_Tegel_Adelheidallee,,,,,106.038,pass_verified,DMV_Teilnahmen_2015_2025_VOLLSTAENDIG
DMV-153417,37395.0,37395.0,2016,2016-06-12,2016-06-12-Berlin_MärkischesViertel,,,,,105.849,pass_verified,DMV_Teilnahmen_2015_2025_VOLLSTAENDIG
DMV-153418,37395.0,37395.0,2016,2016-04-10,2016-04-10-Berlin_Tegel_Adelheidallee,,,,,106.198,pass_verified,DMV_Teilnahmen_2015_2025_VOLLSTAENDIG
DMV-153419,37395.0,37395.0,2016,2016-05-01,2016-05-01-Berlin_Britz,,,,,103.266,pass_verified,DMV_Teilnahmen_2015_2025_VOLLSTAENDIG
DMV-153420,37399.0,37399.0,2016,2016-04-01,2016-04-01-Schweinfurt,,,,,103.074,pass_verified,DMV_Teilnahmen_2015_2025_VOLLSTAENDIG
DMV-153421,37399.0,37399.0,2016,2016-04-17,2016-04-17-Kerpen,1. Spieltag 1. Bundesliga Nord,Kerpen,,2.0,101.534,pass_verified,DMV_Teilnahmen_2015_2025_VOLLSTAENDIG
DMV-153422,37399.0,37399.0,2016,2016-05-22,2016-05-22-Dormagen_Hackenbroich,"1. Bundesliga Nord, 2. Spieltag",Dormagen,,1.0,103.427,pass_verified,DMV_Teilnahmen_2015_2025_VOLLSTAENDIG
DMV-153423,37399.0,37399.0,2016,2016-06-19,2016-06-19-Bad_Münder,"1. Bundesliga Nord, 4. Spieltag",Bad Münder,,,102.407,pass_verified,DMV_Teilnahmen_2015_2025_VOLLSTAENDIG
DMV-153424,37399.0,37399.0,2016,2016-07-13,2016-07-13-Wanne_Eickel,,,,,102.332,pass_verified,DMV_Teilnahmen_2015_2025_VOLLSTAENDIG
DMV-153425,37404.0,37404.0,2016,2016-05-26,2016-05-26-Kelheim,,,,,109.264,pass_verified,DMV_Teilnahmen_2015_2025_VOLLSTAENDIG
DMV-153426,37404.0,37404.0,2016,2016-06-05,2016-06-05-Karlsfeld,"MVBN-Verbandsliga Süd, 3. Punktspiel",Gebhardshagen,,3.0,111.568,pass_verified,DMV_Teilnahmen_2015_2025_VOLLSTAENDIG
DMV-153427,37404.0,37404.0,2016,2016-06-12,2016-06-12-Ottobrunn,,,,,110.5,pass_verified,DMV_Teilnahmen_2015_2025_VOLLSTAENDIG
DMV-153428,37404.0,37404.0,2016,2016-06-26,2016-06-26-Bad_Feilnbach,,,,,108.448,pass_verified,DMV_Teilnahmen_2015_2025_VOLLSTAENDIG
DMV-153429,37404.0,37404.0,2016,2016-07-21,2016-07-21-Weinheim,,,,,109.571,pass_verified,DMV_Teilnahmen_2015_2025_VOLLSTAENDIG
DMV-153430,37404.0,37404.0,2016,2016-08-07,2016-08-07-Straßlach,"NBV-Landesliga Staffel I, 5. Spieltag",Kaarst,,8.0,106.047,pass_verified,DMV_Teilnahmen_2015_2025_VOLLSTAENDIG
DMV-153431,37404.0,37404.0,2016,2016-09-04,2016-09-04-Olching2,"3. Bundesliga Nord, Staffel I, 5. Spieltag",Dormagen,,,112.507,pass_verified,DMV_Teilnahmen_2015_2025_VOLLSTAENDIG
DMV-153432,37404.0,37404.0,2016,2016-09-11,2016-09-11-Ottobrunn,,,,,107.211,pass_verified,DMV_Teilnahmen_2015_2025_VOLLSTAENDIG
DMV-153433,37404.0,37404.0,2016,2016-09-25,2016-09-25-Karlsfeld,,,,,111.243,pass_verified,DMV_Teilnahmen_2015_2025_VOLLSTAENDIG
DMV-153434,37415.0,37415.0,2016,2016-01-09,2016-01-09-Hohenems_Halle,,,,,109.658,pass_verified,DMV_Teilnahmen_2015_2025_VOLLSTAENDIG
DMV-153435,37415.0,37415.0,2016,2016-04-17,2016-04-17-Rheinstetten,1. Spieltag BBS-Verbandsliga Allg. Klasse,Rheinstetten,,,104.106,pass_verified,DMV_Teilnahmen_2015_2025_VOLLSTAENDIG
DMV-153436,37415.0,37415.0,2016,2016-05-07,2016-05-07-Tuttlingen,,,,,107.273,pass_verified,DMV_Teilnahmen_2015_2025_VOLLSTAENDIG
DMV-153437,37415.0,37415.0,2016,2016-06-05,2016-06-05-Ilvesheim,,,,,103.129,pass_verified,DMV_Teilnahmen_2015_2025_VOLLSTAENDIG
DMV-153438,37415.0,37415.0,2016,2016-07-31,2016-07-31-Tuttlingen,"Verbandsliga Baden, 4. Spieltag",Tuttlingen,,,103.245,pass_verified,DMV_Teilnahmen_2015_2025_VOLLSTAENDIG
DMV-153439,37425.0,37425.0,2016,2016-06-19,2016-06-19-Ostheim,,,,,101.236,pass_verified,DMV_Teilnahmen_2015_2025_VOLLSTAENDIG
DMV-153440,37425.0,37425.0,2016,2016-07-31,2016-07-31-Wertheim2,,,,,100.252,pass_verified,DMV_Teilnahmen_2015_2025_VOLLSTAENDIG
DMV-153441,37425.0,37425.0,2016,2016-10-01,2016-10-01-Landshut2,Europacup 2016,Neutraubling,,,101.12,pass_verified,DMV_Teilnahmen_2015_2025_VOLLSTAENDIG
DMV-153442,37427.0,37427.0,2016,2016-04-10,2016-04-10-Mönchengladbach,,,,,102.24,pass_verified,DMV_Teilnahmen_2015_2025_VOLLSTAENDIG
DMV-153443,37427.0,37427.0,2016,2016-04-17,2016-04-17-Halver,,,,,103.403,pass_verified,DMV_Teilnahmen_2015_2025_VOLLSTAENDIG
DMV-153444,37427.0,37427.0,2016,2016-05-22,2016-05-22-Halver2,,,,,100.989,pass_verified,DMV_Teilnahmen_2015_2025_VOLLSTAENDIG
DMV-153445,37427.0,37427.0,2016,2016-06-05,2016-06-05-Neheim_Hüsten,,,,,105.158,pass_verified,DMV_Teilnahmen_2015_2025_VOLLSTAENDIG
DMV-153446,37427.0,37427.0,2016,2016-06-19,2016-06-19-Bad_Salzuflen,,,,,104.989,pass_verified,DMV_Teilnahmen_2015_2025_VOLLSTAENDIG
DMV-153447,37427.0,37427.0,2016,2016-08-07,2016-08-07-Dormagen_Hackenbroich,"NBV-Landesliga Staffel I, 5. Spieltag",Kaarst,,,109.112,pass_verified,DMV_Teilnahmen_2015_2025_VOLLSTAENDIG
DMV-153448,37427.0,37427.0,2016,2016-09-10,2016-09-10-Lüttringhausen,,,,,106.704,pass_verified,DMV_Teilnahmen_2015_2025_VOLLSTAENDIG
DMV-153449,37427.0,37427.0,2016,2016-10-23,2016-10-23-Gevelsberg,,,,,104.502,pass_verified,DMV_Teilnahmen_2015_2025_VOLLSTAENDIG
DMV-153450,37427.0,37427.0,2016,2016-11-05,2016-11-05-Halver_Halle,,,,,101.584,pass_verified,DMV_Teilnahmen_2015_2025_VOLLSTAENDIG
DMV-153451,37427.0,37427.0,2016,2016-12-17,2016-12-17-Halver_Halle,,,,,102.133,pass_verified,DMV_Teilnahmen_2015_2025_VOLLSTAENDIG
DMV-153452,37428.0,37428.0,2016,2016-04-10,2016-04-10-Mönchengladbach,,,,,108.49,pass_verified,DMV_Teilnahmen_2015_2025_VOLLSTAENDIG
DMV-153453,37428.0,37428.0,2016,2016-04-17,2016-04-17-Halver,,,,,108.403,pass_verified,DMV_Teilnahmen_2015_2025_VOLLSTAENDIG
DMV-153454,37428.0,37428.0,2016,2016-05-22,2016-05-22-Halver2,,,,,106.989,pass_verified,DMV_Teilnahmen_2015_2025_VOLLSTAENDIG
DMV-153455,37428.0,37428.0,2016,2016-06-19,2016-06-19-Bad_Salzuflen,,,,,109.489,pass_verified,DMV_Teilnahmen_2015_2025_VOLLSTAENDIG
DMV-153456,37428.0,37428.0,2016,2016-08-07,2016-08-07-Dormagen_Hackenbroich,"NBV-Landesliga Staffel I, 5. Spieltag",Kaarst,,,109.362,pass_verified,DMV_Teilnahmen_2015_2025_VOLLSTAENDIG
DMV-153457,37428.0,37428.0,2016,2016-09-10,2016-09-10-Lüttringhausen,,,,,107.037,pass_verified,DMV_Teilnahmen_2015_2025_VOLLSTAENDIG
DMV-153458,37428.0,37428.0,2016,2016-11-19,2016-11-19-Halver_Halle,,,,,105.412,pass_verified,DMV_Teilnahmen_2015_2025_VOLLSTAENDIG
DMV-153459,37428.0,37428.0,2016,2016-12-17,2016-12-17-Halver_Halle,,,,,107.133,pass_verified,DMV_Teilnahmen_2015_2025_VOLLSTAENDIG
DMV-153460,37430.0,37430.0,2016,2016-03-05,2016-03-05-Decin,,,,,95.22,pass_verified,DMV_Teilnahmen_2015_2025_VOLLSTAENDIG
DMV-153461,37430.0,37430.0,2016,2016-04-17,2016-04-17-Kerpen,1. Spieltag 1. Bundesliga Nord,Kerpen,,,98.284,pass_verified,DMV_Teilnahmen_2015_2025_VOLLSTAENDIG
DMV-153462,37430.0,37430.0,2016,2016-05-22,2016-05-22-Dormagen_Hackenbroich,"1. Bundesliga Nord, 2. Spieltag",Dormagen,,,98.177,pass_verified,DMV_Teilnahmen_2015_2025_VOLLSTAENDIG
DMV-153463,37430.0,37430.0,2016,2016-06-05,2016-06-05-Hamburg_Rahlstedt,"1. Bundesliga Nord, 3. Spieltag",Hamburg,,,98.983,pass_verified,DMV_Teilnahmen_2015_2025_VOLLSTAENDIG
DMV-153464,37430.0,37430.0,2016,2016-06-19,2016-06-19-Bad_Münder,"1. Bundesliga Nord, 4. Spieltag",Bad Münder,,,96.157,pass_verified,DMV_Teilnahmen_2015_2025_VOLLSTAENDIG
DMV-153465,37430.0,37430.0,2016,2016-07-13,2016-07-13-Wanne_Eickel,,,,,98.707,pass_verified,DMV_Teilnahmen_2015_2025_VOLLSTAENDIG
DMV-153466,37433.0,37433.0,2016,2016-04-17,2016-04-17-Kerpen,1. Spieltag 1. Bundesliga Nord,Kerpen,,2.0,98.284,pass_verified,DMV_Teilnahmen_2015_2025_VOLLSTAENDIG
DMV-153467,37433.0,37433.0,2016,2016-04-23,2016-04-23-Herne,,,,,99.113,pass_verified,DMV_Teilnahmen_2015_2025_VOLLSTAENDIG
DMV-153468,37433.0,37433.0,2016,2016-05-22,2016-05-22-Dormagen_Hackenbroich,"1. Bundesliga Nord, 2. Spieltag",Dormagen,,1.0,99.177,pass_verified,DMV_Teilnahmen_2015_2025_VOLLSTAENDIG
DMV-153469,37433.0,37433.0,2016,2016-06-05,2016-06-05-Hamburg_Rahlstedt,"1. Bundesliga Nord, 3. Spieltag",Hamburg,,,98.233,pass_verified,DMV_Teilnahmen_2015_2025_VOLLSTAENDIG
DMV-153470,37433.0,37433.0,2016,2016-06-19,2016-06-19-Bad_Münder,"1. Bundesliga Nord, 4. Spieltag",Bad Münder,,,101.407,pass_verified,DMV_Teilnahmen_2015_2025_VOLLSTAENDIG
DMV-153471,37433.0,37433.0,2016,2016-07-13,2016-07-13-Wanne_Eickel,,,,,99.582,pass_verified,DMV_Teilnahmen_2015_2025_VOLLSTAENDIG
DMV-153472,37435.0,37435.0,2016,2016-04-17,2016-04-17-Schweinfurt,,,,,102.294,pass_verified,DMV_Teilnahmen_2015_2025_VOLLSTAENDIG
DMV-153473,37435.0,37435.0,2016,2016-04-24,2016-04-24-Ostheim,,,,,102.593,pass_verified,DMV_Teilnahmen_2015_2025_VOLLSTAENDIG
DMV-153474,37435.0,37435.0,2016,2016-06-05,2016-06-05-Bad_Bocklet,,,,,100.633,pass_verified,DMV_Teilnahmen_2015_2025_VOLLSTAENDIG
DMV-153475,37435.0,37435.0,2016,2016-06-19,2016-06-19-Wertheim,,,,,103.865,pass_verified,DMV_Teilnahmen_2015_2025_VOLLSTAENDIG
DMV-153476,37435.0,37435.0,2016,2016-07-03,2016-07-03-Wertheim,,,,,102.272,pass_verified,DMV_Teilnahmen_2015_2025_VOLLSTAENDIG
DMV-153477,37435.0,37435.0,2016,2016-07-17,2016-07-17-Bad_Bocklet,,,,,101.09,pass_verified,DMV_Teilnahmen_2015_2025_VOLLSTAENDIG
DMV-153478,37435.0,37435.0,2016,2016-07-31,2016-07-31-Wertheim,,,,,99.835,pass_verified,DMV_Teilnahmen_2015_2025_VOLLSTAENDIG
DMV-153479,37435.0,37435.0,2016,2016-09-04,2016-09-04-Würzburg_Löwenbrücke,"3. Bundesliga Nord, Staffel I, 5. Spieltag",Dormagen,,,103.301,pass_verified,DMV_Teilnahmen_2015_2025_VOLLSTAENDIG
DMV-153480,37435.0,37435.0,2016,2016-09-25,2016-09-25-Würzburg_Löwenbrücke,,,,,102.433,pass_verified,DMV_Teilnahmen_2015_2025_VOLLSTAENDIG
DMV-153481,37443.0,37443.0,2016,2016-04-10,2016-04-10-Velbert_Hardenberg,"NBV-Landesliga Staffel 1, 1. Spieltag",Hardenberg,,7.0,103.44,pass_verified,DMV_Teilnahmen_2015_2025_VOLLSTAENDIG
DMV-153482,37443.0,37443.0,2016,2016-05-22,2016-05-22-Kerpen,"NBV-Landesliga Staffel 1, 2. Spieltag",Kerpen,,7.0,102.93,pass_verified,DMV_Teilnahmen_2015_2025_VOLLSTAENDIG
DMV-153483,37443.0,37443.0,2016,2016-06-05,2016-06-05-Lüdenscheid,"NBV-Landesliga I, 3. Spieltag",Lüdenscheid,,2.0,100.283,pass_verified,DMV_Teilnahmen_2015_2025_VOLLSTAENDIG
DMV-153484,37443.0,37443.0,2016,2016-06-19,2016-06-19-Velbert_Langenberg,,,,,103.285,pass_verified,DMV_Teilnahmen_2015_2025_VOLLSTAENDIG
DMV-153485,37443.0,37443.0,2016,2016-07-23,2016-07-23-Kerpen,,,,,102.35,pass_verified,DMV_Teilnahmen_2015_2025_VOLLSTAENDIG
DMV-153486,37443.0,37443.0,2016,2016-08-07,2016-08-07-Kaarst,"NBV-Landesliga Staffel I, 5. Spieltag",Kaarst,,3.0,102.159,pass_verified,DMV_Teilnahmen_2015_2025_VOLLSTAENDIG
DMV-153487,37449.0,37449.0,2016,2016-03-27,2016-03-27-Bad_Homburg_Kirdorf,,,,,110.195,pass_verified,DMV_Teilnahmen_2015_2025_VOLLSTAENDIG
DMV-153488,37449.0,37449.0,2016,2016-08-18,2016-08-18-Rauschenberg,,,,,109.086,pass_verified,DMV_Teilnahmen_2015_2025_VOLLSTAENDIG
DMV-153489,37449.0,37449.0,2016,2016-08-27,2016-08-27-Pfungstadt,,,,,106.151,pass_verified,DMV_Teilnahmen_2015_2025_VOLLSTAENDIG
DMV-153490,37449.0,37449.0,2016,2016-11-05,2016-11-05-Mannheim_Sandhofen_Halle,,,,,105.375,pass_verified,DMV_Teilnahmen_2015_2025_VOLLSTAENDIG
DMV-153491,37450.0,37450.0,2016,2016-03-27,2016-03-27-Bad_Homburg_Kirdorf,,,,,121.945,pass_verified,DMV_Teilnahmen_2015_2025_VOLLSTAENDIG
DMV-153492,37450.0,37450.0,2016,2016-09-04,2016-09-04-Bad_Homburg_Hirschgarten,"3. Bundesliga Nord, Staffel I, 5. Spieltag",Dormagen,,,126.078,pass_verified,DMV_Teilnahmen_2015_2025_VOLLSTAENDIG
DMV-153493,37468.0,37468.0,2016,2016-04-17,2016-04-17-Karlshagen,,,,,109.837,pass_verified,DMV_Teilnahmen_2015_2025_VOLLSTAENDIG
DMV-153494,37468.0,37468.0,2016,2016-05-22,2016-05-22-Berlin_Tegel_Adelheidallee,,,,,109.722,pass_verified,DMV_Teilnahmen_2015_2025_VOLLSTAENDIG
DMV-153495,37468.0,37468.0,2016,2016-06-05,2016-06-05-Berlin_Lankwitz,,,,,111.662,pass_verified,DMV_Teilnahmen_2015_2025_VOLLSTAENDIG
DMV-153496,37468.0,37468.0,2016,2016-11-26,2016-11-26-Decin,,,,,113.757,pass_verified,DMV_Teilnahmen_2015_2025_VOLLSTAENDIG
DMV-153497,37470.0,37470.0,2016,2016-04-10,2016-04-10-Berlin_Tempelhof,,,,,107.749,pass_verified,DMV_Teilnahmen_2015_2025_VOLLSTAENDIG
DMV-153498,37470.0,37470.0,2016,2016-05-01,2016-05-01-Berlin_Reinickendorf,,,,,105.11,pass_verified,DMV_Teilnahmen_2015_2025_VOLLSTAENDIG
DMV-153499,37470.0,37470.0,2016,2016-04-10,2016-04-10-Berlin_Marienfelde,,,,,107.749,pass_verified,DMV_Teilnahmen_2015_2025_VOLLSTAENDIG
DMV-153500,37470.0,37470.0,2016,2016-05-01,2016-05-01-Berlin_MärkischesViertel,,,,,105.11,pass_verified,DMV_Teilnahmen_2015_2025_VOLLSTAENDIG
DMV-153501,37470.0,37470.0,2016,2016-05-29,2016-05-29-Berlin_Tegel_Adelheidallee,MRP-Jugendliga/A-Rangliste,Mainz,,,105.409,pass_verified,DMV_Teilnahmen_2015_2025_VOLLSTAENDIG
DMV-153502,37470.0,37470.0,2016,2016-06-05,2016-06-05-Berlin_Tegel_Adelheidallee,,,,,102.038,pass_verified,DMV_Teilnahmen_2015_2025_VOLLSTAENDIG
DMV-153503,37470.0,37470.0,2016,2016-06-12,2016-06-12-Berlin_Lankwitz,,,,,102.577,pass_verified,DMV_Teilnahmen_2015_2025_VOLLSTAENDIG
DMV-153504,37470.0,37470.0,2016,2016-11-26,2016-11-26-Decin,,,,,103.357,pass_verified,DMV_Teilnahmen_2015_2025_VOLLSTAENDIG
DMV-153505,37473.0,37473.0,2016,2016-04-17,2016-04-17-Kerpen,1. Spieltag 1. Bundesliga Nord,Kerpen,,6.0,104.284,pass_verified,DMV_Teilnahmen_2015_2025_VOLLSTAENDIG
DMV-153506,37473.0,37473.0,2016,2016-04-23,2016-04-23-Herne,,,,,102.446,pass_verified,DMV_Teilnahmen_2015_2025_VOLLSTAENDIG
DMV-153507,37473.0,37473.0,2016,2016-05-22,2016-05-22-Dormagen_Hackenbroich,"1. Bundesliga Nord, 2. Spieltag",Dormagen,,16.0,100.177,pass_verified,DMV_Teilnahmen_2015_2025_VOLLSTAENDIG
DMV-153508,37473.0,37473.0,2016,2016-06-05,2016-06-05-Hamburg_Rahlstedt,"1. Bundesliga Nord, 3. Spieltag",Hamburg,,,98.733,pass_verified,DMV_Teilnahmen_2015_2025_VOLLSTAENDIG
DMV-153509,37473.0,37473.0,2016,2016-07-13,2016-07-13-Wanne_Eickel,,,,,103.232,pass_verified,DMV_Teilnahmen_2015_2025_VOLLSTAENDIG
DMV-153510,37473.0,37473.0,2016,2016-08-18,2016-08-18-Traben_Trarbach,,,,,102.746,pass_verified,DMV_Teilnahmen_2015_2025_VOLLSTAENDIG
DMV-153511,37473.0,37473.0,2016,2016-10-23,2016-10-23-Gevelsberg,,,,,102.502,pass_verified,DMV_Teilnahmen_2015_2025_VOLLSTAENDIG
DMV-153512,37475.0,37475.0,2016,2016-01-24,2016-01-24-Mannheim_Sandhofen_Halle,Südwestdeutsche Jugendmeisterschaft,Mannheim,,,99.728,pass_verified,DMV_Teilnahmen_2015_2025_VOLLSTAENDIG
DMV-153513,37475.0,37475.0,2016,2016-04-10,2016-04-10-Weinheim,2. Spieltag Jugendrangliste BBS / MRP,Weinheim,,1.0,104.725,pass_verified,DMV_Teilnahmen_2015_2025_VOLLSTAENDIG
DMV-153514,37475.0,37475.0,2016,2016-04-17,2016-04-17-Rheinstetten,1. Spieltag BBS-Verbandsliga Allg. Klasse,Rheinstetten,,,103.106,pass_verified,DMV_Teilnahmen_2015_2025_VOLLSTAENDIG
DMV-153515,37475.0,37475.0,2016,2016-05-07,2016-05-07-Tuttlingen,,,,,99.523,pass_verified,DMV_Teilnahmen_2015_2025_VOLLSTAENDIG
DMV-153516,37475.0,37475.0,2016,2016-05-22,2016-05-22-Sulzfeld,"NBV-Landesliga Staffel 1, 2. Spieltag",Kerpen,,1.0,102.078,pass_verified,DMV_Teilnahmen_2015_2025_VOLLSTAENDIG
DMV-153517,37475.0,37475.0,2016,2016-06-05,2016-06-05-Ilvesheim,,,,,102.629,pass_verified,DMV_Teilnahmen_2015_2025_VOLLSTAENDIG
DMV-153518,37475.0,37475.0,2016,2016-07-21,2016-07-21-Weinheim,,,,,102.821,pass_verified,DMV_Teilnahmen_2015_2025_VOLLSTAENDIG
DMV-153519,37475.0,37475.0,2016,2016-07-31,2016-07-31-Tuttlingen,"Verbandsliga Baden, 4. Spieltag",Tuttlingen,,,98.912,pass_verified,DMV_Teilnahmen_2015_2025_VOLLSTAENDIG
DMV-153520,37475.0,37475.0,2016,2016-09-04,2016-09-04-Singen,"3. Bundesliga Nord, Staffel I, 5. Spieltag",Dormagen,,,101.002,pass_verified,DMV_Teilnahmen_2015_2025_VOLLSTAENDIG
DMV-153521,37494.0,37494.0,2016,2016-04-17,2016-04-17-Bad_Godesberg,,,,,101.771,pass_verified,DMV_Teilnahmen_2015_2025_VOLLSTAENDIG
DMV-153522,37494.0,37494.0,2016,2016-05-22,2016-05-22-Castrop,"3. Bundesliga Nord Staffel 1, 2. Spieltag",Castrop-Rauxel,,6.0,102.043,pass_verified,DMV_Teilnahmen_2015_2025_VOLLSTAENDIG
DMV-153523,37494.0,37494.0,2016,2016-06-19,2016-06-19-Bochum_Stadtpark,"3. Bundesliga Nord Staffel I, 3. Spieltag",Bochum,,2.0,100.859,pass_verified,DMV_Teilnahmen_2015_2025_VOLLSTAENDIG
DMV-153524,37494.0,37494.0,2016,2016-07-31,2016-07-31-Kaarst,"3. Bundesliga Nord Staffel I, 4. Spieltag",Kaarst,,,102.321,pass_verified,DMV_Teilnahmen_2015_2025_VOLLSTAENDIG
DMV-153525,37494.0,37494.0,2016,2016-09-04,2016-09-04-Dormagen_Hackenbroich,"3. Bundesliga Nord, Staffel I, 5. Spieltag",Dormagen,,,101.233,pass_verified,DMV_Teilnahmen_2015_2025_VOLLSTAENDIG
DMV-153526,37500.0,37500.0,2016,2016-06-05,2016-06-05-Herten,,,,,104.821,pass_verified,DMV_Teilnahmen_2015_2025_VOLLSTAENDIG
DMV-153527,37500.0,37500.0,2016,2016-06-19,2016-06-19-Essen_Vogelheim,,,,,103.436,pass_verified,DMV_Teilnahmen_2015_2025_VOLLSTAENDIG
DMV-153528,37500.0,37500.0,2016,2016-08-18,2016-08-18-Rauschenberg,,,,,106.086,pass_verified,DMV_Teilnahmen_2015_2025_VOLLSTAENDIG
DMV-153529,37507.0,37507.0,2016,2016-04-17,2016-04-17-Sindelfingen,,,,,108.633,pass_verified,DMV_Teilnahmen_2015_2025_VOLLSTAENDIG
DMV-153530,37507.0,37507.0,2016,2016-05-22,2016-05-22-Hechingen,,,,,105.039,pass_verified,DMV_Teilnahmen_2015_2025_VOLLSTAENDIG
DMV-153531,37507.0,37507.0,2016,2016-06-05,2016-06-05-Ludwigsburg,,,,,104.883,pass_verified,DMV_Teilnahmen_2015_2025_VOLLSTAENDIG
DMV-153532,37507.0,37507.0,2016,2016-06-19,2016-06-19-Unterschneidheim,,,,,107.789,pass_verified,DMV_Teilnahmen_2015_2025_VOLLSTAENDIG
DMV-153533,37507.0,37507.0,2016,2016-07-31,2016-07-31-Bad_Mergentheim,,,,,107.842,pass_verified,DMV_Teilnahmen_2015_2025_VOLLSTAENDIG
DMV-153534,37509.0,37509.0,2016,2016-04-17,2016-04-17-Kerpen,1. Spieltag 1. Bundesliga Nord,Kerpen,,29.0,104.534,pass_verified,DMV_Teilnahmen_2015_2025_VOLLSTAENDIG
DMV-153535,37509.0,37509.0,2016,2016-06-05,2016-06-05-Hamburg_Rahlstedt,"1. Bundesliga Nord, 3. Spieltag",Hamburg,,,99.483,pass_verified,DMV_Teilnahmen_2015_2025_VOLLSTAENDIG
DMV-153536,37509.0,37509.0,2016,2016-06-19,2016-06-19-Bad_Münder,"1. Bundesliga Nord, 4. Spieltag",Bad Münder,,,100.907,pass_verified,DMV_Teilnahmen_2015_2025_VOLLSTAENDIG
DMV-153537,37509.0,37509.0,2016,2016-07-13,2016-07-13-Wanne_Eickel,,,,,101.032,pass_verified,DMV_Teilnahmen_2015_2025_VOLLSTAENDIG
DMV-153538,37510.0,37510.0,2016,2016-05-22,2016-05-22-Berlin_Tegel_Adelheidallee2,,,,,101.408,pass_verified,DMV_Teilnahmen_2015_2025_VOLLSTAENDIG
DMV-153539,37510.0,37510.0,2016,2016-06-19,2016-06-19-Woltersdorf,,,,,104.588,pass_verified,DMV_Teilnahmen_2015_2025_VOLLSTAENDIG
DMV-153540,37510.0,37510.0,2016,2016-06-05,2016-06-05-Berlin_Lankwitz2,,,,,105.139,pass_verified,DMV_Teilnahmen_2015_2025_VOLLSTAENDIG
DMV-153541,37511.0,37511.0,2016,2016-04-24,2016-04-24-Hamburg_Niendorf,,,,,106.601,pass_verified,DMV_Teilnahmen_2015_2025_VOLLSTAENDIG
DMV-153542,37511.0,37511.0,2016,2016-05-22,2016-05-22-Hamburg_Lurup,,,,,107.31,pass_verified,DMV_Teilnahmen_2015_2025_VOLLSTAENDIG
DMV-153543,37511.0,37511.0,2016,2016-06-19,2016-06-19-Hamburg_Lohbrügge,,,,,105.736,pass_verified,DMV_Teilnahmen_2015_2025_VOLLSTAENDIG
DMV-153544,37540.0,37540.0,2016,2016-07-31,2016-07-31-Neheim_Hüsten,,,,,101.71,pass_verified,DMV_Teilnahmen_2015_2025_VOLLSTAENDIG
DMV-153545,37558.0,37558.0,2016,2016-05-01,2016-05-01-Berlin_Reinickendorf,,,,,111.11,pass_verified,DMV_Teilnahmen_2015_2025_VOLLSTAENDIG
DMV-153546,37558.0,37558.0,2016,2016-03-05,2016-03-05-Decin,,,,,118.442,pass_verified,DMV_Teilnahmen_2015_2025_VOLLSTAENDIG
DMV-153547,37558.0,37558.0,2016,2016-04-17,2016-04-17-Karlshagen,,,,,113.587,pass_verified,DMV_Teilnahmen_2015_2025_VOLLSTAENDIG
DMV-153548,37558.0,37558.0,2016,2016-05-01,2016-05-01-Berlin_MärkischesViertel,,,,,111.11,pass_verified,DMV_Teilnahmen_2015_2025_VOLLSTAENDIG
DMV-153549,37558.0,37558.0,2016,2016-05-22,2016-05-22-Berlin_Tegel_Adelheidallee,,,,,109.389,pass_verified,DMV_Teilnahmen_2015_2025_VOLLSTAENDIG
DMV-153550,37558.0,37558.0,2016,2016-05-29,2016-05-29-Berlin_Tegel_Adelheidallee,MRP-Jugendliga/A-Rangliste,Mainz,,,108.909,pass_verified,DMV_Teilnahmen_2015_2025_VOLLSTAENDIG
DMV-153551,37558.0,37558.0,2016,2016-06-05,2016-06-05-Berlin_Lankwitz,,,,,110.912,pass_verified,DMV_Teilnahmen_2015_2025_VOLLSTAENDIG
DMV-153552,37558.0,37558.0,2016,2016-07-31,2016-07-31-Berlin_MärkischesViertel,,,,,110.174,pass_verified,DMV_Teilnahmen_2015_2025_VOLLSTAENDIG
DMV-153553,37558.0,37558.0,2016,2016-08-06,2016-08-06-Berlin_MärkischesViertel,,,,,109.229,pass_verified,DMV_Teilnahmen_2015_2025_VOLLSTAENDIG
DMV-153554,37558.0,37558.0,2016,2016-09-04,2016-09-04-Berlin_Spandau,"3. Bundesliga Nord, Staffel I, 5. Spieltag",Dormagen,,,111.028,pass_verified,DMV_Teilnahmen_2015_2025_VOLLSTAENDIG
DMV-153555,37558.0,37558.0,2016,2016-10-22,2016-10-22-Lana,,,,,105.635,pass_verified,DMV_Teilnahmen_2015_2025_VOLLSTAENDIG
DMV-153556,37558.0,37558.0,2016,2016-11-26,2016-11-26-Decin,,,,,117.957,pass_verified,DMV_Teilnahmen_2015_2025_VOLLSTAENDIG
DMV-153557,37558.0,37558.0,2016,2016-12-03,2016-12-03-Mannheim_Sandhofen_Halle,,,,,112.447,pass_verified,DMV_Teilnahmen_2015_2025_VOLLSTAENDIG
DMV-153558,37559.0,37559.0,2016,2016-01-30,2016-01-30-Mannheim_Sandhofen_Halle,,,,,102.273,pass_verified,DMV_Teilnahmen_2015_2025_VOLLSTAENDIG
DMV-153559,37559.0,37559.0,2016,2016-04-23,2016-04-23-Herne,,,,,102.946,pass_verified,DMV_Teilnahmen_2015_2025_VOLLSTAENDIG
DMV-153560,37559.0,37559.0,2016,2016-05-14,2016-05-14-Neheim_Hüsten,,,,,101.971,pass_verified,DMV_Teilnahmen_2015_2025_VOLLSTAENDIG
DMV-153561,37559.0,37559.0,2016,2016-04-17,2016-04-17-Göttingen_Grone,,,,,101.214,pass_verified,DMV_Teilnahmen_2015_2025_VOLLSTAENDIG
DMV-153562,37559.0,37559.0,2016,2016-05-22,2016-05-22-Bottrop_Overbeckshof,,,,,101.64,pass_verified,DMV_Teilnahmen_2015_2025_VOLLSTAENDIG
DMV-153563,37559.0,37559.0,2016,2016-06-05,2016-06-05-Velbert_Hardenberg,,,,,101.471,pass_verified,DMV_Teilnahmen_2015_2025_VOLLSTAENDIG
DMV-153564,37559.0,37559.0,2016,2016-06-19,2016-06-19-Göttingen_Schillerwiese,,,,,100.878,pass_verified,DMV_Teilnahmen_2015_2025_VOLLSTAENDIG
DMV-153565,37559.0,37559.0,2016,2016-07-13,2016-07-13-Wanne_Eickel,,,,,101.732,pass_verified,DMV_Teilnahmen_2015_2025_VOLLSTAENDIG
DMV-153566,37559.0,37559.0,2016,2016-07-31,2016-07-31-Neheim_Hüsten,,,,,99.043,pass_verified,DMV_Teilnahmen_2015_2025_VOLLSTAENDIG
DMV-153567,37559.0,37559.0,2016,2016-09-04,2016-09-04-Kerpen,"3. Bundesliga Nord, Staffel I, 5. Spieltag",Dormagen,,,100.942,pass_verified,DMV_Teilnahmen_2015_2025_VOLLSTAENDIG
DMV-153568,37569.0,37569.0,2016,2016-04-17,2016-04-17-Homburg_Stadtpark,1. Spieltag 1. Bundesliga Süd,Homburg,,,99.625,pass_verified,DMV_Teilnahmen_2015_2025_VOLLSTAENDIG
DMV-153569,37569.0,37569.0,2016,2016-05-22,2016-05-22-Murnau_See,"1. Bundesliga Süd, 2. Spieltag",Murnau,,,98.528,pass_verified,DMV_Teilnahmen_2015_2025_VOLLSTAENDIG
DMV-153570,37569.0,37569.0,2016,2016-06-19,2016-06-19-Wittlich,"1. Bundesliga Süd, 4. Spieltag",Wittlich,,,99.437,pass_verified,DMV_Teilnahmen_2015_2025_VOLLSTAENDIG
DMV-153571,37569.0,37569.0,2016,2016-07-13,2016-07-13-Wanne_Eickel,,,,,98.749,pass_verified,DMV_Teilnahmen_2015_2025_VOLLSTAENDIG
DMV-153572,37569.0,37569.0,2016,2016-07-16,2016-07-16-Wanne_Eickel,,,,,99.894,pass_verified,DMV_Teilnahmen_2015_2025_VOLLSTAENDIG
DMV-153573,37578.0,37578.0,2016,2016-04-01,2016-04-01-Schweinfurt,,,,,102.674,pass_verified,DMV_Teilnahmen_2015_2025_VOLLSTAENDIG
DMV-153574,37578.0,37578.0,2016,2016-04-17,2016-04-17-Homburg_Stadtpark,1. Spieltag 1. Bundesliga Süd,Homburg,,,98.625,pass_verified,DMV_Teilnahmen_2015_2025_VOLLSTAENDIG
DMV-153575,37578.0,37578.0,2016,2016-05-22,2016-05-22-Murnau_See,"1. Bundesliga Süd, 2. Spieltag",Murnau,,,103.028,pass_verified,DMV_Teilnahmen_2015_2025_VOLLSTAENDIG
DMV-153576,37578.0,37578.0,2016,2016-06-05,2016-06-05-Bamberg,"1. Bundesliga Süd, 3. Spieltag",Bamberg,,,104.638,pass_verified,DMV_Teilnahmen_2015_2025_VOLLSTAENDIG
DMV-153577,37578.0,37578.0,2016,2016-06-19,2016-06-19-Wittlich,"1. Bundesliga Süd, 4. Spieltag",Wittlich,,,99.187,pass_verified,DMV_Teilnahmen_2015_2025_VOLLSTAENDIG
DMV-153578,37578.0,37578.0,2016,2016-04-10,2016-04-10-Bildstock,2. Spieltag Jugendrangliste BBS / MRP,Weinheim,,12.0,101.473,pass_verified,DMV_Teilnahmen_2015_2025_VOLLSTAENDIG
DMV-153579,37578.0,37578.0,2016,2016-05-08,2016-05-08-Homburg_Stadtpark,Badische Meisterschaften,Tuttlingen,,,100.318,pass_verified,DMV_Teilnahmen_2015_2025_VOLLSTAENDIG
DMV-153580,37578.0,37578.0,2016,2016-07-21,2016-07-21-Weinheim,,,,,103.871,pass_verified,DMV_Teilnahmen_2015_2025_VOLLSTAENDIG
DMV-153581,37582.0,37582.0,2016,2016-03-26,2016-03-26-Weinheim,,,,,104.192,pass_verified,DMV_Teilnahmen_2015_2025_VOLLSTAENDIG
DMV-153582,37582.0,37582.0,2016,2016-03-26,2016-03-26-Weinheim2,,,,,109.114,pass_verified,DMV_Teilnahmen_2015_2025_VOLLSTAENDIG
DMV-153583,37582.0,37582.0,2016,2016-04-10,2016-04-10-Bildstock,,,,,101.473,pass_verified,DMV_Teilnahmen_2015_2025_VOLLSTAENDIG
DMV-153584,37582.0,37582.0,2016,2016-05-01,2016-05-01-Oberthal,,,,,106.865,pass_verified,DMV_Teilnahmen_2015_2025_VOLLSTAENDIG
DMV-153585,37582.0,37582.0,2016,2016-05-29,2016-05-29-Bliesen,MRP-Jugendliga/A-Rangliste,Mainz,,,105.069,pass_verified,DMV_Teilnahmen_2015_2025_VOLLSTAENDIG
DMV-153586,37582.0,37582.0,2016,2016-06-26,2016-06-26-Dudweiler,,,,,107.6,pass_verified,DMV_Teilnahmen_2015_2025_VOLLSTAENDIG
DMV-153587,37582.0,37582.0,2016,2016-08-06,2016-08-06-Mannheim,,,,,108.828,pass_verified,DMV_Teilnahmen_2015_2025_VOLLSTAENDIG
DMV-153588,37582.0,37582.0,2016,2016-08-18,2016-08-18-Traben_Trarbach,,,,,104.204,pass_verified,DMV_Teilnahmen_2015_2025_VOLLSTAENDIG
DMV-153589,37582.0,37582.0,2016,2016-08-28,2016-08-28-Traben_Trarbach,,,,,103.118,pass_verified,DMV_Teilnahmen_2015_2025_VOLLSTAENDIG
DMV-153590,37582.0,37582.0,2016,2016-09-18,2016-09-18-Bad_Kreuznach,Heven-Cup 2016,Witten,,,103.895,pass_verified,DMV_Teilnahmen_2015_2025_VOLLSTAENDIG
DMV-153591,37582.0,37582.0,2016,2016-09-25,2016-09-25-Bad_Ems,,,,,106.904,pass_verified,DMV_Teilnahmen_2015_2025_VOLLSTAENDIG
DMV-153592,37582.0,37582.0,2016,2016-10-23,2016-10-23-Bildstock,,,,,109.155,pass_verified,DMV_Teilnahmen_2015_2025_VOLLSTAENDIG
DMV-153593,37583.0,37583.0,2016,2016-03-26,2016-03-26-Weinheim,,,,,106.392,pass_verified,DMV_Teilnahmen_2015_2025_VOLLSTAENDIG
DMV-153594,37583.0,37583.0,2016,2016-03-26,2016-03-26-Weinheim2,,,,,109.514,pass_verified,DMV_Teilnahmen_2015_2025_VOLLSTAENDIG
DMV-153595,37583.0,37583.0,2016,2016-04-10,2016-04-10-Bildstock,,,,,104.723,pass_verified,DMV_Teilnahmen_2015_2025_VOLLSTAENDIG
DMV-153596,37583.0,37583.0,2016,2016-05-01,2016-05-01-Oberthal,,,,,108.115,pass_verified,DMV_Teilnahmen_2015_2025_VOLLSTAENDIG
DMV-153597,37583.0,37583.0,2016,2016-05-29,2016-05-29-Bliesen,MRP-Jugendliga/A-Rangliste,Mainz,,,107.319,pass_verified,DMV_Teilnahmen_2015_2025_VOLLSTAENDIG
DMV-153598,37583.0,37583.0,2016,2016-06-26,2016-06-26-Dudweiler,,,,,106.6,pass_verified,DMV_Teilnahmen_2015_2025_VOLLSTAENDIG
DMV-153599,37583.0,37583.0,2016,2016-08-06,2016-08-06-Mannheim,,,,,108.078,pass_verified,DMV_Teilnahmen_2015_2025_VOLLSTAENDIG
DMV-153600,37583.0,37583.0,2016,2016-08-18,2016-08-18-Traben_Trarbach,,,,,108.079,pass_verified,DMV_Teilnahmen_2015_2025_VOLLSTAENDIG
DMV-153601,37583.0,37583.0,2016,2016-08-28,2016-08-28-Traben_Trarbach,,,,,106.452,pass_verified,DMV_Teilnahmen_2015_2025_VOLLSTAENDIG
DMV-153602,37583.0,37583.0,2016,2016-09-18,2016-09-18-Bad_Kreuznach,Heven-Cup 2016,Witten,,,111.561,pass_verified,DMV_Teilnahmen_2015_2025_VOLLSTAENDIG
DMV-153603,37583.0,37583.0,2016,2016-09-25,2016-09-25-Bad_Ems,,,,,109.654,pass_verified,DMV_Teilnahmen_2015_2025_VOLLSTAENDIG
DMV-153604,37583.0,37583.0,2016,2016-10-23,2016-10-23-Bildstock,,,,,105.822,pass_verified,DMV_Teilnahmen_2015_2025_VOLLSTAENDIG
DMV-153605,37600.0,37600.0,2016,2016-04-10,2016-04-10-Uerdingen,,,,,116.57,pass_verified,DMV_Teilnahmen_2015_2025_VOLLSTAENDIG
DMV-153606,37600.0,37600.0,2016,2016-05-22,2016-05-22-Mönchengladbach,,,,,117.453,pass_verified,DMV_Teilnahmen_2015_2025_VOLLSTAENDIG
DMV-153607,37600.0,37600.0,2016,2016-06-05,2016-06-05-Dormagen,,,,,111.613,pass_verified,DMV_Teilnahmen_2015_2025_VOLLSTAENDIG
DMV-153608,37600.0,37600.0,2016,2016-06-19,2016-06-19-Dormagen_Hackenbroich,,,,,113.227,pass_verified,DMV_Teilnahmen_2015_2025_VOLLSTAENDIG
DMV-153609,37600.0,37600.0,2016,2016-08-07,2016-08-07-Duisburg_Rheinhausen,"NBV-Landesliga Staffel I, 5. Spieltag",Kaarst,,,115.551,pass_verified,DMV_Teilnahmen_2015_2025_VOLLSTAENDIG
DMV-153610,37600.0,37600.0,2016,2016-09-04,2016-09-04-Kaarst,"3. Bundesliga Nord, Staffel I, 5. Spieltag",Dormagen,,,113.398,pass_verified,DMV_Teilnahmen_2015_2025_VOLLSTAENDIG
DMV-153611,37600.0,37600.0,2016,2016-09-04,2016-09-04-Büttgen,"3. Bundesliga Nord, Staffel I, 5. Spieltag",Dormagen,,,113.398,pass_verified,DMV_Teilnahmen_2015_2025_VOLLSTAENDIG
DMV-153612,37603.0,37603.0,2016,2016-05-22,2016-05-22-Neutraubling,,,,,103.116,pass_verified,DMV_Teilnahmen_2015_2025_VOLLSTAENDIG
DMV-153613,37603.0,37603.0,2016,2016-08-07,2016-08-07-Straßlach,"NBV-Landesliga Staffel I, 5. Spieltag",Kaarst,,,103.38,pass_verified,DMV_Teilnahmen_2015_2025_VOLLSTAENDIG
DMV-153614,37603.0,37603.0,2016,2016-08-21,2016-08-21-Olching,,,,,105.414,pass_verified,DMV_Teilnahmen_2015_2025_VOLLSTAENDIG
DMV-153615,37603.0,37603.0,2016,2016-09-04,2016-09-04-Olching,"3. Bundesliga Nord, Staffel I, 5. Spieltag",Dormagen,,,103.892,pass_verified,DMV_Teilnahmen_2015_2025_VOLLSTAENDIG
DMV-153616,37603.0,37603.0,2016,2016-09-11,2016-09-11-Ingolstadt_Auwaldsee,,,,,101.656,pass_verified,DMV_Teilnahmen_2015_2025_VOLLSTAENDIG
DMV-153617,37603.0,37603.0,2016,2016-09-18,2016-09-18-Murnau_See,Heven-Cup 2016,Witten,,,102.922,pass_verified,DMV_Teilnahmen_2015_2025_VOLLSTAENDIG
DMV-153618,37610.0,37610.0,2016,2016-03-28,2016-03-28-Kempten_Steinbruch,,,,,117.317,pass_verified,DMV_Teilnahmen_2015_2025_VOLLSTAENDIG
DMV-153619,37610.0,37610.0,2016,2016-06-05,2016-06-05-Murnau_See,,,,,115.499,pass_verified,DMV_Teilnahmen_2015_2025_VOLLSTAENDIG
DMV-153620,37610.0,37610.0,2016,2016-07-31,2016-07-31-Illertissen,,,,,119.245,pass_verified,DMV_Teilnahmen_2015_2025_VOLLSTAENDIG
DMV-153621,37610.0,37610.0,2016,2016-09-04,2016-09-04-Kempten_Steinbruch,"3. Bundesliga Nord, Staffel I, 5. Spieltag",Dormagen,,,118.949,pass_verified,DMV_Teilnahmen_2015_2025_VOLLSTAENDIG
DMV-153622,37620.0,37620.0,2016,2016-04-17,2016-04-17-Rheinstetten,1. Spieltag BBS-Verbandsliga Allg. Klasse,Rheinstetten,,,105.356,pass_verified,DMV_Teilnahmen_2015_2025_VOLLSTAENDIG
DMV-153623,37620.0,37620.0,2016,2016-06-05,2016-06-05-Inzlingen,,,,,107.095,pass_verified,DMV_Teilnahmen_2015_2025_VOLLSTAENDIG
DMV-153624,37620.0,37620.0,2016,2016-07-31,2016-07-31-Singen,,,,,108.246,pass_verified,DMV_Teilnahmen_2015_2025_VOLLSTAENDIG
DMV-153625,37620.0,37620.0,2016,2016-09-04,2016-09-04-Singen,"3. Bundesliga Nord, Staffel I, 5. Spieltag",Dormagen,,,110.502,pass_verified,DMV_Teilnahmen_2015_2025_VOLLSTAENDIG
DMV-153626,37628.0,37628.0,2016,2016-03-13,2016-03-13-Köln_Freizeitinsel,,,,,105.861,pass_verified,DMV_Teilnahmen_2015_2025_VOLLSTAENDIG
DMV-153627,37628.0,37628.0,2016,2016-10-23,2016-10-23-Gevelsberg,,,,,107.002,pass_verified,DMV_Teilnahmen_2015_2025_VOLLSTAENDIG
DMV-153628,37630.0,37630.0,2016,2016-04-17,2016-04-17-Karlshagen2,,,,,102.555,pass_verified,DMV_Teilnahmen_2015_2025_VOLLSTAENDIG
DMV-153629,37630.0,37630.0,2016,2016-05-22,2016-05-22-Berlin_Tegel_Adelheidallee2,,,,,104.408,pass_verified,DMV_Teilnahmen_2015_2025_VOLLSTAENDIG
DMV-153630,37630.0,37630.0,2016,2016-05-29,2016-05-29-Woltersdorf,MRP-Jugendliga/A-Rangliste,Mainz,,,100.945,pass_verified,DMV_Teilnahmen_2015_2025_VOLLSTAENDIG
DMV-153631,37630.0,37630.0,2016,2016-06-12,2016-06-12-Berlin_MärkischesViertel,,,,,102.599,pass_verified,DMV_Teilnahmen_2015_2025_VOLLSTAENDIG
DMV-153632,37630.0,37630.0,2016,2016-06-19,2016-06-19-Woltersdorf,,,,,104.338,pass_verified,DMV_Teilnahmen_2015_2025_VOLLSTAENDIG
DMV-153633,37630.0,37630.0,2016,2016-04-10,2016-04-10-Berlin_Tegel_Adelheidallee,,,,,103.698,pass_verified,DMV_Teilnahmen_2015_2025_VOLLSTAENDIG
DMV-153634,37630.0,37630.0,2016,2016-06-05,2016-06-05-Berlin_Lankwitz2,,,,,104.139,pass_verified,DMV_Teilnahmen_2015_2025_VOLLSTAENDIG
DMV-153635,37630.0,37630.0,2016,2016-07-31,2016-07-31-Berlin_Britz,,,,,104.17,pass_verified,DMV_Teilnahmen_2015_2025_VOLLSTAENDIG
DMV-153636,37630.0,37630.0,2016,2016-08-18,2016-08-18-Traben_Trarbach,,,,,103.968,pass_verified,DMV_Teilnahmen_2015_2025_VOLLSTAENDIG
DMV-153637,37630.0,37630.0,2016,2016-08-27,2016-08-27-Hamburg_Lurup,,,,,102.291,pass_verified,DMV_Teilnahmen_2015_2025_VOLLSTAENDIG
DMV-153638,37630.0,37630.0,2016,2016-09-04,2016-09-04-Berlin_Spandau2,"3. Bundesliga Nord, Staffel I, 5. Spieltag",Dormagen,,,105.062,pass_verified,DMV_Teilnahmen_2015_2025_VOLLSTAENDIG
DMV-153639,37630.0,37630.0,2016,2016-11-05,2016-11-05-Eibenstock_Halle,,,,,102.234,pass_verified,DMV_Teilnahmen_2015_2025_VOLLSTAENDIG
DMV-153640,37631.0,37631.0,2016,2016-06-05,2016-06-05-Hachenburg,,,,,104.651,pass_verified,DMV_Teilnahmen_2015_2025_VOLLSTAENDIG
DMV-153641,37633.0,37633.0,2016,2016-04-17,2016-04-17-Homburg_Stadtpark,1. Spieltag 1. Bundesliga Süd,Homburg,,,97.625,pass_verified,DMV_Teilnahmen_2015_2025_VOLLSTAENDIG
DMV-153642,37633.0,37633.0,2016,2016-05-22,2016-05-22-Murnau_See,"1. Bundesliga Süd, 2. Spieltag",Murnau,,,98.028,pass_verified,DMV_Teilnahmen_2015_2025_VOLLSTAENDIG
DMV-153643,37633.0,37633.0,2016,2016-06-05,2016-06-05-Bamberg,"1. Bundesliga Süd, 3. Spieltag",Bamberg,,,98.972,pass_verified,DMV_Teilnahmen_2015_2025_VOLLSTAENDIG
DMV-153644,37633.0,37633.0,2016,2016-06-19,2016-06-19-Wittlich,"1. Bundesliga Süd, 4. Spieltag",Wittlich,,,99.687,pass_verified,DMV_Teilnahmen_2015_2025_VOLLSTAENDIG
DMV-153645,37633.0,37633.0,2016,2016-05-08,2016-05-08-Homburg_Stadtpark,Badische Meisterschaften,Tuttlingen,,,100.318,pass_verified,DMV_Teilnahmen_2015_2025_VOLLSTAENDIG
DMV-153646,37633.0,37633.0,2016,2016-10-09,2016-10-09-Schriesheim,BMW Knopf Trophy 2016,Schriesheim,,3.0,95.689,pass_verified,DMV_Teilnahmen_2015_2025_VOLLSTAENDIG
DMV-153647,37637.0,37637.0,2016,2016-04-17,2016-04-17-Ohlsbach,,,,,100.355,pass_verified,DMV_Teilnahmen_2015_2025_VOLLSTAENDIG
DMV-153648,37637.0,37637.0,2016,2016-05-07,2016-05-07-Tuttlingen,,,,,99.273,pass_verified,DMV_Teilnahmen_2015_2025_VOLLSTAENDIG
DMV-153649,37637.0,37637.0,2016,2016-06-05,2016-06-05-Inzlingen,,,,,101.345,pass_verified,DMV_Teilnahmen_2015_2025_VOLLSTAENDIG
DMV-153650,37637.0,37637.0,2016,2016-05-22,2016-05-22-Homburg_Stadtpark,,,,,102.46,pass_verified,DMV_Teilnahmen_2015_2025_VOLLSTAENDIG
DMV-153651,37637.0,37637.0,2016,2016-07-13,2016-07-13-Wanne_Eickel,,,,,100.999,pass_verified,DMV_Teilnahmen_2015_2025_VOLLSTAENDIG
DMV-153652,37637.0,37637.0,2016,2016-07-31,2016-07-31-Singen,,,,,100.746,pass_verified,DMV_Teilnahmen_2015_2025_VOLLSTAENDIG
DMV-153653,37637.0,37637.0,2016,2016-09-04,2016-09-04-Heilbronn,"3. Bundesliga Nord, Staffel I, 5. Spieltag",Dormagen,,,100.793,pass_verified,DMV_Teilnahmen_2015_2025_VOLLSTAENDIG
DMV-153654,37637.0,37637.0,2016,2016-10-01,2016-10-01-Landshut,Europacup 2016,Neutraubling,,,99.981,pass_verified,DMV_Teilnahmen_2015_2025_VOLLSTAENDIG
DMV-153655,37637.0,37637.0,2016,2016-09-04,2016-09-04-Heilbronn_Europaplatz,"3. Bundesliga Nord, Staffel I, 5. Spieltag",Dormagen,,,100.793,pass_verified,DMV_Teilnahmen_2015_2025_VOLLSTAENDIG
DMV-153656,37639.0,37639.0,2016,2016-04-10,2016-04-10-Velbert_Hardenberg,"NBV-Landesliga Staffel 1, 1. Spieltag",Hardenberg,,11.0,105.44,pass_verified,DMV_Teilnahmen_2015_2025_VOLLSTAENDIG
DMV-153657,37639.0,37639.0,2016,2016-04-17,2016-04-17-Halver,,,,,103.737,pass_verified,DMV_Teilnahmen_2015_2025_VOLLSTAENDIG
DMV-153658,37639.0,37639.0,2016,2016-05-22,2016-05-22-Kerpen,"NBV-Landesliga Staffel 1, 2. Spieltag",Kerpen,,9.0,107.68,pass_verified,DMV_Teilnahmen_2015_2025_VOLLSTAENDIG
DMV-153659,37639.0,37639.0,2016,2016-06-05,2016-06-05-Lüdenscheid,"NBV-Landesliga I, 3. Spieltag",Lüdenscheid,,9.0,106.783,pass_verified,DMV_Teilnahmen_2015_2025_VOLLSTAENDIG
DMV-153660,37639.0,37639.0,2016,2016-06-19,2016-06-19-Velbert_Langenberg,,,,,110.035,pass_verified,DMV_Teilnahmen_2015_2025_VOLLSTAENDIG
DMV-153661,37639.0,37639.0,2016,2016-07-02,2016-07-02-Gevelsberg,,,,,103.867,pass_verified,DMV_Teilnahmen_2015_2025_VOLLSTAENDIG
DMV-153662,37639.0,37639.0,2016,2016-08-07,2016-08-07-Kaarst,"NBV-Landesliga Staffel I, 5. Spieltag",Kaarst,,9.0,104.909,pass_verified,DMV_Teilnahmen_2015_2025_VOLLSTAENDIG
DMV-153663,37639.0,37639.0,2016,2016-09-10,2016-09-10-Lüttringhausen,,,,,103.87,pass_verified,DMV_Teilnahmen_2015_2025_VOLLSTAENDIG
DMV-153664,37639.0,37639.0,2016,2016-10-23,2016-10-23-Gevelsberg,,,,,104.752,pass_verified,DMV_Teilnahmen_2015_2025_VOLLSTAENDIG
DMV-153665,37639.0,37639.0,2016,2016-11-05,2016-11-05-Halver_Halle,,,,,106.084,pass_verified,DMV_Teilnahmen_2015_2025_VOLLSTAENDIG
DMV-153666,37639.0,37639.0,2016,2016-11-19,2016-11-19-Halver_Halle,,,,,106.162,pass_verified,DMV_Teilnahmen_2015_2025_VOLLSTAENDIG
DMV-153667,37643.0,37643.0,2016,2016-04-10,2016-04-10-Herne,,,,,108.603,pass_verified,DMV_Teilnahmen_2015_2025_VOLLSTAENDIG
DMV-153668,37643.0,37643.0,2016,2016-05-22,2016-05-22-Halver,,,,,106.633,pass_verified,DMV_Teilnahmen_2015_2025_VOLLSTAENDIG
DMV-153669,37643.0,37643.0,2016,2016-06-05,2016-06-05-Gevelsberg,,,,,103.484,pass_verified,DMV_Teilnahmen_2015_2025_VOLLSTAENDIG
DMV-153670,37643.0,37643.0,2016,2016-08-07,2016-08-07-Witten_Herbede,"NBV-Landesliga Staffel I, 5. Spieltag",Kaarst,,,106.987,pass_verified,DMV_Teilnahmen_2015_2025_VOLLSTAENDIG
DMV-153671,37644.0,37644.0,2016,2016-04-01,2016-04-01-Schweinfurt,,,,,105.174,pass_verified,DMV_Teilnahmen_2015_2025_VOLLSTAENDIG
DMV-153672,37644.0,37644.0,2016,2016-04-17,2016-04-17-Kerpen,1. Spieltag 1. Bundesliga Nord,Kerpen,,,100.784,pass_verified,DMV_Teilnahmen_2015_2025_VOLLSTAENDIG
DMV-153673,37644.0,37644.0,2016,2016-05-22,2016-05-22-Dormagen_Hackenbroich,"1. Bundesliga Nord, 2. Spieltag",Dormagen,,,104.427,pass_verified,DMV_Teilnahmen_2015_2025_VOLLSTAENDIG
DMV-153674,37644.0,37644.0,2016,2016-06-05,2016-06-05-Hamburg_Rahlstedt,"1. Bundesliga Nord, 3. Spieltag",Hamburg,,,105.483,pass_verified,DMV_Teilnahmen_2015_2025_VOLLSTAENDIG
DMV-153675,37644.0,37644.0,2016,2016-07-13,2016-07-13-Wanne_Eickel,,,,,102.957,pass_verified,DMV_Teilnahmen_2015_2025_VOLLSTAENDIG
DMV-153676,37644.0,37644.0,2016,2016-07-21,2016-07-21-Weinheim,,,,,104.321,pass_verified,DMV_Teilnahmen_2015_2025_VOLLSTAENDIG
DMV-153677,37653.0,37653.0,2016,2016-01-24,2016-01-24-Salzburg,Südwestdeutsche Jugendmeisterschaft,Mannheim,,,104.77,pass_verified,DMV_Teilnahmen_2015_2025_VOLLSTAENDIG
DMV-153678,37653.0,37653.0,2016,2016-03-27,2016-03-27-Landshut,,,,,104.858,pass_verified,DMV_Teilnahmen_2015_2025_VOLLSTAENDIG
DMV-153679,37653.0,37653.0,2016,2016-04-03,2016-04-03-Olching,,,,,103.756,pass_verified,DMV_Teilnahmen_2015_2025_VOLLSTAENDIG
DMV-153680,37653.0,37653.0,2016,2016-04-10,2016-04-10-Straßlach,,,,,106.258,pass_verified,DMV_Teilnahmen_2015_2025_VOLLSTAENDIG
DMV-153681,37653.0,37653.0,2016,2016-04-24,2016-04-24-Ingolstadt_Auwaldsee,,,,,106.056,pass_verified,DMV_Teilnahmen_2015_2025_VOLLSTAENDIG
DMV-153682,37653.0,37653.0,2016,2016-05-01,2016-05-01-Ingolstadt_Baggersee,,,,,106.255,pass_verified,DMV_Teilnahmen_2015_2025_VOLLSTAENDIG
DMV-153683,37653.0,37653.0,2016,2016-05-26,2016-05-26-Kelheim,,,,,106.431,pass_verified,DMV_Teilnahmen_2015_2025_VOLLSTAENDIG
DMV-153684,37653.0,37653.0,2016,2016-06-12,2016-06-12-Murnau_See,,,,,104.844,pass_verified,DMV_Teilnahmen_2015_2025_VOLLSTAENDIG
DMV-153685,37653.0,37653.0,2016,2016-07-24,2016-07-24-Ingolstadt_Baggersee,,,,,108.135,pass_verified,DMV_Teilnahmen_2015_2025_VOLLSTAENDIG
DMV-153686,37653.0,37653.0,2016,2016-08-21,2016-08-21-Olching,,,,,106.414,pass_verified,DMV_Teilnahmen_2015_2025_VOLLSTAENDIG
DMV-153687,37653.0,37653.0,2016,2016-08-28,2016-08-28-Landshut,,,,,105.332,pass_verified,DMV_Teilnahmen_2015_2025_VOLLSTAENDIG
DMV-153688,37653.0,37653.0,2016,2016-10-08,2016-10-08-Ingolstadt_Auwaldsee,,,,,106.546,pass_verified,DMV_Teilnahmen_2015_2025_VOLLSTAENDIG
DMV-153689,37653.0,37653.0,2016,2016-10-09,2016-10-09-Kelheim,BMW Knopf Trophy 2016,Schriesheim,,,103.513,pass_verified,DMV_Teilnahmen_2015_2025_VOLLSTAENDIG
DMV-153690,37653.0,37653.0,2016,2016-10-29,2016-10-29-Algund,,,,,102.548,pass_verified,DMV_Teilnahmen_2015_2025_VOLLSTAENDIG
DMV-153691,37654.0,37654.0,2016,2016-01-24,2016-01-24-Salzburg,Südwestdeutsche Jugendmeisterschaft,Mannheim,,,103.02,pass_verified,DMV_Teilnahmen_2015_2025_VOLLSTAENDIG
DMV-153692,37654.0,37654.0,2016,2016-03-05,2016-03-05-Decin,,,,,110.42,pass_verified,DMV_Teilnahmen_2015_2025_VOLLSTAENDIG
DMV-153693,37654.0,37654.0,2016,2016-03-27,2016-03-27-Landshut,,,,,104.858,pass_verified,DMV_Teilnahmen_2015_2025_VOLLSTAENDIG
DMV-153694,37654.0,37654.0,2016,2016-04-03,2016-04-03-Olching,,,,,100.256,pass_verified,DMV_Teilnahmen_2015_2025_VOLLSTAENDIG
DMV-153695,37654.0,37654.0,2016,2016-04-10,2016-04-10-Straßlach,,,,,101.008,pass_verified,DMV_Teilnahmen_2015_2025_VOLLSTAENDIG
DMV-153696,37654.0,37654.0,2016,2016-04-24,2016-04-24-Ingolstadt_Auwaldsee,,,,,101.722,pass_verified,DMV_Teilnahmen_2015_2025_VOLLSTAENDIG
DMV-153697,37654.0,37654.0,2016,2016-05-01,2016-05-01-Ingolstadt_Baggersee,,,,,104.255,pass_verified,DMV_Teilnahmen_2015_2025_VOLLSTAENDIG
DMV-153698,37654.0,37654.0,2016,2016-05-26,2016-05-26-Kelheim,,,,,105.181,pass_verified,DMV_Teilnahmen_2015_2025_VOLLSTAENDIG
DMV-153699,37654.0,37654.0,2016,2016-07-24,2016-07-24-Ingolstadt_Baggersee,,,,,102.468,pass_verified,DMV_Teilnahmen_2015_2025_VOLLSTAENDIG
DMV-153700,37654.0,37654.0,2016,2016-08-07,2016-08-07-Straßlach,"NBV-Landesliga Staffel I, 5. Spieltag",Kaarst,,,108.047,pass_verified,DMV_Teilnahmen_2015_2025_VOLLSTAENDIG
DMV-153701,37654.0,37654.0,2016,2016-08-21,2016-08-21-Olching,,,,,104.081,pass_verified,DMV_Teilnahmen_2015_2025_VOLLSTAENDIG
DMV-153702,37654.0,37654.0,2016,2016-08-28,2016-08-28-Landshut,,,,,103.932,pass_verified,DMV_Teilnahmen_2015_2025_VOLLSTAENDIG
DMV-153703,37654.0,37654.0,2016,2016-09-17,2016-09-17-Ingolstadt_Auwaldsee,,,,,103.467,pass_verified,DMV_Teilnahmen_2015_2025_VOLLSTAENDIG
DMV-153704,37654.0,37654.0,2016,2016-10-08,2016-10-08-Ingolstadt_Auwaldsee,,,,,102.796,pass_verified,DMV_Teilnahmen_2015_2025_VOLLSTAENDIG
DMV-153705,37654.0,37654.0,2016,2016-10-09,2016-10-09-Kelheim,BMW Knopf Trophy 2016,Schriesheim,,,107.513,pass_verified,DMV_Teilnahmen_2015_2025_VOLLSTAENDIG
DMV-153706,37654.0,37654.0,2016,2016-10-27,2016-10-27-Algund,,,,,106.34,pass_verified,DMV_Teilnahmen_2015_2025_VOLLSTAENDIG
DMV-153707,37654.0,37654.0,2016,2016-10-29,2016-10-29-Algund,,,,,103.437,pass_verified,DMV_Teilnahmen_2015_2025_VOLLSTAENDIG
DMV-153708,37656.0,37656.0,2016,2016-03-28,2016-03-28-Kempten_Steinbruch,,,,,111.651,pass_verified,DMV_Teilnahmen_2015_2025_VOLLSTAENDIG
DMV-153709,37656.0,37656.0,2016,2016-04-24,2016-04-24-Olching,,,,,116.28,pass_verified,DMV_Teilnahmen_2015_2025_VOLLSTAENDIG
DMV-153710,37656.0,37656.0,2016,2016-05-26,2016-05-26-Kelheim,,,,,111.681,pass_verified,DMV_Teilnahmen_2015_2025_VOLLSTAENDIG
DMV-153711,37656.0,37656.0,2016,2016-06-05,2016-06-05-Karlsfeld,"MVBN-Verbandsliga Süd, 3. Punktspiel",Gebhardshagen,,10.0,112.568,pass_verified,DMV_Teilnahmen_2015_2025_VOLLSTAENDIG
DMV-153712,37656.0,37656.0,2016,2016-06-12,2016-06-12-Ottobrunn,,,,,108.833,pass_verified,DMV_Teilnahmen_2015_2025_VOLLSTAENDIG
DMV-153713,37656.0,37656.0,2016,2016-08-21,2016-08-21-Olching,,,,,109.747,pass_verified,DMV_Teilnahmen_2015_2025_VOLLSTAENDIG
DMV-153714,37656.0,37656.0,2016,2016-09-04,2016-09-04-Olching2,"3. Bundesliga Nord, Staffel I, 5. Spieltag",Dormagen,,,109.507,pass_verified,DMV_Teilnahmen_2015_2025_VOLLSTAENDIG
DMV-153715,37656.0,37656.0,2016,2016-09-11,2016-09-11-Ottobrunn,,,,,110.544,pass_verified,DMV_Teilnahmen_2015_2025_VOLLSTAENDIG
DMV-153716,37666.0,37666.0,2016,2016-03-28,2016-03-28-Kempten_Steinbruch,,,,,109.651,pass_verified,DMV_Teilnahmen_2015_2025_VOLLSTAENDIG
DMV-153717,37666.0,37666.0,2016,2016-05-26,2016-05-26-Kelheim,,,,,105.431,pass_verified,DMV_Teilnahmen_2015_2025_VOLLSTAENDIG
DMV-153718,37666.0,37666.0,2016,2016-06-05,2016-06-05-Murnau_See,"MVBN-Verbandsliga Süd, 3. Punktspiel",Gebhardshagen,,21.0,108.499,pass_verified,DMV_Teilnahmen_2015_2025_VOLLSTAENDIG
DMV-153719,37666.0,37666.0,2016,2016-06-26,2016-06-26-Bad_Feilnbach,,,,,108.448,pass_verified,DMV_Teilnahmen_2015_2025_VOLLSTAENDIG
DMV-153720,37666.0,37666.0,2016,2016-07-31,2016-07-31-Illertissen,,,,,107.745,pass_verified,DMV_Teilnahmen_2015_2025_VOLLSTAENDIG
DMV-153721,37666.0,37666.0,2016,2016-08-07,2016-08-07-Garmisch_Partenkirchen,"NBV-Landesliga Staffel I, 5. Spieltag",Kaarst,,,106.715,pass_verified,DMV_Teilnahmen_2015_2025_VOLLSTAENDIG
DMV-153722,37666.0,37666.0,2016,2016-09-04,2016-09-04-Kempten_Steinbruch,"3. Bundesliga Nord, Staffel I, 5. Spieltag",Dormagen,,,105.949,pass_verified,DMV_Teilnahmen_2015_2025_VOLLSTAENDIG
DMV-153723,37666.0,37666.0,2016,2016-09-18,2016-09-18-Murnau_See,Heven-Cup 2016,Witten,,,102.922,pass_verified,DMV_Teilnahmen_2015_2025_VOLLSTAENDIG
DMV-153724,37667.0,37667.0,2016,2016-03-28,2016-03-28-Kempten_Steinbruch,,,,,114.317,pass_verified,DMV_Teilnahmen_2015_2025_VOLLSTAENDIG
DMV-153725,37667.0,37667.0,2016,2016-06-12,2016-06-12-Ottobrunn,,,,,111.166,pass_verified,DMV_Teilnahmen_2015_2025_VOLLSTAENDIG
DMV-153726,37667.0,37667.0,2016,2016-06-26,2016-06-26-Bad_Feilnbach,,,,,109.781,pass_verified,DMV_Teilnahmen_2015_2025_VOLLSTAENDIG
DMV-153727,37667.0,37667.0,2016,2016-07-31,2016-07-31-Illertissen,,,,,110.745,pass_verified,DMV_Teilnahmen_2015_2025_VOLLSTAENDIG
DMV-153728,37667.0,37667.0,2016,2016-08-07,2016-08-07-Garmisch_Partenkirchen,"NBV-Landesliga Staffel I, 5. Spieltag",Kaarst,,,111.465,pass_verified,DMV_Teilnahmen_2015_2025_VOLLSTAENDIG
DMV-153729,37667.0,37667.0,2016,2016-09-04,2016-09-04-Kempten_Steinbruch,"3. Bundesliga Nord, Staffel I, 5. Spieltag",Dormagen,,,104.949,pass_verified,DMV_Teilnahmen_2015_2025_VOLLSTAENDIG
DMV-153730,37668.0,37668.0,2016,2016-03-28,2016-03-28-Kempten_Steinbruch,,,,,102.984,pass_verified,DMV_Teilnahmen_2015_2025_VOLLSTAENDIG
DMV-153731,37668.0,37668.0,2016,2016-05-22,2016-05-22-Ravensburg,,,,,103.405,pass_verified,DMV_Teilnahmen_2015_2025_VOLLSTAENDIG
DMV-153732,37668.0,37668.0,2016,2016-05-26,2016-05-26-Kelheim,,,,,102.431,pass_verified,DMV_Teilnahmen_2015_2025_VOLLSTAENDIG
DMV-153733,37668.0,37668.0,2016,2016-06-05,2016-06-05-Schwaikheim,"MVBN-Verbandsliga Süd, 3. Punktspiel",Gebhardshagen,,17.0,102.774,pass_verified,DMV_Teilnahmen_2015_2025_VOLLSTAENDIG
DMV-153734,37668.0,37668.0,2016,2016-06-12,2016-06-12-Ottobrunn,,,,,105.166,pass_verified,DMV_Teilnahmen_2015_2025_VOLLSTAENDIG
DMV-153735,37668.0,37668.0,2016,2016-06-26,2016-06-26-Bad_Feilnbach,,,,,106.114,pass_verified,DMV_Teilnahmen_2015_2025_VOLLSTAENDIG
DMV-153736,37668.0,37668.0,2016,2016-07-31,2016-07-31-Niederstetten,,,,,103.697,pass_verified,DMV_Teilnahmen_2015_2025_VOLLSTAENDIG
DMV-153737,37668.0,37668.0,2016,2016-08-07,2016-08-07-Garmisch_Partenkirchen,"NBV-Landesliga Staffel I, 5. Spieltag",Kaarst,,,103.965,pass_verified,DMV_Teilnahmen_2015_2025_VOLLSTAENDIG
DMV-153738,37668.0,37668.0,2016,2016-09-11,2016-09-11-Murnau_See,,,,,102.148,pass_verified,DMV_Teilnahmen_2015_2025_VOLLSTAENDIG
DMV-153739,37668.0,37668.0,2016,2016-09-18,2016-09-18-Murnau_See,Heven-Cup 2016,Witten,,,104.422,pass_verified,DMV_Teilnahmen_2015_2025_VOLLSTAENDIG
DMV-153740,37668.0,37668.0,2016,2016-10-01,2016-10-01-Landshut,Europacup 2016,Neutraubling,,,102.814,pass_verified,DMV_Teilnahmen_2015_2025_VOLLSTAENDIG
DMV-153741,37668.0,37668.0,2016,2016-09-04,2016-09-04-Bad_Füssing,"3. Bundesliga Nord, Staffel I, 5. Spieltag",Dormagen,,,103.572,pass_verified,DMV_Teilnahmen_2015_2025_VOLLSTAENDIG
DMV-153742,37670.0,37670.0,2016,2016-03-13,2016-03-13-Köln_Freizeitinsel,,,,,107.861,pass_verified,DMV_Teilnahmen_2015_2025_VOLLSTAENDIG
DMV-153743,37670.0,37670.0,2016,2016-03-20,2016-03-20-Bad_Godesberg,,,,,116.115,pass_verified,DMV_Teilnahmen_2015_2025_VOLLSTAENDIG
DMV-153744,37670.0,37670.0,2016,2016-04-10,2016-04-10-Köln_Freizeitinsel,,,,,106.646,pass_verified,DMV_Teilnahmen_2015_2025_VOLLSTAENDIG
DMV-153745,37670.0,37670.0,2016,2016-05-22,2016-05-22-Bad_Godesberg,,,,,109.129,pass_verified,DMV_Teilnahmen_2015_2025_VOLLSTAENDIG
DMV-153746,37670.0,37670.0,2016,2016-06-05,2016-06-05-Paffendorf,,,,,106.404,pass_verified,DMV_Teilnahmen_2015_2025_VOLLSTAENDIG
DMV-153747,37670.0,37670.0,2016,2016-06-19,2016-06-19-Wesseling,,,,,104.065,pass_verified,DMV_Teilnahmen_2015_2025_VOLLSTAENDIG
DMV-153748,37670.0,37670.0,2016,2016-07-23,2016-07-23-Kerpen,,,,,106.35,pass_verified,DMV_Teilnahmen_2015_2025_VOLLSTAENDIG
DMV-153749,37670.0,37670.0,2016,2016-08-07,2016-08-07-Kerpen,"NBV-Landesliga Staffel I, 5. Spieltag",Kaarst,,,107.421,pass_verified,DMV_Teilnahmen_2015_2025_VOLLSTAENDIG
DMV-153750,37670.0,37670.0,2016,2016-09-25,2016-09-25-Kaarst,,,,,104.691,pass_verified,DMV_Teilnahmen_2015_2025_VOLLSTAENDIG
DMV-153751,37670.0,37670.0,2016,2016-10-29,2016-10-29-Paffendorf,,,,,103.294,pass_verified,DMV_Teilnahmen_2015_2025_VOLLSTAENDIG
DMV-153752,37670.0,37670.0,2016,2016-09-25,2016-09-25-Büttgen,,,,,104.691,pass_verified,DMV_Teilnahmen_2015_2025_VOLLSTAENDIG
DMV-153753,37677.0,37677.0,2016,2016-04-17,2016-04-17-Pfungstadt,,,,,105.319,pass_verified,DMV_Teilnahmen_2015_2025_VOLLSTAENDIG
DMV-153754,37677.0,37677.0,2016,2016-06-05,2016-06-05-Arheilgen,,,,,107.787,pass_verified,DMV_Teilnahmen_2015_2025_VOLLSTAENDIG
DMV-153755,37677.0,37677.0,2016,2016-07-31,2016-07-31-Bad_Homburg_Hirschgarten,,,,,104.877,pass_verified,DMV_Teilnahmen_2015_2025_VOLLSTAENDIG
DMV-153756,37677.0,37677.0,2016,2016-09-04,2016-09-04-Mannheim_Sandhofen_Halle,"3. Bundesliga Nord, Staffel I, 5. Spieltag",Dormagen,,,111.456,pass_verified,DMV_Teilnahmen_2015_2025_VOLLSTAENDIG
DMV-153757,37687.0,37687.0,2016,2016-03-04,2016-03-04-Celle_Halle,,,,,104.07,pass_verified,DMV_Teilnahmen_2015_2025_VOLLSTAENDIG
DMV-153758,37687.0,37687.0,2016,2016-04-17,2016-04-17-Kerpen,1. Spieltag 1. Bundesliga Nord,Kerpen,,6.0,106.284,pass_verified,DMV_Teilnahmen_2015_2025_VOLLSTAENDIG
DMV-153759,37687.0,37687.0,2016,2016-05-22,2016-05-22-Dormagen_Hackenbroich,"1. Bundesliga Nord, 2. Spieltag",Dormagen,,7.0,104.094,pass_verified,DMV_Teilnahmen_2015_2025_VOLLSTAENDIG
DMV-153760,37693.0,37693.0,2016,2016-05-01,2016-05-01-Süßen,,,,,103.177,pass_verified,DMV_Teilnahmen_2015_2025_VOLLSTAENDIG
DMV-153761,37693.0,37693.0,2016,2016-05-15,2016-05-15-Metzingen,,,,,101.292,pass_verified,DMV_Teilnahmen_2015_2025_VOLLSTAENDIG
DMV-153762,37693.0,37693.0,2016,2016-05-29,2016-05-29-Metzingen,MRP-Jugendliga/A-Rangliste,Mainz,,,101.354,pass_verified,DMV_Teilnahmen_2015_2025_VOLLSTAENDIG
DMV-153763,37693.0,37693.0,2016,2016-06-12,2016-06-12-Niederstetten,,,,,98.443,pass_verified,DMV_Teilnahmen_2015_2025_VOLLSTAENDIG
DMV-153764,37693.0,37693.0,2016,2016-06-19,2016-06-19-Ulm,,,,,104.283,pass_verified,DMV_Teilnahmen_2015_2025_VOLLSTAENDIG
DMV-153765,37693.0,37693.0,2016,2016-08-18,2016-08-18-Mannheim,,,,,101.895,pass_verified,DMV_Teilnahmen_2015_2025_VOLLSTAENDIG
DMV-153766,37700.0,37700.0,2016,2016-04-10,2016-04-10-Sindelfingen,1. Spieltag WBV-Rangliste,Sindelfingen,,,117.249,pass_verified,DMV_Teilnahmen_2015_2025_VOLLSTAENDIG
DMV-153767,37700.0,37700.0,2016,2016-05-29,2016-05-29-Oberkochen,MRP-Jugendliga/A-Rangliste,Mainz,,,113.35,pass_verified,DMV_Teilnahmen_2015_2025_VOLLSTAENDIG
DMV-153768,37700.0,37700.0,2016,2016-06-05,2016-06-05-Ludwigsburg,,,,,113.383,pass_verified,DMV_Teilnahmen_2015_2025_VOLLSTAENDIG
DMV-153769,37708.0,37708.0,2016,2016-04-10,2016-04-10-Bottrop_Overbeckshof,,,,,103.785,pass_verified,DMV_Teilnahmen_2015_2025_VOLLSTAENDIG
DMV-153770,37708.0,37708.0,2016,2016-05-22,2016-05-22-Gelsenkirchen_Bulmke,,,,,105.504,pass_verified,DMV_Teilnahmen_2015_2025_VOLLSTAENDIG
DMV-153771,37708.0,37708.0,2016,2016-06-05,2016-06-05-Castrop,"NBV-Berzirksliga Staffel VII, 3. Spieltag",Castrop-Rauxel,,4.0,104.557,pass_verified,DMV_Teilnahmen_2015_2025_VOLLSTAENDIG
DMV-153772,37708.0,37708.0,2016,2016-06-19,2016-06-19-Lünen,,,,,107.781,pass_verified,DMV_Teilnahmen_2015_2025_VOLLSTAENDIG
DMV-153773,37714.0,37714.0,2016,2016-05-22,2016-05-22-Hannover,,,,,105.653,pass_verified,DMV_Teilnahmen_2015_2025_VOLLSTAENDIG
DMV-153774,37714.0,37714.0,2016,2016-06-05,2016-06-05-Bad_Nenndorf,,,,,107.043,pass_verified,DMV_Teilnahmen_2015_2025_VOLLSTAENDIG
DMV-153775,37714.0,37714.0,2016,2016-06-19,2016-06-19-Seelze,,,,,106.731,pass_verified,DMV_Teilnahmen_2015_2025_VOLLSTAENDIG
DMV-153776,37714.0,37714.0,2016,2016-07-31,2016-07-31-Bad_Münder,,,,,107.566,pass_verified,DMV_Teilnahmen_2015_2025_VOLLSTAENDIG
DMV-153777,37720.0,37720.0,2016,2016-04-10,2016-04-10-Uerdingen,,,,,104.237,pass_verified,DMV_Teilnahmen_2015_2025_VOLLSTAENDIG
DMV-153778,37720.0,37720.0,2016,2016-04-23,2016-04-23-Herne,,,,,106.113,pass_verified,DMV_Teilnahmen_2015_2025_VOLLSTAENDIG
DMV-153779,37720.0,37720.0,2016,2016-05-22,2016-05-22-Mönchengladbach,,,,,111.119,pass_verified,DMV_Teilnahmen_2015_2025_VOLLSTAENDIG
DMV-153780,37720.0,37720.0,2016,2016-06-05,2016-06-05-Dormagen,,,,,106.28,pass_verified,DMV_Teilnahmen_2015_2025_VOLLSTAENDIG
DMV-153781,37720.0,37720.0,2016,2016-07-13,2016-07-13-Wanne_Eickel,,,,,103.232,pass_verified,DMV_Teilnahmen_2015_2025_VOLLSTAENDIG
DMV-153782,37720.0,37720.0,2016,2016-08-07,2016-08-07-Duisburg_Rheinhausen,"NBV-Landesliga Staffel I, 5. Spieltag",Kaarst,,,104.217,pass_verified,DMV_Teilnahmen_2015_2025_VOLLSTAENDIG
DMV-153783,37720.0,37720.0,2016,2016-09-04,2016-09-04-Kaarst,"3. Bundesliga Nord, Staffel I, 5. Spieltag",Dormagen,,,109.065,pass_verified,DMV_Teilnahmen_2015_2025_VOLLSTAENDIG
DMV-153784,37720.0,37720.0,2016,2016-09-04,2016-09-04-Büttgen,"3. Bundesliga Nord, Staffel I, 5. Spieltag",Dormagen,,,109.065,pass_verified,DMV_Teilnahmen_2015_2025_VOLLSTAENDIG
DMV-153785,37733.0,37733.0,2016,2016-06-19,2016-06-19-Unterschneidheim,,,,,107.789,pass_verified,DMV_Teilnahmen_2015_2025_VOLLSTAENDIG
DMV-153786,37733.0,37733.0,2016,2016-07-31,2016-07-31-Bad_Mergentheim,,,,,108.592,pass_verified,DMV_Teilnahmen_2015_2025_VOLLSTAENDIG
DMV-153787,37734.0,37734.0,2016,2016-04-17,2016-04-17-Sindelfingen,,,,,108.383,pass_verified,DMV_Teilnahmen_2015_2025_VOLLSTAENDIG
DMV-153788,37734.0,37734.0,2016,2016-05-22,2016-05-22-Hechingen,,,,,111.039,pass_verified,DMV_Teilnahmen_2015_2025_VOLLSTAENDIG
DMV-153789,37734.0,37734.0,2016,2016-06-05,2016-06-05-Ludwigsburg,,,,,111.383,pass_verified,DMV_Teilnahmen_2015_2025_VOLLSTAENDIG
DMV-153790,37734.0,37734.0,2016,2016-06-19,2016-06-19-Unterschneidheim,,,,,114.039,pass_verified,DMV_Teilnahmen_2015_2025_VOLLSTAENDIG
DMV-153791,37734.0,37734.0,2016,2016-07-31,2016-07-31-Bad_Mergentheim,,,,,109.592,pass_verified,DMV_Teilnahmen_2015_2025_VOLLSTAENDIG
DMV-153792,37750.0,37750.0,2016,2016-04-10,2016-04-10-Wallenhorst_Rulle,,,,,103.751,pass_verified,DMV_Teilnahmen_2015_2025_VOLLSTAENDIG
DMV-153793,37750.0,37750.0,2016,2016-05-07,2016-05-07-Diepholz,,,,,105.903,pass_verified,DMV_Teilnahmen_2015_2025_VOLLSTAENDIG
DMV-153794,37750.0,37750.0,2016,2016-05-22,2016-05-22-Gladbeck,,,,,105.638,pass_verified,DMV_Teilnahmen_2015_2025_VOLLSTAENDIG
DMV-153795,37750.0,37750.0,2016,2016-06-05,2016-06-05-Herten,,,,,107.071,pass_verified,DMV_Teilnahmen_2015_2025_VOLLSTAENDIG
DMV-153796,37750.0,37750.0,2016,2016-06-19,2016-06-19-Essen_Vogelheim,,,,,103.436,pass_verified,DMV_Teilnahmen_2015_2025_VOLLSTAENDIG
DMV-153797,37751.0,37751.0,2016,2016-04-10,2016-04-10-Wallenhorst_Rulle,,,,,103.251,pass_verified,DMV_Teilnahmen_2015_2025_VOLLSTAENDIG
DMV-153798,37751.0,37751.0,2016,2016-05-07,2016-05-07-Diepholz,,,,,104.503,pass_verified,DMV_Teilnahmen_2015_2025_VOLLSTAENDIG
DMV-153799,37751.0,37751.0,2016,2016-05-22,2016-05-22-Gladbeck,,,,,102.138,pass_verified,DMV_Teilnahmen_2015_2025_VOLLSTAENDIG
DMV-153800,37751.0,37751.0,2016,2016-06-05,2016-06-05-Herten,,,,,105.821,pass_verified,DMV_Teilnahmen_2015_2025_VOLLSTAENDIG
DMV-153801,37751.0,37751.0,2016,2016-06-19,2016-06-19-Essen_Vogelheim,,,,,102.436,pass_verified,DMV_Teilnahmen_2015_2025_VOLLSTAENDIG
DMV-153802,37752.0,37752.0,2016,2016-03-04,2016-03-04-Celle_Halle,,,,,106.07,pass_verified,DMV_Teilnahmen_2015_2025_VOLLSTAENDIG
DMV-153803,37752.0,37752.0,2016,2016-04-10,2016-04-10-Leipzig_Clara_Zetkin_Park,,,,,106.039,pass_verified,DMV_Teilnahmen_2015_2025_VOLLSTAENDIG
DMV-153804,37752.0,37752.0,2016,2016-05-08,2016-05-08-Köthen,Badische Meisterschaften,Tuttlingen,,,105.396,pass_verified,DMV_Teilnahmen_2015_2025_VOLLSTAENDIG
DMV-153805,37752.0,37752.0,2016,2016-06-12,2016-06-12-Havelberg,,,,,104.03,pass_verified,DMV_Teilnahmen_2015_2025_VOLLSTAENDIG
DMV-153806,37752.0,37752.0,2016,2016-08-18,2016-08-18-Mannheim,,,,,107.228,pass_verified,DMV_Teilnahmen_2015_2025_VOLLSTAENDIG
DMV-153807,37752.0,37752.0,2016,2016-09-25,2016-09-25-Leipzig_Probstheida,,,,,106.424,pass_verified,DMV_Teilnahmen_2015_2025_VOLLSTAENDIG
DMV-153808,37752.0,37752.0,2016,2016-11-05,2016-11-05-Eibenstock_Halle,,,,,106.067,pass_verified,DMV_Teilnahmen_2015_2025_VOLLSTAENDIG
DMV-153809,37753.0,37753.0,2016,2016-03-04,2016-03-04-Celle_Halle,,,,,102.82,pass_verified,DMV_Teilnahmen_2015_2025_VOLLSTAENDIG
DMV-153810,37753.0,37753.0,2016,2016-04-10,2016-04-10-Leipzig_Clara_Zetkin_Park,,,,,109.039,pass_verified,DMV_Teilnahmen_2015_2025_VOLLSTAENDIG
DMV-153811,37753.0,37753.0,2016,2016-06-12,2016-06-12-Havelberg,,,,,110.53,pass_verified,DMV_Teilnahmen_2015_2025_VOLLSTAENDIG
DMV-153812,37753.0,37753.0,2016,2016-08-18,2016-08-18-Mannheim,,,,,108.395,pass_verified,DMV_Teilnahmen_2015_2025_VOLLSTAENDIG
DMV-153813,37753.0,37753.0,2016,2016-09-25,2016-09-25-Leipzig_Probstheida,,,,,109.424,pass_verified,DMV_Teilnahmen_2015_2025_VOLLSTAENDIG
DMV-153814,37759.0,37759.0,2016,2016-04-10,2016-04-10-Paderborn_Lieth,,,,,114.496,pass_verified,DMV_Teilnahmen_2015_2025_VOLLSTAENDIG
DMV-153815,37760.0,37760.0,2016,2016-04-10,2016-04-10-Mönchengladbach,,,,,104.99,pass_verified,DMV_Teilnahmen_2015_2025_VOLLSTAENDIG
DMV-153816,37760.0,37760.0,2016,2016-04-17,2016-04-17-Halver,,,,,106.737,pass_verified,DMV_Teilnahmen_2015_2025_VOLLSTAENDIG
DMV-153817,37760.0,37760.0,2016,2016-05-14,2016-05-14-Neheim_Hüsten,,,,,105.304,pass_verified,DMV_Teilnahmen_2015_2025_VOLLSTAENDIG
DMV-153818,37760.0,37760.0,2016,2016-05-22,2016-05-22-Halver2,,,,,103.739,pass_verified,DMV_Teilnahmen_2015_2025_VOLLSTAENDIG
DMV-153819,37760.0,37760.0,2016,2016-06-05,2016-06-05-Neheim_Hüsten,,,,,99.908,pass_verified,DMV_Teilnahmen_2015_2025_VOLLSTAENDIG
DMV-153820,37760.0,37760.0,2016,2016-06-19,2016-06-19-Bad_Salzuflen,,,,,103.489,pass_verified,DMV_Teilnahmen_2015_2025_VOLLSTAENDIG
DMV-153821,37760.0,37760.0,2016,2016-08-07,2016-08-07-Dormagen_Hackenbroich,"NBV-Landesliga Staffel I, 5. Spieltag",Kaarst,,,102.112,pass_verified,DMV_Teilnahmen_2015_2025_VOLLSTAENDIG
DMV-153822,37760.0,37760.0,2016,2016-09-10,2016-09-10-Lüttringhausen,,,,,107.537,pass_verified,DMV_Teilnahmen_2015_2025_VOLLSTAENDIG
DMV-153823,37760.0,37760.0,2016,2016-10-23,2016-10-23-Gevelsberg,,,,,101.752,pass_verified,DMV_Teilnahmen_2015_2025_VOLLSTAENDIG
DMV-153824,37760.0,37760.0,2016,2016-11-05,2016-11-05-Halver_Halle,,,,,100.584,pass_verified,DMV_Teilnahmen_2015_2025_VOLLSTAENDIG
DMV-153825,37760.0,37760.0,2016,2016-11-19,2016-11-19-Halver_Halle,,,,,102.662,pass_verified,DMV_Teilnahmen_2015_2025_VOLLSTAENDIG
DMV-153826,37760.0,37760.0,2016,2016-12-17,2016-12-17-Halver_Halle,,,,,100.633,pass_verified,DMV_Teilnahmen_2015_2025_VOLLSTAENDIG
DMV-153827,37761.0,37761.0,2016,2016-04-10,2016-04-10-Attendorn,,,,,113.899,pass_verified,DMV_Teilnahmen_2015_2025_VOLLSTAENDIG
DMV-153828,37761.0,37761.0,2016,2016-05-22,2016-05-22-Biebertal,,,,,110.288,pass_verified,DMV_Teilnahmen_2015_2025_VOLLSTAENDIG
DMV-153829,37761.0,37761.0,2016,2016-06-05,2016-06-05-Hagen,"MVBN-Verbandsliga Süd, 3. Punktspiel",Gebhardshagen,,,108.525,pass_verified,DMV_Teilnahmen_2015_2025_VOLLSTAENDIG
DMV-153830,37761.0,37761.0,2016,2016-06-19,2016-06-19-Neheim_Hüsten,,,,,111.255,pass_verified,DMV_Teilnahmen_2015_2025_VOLLSTAENDIG
DMV-153831,37761.0,37761.0,2016,2016-08-07,2016-08-07-Brilon,"NBV-Landesliga Staffel I, 5. Spieltag",Kaarst,,,109.266,pass_verified,DMV_Teilnahmen_2015_2025_VOLLSTAENDIG
DMV-153832,37763.0,37763.0,2016,2016-04-10,2016-04-10-Attendorn,,,,,114.232,pass_verified,DMV_Teilnahmen_2015_2025_VOLLSTAENDIG
DMV-153833,37763.0,37763.0,2016,2016-05-22,2016-05-22-Biebertal,,,,,109.955,pass_verified,DMV_Teilnahmen_2015_2025_VOLLSTAENDIG
DMV-153834,37763.0,37763.0,2016,2016-06-05,2016-06-05-Hagen,"MVBN-Verbandsliga Süd, 3. Punktspiel",Gebhardshagen,,,108.859,pass_verified,DMV_Teilnahmen_2015_2025_VOLLSTAENDIG
DMV-153835,37763.0,37763.0,2016,2016-06-19,2016-06-19-Neheim_Hüsten,,,,,110.255,pass_verified,DMV_Teilnahmen_2015_2025_VOLLSTAENDIG
DMV-153836,37763.0,37763.0,2016,2016-08-07,2016-08-07-Brilon,"NBV-Landesliga Staffel I, 5. Spieltag",Kaarst,,,111.599,pass_verified,DMV_Teilnahmen_2015_2025_VOLLSTAENDIG
DMV-153837,37766.0,37766.0,2016,2016-03-04,2016-03-04-Celle_Halle,,,,,105.07,pass_verified,DMV_Teilnahmen_2015_2025_VOLLSTAENDIG
DMV-153838,37766.0,37766.0,2016,2016-04-10,2016-04-10-Mönchengladbach,,,,,102.99,pass_verified,DMV_Teilnahmen_2015_2025_VOLLSTAENDIG
DMV-153839,37766.0,37766.0,2016,2016-05-22,2016-05-22-Halver2,,,,,104.489,pass_verified,DMV_Teilnahmen_2015_2025_VOLLSTAENDIG
DMV-153840,37766.0,37766.0,2016,2016-06-05,2016-06-05-Neheim_Hüsten,,,,,102.908,pass_verified,DMV_Teilnahmen_2015_2025_VOLLSTAENDIG
DMV-153841,37766.0,37766.0,2016,2016-06-19,2016-06-19-Bad_Salzuflen,,,,,104.239,pass_verified,DMV_Teilnahmen_2015_2025_VOLLSTAENDIG
DMV-153842,37766.0,37766.0,2016,2016-08-07,2016-08-07-Dormagen_Hackenbroich,"NBV-Landesliga Staffel I, 5. Spieltag",Kaarst,,,102.362,pass_verified,DMV_Teilnahmen_2015_2025_VOLLSTAENDIG
DMV-153843,37775.0,37775.0,2016,2016-04-10,2016-04-10-Velbert_Hardenberg,"NBV-Landesliga Staffel 1, 1. Spieltag",Hardenberg,,3.0,118.19,pass_verified,DMV_Teilnahmen_2015_2025_VOLLSTAENDIG
DMV-153844,37775.0,37775.0,2016,2016-06-05,2016-06-05-Lüdenscheid,"NBV-Landesliga I, 3. Spieltag",Lüdenscheid,,2.0,119.533,pass_verified,DMV_Teilnahmen_2015_2025_VOLLSTAENDIG
DMV-153845,37775.0,37775.0,2016,2016-06-19,2016-06-19-Velbert_Langenberg,,,,,115.785,pass_verified,DMV_Teilnahmen_2015_2025_VOLLSTAENDIG
DMV-153846,37777.0,37777.0,2016,2016-08-07,2016-08-07-Attendorn,"NBV-Landesliga Staffel I, 5. Spieltag",Kaarst,,,107.321,pass_verified,DMV_Teilnahmen_2015_2025_VOLLSTAENDIG
DMV-153847,37780.0,37780.0,2016,2016-05-22,2016-05-22-Goslar,,,,,103.531,pass_verified,DMV_Teilnahmen_2015_2025_VOLLSTAENDIG
DMV-153848,37780.0,37780.0,2016,2016-06-05,2016-06-05-Vellmar,,,,,103.644,pass_verified,DMV_Teilnahmen_2015_2025_VOLLSTAENDIG
DMV-153849,37780.0,37780.0,2016,2016-06-19,2016-06-19-Künsebeck,,,,,103.256,pass_verified,DMV_Teilnahmen_2015_2025_VOLLSTAENDIG
DMV-153850,37780.0,37780.0,2016,2016-09-04,2016-09-04-Salzgitter,"3. Bundesliga Nord, Staffel I, 5. Spieltag",Dormagen,,,102.768,pass_verified,DMV_Teilnahmen_2015_2025_VOLLSTAENDIG
DMV-153851,37789.0,37789.0,2016,2016-04-10,2016-04-10-Bildstock,,,,,102.973,pass_verified,DMV_Teilnahmen_2015_2025_VOLLSTAENDIG
DMV-153852,37789.0,37789.0,2016,2016-05-01,2016-05-01-Oberthal,,,,,105.115,pass_verified,DMV_Teilnahmen_2015_2025_VOLLSTAENDIG
DMV-153853,37789.0,37789.0,2016,2016-05-08,2016-05-08-Homburg_Stadtpark,Badische Meisterschaften,Tuttlingen,,,103.818,pass_verified,DMV_Teilnahmen_2015_2025_VOLLSTAENDIG
DMV-153854,37789.0,37789.0,2016,2016-05-29,2016-05-29-Bliesen,MRP-Jugendliga/A-Rangliste,Mainz,,,105.819,pass_verified,DMV_Teilnahmen_2015_2025_VOLLSTAENDIG
DMV-153855,37789.0,37789.0,2016,2016-06-26,2016-06-26-Dudweiler,,,,,103.85,pass_verified,DMV_Teilnahmen_2015_2025_VOLLSTAENDIG
DMV-153856,37789.0,37789.0,2016,2016-08-06,2016-08-06-Mannheim,,,,,104.828,pass_verified,DMV_Teilnahmen_2015_2025_VOLLSTAENDIG
DMV-153857,37789.0,37789.0,2016,2016-08-28,2016-08-28-Traben_Trarbach,,,,,105.785,pass_verified,DMV_Teilnahmen_2015_2025_VOLLSTAENDIG
DMV-153858,37789.0,37789.0,2016,2016-09-18,2016-09-18-Bad_Kreuznach,Heven-Cup 2016,Witten,,,109.561,pass_verified,DMV_Teilnahmen_2015_2025_VOLLSTAENDIG
DMV-153859,37789.0,37789.0,2016,2016-09-25,2016-09-25-Bad_Ems,,,,,106.904,pass_verified,DMV_Teilnahmen_2015_2025_VOLLSTAENDIG
DMV-153860,37789.0,37789.0,2016,2016-10-23,2016-10-23-Bildstock,,,,,103.155,pass_verified,DMV_Teilnahmen_2015_2025_VOLLSTAENDIG
DMV-153861,37795.0,37795.0,2016,2016-05-01,2016-05-01-Niederstetten,,,,,106.241,pass_verified,DMV_Teilnahmen_2015_2025_VOLLSTAENDIG
DMV-153862,37795.0,37795.0,2016,2016-05-29,2016-05-29-Oberkochen,MRP-Jugendliga/A-Rangliste,Mainz,,,103.85,pass_verified,DMV_Teilnahmen_2015_2025_VOLLSTAENDIG
DMV-153863,37799.0,37799.0,2016,2016-04-10,2016-04-10-Witten_Herbede,,,,,104.309,pass_verified,DMV_Teilnahmen_2015_2025_VOLLSTAENDIG
DMV-153864,37804.0,37804.0,2016,2016-04-10,2016-04-10-Bildstock,,,,,105.473,pass_verified,DMV_Teilnahmen_2015_2025_VOLLSTAENDIG
DMV-153865,37804.0,37804.0,2016,2016-05-01,2016-05-01-Oberthal,,,,,106.865,pass_verified,DMV_Teilnahmen_2015_2025_VOLLSTAENDIG
DMV-153866,37804.0,37804.0,2016,2016-06-26,2016-06-26-Dudweiler,,,,,107.85,pass_verified,DMV_Teilnahmen_2015_2025_VOLLSTAENDIG
DMV-153867,37806.0,37806.0,2016,2016-06-19,2016-06-19-Woltersdorf,,,,,106.088,pass_verified,DMV_Teilnahmen_2015_2025_VOLLSTAENDIG
DMV-153868,37806.0,37806.0,2016,2016-09-04,2016-09-04-Berlin_Spandau,"3. Bundesliga Nord, Staffel I, 5. Spieltag",Dormagen,,,106.278,pass_verified,DMV_Teilnahmen_2015_2025_VOLLSTAENDIG
DMV-153869,37811.0,37811.0,2016,2016-06-05,2016-06-05-Salzgitter,,,,,109.567,pass_verified,DMV_Teilnahmen_2015_2025_VOLLSTAENDIG
DMV-153870,37811.0,37811.0,2016,2016-06-19,2016-06-19-Peine,,,,,110.156,pass_verified,DMV_Teilnahmen_2015_2025_VOLLSTAENDIG
DMV-153871,37811.0,37811.0,2016,2016-07-31,2016-07-31-Goslar,,,,,110.448,pass_verified,DMV_Teilnahmen_2015_2025_VOLLSTAENDIG
DMV-153872,37814.0,37814.0,2016,2016-03-28,2016-03-28-Kempten_Steinbruch,,,,,113.651,pass_verified,DMV_Teilnahmen_2015_2025_VOLLSTAENDIG
DMV-153873,37814.0,37814.0,2016,2016-04-24,2016-04-24-Ingolstadt_Auwaldsee,,,,,109.389,pass_verified,DMV_Teilnahmen_2015_2025_VOLLSTAENDIG
DMV-153874,37814.0,37814.0,2016,2016-06-05,2016-06-05-Bad_Feilnbach,,,,,105.016,pass_verified,DMV_Teilnahmen_2015_2025_VOLLSTAENDIG
DMV-153875,37814.0,37814.0,2016,2016-06-19,2016-06-19-Illertissen,,,,,110.023,pass_verified,DMV_Teilnahmen_2015_2025_VOLLSTAENDIG
DMV-153876,37814.0,37814.0,2016,2016-06-26,2016-06-26-Bad_Feilnbach,,,,,108.114,pass_verified,DMV_Teilnahmen_2015_2025_VOLLSTAENDIG
DMV-153877,37814.0,37814.0,2016,2016-07-31,2016-07-31-Murnau_See,,,,,103.651,pass_verified,DMV_Teilnahmen_2015_2025_VOLLSTAENDIG
DMV-153878,37814.0,37814.0,2016,2016-08-14,2016-08-14-Illertissen,26. Rebland-Turnier,Ohlsbach,,,110.076,pass_verified,DMV_Teilnahmen_2015_2025_VOLLSTAENDIG
DMV-153879,37814.0,37814.0,2016,2016-08-28,2016-08-28-Kempten_Steinbruch,,,,,105.544,pass_verified,DMV_Teilnahmen_2015_2025_VOLLSTAENDIG
DMV-153880,37814.0,37814.0,2016,2016-09-11,2016-09-11-München_Feldmoching,,,,,105.902,pass_verified,DMV_Teilnahmen_2015_2025_VOLLSTAENDIG
DMV-153881,37814.0,37814.0,2016,2016-10-01,2016-10-01-Landshut2,Europacup 2016,Neutraubling,,,109.12,pass_verified,DMV_Teilnahmen_2015_2025_VOLLSTAENDIG
DMV-153882,37817.0,37817.0,2016,2016-04-10,2016-04-10-Herne,,,,,111.936,pass_verified,DMV_Teilnahmen_2015_2025_VOLLSTAENDIG
DMV-153883,37817.0,37817.0,2016,2016-05-22,2016-05-22-Halver,,,,,104.966,pass_verified,DMV_Teilnahmen_2015_2025_VOLLSTAENDIG
DMV-153884,37817.0,37817.0,2016,2016-08-07,2016-08-07-Witten_Herbede,"NBV-Landesliga Staffel I, 5. Spieltag",Kaarst,,,109.987,pass_verified,DMV_Teilnahmen_2015_2025_VOLLSTAENDIG
DMV-153885,37817.0,37817.0,2016,2016-09-10,2016-09-10-Lüttringhausen,,,,,108.37,pass_verified,DMV_Teilnahmen_2015_2025_VOLLSTAENDIG
DMV-153886,37817.0,37817.0,2016,2016-11-05,2016-11-05-Halver_Halle,,,,,107.334,pass_verified,DMV_Teilnahmen_2015_2025_VOLLSTAENDIG
DMV-153887,37818.0,37818.0,2016,2016-08-28,2016-08-28-Traben_Trarbach,,,,,109.118,pass_verified,DMV_Teilnahmen_2015_2025_VOLLSTAENDIG
DMV-153888,37831.0,37831.0,2016,2016-05-08,2016-05-08-Köthen,Badische Meisterschaften,Tuttlingen,,,108.73,pass_verified,DMV_Teilnahmen_2015_2025_VOLLSTAENDIG
DMV-153889,37831.0,37831.0,2016,2016-06-12,2016-06-12-Havelberg,,,,,108.28,pass_verified,DMV_Teilnahmen_2015_2025_VOLLSTAENDIG
DMV-153890,37831.0,37831.0,2016,2016-08-27,2016-08-27-Hamburg_Lurup,,,,,106.434,pass_verified,DMV_Teilnahmen_2015_2025_VOLLSTAENDIG
DMV-153891,37831.0,37831.0,2016,2016-09-25,2016-09-25-Leipzig_Probstheida,,,,,109.924,pass_verified,DMV_Teilnahmen_2015_2025_VOLLSTAENDIG
DMV-153892,37832.0,37832.0,2016,2016-04-10,2016-04-10-Wallenhorst_Rulle,,,,,103.001,pass_verified,DMV_Teilnahmen_2015_2025_VOLLSTAENDIG
DMV-153893,37832.0,37832.0,2016,2016-05-22,2016-05-22-Gladbeck,,,,,104.388,pass_verified,DMV_Teilnahmen_2015_2025_VOLLSTAENDIG
DMV-153894,37832.0,37832.0,2016,2016-06-05,2016-06-05-Herten,,,,,104.071,pass_verified,DMV_Teilnahmen_2015_2025_VOLLSTAENDIG
DMV-153895,37834.0,37834.0,2016,2016-04-10,2016-04-10-Wallenhorst_Rulle,,,,,106.251,pass_verified,DMV_Teilnahmen_2015_2025_VOLLSTAENDIG
DMV-153896,37834.0,37834.0,2016,2016-05-07,2016-05-07-Diepholz,,,,,103.903,pass_verified,DMV_Teilnahmen_2015_2025_VOLLSTAENDIG
DMV-153897,37834.0,37834.0,2016,2016-05-22,2016-05-22-Wallenhorst_Rulle,,,,,109.609,pass_verified,DMV_Teilnahmen_2015_2025_VOLLSTAENDIG
DMV-153898,37834.0,37834.0,2016,2016-06-05,2016-06-05-Wesel,,,,,106.525,pass_verified,DMV_Teilnahmen_2015_2025_VOLLSTAENDIG
DMV-153899,37834.0,37834.0,2016,2016-06-19,2016-06-19-Essen_Vogelheim,,,,,106.686,pass_verified,DMV_Teilnahmen_2015_2025_VOLLSTAENDIG
DMV-153900,37834.0,37834.0,2016,2016-08-07,2016-08-07-Herten,"NBV-Landesliga Staffel I, 5. Spieltag",Kaarst,,,112.538,pass_verified,DMV_Teilnahmen_2015_2025_VOLLSTAENDIG
DMV-153901,37846.0,37846.0,2016,2016-05-22,2016-05-22-Hannover,,,,,106.903,pass_verified,DMV_Teilnahmen_2015_2025_VOLLSTAENDIG
DMV-153902,37846.0,37846.0,2016,2016-06-05,2016-06-05-Bad_Nenndorf,,,,,108.043,pass_verified,DMV_Teilnahmen_2015_2025_VOLLSTAENDIG
DMV-153903,37846.0,37846.0,2016,2016-06-19,2016-06-19-Seelze,,,,,104.731,pass_verified,DMV_Teilnahmen_2015_2025_VOLLSTAENDIG
DMV-153904,37846.0,37846.0,2016,2016-07-31,2016-07-31-Bad_Münder,,,,,106.816,pass_verified,DMV_Teilnahmen_2015_2025_VOLLSTAENDIG
DMV-153905,37848.0,37848.0,2016,2016-04-10,2016-04-10-Bad_Godesberg,,,,,110.23,pass_verified,DMV_Teilnahmen_2015_2025_VOLLSTAENDIG
DMV-153906,37848.0,37848.0,2016,2016-05-22,2016-05-22-Nümbrecht,,,,,103.742,pass_verified,DMV_Teilnahmen_2015_2025_VOLLSTAENDIG
DMV-153907,37848.0,37848.0,2016,2016-06-05,2016-06-05-Köln_Rath,,,,,110.685,pass_verified,DMV_Teilnahmen_2015_2025_VOLLSTAENDIG
DMV-153908,37848.0,37848.0,2016,2016-06-19,2016-06-19-Attendorn,,,,,109.294,pass_verified,DMV_Teilnahmen_2015_2025_VOLLSTAENDIG
DMV-153909,37848.0,37848.0,2016,2016-08-07,2016-08-07-Köln_Ehrenfeld,"NBV-Landesliga Staffel I, 5. Spieltag",Kaarst,,,107.083,pass_verified,DMV_Teilnahmen_2015_2025_VOLLSTAENDIG
DMV-153910,37849.0,37849.0,2016,2016-04-10,2016-04-10-Bad_Godesberg,,,,,113.897,pass_verified,DMV_Teilnahmen_2015_2025_VOLLSTAENDIG
DMV-153911,37849.0,37849.0,2016,2016-05-22,2016-05-22-Nümbrecht,,,,,111.409,pass_verified,DMV_Teilnahmen_2015_2025_VOLLSTAENDIG
DMV-153912,37849.0,37849.0,2016,2016-06-05,2016-06-05-Köln_Rath,,,,,109.352,pass_verified,DMV_Teilnahmen_2015_2025_VOLLSTAENDIG
DMV-153913,37849.0,37849.0,2016,2016-06-19,2016-06-19-Attendorn,,,,,107.961,pass_verified,DMV_Teilnahmen_2015_2025_VOLLSTAENDIG
DMV-153914,37849.0,37849.0,2016,2016-08-07,2016-08-07-Köln_Ehrenfeld,"NBV-Landesliga Staffel I, 5. Spieltag",Kaarst,,,110.75,pass_verified,DMV_Teilnahmen_2015_2025_VOLLSTAENDIG
DMV-153915,37853.0,37853.0,2016,2016-04-24,2016-04-24-Hamburg_Niendorf,,,,,105.851,pass_verified,DMV_Teilnahmen_2015_2025_VOLLSTAENDIG
DMV-153916,37853.0,37853.0,2016,2016-05-22,2016-05-22-Hamburg_Lurup,,,,,107.06,pass_verified,DMV_Teilnahmen_2015_2025_VOLLSTAENDIG
DMV-153917,37853.0,37853.0,2016,2016-06-19,2016-06-19-Hamburg_Lohbrügge,,,,,105.486,pass_verified,DMV_Teilnahmen_2015_2025_VOLLSTAENDIG
DMV-153918,37853.0,37853.0,2016,2016-09-25,2016-09-25-Neu_Wulmstorf,,,,,108.571,pass_verified,DMV_Teilnahmen_2015_2025_VOLLSTAENDIG
DMV-153919,37856.0,37856.0,2016,2016-04-10,2016-04-10-Sindelfingen,1. Spieltag WBV-Rangliste,Sindelfingen,,,102.499,pass_verified,DMV_Teilnahmen_2015_2025_VOLLSTAENDIG
DMV-153920,37856.0,37856.0,2016,2016-04-17,2016-04-17-Ludwigsburg,,,,,100.201,pass_verified,DMV_Teilnahmen_2015_2025_VOLLSTAENDIG
DMV-153921,37856.0,37856.0,2016,2016-05-01,2016-05-01-Niederstetten,,,,,98.741,pass_verified,DMV_Teilnahmen_2015_2025_VOLLSTAENDIG
DMV-153922,37856.0,37856.0,2016,2016-05-15,2016-05-15-Metzingen,,,,,101.892,pass_verified,DMV_Teilnahmen_2015_2025_VOLLSTAENDIG
DMV-153923,37856.0,37856.0,2016,2016-05-22,2016-05-22-Wendlingen,,,,,100.781,pass_verified,DMV_Teilnahmen_2015_2025_VOLLSTAENDIG
DMV-153924,37856.0,37856.0,2016,2016-05-29,2016-05-29-Oberkochen,MRP-Jugendliga/A-Rangliste,Mainz,,,100.6,pass_verified,DMV_Teilnahmen_2015_2025_VOLLSTAENDIG
DMV-153925,37856.0,37856.0,2016,2016-06-05,2016-06-05-Wernau,,,,,102.217,pass_verified,DMV_Teilnahmen_2015_2025_VOLLSTAENDIG
DMV-153926,37856.0,37856.0,2016,2016-06-12,2016-06-12-Großbottwar,,,,,101.685,pass_verified,DMV_Teilnahmen_2015_2025_VOLLSTAENDIG
DMV-153927,37856.0,37856.0,2016,2016-06-19,2016-06-19-Ulm,,,,,102.283,pass_verified,DMV_Teilnahmen_2015_2025_VOLLSTAENDIG
DMV-153928,37856.0,37856.0,2016,2016-07-31,2016-07-31-Metzingen,,,,,103.216,pass_verified,DMV_Teilnahmen_2015_2025_VOLLSTAENDIG
DMV-153929,37856.0,37856.0,2016,2016-08-18,2016-08-18-Mannheim,,,,,100.784,pass_verified,DMV_Teilnahmen_2015_2025_VOLLSTAENDIG
DMV-153930,37856.0,37856.0,2016,2016-09-04,2016-09-04-Bad_Urach,"3. Bundesliga Nord, Staffel I, 5. Spieltag",Dormagen,,,103.098,pass_verified,DMV_Teilnahmen_2015_2025_VOLLSTAENDIG
DMV-153931,37858.0,37858.0,2016,2016-06-05,2016-06-05-Bad_Feilnbach,,,,,103.766,pass_verified,DMV_Teilnahmen_2015_2025_VOLLSTAENDIG
DMV-153932,37858.0,37858.0,2016,2016-06-19,2016-06-19-Illertissen,,,,,104.523,pass_verified,DMV_Teilnahmen_2015_2025_VOLLSTAENDIG
DMV-153933,37858.0,37858.0,2016,2016-07-31,2016-07-31-Murnau_See,,,,,103.651,pass_verified,DMV_Teilnahmen_2015_2025_VOLLSTAENDIG
DMV-153934,37858.0,37858.0,2016,2016-09-11,2016-09-11-München_Feldmoching,,,,,100.652,pass_verified,DMV_Teilnahmen_2015_2025_VOLLSTAENDIG
DMV-153935,37858.0,37858.0,2016,2016-09-25,2016-09-25-Karlsfeld,,,,,100.493,pass_verified,DMV_Teilnahmen_2015_2025_VOLLSTAENDIG
DMV-153936,37859.0,37859.0,2016,2016-05-22,2016-05-22-Murnau_See,"1. Bundesliga Süd, 2. Spieltag",Murnau,,,98.528,pass_verified,DMV_Teilnahmen_2015_2025_VOLLSTAENDIG
DMV-153937,37859.0,37859.0,2016,2016-06-05,2016-06-05-Bamberg,"1. Bundesliga Süd, 3. Spieltag",Bamberg,,,99.305,pass_verified,DMV_Teilnahmen_2015_2025_VOLLSTAENDIG
DMV-153938,37859.0,37859.0,2016,2016-06-19,2016-06-19-Wittlich,"1. Bundesliga Süd, 4. Spieltag",Wittlich,,,99.437,pass_verified,DMV_Teilnahmen_2015_2025_VOLLSTAENDIG
DMV-153939,37859.0,37859.0,2016,2016-07-13,2016-07-13-Wanne_Eickel,,,,,98.832,pass_verified,DMV_Teilnahmen_2015_2025_VOLLSTAENDIG
DMV-153940,37859.0,37859.0,2016,2016-07-16,2016-07-16-Wanne_Eickel,,,,,97.799,pass_verified,DMV_Teilnahmen_2015_2025_VOLLSTAENDIG
DMV-153941,37862.0,37862.0,2016,2016-05-22,2016-05-22-Hannover,,,,,111.653,pass_verified,DMV_Teilnahmen_2015_2025_VOLLSTAENDIG
DMV-153942,37864.0,37864.0,2016,2016-03-20,2016-03-20-Mannheim_Sandhofen_Halle,,,,,106.398,pass_verified,DMV_Teilnahmen_2015_2025_VOLLSTAENDIG
DMV-153943,37864.0,37864.0,2016,2016-03-27,2016-03-27-Bad_Homburg_Kirdorf,,,,,109.445,pass_verified,DMV_Teilnahmen_2015_2025_VOLLSTAENDIG
DMV-153944,37864.0,37864.0,2016,2016-05-01,2016-05-01-Bad_Soden,,,,,107.405,pass_verified,DMV_Teilnahmen_2015_2025_VOLLSTAENDIG
DMV-153945,37864.0,37864.0,2016,2016-05-22,2016-05-22-Dreieich,,,,,111.503,pass_verified,DMV_Teilnahmen_2015_2025_VOLLSTAENDIG
DMV-153946,37864.0,37864.0,2016,2016-05-29,2016-05-29-Arheilgen,MRP-Jugendliga/A-Rangliste,Mainz,,,111.824,pass_verified,DMV_Teilnahmen_2015_2025_VOLLSTAENDIG
DMV-153947,37864.0,37864.0,2016,2016-06-05,2016-06-05-Bad_Soden,,,,,109.508,pass_verified,DMV_Teilnahmen_2015_2025_VOLLSTAENDIG
DMV-153948,37864.0,37864.0,2016,2016-06-19,2016-06-19-Arheilgen,,,,,104.736,pass_verified,DMV_Teilnahmen_2015_2025_VOLLSTAENDIG
DMV-153949,37864.0,37864.0,2016,2016-07-31,2016-07-31-Weiterstadt,,,,,108.835,pass_verified,DMV_Teilnahmen_2015_2025_VOLLSTAENDIG
DMV-153950,37864.0,37864.0,2016,2016-09-04,2016-09-04-Bad_Homburg_Hirschgarten,"3. Bundesliga Nord, Staffel I, 5. Spieltag",Dormagen,,,107.078,pass_verified,DMV_Teilnahmen_2015_2025_VOLLSTAENDIG
DMV-153951,37864.0,37864.0,2016,2016-09-24,2016-09-24-Bad_Homburg_Hirschgarten+Dreieich,,,,,105.144,pass_verified,DMV_Teilnahmen_2015_2025_VOLLSTAENDIG
DMV-153952,37865.0,37865.0,2016,2016-03-27,2016-03-27-Bad_Homburg_Kirdorf,,,,,103.945,pass_verified,DMV_Teilnahmen_2015_2025_VOLLSTAENDIG
DMV-153953,37865.0,37865.0,2016,2016-04-10,2016-04-10-Bensheim,,,,,103.83,pass_verified,DMV_Teilnahmen_2015_2025_VOLLSTAENDIG
DMV-153954,37865.0,37865.0,2016,2016-05-01,2016-05-01-Bad_Soden,,,,,102.155,pass_verified,DMV_Teilnahmen_2015_2025_VOLLSTAENDIG
DMV-153955,37865.0,37865.0,2016,2016-05-22,2016-05-22-Dreieich,,,,,104.253,pass_verified,DMV_Teilnahmen_2015_2025_VOLLSTAENDIG
DMV-153956,37865.0,37865.0,2016,2016-05-29,2016-05-29-Arheilgen,MRP-Jugendliga/A-Rangliste,Mainz,,,106.074,pass_verified,DMV_Teilnahmen_2015_2025_VOLLSTAENDIG
DMV-153957,37865.0,37865.0,2016,2016-06-05,2016-06-05-Bad_Soden,,,,,101.508,pass_verified,DMV_Teilnahmen_2015_2025_VOLLSTAENDIG
DMV-153958,37865.0,37865.0,2016,2016-06-19,2016-06-19-Arheilgen,,,,,101.486,pass_verified,DMV_Teilnahmen_2015_2025_VOLLSTAENDIG
DMV-153959,37865.0,37865.0,2016,2016-07-31,2016-07-31-Weiterstadt,,,,,104.835,pass_verified,DMV_Teilnahmen_2015_2025_VOLLSTAENDIG
DMV-153960,37865.0,37865.0,2016,2016-09-04,2016-09-04-Bad_Homburg_Hirschgarten,"3. Bundesliga Nord, Staffel I, 5. Spieltag",Dormagen,,,102.078,pass_verified,DMV_Teilnahmen_2015_2025_VOLLSTAENDIG
DMV-153961,37865.0,37865.0,2016,2016-09-24,2016-09-24-Bad_Homburg_Hirschgarten+Dreieich,,,,,102.019,pass_verified,DMV_Teilnahmen_2015_2025_VOLLSTAENDIG
DMV-153962,37872.0,37872.0,2016,2016-04-17,2016-04-17-Karlshagen,,,,,107.587,pass_verified,DMV_Teilnahmen_2015_2025_VOLLSTAENDIG
DMV-153963,37872.0,37872.0,2016,2016-05-22,2016-05-22-Berlin_Tegel_Adelheidallee2,,,,,108.074,pass_verified,DMV_Teilnahmen_2015_2025_VOLLSTAENDIG
DMV-153964,37872.0,37872.0,2016,2016-05-29,2016-05-29-Woltersdorf,MRP-Jugendliga/A-Rangliste,Mainz,,,104.945,pass_verified,DMV_Teilnahmen_2015_2025_VOLLSTAENDIG
DMV-153965,37872.0,37872.0,2016,2016-06-12,2016-06-12-Berlin_MärkischesViertel,,,,,107.849,pass_verified,DMV_Teilnahmen_2015_2025_VOLLSTAENDIG
DMV-153966,37872.0,37872.0,2016,2016-04-10,2016-04-10-Berlin_Tegel_Adelheidallee,,,,,104.948,pass_verified,DMV_Teilnahmen_2015_2025_VOLLSTAENDIG
DMV-153967,37872.0,37872.0,2016,2016-06-05,2016-06-05-Berlin_Lankwitz2,,,,,105.889,pass_verified,DMV_Teilnahmen_2015_2025_VOLLSTAENDIG
DMV-153968,37872.0,37872.0,2016,2016-07-31,2016-07-31-Berlin_Britz,,,,,109.92,pass_verified,DMV_Teilnahmen_2015_2025_VOLLSTAENDIG
DMV-153969,37872.0,37872.0,2016,2016-08-27,2016-08-27-Hamburg_Lurup,,,,,106.291,pass_verified,DMV_Teilnahmen_2015_2025_VOLLSTAENDIG
DMV-153970,37872.0,37872.0,2016,2016-09-04,2016-09-04-Berlin_Spandau2,"3. Bundesliga Nord, Staffel I, 5. Spieltag",Dormagen,,,105.062,pass_verified,DMV_Teilnahmen_2015_2025_VOLLSTAENDIG
DMV-153971,37872.0,37872.0,2016,2016-11-05,2016-11-05-Eibenstock_Halle,,,,,107.734,pass_verified,DMV_Teilnahmen_2015_2025_VOLLSTAENDIG
DMV-153972,37874.0,37874.0,2016,2016-04-10,2016-04-10-Herne,,,,,107.603,pass_verified,DMV_Teilnahmen_2015_2025_VOLLSTAENDIG
DMV-153973,37874.0,37874.0,2016,2016-05-22,2016-05-22-Halver,,,,,112.966,pass_verified,DMV_Teilnahmen_2015_2025_VOLLSTAENDIG
DMV-153974,37874.0,37874.0,2016,2016-06-05,2016-06-05-Gevelsberg,,,,,108.818,pass_verified,DMV_Teilnahmen_2015_2025_VOLLSTAENDIG
DMV-153975,37878.0,37878.0,2016,2016-04-10,2016-04-10-Rheinau_Freistett,,,,,105.57,pass_verified,DMV_Teilnahmen_2015_2025_VOLLSTAENDIG
DMV-153976,37878.0,37878.0,2016,2016-05-01,2016-05-01-Ilvesheim,,,,,105.041,pass_verified,DMV_Teilnahmen_2015_2025_VOLLSTAENDIG
DMV-153977,37878.0,37878.0,2016,2016-05-07,2016-05-07-Tuttlingen,,,,,105.273,pass_verified,DMV_Teilnahmen_2015_2025_VOLLSTAENDIG
DMV-153978,37893.0,37893.0,2016,2016-04-10,2016-04-10-Uerdingen,,,,,107.57,pass_verified,DMV_Teilnahmen_2015_2025_VOLLSTAENDIG
DMV-153979,37893.0,37893.0,2016,2016-05-22,2016-05-22-Mönchengladbach,,,,,107.786,pass_verified,DMV_Teilnahmen_2015_2025_VOLLSTAENDIG
DMV-153980,37893.0,37893.0,2016,2016-06-05,2016-06-05-Dormagen,,,,,105.613,pass_verified,DMV_Teilnahmen_2015_2025_VOLLSTAENDIG
DMV-153981,37893.0,37893.0,2016,2016-06-19,2016-06-19-Dormagen_Hackenbroich,,,,,103.227,pass_verified,DMV_Teilnahmen_2015_2025_VOLLSTAENDIG
DMV-153982,37893.0,37893.0,2016,2016-08-07,2016-08-07-Duisburg_Rheinhausen,"NBV-Landesliga Staffel I, 5. Spieltag",Kaarst,,,110.551,pass_verified,DMV_Teilnahmen_2015_2025_VOLLSTAENDIG
DMV-153983,37893.0,37893.0,2016,2016-09-04,2016-09-04-Kaarst,"3. Bundesliga Nord, Staffel I, 5. Spieltag",Dormagen,,,103.065,pass_verified,DMV_Teilnahmen_2015_2025_VOLLSTAENDIG
DMV-153984,37893.0,37893.0,2016,2016-09-25,2016-09-25-Kaarst,,,,,106.941,pass_verified,DMV_Teilnahmen_2015_2025_VOLLSTAENDIG
DMV-153985,37893.0,37893.0,2016,2016-10-29,2016-10-29-Paffendorf,,,,,107.044,pass_verified,DMV_Teilnahmen_2015_2025_VOLLSTAENDIG
DMV-153986,37893.0,37893.0,2016,2016-09-04,2016-09-04-Büttgen,"3. Bundesliga Nord, Staffel I, 5. Spieltag",Dormagen,,,103.065,pass_verified,DMV_Teilnahmen_2015_2025_VOLLSTAENDIG
DMV-153987,37893.0,37893.0,2016,2016-09-25,2016-09-25-Büttgen,,,,,106.941,pass_verified,DMV_Teilnahmen_2015_2025_VOLLSTAENDIG
DMV-153988,37894.0,37894.0,2016,2016-08-06,2016-08-06-Berlin_MärkischesViertel,,,,,103.229,pass_verified,DMV_Teilnahmen_2015_2025_VOLLSTAENDIG
DMV-153989,37907.0,37907.0,2016,2016-05-08,2016-05-08-Köthen,Badische Meisterschaften,Tuttlingen,,,106.73,pass_verified,DMV_Teilnahmen_2015_2025_VOLLSTAENDIG
DMV-153990,37916.0,37916.0,2016,2016-04-10,2016-04-10-Neu_Wulmstorf,,,,,105.801,pass_verified,DMV_Teilnahmen_2015_2025_VOLLSTAENDIG
DMV-153991,37916.0,37916.0,2016,2016-04-17,2016-04-17-Neu_Wulmstorf,,,,,106.38,pass_verified,DMV_Teilnahmen_2015_2025_VOLLSTAENDIG
DMV-153992,37916.0,37916.0,2016,2016-04-24,2016-04-24-Hamburg_Niendorf,,,,,103.101,pass_verified,DMV_Teilnahmen_2015_2025_VOLLSTAENDIG
DMV-153993,37916.0,37916.0,2016,2016-05-01,2016-05-01-Hamburg_Niendorf,,,,,105.927,pass_verified,DMV_Teilnahmen_2015_2025_VOLLSTAENDIG
DMV-153994,37916.0,37916.0,2016,2016-05-22,2016-05-22-Hamburg_Lurup,,,,,108.81,pass_verified,DMV_Teilnahmen_2015_2025_VOLLSTAENDIG
DMV-153995,37916.0,37916.0,2016,2016-05-29,2016-05-29-Hamburg_Rahlstedt,MRP-Jugendliga/A-Rangliste,Mainz,,,105.53,pass_verified,DMV_Teilnahmen_2015_2025_VOLLSTAENDIG
DMV-153996,37916.0,37916.0,2016,2016-06-12,2016-06-12-Hamburg_Lurup,,,,,111.168,pass_verified,DMV_Teilnahmen_2015_2025_VOLLSTAENDIG
DMV-153997,37916.0,37916.0,2016,2016-06-19,2016-06-19-Hamburg_Lohbrügge,,,,,101.986,pass_verified,DMV_Teilnahmen_2015_2025_VOLLSTAENDIG
DMV-153998,37916.0,37916.0,2016,2016-08-06,2016-08-06-Bad_Oldesloe,,,,,105.871,pass_verified,DMV_Teilnahmen_2015_2025_VOLLSTAENDIG
DMV-153999,37916.0,37916.0,2016,2016-08-27,2016-08-27-Hamburg_Lurup,,,,,108.291,pass_verified,DMV_Teilnahmen_2015_2025_VOLLSTAENDIG
DMV-154000,37916.0,37916.0,2016,2016-09-04,2016-09-04-Hamburg_Rahlstedt,"3. Bundesliga Nord, Staffel I, 5. Spieltag",Dormagen,,,111.545,pass_verified,DMV_Teilnahmen_2015_2025_VOLLSTAENDIG
DMV-154001,37916.0,37916.0,2016,2016-09-25,2016-09-25-Neu_Wulmstorf,,,,,106.071,pass_verified,DMV_Teilnahmen_2015_2025_VOLLSTAENDIG
DMV-154002,37916.0,37916.0,2016,2016-10-02,2016-10-02-Hamburg_Lohbrügge,,,,,101.549,pass_verified,DMV_Teilnahmen_2015_2025_VOLLSTAENDIG
DMV-154003,37917.0,37917.0,2016,2016-04-10,2016-04-10-Neu_Wulmstorf,,,,,110.301,pass_verified,DMV_Teilnahmen_2015_2025_VOLLSTAENDIG
DMV-154004,37917.0,37917.0,2016,2016-04-17,2016-04-17-Neu_Wulmstorf,,,,,110.38,pass_verified,DMV_Teilnahmen_2015_2025_VOLLSTAENDIG
DMV-154005,37917.0,37917.0,2016,2016-04-24,2016-04-24-Hamburg_Niendorf,,,,,109.101,pass_verified,DMV_Teilnahmen_2015_2025_VOLLSTAENDIG
DMV-154006,37917.0,37917.0,2016,2016-05-01,2016-05-01-Hamburg_Niendorf,,,,,109.177,pass_verified,DMV_Teilnahmen_2015_2025_VOLLSTAENDIG
DMV-154007,37917.0,37917.0,2016,2016-05-22,2016-05-22-Hamburg_Lurup,,,,,104.56,pass_verified,DMV_Teilnahmen_2015_2025_VOLLSTAENDIG
DMV-154008,37917.0,37917.0,2016,2016-05-29,2016-05-29-Hamburg_Rahlstedt,MRP-Jugendliga/A-Rangliste,Mainz,,,108.53,pass_verified,DMV_Teilnahmen_2015_2025_VOLLSTAENDIG
DMV-154009,37917.0,37917.0,2016,2016-06-12,2016-06-12-Hamburg_Lurup,,,,,109.168,pass_verified,DMV_Teilnahmen_2015_2025_VOLLSTAENDIG
DMV-154010,37917.0,37917.0,2016,2016-06-19,2016-06-19-Hamburg_Lohbrügge,,,,,110.236,pass_verified,DMV_Teilnahmen_2015_2025_VOLLSTAENDIG
DMV-154011,37917.0,37917.0,2016,2016-08-27,2016-08-27-Hamburg_Lurup,,,,,104.434,pass_verified,DMV_Teilnahmen_2015_2025_VOLLSTAENDIG
DMV-154012,37917.0,37917.0,2016,2016-09-25,2016-09-25-Neu_Wulmstorf,,,,,108.071,pass_verified,DMV_Teilnahmen_2015_2025_VOLLSTAENDIG
DMV-154013,37917.0,37917.0,2016,2016-10-02,2016-10-02-Hamburg_Lohbrügge,,,,,103.549,pass_verified,DMV_Teilnahmen_2015_2025_VOLLSTAENDIG
DMV-154014,37920.0,37920.0,2016,2016-03-28,2016-03-28-Kempten_Steinbruch,,,,,107.651,pass_verified,DMV_Teilnahmen_2015_2025_VOLLSTAENDIG
DMV-154015,37920.0,37920.0,2016,2016-04-24,2016-04-24-Olching,,,,,118.947,pass_verified,DMV_Teilnahmen_2015_2025_VOLLSTAENDIG
DMV-154016,37920.0,37920.0,2016,2016-05-26,2016-05-26-Kelheim,,,,,109.806,pass_verified,DMV_Teilnahmen_2015_2025_VOLLSTAENDIG
DMV-154017,37920.0,37920.0,2016,2016-06-05,2016-06-05-Karlsfeld,"MVBN-Verbandsliga Süd, 3. Punktspiel",Gebhardshagen,,22.0,107.818,pass_verified,DMV_Teilnahmen_2015_2025_VOLLSTAENDIG
DMV-154018,37920.0,37920.0,2016,2016-06-12,2016-06-12-Ottobrunn,,,,,109.166,pass_verified,DMV_Teilnahmen_2015_2025_VOLLSTAENDIG
DMV-154019,37921.0,37921.0,2016,2016-04-17,2016-04-17-Bad_Mergentheim,,,,,112.767,pass_verified,DMV_Teilnahmen_2015_2025_VOLLSTAENDIG
DMV-154020,37925.0,37925.0,2016,2016-01-30,2016-01-30-Mannheim_Sandhofen_Halle,,,,,106.273,pass_verified,DMV_Teilnahmen_2015_2025_VOLLSTAENDIG
DMV-154021,37925.0,37925.0,2016,2016-04-17,2016-04-17-Ludwigshafen,,,,,108.227,pass_verified,DMV_Teilnahmen_2015_2025_VOLLSTAENDIG
DMV-154022,37925.0,37925.0,2016,2016-05-01,2016-05-01-Mainz_Hartenberg,MRP - Seniorenliga/A-Rangliste,Mainz,,,196.474,pass_verified,DMV_Teilnahmen_2015_2025_VOLLSTAENDIG
DMV-154023,37925.0,37925.0,2016,2016-06-05,2016-06-05-Künzell,,,,,100.113,pass_verified,DMV_Teilnahmen_2015_2025_VOLLSTAENDIG
DMV-154024,37925.0,37925.0,2016,2016-06-12,2016-06-12-Traben_Trarbach,,,,,102.803,pass_verified,DMV_Teilnahmen_2015_2025_VOLLSTAENDIG
DMV-154025,37925.0,37925.0,2016,2016-06-19,2016-06-19-Schriesheim,"2. Bundesliga Süd Staffel I, 4. Spieltag",Schriesheim,,,105.201,pass_verified,DMV_Teilnahmen_2015_2025_VOLLSTAENDIG
DMV-154026,37925.0,37925.0,2016,2016-11-05,2016-11-05-Mannheim_Sandhofen_Halle,,,,,103.375,pass_verified,DMV_Teilnahmen_2015_2025_VOLLSTAENDIG
DMV-154027,37928.0,37928.0,2016,2016-04-17,2016-04-17-Bremen_Vahr,,,,,108.721,pass_verified,DMV_Teilnahmen_2015_2025_VOLLSTAENDIG
DMV-154028,37928.0,37928.0,2016,2016-05-22,2016-05-22-Bremen_Hastedt,,,,,108.489,pass_verified,DMV_Teilnahmen_2015_2025_VOLLSTAENDIG
DMV-154029,37928.0,37928.0,2016,2016-06-05,2016-06-05-Bremen_Vahr,,,,,103.821,pass_verified,DMV_Teilnahmen_2015_2025_VOLLSTAENDIG
DMV-154030,37928.0,37928.0,2016,2016-07-31,2016-07-31-Lüneburg,,,,,109.242,pass_verified,DMV_Teilnahmen_2015_2025_VOLLSTAENDIG
DMV-154031,37929.0,37929.0,2016,2016-04-17,2016-04-17-Bremen_Vahr,,,,,105.471,pass_verified,DMV_Teilnahmen_2015_2025_VOLLSTAENDIG
DMV-154032,37929.0,37929.0,2016,2016-05-22,2016-05-22-Bremen_Hastedt,,,,,103.739,pass_verified,DMV_Teilnahmen_2015_2025_VOLLSTAENDIG
DMV-154033,37929.0,37929.0,2016,2016-06-05,2016-06-05-Bremen_Vahr,,,,,105.571,pass_verified,DMV_Teilnahmen_2015_2025_VOLLSTAENDIG
DMV-154034,37929.0,37929.0,2016,2016-07-23,2016-07-23-Bremen_Hastedt,,,,,102.715,pass_verified,DMV_Teilnahmen_2015_2025_VOLLSTAENDIG
DMV-154035,37929.0,37929.0,2016,2016-07-31,2016-07-31-Lüneburg,,,,,104.742,pass_verified,DMV_Teilnahmen_2015_2025_VOLLSTAENDIG
DMV-154036,37936.0,37936.0,2016,2016-08-13,2016-08-13-Ohlsbach,,,,,104.588,pass_verified,DMV_Teilnahmen_2015_2025_VOLLSTAENDIG
DMV-154037,37944.0,37944.0,2016,2016-04-10,2016-04-10-Neu_Wulmstorf,,,,,115.551,pass_verified,DMV_Teilnahmen_2015_2025_VOLLSTAENDIG
DMV-154038,37944.0,37944.0,2016,2016-04-17,2016-04-17-Neu_Wulmstorf,,,,,113.38,pass_verified,DMV_Teilnahmen_2015_2025_VOLLSTAENDIG
DMV-154039,37944.0,37944.0,2016,2016-04-24,2016-04-24-Hamburg_Niendorf,,,,,109.101,pass_verified,DMV_Teilnahmen_2015_2025_VOLLSTAENDIG
DMV-154040,37944.0,37944.0,2016,2016-05-01,2016-05-01-Hamburg_Niendorf,,,,,110.427,pass_verified,DMV_Teilnahmen_2015_2025_VOLLSTAENDIG
DMV-154041,37944.0,37944.0,2016,2016-05-22,2016-05-22-Hamburg_Lurup,,,,,106.81,pass_verified,DMV_Teilnahmen_2015_2025_VOLLSTAENDIG
DMV-154042,37944.0,37944.0,2016,2016-05-29,2016-05-29-Hamburg_Rahlstedt,MRP-Jugendliga/A-Rangliste,Mainz,,,108.53,pass_verified,DMV_Teilnahmen_2015_2025_VOLLSTAENDIG
DMV-154043,37944.0,37944.0,2016,2016-06-12,2016-06-12-Hamburg_Lurup,,,,,110.834,pass_verified,DMV_Teilnahmen_2015_2025_VOLLSTAENDIG
DMV-154044,37944.0,37944.0,2016,2016-06-19,2016-06-19-Hamburg_Lohbrügge,,,,,109.486,pass_verified,DMV_Teilnahmen_2015_2025_VOLLSTAENDIG
DMV-154045,37944.0,37944.0,2016,2016-08-06,2016-08-06-Bad_Oldesloe,,,,,110.496,pass_verified,DMV_Teilnahmen_2015_2025_VOLLSTAENDIG
DMV-154046,37944.0,37944.0,2016,2016-08-27,2016-08-27-Hamburg_Lurup,,,,,107.148,pass_verified,DMV_Teilnahmen_2015_2025_VOLLSTAENDIG
DMV-154047,37944.0,37944.0,2016,2016-09-04,2016-09-04-Hamburg_Rahlstedt,"3. Bundesliga Nord, Staffel I, 5. Spieltag",Dormagen,,,112.545,pass_verified,DMV_Teilnahmen_2015_2025_VOLLSTAENDIG
DMV-154048,37944.0,37944.0,2016,2016-09-25,2016-09-25-Neu_Wulmstorf,,,,,114.571,pass_verified,DMV_Teilnahmen_2015_2025_VOLLSTAENDIG
DMV-154049,37944.0,37944.0,2016,2016-10-02,2016-10-02-Hamburg_Lohbrügge,,,,,116.799,pass_verified,DMV_Teilnahmen_2015_2025_VOLLSTAENDIG
DMV-154050,37949.0,37949.0,2016,2016-04-10,2016-04-10-Neu_Wulmstorf,,,,,101.801,pass_verified,DMV_Teilnahmen_2015_2025_VOLLSTAENDIG
DMV-154051,37949.0,37949.0,2016,2016-04-17,2016-04-17-Neu_Wulmstorf,,,,,101.13,pass_verified,DMV_Teilnahmen_2015_2025_VOLLSTAENDIG
DMV-154052,37949.0,37949.0,2016,2016-04-24,2016-04-24-Hamburg_Niendorf,,,,,101.601,pass_verified,DMV_Teilnahmen_2015_2025_VOLLSTAENDIG
DMV-154053,37949.0,37949.0,2016,2016-05-01,2016-05-01-Hamburg_Niendorf,,,,,101.677,pass_verified,DMV_Teilnahmen_2015_2025_VOLLSTAENDIG
DMV-154054,37949.0,37949.0,2016,2016-05-22,2016-05-22-Hamburg_Lurup,,,,,99.81,pass_verified,DMV_Teilnahmen_2015_2025_VOLLSTAENDIG
DMV-154055,37949.0,37949.0,2016,2016-05-29,2016-05-29-Hamburg_Rahlstedt,MRP-Jugendliga/A-Rangliste,Mainz,,,102.53,pass_verified,DMV_Teilnahmen_2015_2025_VOLLSTAENDIG
DMV-154056,37949.0,37949.0,2016,2016-06-12,2016-06-12-Hamburg_Lurup,,,,,101.501,pass_verified,DMV_Teilnahmen_2015_2025_VOLLSTAENDIG
DMV-154057,37949.0,37949.0,2016,2016-06-19,2016-06-19-Hamburg_Lohbrügge,,,,,101.986,pass_verified,DMV_Teilnahmen_2015_2025_VOLLSTAENDIG
DMV-154058,37949.0,37949.0,2016,2016-08-27,2016-08-27-Hamburg_Lurup,,,,,101.148,pass_verified,DMV_Teilnahmen_2015_2025_VOLLSTAENDIG
DMV-154059,37949.0,37949.0,2016,2016-09-25,2016-09-25-Neu_Wulmstorf,,,,,103.321,pass_verified,DMV_Teilnahmen_2015_2025_VOLLSTAENDIG
DMV-154060,37949.0,37949.0,2016,2016-10-02,2016-10-02-Hamburg_Lohbrügge,,,,,100.549,pass_verified,DMV_Teilnahmen_2015_2025_VOLLSTAENDIG
DMV-154061,37955.0,37955.0,2016,2016-04-17,2016-04-17-Homburg_Stadtpark,1. Spieltag 1. Bundesliga Süd,Homburg,,,99.625,pass_verified,DMV_Teilnahmen_2015_2025_VOLLSTAENDIG
DMV-154062,37955.0,37955.0,2016,2016-05-22,2016-05-22-Murnau_See,"1. Bundesliga Süd, 2. Spieltag",Murnau,,,98.528,pass_verified,DMV_Teilnahmen_2015_2025_VOLLSTAENDIG
DMV-154063,37955.0,37955.0,2016,2016-06-05,2016-06-05-Bamberg,"1. Bundesliga Süd, 3. Spieltag",Bamberg,,,95.972,pass_verified,DMV_Teilnahmen_2015_2025_VOLLSTAENDIG
DMV-154064,37955.0,37955.0,2016,2016-06-19,2016-06-19-Wittlich,"1. Bundesliga Süd, 4. Spieltag",Wittlich,,,99.937,pass_verified,DMV_Teilnahmen_2015_2025_VOLLSTAENDIG
DMV-154065,37955.0,37955.0,2016,2016-07-13,2016-07-13-Wanne_Eickel,,,,,98.999,pass_verified,DMV_Teilnahmen_2015_2025_VOLLSTAENDIG
DMV-154066,37955.0,37955.0,2016,2016-07-16,2016-07-16-Wanne_Eickel,,,,,97.418,pass_verified,DMV_Teilnahmen_2015_2025_VOLLSTAENDIG
DMV-154067,37956.0,37956.0,2016,2016-06-05,2016-06-05-Künzell,,,,,101.363,pass_verified,DMV_Teilnahmen_2015_2025_VOLLSTAENDIG
DMV-154068,37956.0,37956.0,2016,2016-07-31,2016-07-31-Mainz_Hartenberg,"2. Bundesliga Süd, Staffel I, 5. Spieltag",Mainz,,,98.27,pass_verified,DMV_Teilnahmen_2015_2025_VOLLSTAENDIG
DMV-154069,37956.0,37956.0,2016,2016-10-01,2016-10-01-Landshut,Europacup 2016,Neutraubling,,,98.981,pass_verified,DMV_Teilnahmen_2015_2025_VOLLSTAENDIG
DMV-154070,37958.0,37958.0,2016,2016-04-17,2016-04-17-Springe,,,,,107.6,pass_verified,DMV_Teilnahmen_2015_2025_VOLLSTAENDIG
DMV-154071,37958.0,37958.0,2016,2016-06-19,2016-06-19-Seelze,,,,,106.731,pass_verified,DMV_Teilnahmen_2015_2025_VOLLSTAENDIG
DMV-154072,37959.0,37959.0,2016,2016-05-05,2016-05-05-Preetz,,,,,109.475,pass_verified,DMV_Teilnahmen_2015_2025_VOLLSTAENDIG
DMV-154073,37962.0,37962.0,2016,2016-04-17,2016-04-17-Homburg_Stadtpark,1. Spieltag 1. Bundesliga Süd,Homburg,,,98.625,pass_verified,DMV_Teilnahmen_2015_2025_VOLLSTAENDIG
DMV-154074,37962.0,37962.0,2016,2016-05-22,2016-05-22-Murnau_See,"1. Bundesliga Süd, 2. Spieltag",Murnau,,,100.528,pass_verified,DMV_Teilnahmen_2015_2025_VOLLSTAENDIG
DMV-154075,37962.0,37962.0,2016,2016-06-05,2016-06-05-Bamberg,"1. Bundesliga Süd, 3. Spieltag",Bamberg,,,101.972,pass_verified,DMV_Teilnahmen_2015_2025_VOLLSTAENDIG
DMV-154076,37962.0,37962.0,2016,2016-06-19,2016-06-19-Wittlich,"1. Bundesliga Süd, 4. Spieltag",Wittlich,,,99.187,pass_verified,DMV_Teilnahmen_2015_2025_VOLLSTAENDIG
DMV-154077,37962.0,37962.0,2016,2016-05-08,2016-05-08-Homburg_Stadtpark,Badische Meisterschaften,Tuttlingen,,,101.818,pass_verified,DMV_Teilnahmen_2015_2025_VOLLSTAENDIG
DMV-154078,37962.0,37962.0,2016,2016-10-09,2016-10-09-Schriesheim,BMW Knopf Trophy 2016,Schriesheim,,,101.356,pass_verified,DMV_Teilnahmen_2015_2025_VOLLSTAENDIG
DMV-154079,37963.0,37963.0,2016,2016-04-10,2016-04-10-Berlin_Tempelhof,,,,,99.999,pass_verified,DMV_Teilnahmen_2015_2025_VOLLSTAENDIG
DMV-154080,37963.0,37963.0,2016,2016-05-01,2016-05-01-Berlin_Reinickendorf,,,,,100.86,pass_verified,DMV_Teilnahmen_2015_2025_VOLLSTAENDIG
DMV-154081,37963.0,37963.0,2016,2016-04-10,2016-04-10-Berlin_Marienfelde,,,,,99.999,pass_verified,DMV_Teilnahmen_2015_2025_VOLLSTAENDIG
DMV-154082,37963.0,37963.0,2016,2016-04-17,2016-04-17-Berlin_Tegel_Adelheidallee,,,,,100.631,pass_verified,DMV_Teilnahmen_2015_2025_VOLLSTAENDIG
DMV-154083,37963.0,37963.0,2016,2016-05-01,2016-05-01-Berlin_MärkischesViertel,,,,,100.86,pass_verified,DMV_Teilnahmen_2015_2025_VOLLSTAENDIG
DMV-154084,37963.0,37963.0,2016,2016-05-22,2016-05-22-Kiel_Gaarden,,,,,101.214,pass_verified,DMV_Teilnahmen_2015_2025_VOLLSTAENDIG
DMV-154085,37963.0,37963.0,2016,2016-05-29,2016-05-29-Berlin_Tegel_Adelheidallee,MRP-Jugendliga/A-Rangliste,Mainz,,,100.659,pass_verified,DMV_Teilnahmen_2015_2025_VOLLSTAENDIG
DMV-154086,37963.0,37963.0,2016,2016-06-05,2016-06-05-Berlin_Marienfelde,,,,,98.97,pass_verified,DMV_Teilnahmen_2015_2025_VOLLSTAENDIG
DMV-154087,37963.0,37963.0,2016,2016-06-12,2016-06-12-Berlin_Lankwitz,,,,,102.577,pass_verified,DMV_Teilnahmen_2015_2025_VOLLSTAENDIG
DMV-154088,37963.0,37963.0,2016,2016-06-19,2016-06-19-Berlin_MärkischesViertel,,,,,99.635,pass_verified,DMV_Teilnahmen_2015_2025_VOLLSTAENDIG
DMV-154089,37963.0,37963.0,2016,2016-07-13,2016-07-13-Wanne_Eickel,,,,,101.832,pass_verified,DMV_Teilnahmen_2015_2025_VOLLSTAENDIG
DMV-154090,37963.0,37963.0,2016,2016-08-06,2016-08-06-Berlin_MärkischesViertel,,,,,100.729,pass_verified,DMV_Teilnahmen_2015_2025_VOLLSTAENDIG
DMV-154091,37963.0,37963.0,2016,2016-09-04,2016-09-04-Cuxhaven,"3. Bundesliga Nord, Staffel I, 5. Spieltag",Dormagen,,,101.912,pass_verified,DMV_Teilnahmen_2015_2025_VOLLSTAENDIG
DMV-154092,37964.0,37964.0,2016,2016-03-04,2016-03-04-Celle_Halle,,,,,104.82,pass_verified,DMV_Teilnahmen_2015_2025_VOLLSTAENDIG
DMV-154093,37964.0,37964.0,2016,2016-04-17,2016-04-17-Hannover,,,,,109.62,pass_verified,DMV_Teilnahmen_2015_2025_VOLLSTAENDIG
DMV-154094,37964.0,37964.0,2016,2016-05-22,2016-05-22-Cuxhaven,,,,,109.91,pass_verified,DMV_Teilnahmen_2015_2025_VOLLSTAENDIG
DMV-154095,37964.0,37964.0,2016,2016-08-13,2016-08-13-Salzgitter,,,,,106.305,pass_verified,DMV_Teilnahmen_2015_2025_VOLLSTAENDIG
DMV-154096,37973.0,37973.0,2016,2016-04-17,2016-04-17-Rheinstetten,1. Spieltag BBS-Verbandsliga Allg. Klasse,Rheinstetten,,,114.606,pass_verified,DMV_Teilnahmen_2015_2025_VOLLSTAENDIG
DMV-154097,37973.0,37973.0,2016,2016-05-07,2016-05-07-Tuttlingen,,,,,110.898,pass_verified,DMV_Teilnahmen_2015_2025_VOLLSTAENDIG
DMV-154098,37973.0,37973.0,2016,2016-05-22,2016-05-22-Sulzfeld,"NBV-Landesliga Staffel 1, 2. Spieltag",Kerpen,,27.0,112.828,pass_verified,DMV_Teilnahmen_2015_2025_VOLLSTAENDIG
DMV-154099,37973.0,37973.0,2016,2016-06-05,2016-06-05-Ilvesheim,,,,,111.629,pass_verified,DMV_Teilnahmen_2015_2025_VOLLSTAENDIG
DMV-154100,37973.0,37973.0,2016,2016-07-31,2016-07-31-Tuttlingen,"Verbandsliga Baden, 4. Spieltag",Tuttlingen,,,106.578,pass_verified,DMV_Teilnahmen_2015_2025_VOLLSTAENDIG
DMV-154101,37973.0,37973.0,2016,2016-08-18,2016-08-18-Traben_Trarbach,,,,,108.912,pass_verified,DMV_Teilnahmen_2015_2025_VOLLSTAENDIG
DMV-154102,37973.0,37973.0,2016,2016-09-04,2016-09-04-Singen,"3. Bundesliga Nord, Staffel I, 5. Spieltag",Dormagen,,,106.752,pass_verified,DMV_Teilnahmen_2015_2025_VOLLSTAENDIG
DMV-154103,37979.0,37979.0,2016,2016-03-26,2016-03-26-Weinheim,,,,,105.792,pass_verified,DMV_Teilnahmen_2015_2025_VOLLSTAENDIG
DMV-154104,37979.0,37979.0,2016,2016-03-26,2016-03-26-Weinheim2,,,,,104.714,pass_verified,DMV_Teilnahmen_2015_2025_VOLLSTAENDIG
DMV-154105,37979.0,37979.0,2016,2016-04-10,2016-04-10-Rheinau_Freistett,,,,,107.32,pass_verified,DMV_Teilnahmen_2015_2025_VOLLSTAENDIG
DMV-154106,37979.0,37979.0,2016,2016-05-01,2016-05-01-Ilvesheim,,,,,108.041,pass_verified,DMV_Teilnahmen_2015_2025_VOLLSTAENDIG
DMV-154107,37979.0,37979.0,2016,2016-05-07,2016-05-07-Tuttlingen,,,,,106.273,pass_verified,DMV_Teilnahmen_2015_2025_VOLLSTAENDIG
DMV-154108,37979.0,37979.0,2016,2016-06-05,2016-06-05-Weinheim,"BBS-Landesliga, 2. Spieltag",Weinheim,,,103.867,pass_verified,DMV_Teilnahmen_2015_2025_VOLLSTAENDIG
DMV-154109,37979.0,37979.0,2016,2016-07-31,2016-07-31-Ilvesheim,,,,,105.193,pass_verified,DMV_Teilnahmen_2015_2025_VOLLSTAENDIG
DMV-154110,37979.0,37979.0,2016,2016-08-06,2016-08-06-Mannheim,,,,,106.328,pass_verified,DMV_Teilnahmen_2015_2025_VOLLSTAENDIG
DMV-154111,37979.0,37979.0,2016,2016-09-04,2016-09-04-Schriesheim,"3. Bundesliga Nord, Staffel I, 5. Spieltag",Dormagen,,,101.432,pass_verified,DMV_Teilnahmen_2015_2025_VOLLSTAENDIG
DMV-154112,37980.0,37980.0,2016,2016-02-21,2016-02-21-Celle_Halle,,,,,104.188,pass_verified,DMV_Teilnahmen_2015_2025_VOLLSTAENDIG
DMV-154113,37980.0,37980.0,2016,2016-04-17,2016-04-17-Northeim,,,,,104.065,pass_verified,DMV_Teilnahmen_2015_2025_VOLLSTAENDIG
DMV-154114,37980.0,37980.0,2016,2016-05-01,2016-05-01-Vellmar,,,,,104.434,pass_verified,DMV_Teilnahmen_2015_2025_VOLLSTAENDIG
DMV-154115,37980.0,37980.0,2016,2016-05-14,2016-05-14-Celle,,,,,105.275,pass_verified,DMV_Teilnahmen_2015_2025_VOLLSTAENDIG
DMV-154116,37980.0,37980.0,2016,2016-05-22,2016-05-22-Vellmar,,,,,103.884,pass_verified,DMV_Teilnahmen_2015_2025_VOLLSTAENDIG
DMV-154117,37980.0,37980.0,2016,2016-05-29,2016-05-29-Celle,MRP-Jugendliga/A-Rangliste,Mainz,,,105.434,pass_verified,DMV_Teilnahmen_2015_2025_VOLLSTAENDIG
DMV-154118,37980.0,37980.0,2016,2016-06-19,2016-06-19-Wolfsburg,,,,,105.15,pass_verified,DMV_Teilnahmen_2015_2025_VOLLSTAENDIG
DMV-154119,37980.0,37980.0,2016,2016-07-31,2016-07-31-Salzgitter,,,,,103.832,pass_verified,DMV_Teilnahmen_2015_2025_VOLLSTAENDIG
DMV-154120,37980.0,37980.0,2016,2016-08-13,2016-08-13-Salzgitter,,,,,102.055,pass_verified,DMV_Teilnahmen_2015_2025_VOLLSTAENDIG
DMV-154121,37992.0,37992.0,2016,2016-04-17,2016-04-17-Lüneburg,,,,,105.525,pass_verified,DMV_Teilnahmen_2015_2025_VOLLSTAENDIG
DMV-154122,37992.0,37992.0,2016,2016-05-07,2016-05-07-Diepholz,,,,,109.303,pass_verified,DMV_Teilnahmen_2015_2025_VOLLSTAENDIG
DMV-154123,37992.0,37992.0,2016,2016-05-22,2016-05-22-Diepholz,,,,,108.466,pass_verified,DMV_Teilnahmen_2015_2025_VOLLSTAENDIG
DMV-154124,37992.0,37992.0,2016,2016-08-27,2016-08-27-Hamburg_Lurup,,,,,110.005,pass_verified,DMV_Teilnahmen_2015_2025_VOLLSTAENDIG
DMV-154125,37998.0,37998.0,2016,2016-04-10,2016-04-10-Herne,,,,,110.603,pass_verified,DMV_Teilnahmen_2015_2025_VOLLSTAENDIG
DMV-154126,37998.0,37998.0,2016,2016-05-22,2016-05-22-Halver,,,,,109.633,pass_verified,DMV_Teilnahmen_2015_2025_VOLLSTAENDIG
DMV-154127,37998.0,37998.0,2016,2016-06-05,2016-06-05-Gevelsberg,,,,,108.818,pass_verified,DMV_Teilnahmen_2015_2025_VOLLSTAENDIG
DMV-154128,37998.0,37998.0,2016,2016-08-07,2016-08-07-Witten_Herbede,"NBV-Landesliga Staffel I, 5. Spieltag",Kaarst,,,109.32,pass_verified,DMV_Teilnahmen_2015_2025_VOLLSTAENDIG
DMV-154129,38004.0,38004.0,2016,2016-08-27,2016-08-27-Hamburg_Lurup,,,,,104.005,pass_verified,DMV_Teilnahmen_2015_2025_VOLLSTAENDIG
DMV-154130,38004.0,38004.0,2016,2016-09-25,2016-09-25-Leipzig_Probstheida,,,,,107.924,pass_verified,DMV_Teilnahmen_2015_2025_VOLLSTAENDIG
DMV-154131,38005.0,38005.0,2016,2016-04-10,2016-04-10-Arheilgen2,,,,,107.451,pass_verified,DMV_Teilnahmen_2015_2025_VOLLSTAENDIG
DMV-154132,38005.0,38005.0,2016,2016-05-01,2016-05-01-Pfungstadt2,,,,,109.067,pass_verified,DMV_Teilnahmen_2015_2025_VOLLSTAENDIG
DMV-154133,38005.0,38005.0,2016,2016-05-22,2016-05-22-Bad_Soden,,,,,107.012,pass_verified,DMV_Teilnahmen_2015_2025_VOLLSTAENDIG
DMV-154134,38005.0,38005.0,2016,2016-05-29,2016-05-29-Bensheim2,MRP-Jugendliga/A-Rangliste,Mainz,,,108.72,pass_verified,DMV_Teilnahmen_2015_2025_VOLLSTAENDIG
DMV-154135,38005.0,38005.0,2016,2016-06-05,2016-06-05-Wetzlar,,,,,106.484,pass_verified,DMV_Teilnahmen_2015_2025_VOLLSTAENDIG
DMV-154136,38005.0,38005.0,2016,2016-06-12,2016-06-12-Aßlar2,,,,,106.121,pass_verified,DMV_Teilnahmen_2015_2025_VOLLSTAENDIG
DMV-154137,38005.0,38005.0,2016,2016-06-19,2016-06-19-Biskirchen,,,,,108.856,pass_verified,DMV_Teilnahmen_2015_2025_VOLLSTAENDIG
DMV-154138,38005.0,38005.0,2016,2016-07-31,2016-07-31-Aßlar,,,,,107.885,pass_verified,DMV_Teilnahmen_2015_2025_VOLLSTAENDIG
DMV-154139,38005.0,38005.0,2016,2016-08-07,2016-08-07-Biskirchen,"NBV-Landesliga Staffel I, 5. Spieltag",Kaarst,,,106.121,pass_verified,DMV_Teilnahmen_2015_2025_VOLLSTAENDIG
DMV-154140,38005.0,38005.0,2016,2016-09-04,2016-09-04-Künzell,"3. Bundesliga Nord, Staffel I, 5. Spieltag",Dormagen,,,106.203,pass_verified,DMV_Teilnahmen_2015_2025_VOLLSTAENDIG
DMV-154141,38016.0,38016.0,2016,2016-04-10,2016-04-10-Velbert_Hardenberg,"NBV-Landesliga Staffel 1, 1. Spieltag",Hardenberg,,4.0,102.69,pass_verified,DMV_Teilnahmen_2015_2025_VOLLSTAENDIG
DMV-154142,38016.0,38016.0,2016,2016-05-22,2016-05-22-Kerpen,"NBV-Landesliga Staffel 1, 2. Spieltag",Kerpen,,3.0,102.18,pass_verified,DMV_Teilnahmen_2015_2025_VOLLSTAENDIG
DMV-154143,38016.0,38016.0,2016,2016-06-05,2016-06-05-Lüdenscheid,"NBV-Landesliga I, 3. Spieltag",Lüdenscheid,,7.0,103.783,pass_verified,DMV_Teilnahmen_2015_2025_VOLLSTAENDIG
DMV-154144,38016.0,38016.0,2016,2016-06-19,2016-06-19-Velbert_Langenberg,,,,,101.035,pass_verified,DMV_Teilnahmen_2015_2025_VOLLSTAENDIG
DMV-154145,38016.0,38016.0,2016,2016-07-23,2016-07-23-Kerpen,,,,,102.35,pass_verified,DMV_Teilnahmen_2015_2025_VOLLSTAENDIG
DMV-154146,38016.0,38016.0,2016,2016-08-07,2016-08-07-Kaarst,"NBV-Landesliga Staffel I, 5. Spieltag",Kaarst,,2.0,101.909,pass_verified,DMV_Teilnahmen_2015_2025_VOLLSTAENDIG
DMV-154147,38020.0,38020.0,2016,2016-05-22,2016-05-22-Wendlingen,,,,,101.781,pass_verified,DMV_Teilnahmen_2015_2025_VOLLSTAENDIG
DMV-154148,38028.0,38028.0,2016,2016-04-10,2016-04-10-Uerdingen,,,,,116.57,pass_verified,DMV_Teilnahmen_2015_2025_VOLLSTAENDIG
DMV-154149,38028.0,38028.0,2016,2016-05-22,2016-05-22-Mönchengladbach,,,,,112.119,pass_verified,DMV_Teilnahmen_2015_2025_VOLLSTAENDIG
DMV-154150,38028.0,38028.0,2016,2016-06-05,2016-06-05-Dormagen,,,,,120.28,pass_verified,DMV_Teilnahmen_2015_2025_VOLLSTAENDIG
DMV-154151,38028.0,38028.0,2016,2016-08-07,2016-08-07-Duisburg_Rheinhausen,"NBV-Landesliga Staffel I, 5. Spieltag",Kaarst,,,115.217,pass_verified,DMV_Teilnahmen_2015_2025_VOLLSTAENDIG
DMV-154152,38028.0,38028.0,2016,2016-09-04,2016-09-04-Kaarst,"3. Bundesliga Nord, Staffel I, 5. Spieltag",Dormagen,,,122.731,pass_verified,DMV_Teilnahmen_2015_2025_VOLLSTAENDIG
DMV-154153,38028.0,38028.0,2016,2016-09-04,2016-09-04-Büttgen,"3. Bundesliga Nord, Staffel I, 5. Spieltag",Dormagen,,,122.731,pass_verified,DMV_Teilnahmen_2015_2025_VOLLSTAENDIG
DMV-154154,38030.0,38030.0,2016,2016-01-24,2016-01-24-Mannheim_Sandhofen_Halle2,Südwestdeutsche Jugendmeisterschaft,Mannheim,,,101.351,pass_verified,DMV_Teilnahmen_2015_2025_VOLLSTAENDIG
DMV-154155,38030.0,38030.0,2016,2016-04-01,2016-04-01-Schweinfurt,,,,,103.374,pass_verified,DMV_Teilnahmen_2015_2025_VOLLSTAENDIG
DMV-154156,38030.0,38030.0,2016,2016-04-10,2016-04-10-Weinheim,2. Spieltag Jugendrangliste BBS / MRP,Weinheim,,5.0,102.725,pass_verified,DMV_Teilnahmen_2015_2025_VOLLSTAENDIG
DMV-154157,38030.0,38030.0,2016,2016-04-17,2016-04-17-Ludwigshafen,,,,,103.227,pass_verified,DMV_Teilnahmen_2015_2025_VOLLSTAENDIG
DMV-154158,38030.0,38030.0,2016,2016-05-29,2016-05-29-Mainz_Hartenberg2,MRP-Jugendliga/A-Rangliste,Mainz,,2.0,103.283,pass_verified,DMV_Teilnahmen_2015_2025_VOLLSTAENDIG
DMV-154159,38030.0,38030.0,2016,2016-06-05,2016-06-05-Künzell,,,,,101.613,pass_verified,DMV_Teilnahmen_2015_2025_VOLLSTAENDIG
DMV-154160,38030.0,38030.0,2016,2016-06-12,2016-06-12-Traben_Trarbach,,,,,104.303,pass_verified,DMV_Teilnahmen_2015_2025_VOLLSTAENDIG
DMV-154161,38030.0,38030.0,2016,2016-06-19,2016-06-19-Schriesheim,"2. Bundesliga Süd Staffel I, 4. Spieltag",Schriesheim,,,101.201,pass_verified,DMV_Teilnahmen_2015_2025_VOLLSTAENDIG
DMV-154162,38030.0,38030.0,2016,2016-07-21,2016-07-21-Weinheim,,,,,102.904,pass_verified,DMV_Teilnahmen_2015_2025_VOLLSTAENDIG
DMV-154163,38030.0,38030.0,2016,2016-07-31,2016-07-31-Mainz_Hartenberg,"2. Bundesliga Süd, Staffel I, 5. Spieltag",Mainz,,,100.52,pass_verified,DMV_Teilnahmen_2015_2025_VOLLSTAENDIG
DMV-154164,38030.0,38030.0,2016,2016-08-28,2016-08-28-Traben_Trarbach,,,,,104.118,pass_verified,DMV_Teilnahmen_2015_2025_VOLLSTAENDIG
DMV-154165,38030.0,38030.0,2016,2016-10-01,2016-10-01-Landshut,Europacup 2016,Neutraubling,,,102.481,pass_verified,DMV_Teilnahmen_2015_2025_VOLLSTAENDIG
DMV-154166,38030.0,38030.0,2016,2016-12-03,2016-12-03-Mannheim_Sandhofen_Halle,,,,,103.947,pass_verified,DMV_Teilnahmen_2015_2025_VOLLSTAENDIG
DMV-154167,38037.0,38037.0,2016,2016-06-05,2016-06-05-Mitterteich,,,,,111.276,pass_verified,DMV_Teilnahmen_2015_2025_VOLLSTAENDIG
DMV-154168,38037.0,38037.0,2016,2016-07-24,2016-07-24-Mitterteich,,,,,107.085,pass_verified,DMV_Teilnahmen_2015_2025_VOLLSTAENDIG
DMV-154169,38038.0,38038.0,2016,2016-06-05,2016-06-05-Mitterteich,,,,,114.276,pass_verified,DMV_Teilnahmen_2015_2025_VOLLSTAENDIG
DMV-154170,38038.0,38038.0,2016,2016-07-24,2016-07-24-Mitterteich,,,,,110.752,pass_verified,DMV_Teilnahmen_2015_2025_VOLLSTAENDIG
DMV-154171,38039.0,38039.0,2016,2016-04-17,2016-04-17-Bad_Mergentheim,,,,,104.267,pass_verified,DMV_Teilnahmen_2015_2025_VOLLSTAENDIG
DMV-154172,38039.0,38039.0,2016,2016-05-22,2016-05-22-Neutraubling,,,,,107.866,pass_verified,DMV_Teilnahmen_2015_2025_VOLLSTAENDIG
DMV-154173,38039.0,38039.0,2016,2016-05-26,2016-05-26-Kelheim,,,,,102.306,pass_verified,DMV_Teilnahmen_2015_2025_VOLLSTAENDIG
DMV-154174,38039.0,38039.0,2016,2016-06-12,2016-06-12-Ansbach,,,,,101.676,pass_verified,DMV_Teilnahmen_2015_2025_VOLLSTAENDIG
DMV-154175,38040.0,38040.0,2016,2016-03-04,2016-03-04-Celle_Halle,,,,,108.82,pass_verified,DMV_Teilnahmen_2015_2025_VOLLSTAENDIG
DMV-154176,38040.0,38040.0,2016,2016-04-10,2016-04-10-Paderborn_Lieth,,,,,109.496,pass_verified,DMV_Teilnahmen_2015_2025_VOLLSTAENDIG
DMV-154177,38040.0,38040.0,2016,2016-05-22,2016-05-22-Bad_Salzuflen,,,,,107.695,pass_verified,DMV_Teilnahmen_2015_2025_VOLLSTAENDIG
DMV-154178,38040.0,38040.0,2016,2016-06-05,2016-06-05-Detmold,,,,,106.116,pass_verified,DMV_Teilnahmen_2015_2025_VOLLSTAENDIG
DMV-154179,38040.0,38040.0,2016,2016-06-19,2016-06-19-Paderborn_Fischteiche,,,,,107.583,pass_verified,DMV_Teilnahmen_2015_2025_VOLLSTAENDIG
DMV-154180,38052.0,38052.0,2016,2016-04-17,2016-04-17-Homburg_Stadtpark,1. Spieltag 1. Bundesliga Süd,Homburg,,,100.375,pass_verified,DMV_Teilnahmen_2015_2025_VOLLSTAENDIG
DMV-154181,38052.0,38052.0,2016,2016-05-22,2016-05-22-Murnau_See,"1. Bundesliga Süd, 2. Spieltag",Murnau,,,100.528,pass_verified,DMV_Teilnahmen_2015_2025_VOLLSTAENDIG
DMV-154182,38052.0,38052.0,2016,2016-06-05,2016-06-05-Bamberg,"1. Bundesliga Süd, 3. Spieltag",Bamberg,,,103.305,pass_verified,DMV_Teilnahmen_2015_2025_VOLLSTAENDIG
DMV-154183,38052.0,38052.0,2016,2016-06-19,2016-06-19-Wittlich,"1. Bundesliga Süd, 4. Spieltag",Wittlich,,,98.937,pass_verified,DMV_Teilnahmen_2015_2025_VOLLSTAENDIG
DMV-154184,38053.0,38053.0,2016,2016-06-05,2016-06-05-Witten_Herbede,,,,,108.076,pass_verified,DMV_Teilnahmen_2015_2025_VOLLSTAENDIG
DMV-154185,38053.0,38053.0,2016,2016-09-04,2016-09-04-Lünen,"3. Bundesliga Nord, Staffel I, 5. Spieltag",Dormagen,,,105.105,pass_verified,DMV_Teilnahmen_2015_2025_VOLLSTAENDIG
DMV-154186,38056.0,38056.0,2016,2016-01-24,2016-01-24-Salzburg,Südwestdeutsche Jugendmeisterschaft,Mannheim,,,105.02,pass_verified,DMV_Teilnahmen_2015_2025_VOLLSTAENDIG
DMV-154187,38056.0,38056.0,2016,2016-03-27,2016-03-27-Landshut,,,,,103.858,pass_verified,DMV_Teilnahmen_2015_2025_VOLLSTAENDIG
DMV-154188,38056.0,38056.0,2016,2016-04-03,2016-04-03-Olching,,,,,103.006,pass_verified,DMV_Teilnahmen_2015_2025_VOLLSTAENDIG
DMV-154189,38056.0,38056.0,2016,2016-04-10,2016-04-10-Straßlach,,,,,103.508,pass_verified,DMV_Teilnahmen_2015_2025_VOLLSTAENDIG
DMV-154190,38056.0,38056.0,2016,2016-04-24,2016-04-24-Ingolstadt_Auwaldsee,,,,,104.722,pass_verified,DMV_Teilnahmen_2015_2025_VOLLSTAENDIG
DMV-154191,38056.0,38056.0,2016,2016-05-26,2016-05-26-Kelheim,,,,,106.806,pass_verified,DMV_Teilnahmen_2015_2025_VOLLSTAENDIG
DMV-154192,38056.0,38056.0,2016,2016-06-12,2016-06-12-Murnau_See,,,,,106.094,pass_verified,DMV_Teilnahmen_2015_2025_VOLLSTAENDIG
DMV-154193,38056.0,38056.0,2016,2016-06-26,2016-06-26-Bad_Feilnbach,,,,,103.781,pass_verified,DMV_Teilnahmen_2015_2025_VOLLSTAENDIG
DMV-154194,38056.0,38056.0,2016,2016-07-24,2016-07-24-Ingolstadt_Baggersee,,,,,104.135,pass_verified,DMV_Teilnahmen_2015_2025_VOLLSTAENDIG
DMV-154195,38056.0,38056.0,2016,2016-08-07,2016-08-07-Straßlach,"NBV-Landesliga Staffel I, 5. Spieltag",Kaarst,,,103.047,pass_verified,DMV_Teilnahmen_2015_2025_VOLLSTAENDIG
DMV-154196,38056.0,38056.0,2016,2016-08-21,2016-08-21-Olching,,,,,104.081,pass_verified,DMV_Teilnahmen_2015_2025_VOLLSTAENDIG
DMV-154197,38056.0,38056.0,2016,2016-09-18,2016-09-18-Murnau_See,Heven-Cup 2016,Witten,,,104.422,pass_verified,DMV_Teilnahmen_2015_2025_VOLLSTAENDIG
DMV-154198,38056.0,38056.0,2016,2016-09-25,2016-09-25-Karlsfeld,,,,,104.743,pass_verified,DMV_Teilnahmen_2015_2025_VOLLSTAENDIG
DMV-154199,38058.0,38058.0,2016,2016-05-22,2016-05-22-Bad_Soden,,,,,109.762,pass_verified,DMV_Teilnahmen_2015_2025_VOLLSTAENDIG
DMV-154200,38058.0,38058.0,2016,2016-06-05,2016-06-05-Wetzlar,,,,,104.984,pass_verified,DMV_Teilnahmen_2015_2025_VOLLSTAENDIG
DMV-154201,38058.0,38058.0,2016,2016-06-19,2016-06-19-Biskirchen,,,,,105.356,pass_verified,DMV_Teilnahmen_2015_2025_VOLLSTAENDIG
DMV-154202,38058.0,38058.0,2016,2016-07-31,2016-07-31-Aßlar,,,,,105.635,pass_verified,DMV_Teilnahmen_2015_2025_VOLLSTAENDIG
DMV-154203,38058.0,38058.0,2016,2016-09-04,2016-09-04-Künzell,"3. Bundesliga Nord, Staffel I, 5. Spieltag",Dormagen,,,100.537,pass_verified,DMV_Teilnahmen_2015_2025_VOLLSTAENDIG
DMV-154204,38061.0,38061.0,2016,2016-04-17,2016-04-17-Bad_Godesberg,,,,,102.521,pass_verified,DMV_Teilnahmen_2015_2025_VOLLSTAENDIG
DMV-154205,38061.0,38061.0,2016,2016-05-22,2016-05-22-Castrop,"3. Bundesliga Nord Staffel 1, 2. Spieltag",Castrop-Rauxel,,8.0,103.043,pass_verified,DMV_Teilnahmen_2015_2025_VOLLSTAENDIG
DMV-154206,38061.0,38061.0,2016,2016-07-31,2016-07-31-Kaarst,"3. Bundesliga Nord Staffel I, 4. Spieltag",Kaarst,,,102.321,pass_verified,DMV_Teilnahmen_2015_2025_VOLLSTAENDIG
DMV-154207,38061.0,38061.0,2016,2016-09-04,2016-09-04-Dormagen_Hackenbroich,"3. Bundesliga Nord, Staffel I, 5. Spieltag",Dormagen,,,100.983,pass_verified,DMV_Teilnahmen_2015_2025_VOLLSTAENDIG
DMV-154208,38064.0,38064.0,2016,2016-03-20,2016-03-20-Bad_Godesberg,,,,,105.449,pass_verified,DMV_Teilnahmen_2015_2025_VOLLSTAENDIG
DMV-154209,38064.0,38064.0,2016,2016-04-17,2016-04-17-Bad_Godesberg,,,,,105.271,pass_verified,DMV_Teilnahmen_2015_2025_VOLLSTAENDIG
DMV-154210,38064.0,38064.0,2016,2016-05-22,2016-05-22-Castrop,"3. Bundesliga Nord Staffel 1, 2. Spieltag",Castrop-Rauxel,,3.0,107.043,pass_verified,DMV_Teilnahmen_2015_2025_VOLLSTAENDIG
DMV-154211,38064.0,38064.0,2016,2016-06-19,2016-06-19-Bochum_Stadtpark,"3. Bundesliga Nord Staffel I, 3. Spieltag",Bochum,,3.0,108.609,pass_verified,DMV_Teilnahmen_2015_2025_VOLLSTAENDIG
DMV-154212,38064.0,38064.0,2016,2016-07-31,2016-07-31-Kaarst,"3. Bundesliga Nord Staffel I, 4. Spieltag",Kaarst,,,110.571,pass_verified,DMV_Teilnahmen_2015_2025_VOLLSTAENDIG
DMV-154213,38071.0,38071.0,2016,2016-03-20,2016-03-20-Bad_Godesberg,,,,,108.115,pass_verified,DMV_Teilnahmen_2015_2025_VOLLSTAENDIG
DMV-154214,38072.0,38072.0,2016,2016-03-20,2016-03-20-Bad_Godesberg,,,,,110.449,pass_verified,DMV_Teilnahmen_2015_2025_VOLLSTAENDIG
DMV-154215,38076.0,38076.0,2016,2016-08-07,2016-08-07-Straßlach,"NBV-Landesliga Staffel I, 5. Spieltag",Kaarst,,,116.713,pass_verified,DMV_Teilnahmen_2015_2025_VOLLSTAENDIG
DMV-154216,38084.0,38084.0,2016,2016-04-10,2016-04-10-Herne,,,,,105.603,pass_verified,DMV_Teilnahmen_2015_2025_VOLLSTAENDIG
DMV-154217,38084.0,38084.0,2016,2016-05-22,2016-05-22-Halver,,,,,109.3,pass_verified,DMV_Teilnahmen_2015_2025_VOLLSTAENDIG
DMV-154218,38084.0,38084.0,2016,2016-06-05,2016-06-05-Gevelsberg,,,,,105.151,pass_verified,DMV_Teilnahmen_2015_2025_VOLLSTAENDIG
DMV-154219,38084.0,38084.0,2016,2016-08-07,2016-08-07-Witten_Herbede,"NBV-Landesliga Staffel I, 5. Spieltag",Kaarst,,,117.987,pass_verified,DMV_Teilnahmen_2015_2025_VOLLSTAENDIG
DMV-154220,38086.0,38086.0,2016,2016-04-01,2016-04-01-Schweinfurt,,,,,101.274,pass_verified,DMV_Teilnahmen_2015_2025_VOLLSTAENDIG
DMV-154221,38086.0,38086.0,2016,2016-06-05,2016-06-05-Berlin_Tegel_Adelheidallee,,,,,105.038,pass_verified,DMV_Teilnahmen_2015_2025_VOLLSTAENDIG
DMV-154222,38086.0,38086.0,2016,2016-07-21,2016-07-21-Weinheim,,,,,102.904,pass_verified,DMV_Teilnahmen_2015_2025_VOLLSTAENDIG
DMV-154223,38086.0,38086.0,2016,2016-11-05,2016-11-05-Eibenstock_Halle,,,,,101.901,pass_verified,DMV_Teilnahmen_2015_2025_VOLLSTAENDIG
DMV-154224,38089.0,38089.0,2016,2016-04-10,2016-04-10-Leipzig_Clara_Zetkin_Park,,,,,113.039,pass_verified,DMV_Teilnahmen_2015_2025_VOLLSTAENDIG
DMV-154225,38089.0,38089.0,2016,2016-05-08,2016-05-08-Köthen,Badische Meisterschaften,Tuttlingen,,,107.396,pass_verified,DMV_Teilnahmen_2015_2025_VOLLSTAENDIG
DMV-154226,38089.0,38089.0,2016,2016-06-12,2016-06-12-Havelberg,,,,,109.78,pass_verified,DMV_Teilnahmen_2015_2025_VOLLSTAENDIG
DMV-154227,38089.0,38089.0,2016,2016-07-21,2016-07-21-Weinheim,,,,,108.696,pass_verified,DMV_Teilnahmen_2015_2025_VOLLSTAENDIG
DMV-154228,38090.0,38090.0,2016,2016-03-27,2016-03-27-Landshut,,,,,102.525,pass_verified,DMV_Teilnahmen_2015_2025_VOLLSTAENDIG
DMV-154229,38090.0,38090.0,2016,2016-04-03,2016-04-03-Olching,,,,,101.506,pass_verified,DMV_Teilnahmen_2015_2025_VOLLSTAENDIG
DMV-154230,38090.0,38090.0,2016,2016-04-10,2016-04-10-Straßlach,,,,,104.258,pass_verified,DMV_Teilnahmen_2015_2025_VOLLSTAENDIG
DMV-154231,38090.0,38090.0,2016,2016-04-24,2016-04-24-Ingolstadt_Auwaldsee,,,,,104.389,pass_verified,DMV_Teilnahmen_2015_2025_VOLLSTAENDIG
DMV-154232,38090.0,38090.0,2016,2016-05-01,2016-05-01-Ingolstadt_Baggersee,,,,,98.755,pass_verified,DMV_Teilnahmen_2015_2025_VOLLSTAENDIG
DMV-154233,38090.0,38090.0,2016,2016-05-26,2016-05-26-Kelheim,,,,,101.014,pass_verified,DMV_Teilnahmen_2015_2025_VOLLSTAENDIG
DMV-154234,38090.0,38090.0,2016,2016-06-12,2016-06-12-Murnau_See,,,,,104.844,pass_verified,DMV_Teilnahmen_2015_2025_VOLLSTAENDIG
DMV-154235,38090.0,38090.0,2016,2016-07-10,2016-07-10-Wolnzach,,,,,101.305,pass_verified,DMV_Teilnahmen_2015_2025_VOLLSTAENDIG
DMV-154236,38090.0,38090.0,2016,2016-08-07,2016-08-07-Straßlach,"NBV-Landesliga Staffel I, 5. Spieltag",Kaarst,,,103.38,pass_verified,DMV_Teilnahmen_2015_2025_VOLLSTAENDIG
DMV-154237,38090.0,38090.0,2016,2016-08-21,2016-08-21-Olching,,,,,100.081,pass_verified,DMV_Teilnahmen_2015_2025_VOLLSTAENDIG
DMV-154238,38090.0,38090.0,2016,2016-08-28,2016-08-28-Landshut,,,,,103.332,pass_verified,DMV_Teilnahmen_2015_2025_VOLLSTAENDIG
DMV-154239,38090.0,38090.0,2016,2016-09-17,2016-09-17-Ingolstadt_Auwaldsee,,,,,99.8,pass_verified,DMV_Teilnahmen_2015_2025_VOLLSTAENDIG
DMV-154240,38090.0,38090.0,2016,2016-10-08,2016-10-08-Ingolstadt_Auwaldsee,,,,,101.546,pass_verified,DMV_Teilnahmen_2015_2025_VOLLSTAENDIG
DMV-154241,38090.0,38090.0,2016,2016-10-09,2016-10-09-Kelheim,BMW Knopf Trophy 2016,Schriesheim,,,103.18,pass_verified,DMV_Teilnahmen_2015_2025_VOLLSTAENDIG
DMV-154242,38090.0,38090.0,2016,2016-10-27,2016-10-27-Algund,,,,,100.007,pass_verified,DMV_Teilnahmen_2015_2025_VOLLSTAENDIG
DMV-154243,38090.0,38090.0,2016,2016-10-29,2016-10-29-Algund,,,,,100.215,pass_verified,DMV_Teilnahmen_2015_2025_VOLLSTAENDIG
DMV-154244,38091.0,38091.0,2016,2016-03-27,2016-03-27-Landshut,,,,,103.191,pass_verified,DMV_Teilnahmen_2015_2025_VOLLSTAENDIG
DMV-154245,38091.0,38091.0,2016,2016-04-03,2016-04-03-Olching,,,,,107.006,pass_verified,DMV_Teilnahmen_2015_2025_VOLLSTAENDIG
DMV-154246,38091.0,38091.0,2016,2016-04-10,2016-04-10-Straßlach,,,,,106.508,pass_verified,DMV_Teilnahmen_2015_2025_VOLLSTAENDIG
DMV-154247,38091.0,38091.0,2016,2016-04-24,2016-04-24-Ingolstadt_Auwaldsee,,,,,106.056,pass_verified,DMV_Teilnahmen_2015_2025_VOLLSTAENDIG
DMV-154248,38091.0,38091.0,2016,2016-05-01,2016-05-01-Ingolstadt_Baggersee,,,,,104.005,pass_verified,DMV_Teilnahmen_2015_2025_VOLLSTAENDIG
DMV-154249,38091.0,38091.0,2016,2016-05-26,2016-05-26-Kelheim,,,,,104.431,pass_verified,DMV_Teilnahmen_2015_2025_VOLLSTAENDIG
DMV-154250,38091.0,38091.0,2016,2016-06-12,2016-06-12-Murnau_See,,,,,106.594,pass_verified,DMV_Teilnahmen_2015_2025_VOLLSTAENDIG
DMV-154251,38091.0,38091.0,2016,2016-07-10,2016-07-10-Wolnzach,,,,,106.105,pass_verified,DMV_Teilnahmen_2015_2025_VOLLSTAENDIG
DMV-154252,38091.0,38091.0,2016,2016-07-24,2016-07-24-Ingolstadt_Baggersee,,,,,101.468,pass_verified,DMV_Teilnahmen_2015_2025_VOLLSTAENDIG
DMV-154253,38102.0,38102.0,2016,2016-05-29,2016-05-29-Woltersdorf,MRP-Jugendliga/A-Rangliste,Mainz,,,103.195,pass_verified,DMV_Teilnahmen_2015_2025_VOLLSTAENDIG
DMV-154254,38102.0,38102.0,2016,2016-06-05,2016-06-05-Berlin_Tegel_Adelheidallee,,,,,101.788,pass_verified,DMV_Teilnahmen_2015_2025_VOLLSTAENDIG
DMV-154255,38102.0,38102.0,2016,2016-06-12,2016-06-12-Berlin_MärkischesViertel,,,,,104.099,pass_verified,DMV_Teilnahmen_2015_2025_VOLLSTAENDIG
DMV-154256,38102.0,38102.0,2016,2016-04-10,2016-04-10-Berlin_Tegel_Adelheidallee,,,,,101.698,pass_verified,DMV_Teilnahmen_2015_2025_VOLLSTAENDIG
DMV-154257,38102.0,38102.0,2016,2016-05-01,2016-05-01-Berlin_Britz,,,,,102.516,pass_verified,DMV_Teilnahmen_2015_2025_VOLLSTAENDIG
DMV-154258,38102.0,38102.0,2016,2016-08-06,2016-08-06-Berlin_MärkischesViertel,,,,,102.562,pass_verified,DMV_Teilnahmen_2015_2025_VOLLSTAENDIG
DMV-154259,38102.0,38102.0,2016,2016-08-18,2016-08-18-Traben_Trarbach,,,,,103.412,pass_verified,DMV_Teilnahmen_2015_2025_VOLLSTAENDIG
DMV-154260,38102.0,38102.0,2016,2016-11-05,2016-11-05-Eibenstock_Halle,,,,,102.234,pass_verified,DMV_Teilnahmen_2015_2025_VOLLSTAENDIG
DMV-154261,38103.0,38103.0,2016,2016-04-10,2016-04-10-Berlin_Tempelhof,,,,,100.999,pass_verified,DMV_Teilnahmen_2015_2025_VOLLSTAENDIG
DMV-154262,38103.0,38103.0,2016,2016-05-01,2016-05-01-Berlin_Reinickendorf,,,,,100.86,pass_verified,DMV_Teilnahmen_2015_2025_VOLLSTAENDIG
DMV-154263,38103.0,38103.0,2016,2016-04-10,2016-04-10-Berlin_Marienfelde,,,,,100.999,pass_verified,DMV_Teilnahmen_2015_2025_VOLLSTAENDIG
DMV-154264,38103.0,38103.0,2016,2016-05-01,2016-05-01-Berlin_MärkischesViertel,,,,,100.86,pass_verified,DMV_Teilnahmen_2015_2025_VOLLSTAENDIG
DMV-154265,38103.0,38103.0,2016,2016-05-29,2016-05-29-Berlin_Tegel_Adelheidallee,MRP-Jugendliga/A-Rangliste,Mainz,,,100.659,pass_verified,DMV_Teilnahmen_2015_2025_VOLLSTAENDIG
DMV-154266,38103.0,38103.0,2016,2016-06-05,2016-06-05-Berlin_Tegel_Adelheidallee,,,,,99.288,pass_verified,DMV_Teilnahmen_2015_2025_VOLLSTAENDIG
DMV-154267,38103.0,38103.0,2016,2016-06-12,2016-06-12-Berlin_Lankwitz,,,,,102.327,pass_verified,DMV_Teilnahmen_2015_2025_VOLLSTAENDIG
DMV-154268,38103.0,38103.0,2016,2016-07-21,2016-07-21-Weinheim,,,,,101.904,pass_verified,DMV_Teilnahmen_2015_2025_VOLLSTAENDIG
DMV-154269,38103.0,38103.0,2016,2016-08-06,2016-08-06-Berlin_MärkischesViertel,,,,,102.896,pass_verified,DMV_Teilnahmen_2015_2025_VOLLSTAENDIG
DMV-154270,38104.0,38104.0,2016,2016-04-10,2016-04-10-Berlin_Tempelhof,,,,,107.749,pass_verified,DMV_Teilnahmen_2015_2025_VOLLSTAENDIG
DMV-154271,38104.0,38104.0,2016,2016-04-10,2016-04-10-Berlin_Marienfelde,,,,,107.749,pass_verified,DMV_Teilnahmen_2015_2025_VOLLSTAENDIG
DMV-154272,38104.0,38104.0,2016,2016-05-29,2016-05-29-Berlin_Tegel_Adelheidallee,MRP-Jugendliga/A-Rangliste,Mainz,,,105.409,pass_verified,DMV_Teilnahmen_2015_2025_VOLLSTAENDIG
DMV-154273,38104.0,38104.0,2016,2016-06-05,2016-06-05-Berlin_Tegel_Adelheidallee,,,,,99.788,pass_verified,DMV_Teilnahmen_2015_2025_VOLLSTAENDIG
DMV-154274,38109.0,38109.0,2016,2016-01-30,2016-01-30-Mannheim_Sandhofen_Halle,,,,,105.023,pass_verified,DMV_Teilnahmen_2015_2025_VOLLSTAENDIG
DMV-154275,38109.0,38109.0,2016,2016-04-24,2016-04-24-Bad_Kreuznach,,,,,106.5,pass_verified,DMV_Teilnahmen_2015_2025_VOLLSTAENDIG
DMV-154276,38110.0,38110.0,2016,2016-04-10,2016-04-10-Paderborn_Lieth,,,,,112.162,pass_verified,DMV_Teilnahmen_2015_2025_VOLLSTAENDIG
DMV-154277,38110.0,38110.0,2016,2016-05-22,2016-05-22-Bad_Salzuflen,,,,,105.028,pass_verified,DMV_Teilnahmen_2015_2025_VOLLSTAENDIG
DMV-154278,38110.0,38110.0,2016,2016-06-05,2016-06-05-Detmold,,,,,101.449,pass_verified,DMV_Teilnahmen_2015_2025_VOLLSTAENDIG
DMV-154279,38110.0,38110.0,2016,2016-06-19,2016-06-19-Paderborn_Fischteiche,,,,,109.583,pass_verified,DMV_Teilnahmen_2015_2025_VOLLSTAENDIG
DMV-154280,38112.0,38112.0,2016,2016-08-06,2016-08-06-Mannheim,,,,,108.578,pass_verified,DMV_Teilnahmen_2015_2025_VOLLSTAENDIG
DMV-154281,38112.0,38112.0,2016,2016-11-05,2016-11-05-Mannheim_Sandhofen_Halle,,,,,106.625,pass_verified,DMV_Teilnahmen_2015_2025_VOLLSTAENDIG
DMV-154282,38113.0,38113.0,2016,2016-01-03,2016-01-03-Mannheim_Sandhofen_Halle,,,,,100.063,pass_verified,DMV_Teilnahmen_2015_2025_VOLLSTAENDIG
DMV-154283,38113.0,38113.0,2016,2016-01-30,2016-01-30-Mannheim_Sandhofen_Halle,,,,,101.023,pass_verified,DMV_Teilnahmen_2015_2025_VOLLSTAENDIG
DMV-154284,38113.0,38113.0,2016,2016-03-26,2016-03-26-Weinheim,,,,,102.392,pass_verified,DMV_Teilnahmen_2015_2025_VOLLSTAENDIG
DMV-154285,38113.0,38113.0,2016,2016-06-19,2016-06-19-Schriesheim,"2. Bundesliga Süd Staffel I, 4. Spieltag",Schriesheim,,,101.451,pass_verified,DMV_Teilnahmen_2015_2025_VOLLSTAENDIG
DMV-154286,38113.0,38113.0,2016,2016-06-12,2016-06-12-Mannheim2,,,,,102.258,pass_verified,DMV_Teilnahmen_2015_2025_VOLLSTAENDIG
DMV-154287,38113.0,38113.0,2016,2016-07-31,2016-07-31-Mainz_Hartenberg,"2. Bundesliga Süd, Staffel I, 5. Spieltag",Mainz,,,104.02,pass_verified,DMV_Teilnahmen_2015_2025_VOLLSTAENDIG
DMV-154288,38113.0,38113.0,2016,2016-08-18,2016-08-18-Mannheim,,,,,101.339,pass_verified,DMV_Teilnahmen_2015_2025_VOLLSTAENDIG
DMV-154289,38113.0,38113.0,2016,2016-10-09,2016-10-09-Schriesheim,BMW Knopf Trophy 2016,Schriesheim,,,103.356,pass_verified,DMV_Teilnahmen_2015_2025_VOLLSTAENDIG
DMV-154290,38113.0,38113.0,2016,2016-11-05,2016-11-05-Mannheim_Sandhofen_Halle,,,,,101.625,pass_verified,DMV_Teilnahmen_2015_2025_VOLLSTAENDIG
DMV-154291,38114.0,38114.0,2016,2016-01-24,2016-01-24-Mannheim_Sandhofen_Halle2,Südwestdeutsche Jugendmeisterschaft,Mannheim,,,100.601,pass_verified,DMV_Teilnahmen_2015_2025_VOLLSTAENDIG
DMV-154292,38114.0,38114.0,2016,2016-01-30,2016-01-30-Mannheim_Sandhofen_Halle,,,,,99.773,pass_verified,DMV_Teilnahmen_2015_2025_VOLLSTAENDIG
DMV-154293,38114.0,38114.0,2016,2016-04-01,2016-04-01-Schweinfurt,,,,,103.974,pass_verified,DMV_Teilnahmen_2015_2025_VOLLSTAENDIG
DMV-154294,38114.0,38114.0,2016,2016-04-10,2016-04-10-Weinheim,2. Spieltag Jugendrangliste BBS / MRP,Weinheim,,16.0,103.725,pass_verified,DMV_Teilnahmen_2015_2025_VOLLSTAENDIG
DMV-154295,38114.0,38114.0,2016,2016-04-17,2016-04-17-Ludwigshafen,,,,,100.727,pass_verified,DMV_Teilnahmen_2015_2025_VOLLSTAENDIG
DMV-154296,38114.0,38114.0,2016,2016-05-22,2016-05-22-Mannheim,,,,,100.729,pass_verified,DMV_Teilnahmen_2015_2025_VOLLSTAENDIG
DMV-154297,38114.0,38114.0,2016,2016-05-29,2016-05-29-Mainz_Hartenberg2,MRP-Jugendliga/A-Rangliste,Mainz,,1.0,101.533,pass_verified,DMV_Teilnahmen_2015_2025_VOLLSTAENDIG
DMV-154298,38114.0,38114.0,2016,2016-06-05,2016-06-05-Künzell,,,,,100.863,pass_verified,DMV_Teilnahmen_2015_2025_VOLLSTAENDIG
DMV-154299,38114.0,38114.0,2016,2016-06-12,2016-06-12-Traben_Trarbach,,,,,106.303,pass_verified,DMV_Teilnahmen_2015_2025_VOLLSTAENDIG
DMV-154300,38114.0,38114.0,2016,2016-06-19,2016-06-19-Schriesheim,"2. Bundesliga Süd Staffel I, 4. Spieltag",Schriesheim,,,100.451,pass_verified,DMV_Teilnahmen_2015_2025_VOLLSTAENDIG
DMV-154301,38114.0,38114.0,2016,2016-07-21,2016-07-21-Weinheim,,,,,102.488,pass_verified,DMV_Teilnahmen_2015_2025_VOLLSTAENDIG
DMV-154302,38114.0,38114.0,2016,2016-07-31,2016-07-31-Mainz_Hartenberg,"2. Bundesliga Süd, Staffel I, 5. Spieltag",Mainz,,,98.52,pass_verified,DMV_Teilnahmen_2015_2025_VOLLSTAENDIG
DMV-154303,38114.0,38114.0,2016,2016-08-06,2016-08-06-Mannheim,,,,,100.078,pass_verified,DMV_Teilnahmen_2015_2025_VOLLSTAENDIG
DMV-154304,38114.0,38114.0,2016,2016-10-09,2016-10-09-Schriesheim,BMW Knopf Trophy 2016,Schriesheim,,1.0,99.022,pass_verified,DMV_Teilnahmen_2015_2025_VOLLSTAENDIG
DMV-154305,38114.0,38114.0,2016,2016-11-05,2016-11-05-Mannheim_Sandhofen_Halle,,,,,99.875,pass_verified,DMV_Teilnahmen_2015_2025_VOLLSTAENDIG
DMV-154306,38115.0,38115.0,2016,2016-04-10,2016-04-10-Uerdingen,,,,,108.237,pass_verified,DMV_Teilnahmen_2015_2025_VOLLSTAENDIG
DMV-154307,38115.0,38115.0,2016,2016-05-22,2016-05-22-Mönchengladbach,,,,,112.453,pass_verified,DMV_Teilnahmen_2015_2025_VOLLSTAENDIG
DMV-154308,38115.0,38115.0,2016,2016-06-05,2016-06-05-Dormagen,,,,,109.613,pass_verified,DMV_Teilnahmen_2015_2025_VOLLSTAENDIG
DMV-154309,38115.0,38115.0,2016,2016-06-19,2016-06-19-Dormagen_Hackenbroich,,,,,113.227,pass_verified,DMV_Teilnahmen_2015_2025_VOLLSTAENDIG
DMV-154310,38115.0,38115.0,2016,2016-08-07,2016-08-07-Duisburg_Rheinhausen,"NBV-Landesliga Staffel I, 5. Spieltag",Kaarst,,,110.551,pass_verified,DMV_Teilnahmen_2015_2025_VOLLSTAENDIG
DMV-154311,38115.0,38115.0,2016,2016-09-04,2016-09-04-Kaarst,"3. Bundesliga Nord, Staffel I, 5. Spieltag",Dormagen,,,108.065,pass_verified,DMV_Teilnahmen_2015_2025_VOLLSTAENDIG
DMV-154312,38115.0,38115.0,2016,2016-09-25,2016-09-25-Kaarst,,,,,109.691,pass_verified,DMV_Teilnahmen_2015_2025_VOLLSTAENDIG
DMV-154313,38115.0,38115.0,2016,2016-10-29,2016-10-29-Paffendorf,,,,,105.294,pass_verified,DMV_Teilnahmen_2015_2025_VOLLSTAENDIG
DMV-154314,38115.0,38115.0,2016,2016-09-04,2016-09-04-Büttgen,"3. Bundesliga Nord, Staffel I, 5. Spieltag",Dormagen,,,108.065,pass_verified,DMV_Teilnahmen_2015_2025_VOLLSTAENDIG
DMV-154315,38115.0,38115.0,2016,2016-09-25,2016-09-25-Büttgen,,,,,109.691,pass_verified,DMV_Teilnahmen_2015_2025_VOLLSTAENDIG
DMV-154316,38119.0,38119.0,2016,2016-06-05,2016-06-05-Gevelsberg,,,,,114.818,pass_verified,DMV_Teilnahmen_2015_2025_VOLLSTAENDIG
DMV-154317,38121.0,38121.0,2016,2016-04-17,2016-04-17-Arheilgen,,,,,102.025,pass_verified,DMV_Teilnahmen_2015_2025_VOLLSTAENDIG
DMV-154318,38121.0,38121.0,2016,2016-06-05,2016-06-05-Bad_Kreuznach,,,,,104.55,pass_verified,DMV_Teilnahmen_2015_2025_VOLLSTAENDIG
DMV-154319,38121.0,38121.0,2016,2016-07-31,2016-07-31-Bensheim,,,,,102.134,pass_verified,DMV_Teilnahmen_2015_2025_VOLLSTAENDIG
DMV-154320,38121.0,38121.0,2016,2016-10-01,2016-10-01-Landshut,Europacup 2016,Neutraubling,,,102.648,pass_verified,DMV_Teilnahmen_2015_2025_VOLLSTAENDIG
DMV-154321,38123.0,38123.0,2016,2016-04-10,2016-04-10-Wallenhorst_Rulle,,,,,114.251,pass_verified,DMV_Teilnahmen_2015_2025_VOLLSTAENDIG
DMV-154322,38123.0,38123.0,2016,2016-05-22,2016-05-22-Gladbeck,,,,,106.638,pass_verified,DMV_Teilnahmen_2015_2025_VOLLSTAENDIG
DMV-154323,38123.0,38123.0,2016,2016-06-05,2016-06-05-Herten,,,,,101.321,pass_verified,DMV_Teilnahmen_2015_2025_VOLLSTAENDIG
DMV-154324,38123.0,38123.0,2016,2016-06-19,2016-06-19-Essen_Vogelheim,,,,,107.186,pass_verified,DMV_Teilnahmen_2015_2025_VOLLSTAENDIG
DMV-154325,38123.0,38123.0,2016,2016-08-18,2016-08-18-Rauschenberg,,,,,108.752,pass_verified,DMV_Teilnahmen_2015_2025_VOLLSTAENDIG
DMV-154326,38133.0,38133.0,2016,2016-03-20,2016-03-20-Mannheim_Sandhofen_Halle,,,,,108.148,pass_verified,DMV_Teilnahmen_2015_2025_VOLLSTAENDIG
DMV-154327,38133.0,38133.0,2016,2016-03-27,2016-03-27-Bad_Homburg_Kirdorf,,,,,110.945,pass_verified,DMV_Teilnahmen_2015_2025_VOLLSTAENDIG
DMV-154328,38133.0,38133.0,2016,2016-04-10,2016-04-10-Bensheim,,,,,109.33,pass_verified,DMV_Teilnahmen_2015_2025_VOLLSTAENDIG
DMV-154329,38133.0,38133.0,2016,2016-05-01,2016-05-01-Bad_Soden,,,,,102.905,pass_verified,DMV_Teilnahmen_2015_2025_VOLLSTAENDIG
DMV-154330,38133.0,38133.0,2016,2016-05-22,2016-05-22-Dreieich,,,,,107.003,pass_verified,DMV_Teilnahmen_2015_2025_VOLLSTAENDIG
DMV-154331,38133.0,38133.0,2016,2016-05-29,2016-05-29-Arheilgen,MRP-Jugendliga/A-Rangliste,Mainz,,,105.324,pass_verified,DMV_Teilnahmen_2015_2025_VOLLSTAENDIG
DMV-154332,38133.0,38133.0,2016,2016-06-05,2016-06-05-Bad_Soden,,,,,105.758,pass_verified,DMV_Teilnahmen_2015_2025_VOLLSTAENDIG
DMV-154333,38133.0,38133.0,2016,2016-07-31,2016-07-31-Weiterstadt,,,,,104.585,pass_verified,DMV_Teilnahmen_2015_2025_VOLLSTAENDIG
DMV-154334,38133.0,38133.0,2016,2016-09-04,2016-09-04-Bad_Homburg_Hirschgarten,"3. Bundesliga Nord, Staffel I, 5. Spieltag",Dormagen,,,105.412,pass_verified,DMV_Teilnahmen_2015_2025_VOLLSTAENDIG
DMV-154335,38133.0,38133.0,2016,2016-09-24,2016-09-24-Bad_Homburg_Hirschgarten+Dreieich,,,,,106.144,pass_verified,DMV_Teilnahmen_2015_2025_VOLLSTAENDIG
DMV-154336,38135.0,38135.0,2016,2016-04-10,2016-04-10-Leipzig_Clara_Zetkin_Park,,,,,102.706,pass_verified,DMV_Teilnahmen_2015_2025_VOLLSTAENDIG
DMV-154337,38135.0,38135.0,2016,2016-05-08,2016-05-08-Köthen,Badische Meisterschaften,Tuttlingen,,,108.73,pass_verified,DMV_Teilnahmen_2015_2025_VOLLSTAENDIG
DMV-154338,38135.0,38135.0,2016,2016-06-12,2016-06-12-Havelberg,,,,,106.28,pass_verified,DMV_Teilnahmen_2015_2025_VOLLSTAENDIG
DMV-154339,38135.0,38135.0,2016,2016-08-18,2016-08-18-Mannheim,,,,,105.228,pass_verified,DMV_Teilnahmen_2015_2025_VOLLSTAENDIG
DMV-154340,38135.0,38135.0,2016,2016-09-25,2016-09-25-Leipzig_Probstheida,,,,,105.424,pass_verified,DMV_Teilnahmen_2015_2025_VOLLSTAENDIG
DMV-154341,38135.0,38135.0,2016,2016-11-05,2016-11-05-Eibenstock_Halle,,,,,104.401,pass_verified,DMV_Teilnahmen_2015_2025_VOLLSTAENDIG
DMV-154342,38137.0,38137.0,2016,2016-04-10,2016-04-10-Leipzig_Clara_Zetkin_Park,,,,,105.372,pass_verified,DMV_Teilnahmen_2015_2025_VOLLSTAENDIG
DMV-154343,38137.0,38137.0,2016,2016-05-08,2016-05-08-Köthen,Badische Meisterschaften,Tuttlingen,,,106.73,pass_verified,DMV_Teilnahmen_2015_2025_VOLLSTAENDIG
DMV-154344,38137.0,38137.0,2016,2016-06-12,2016-06-12-Havelberg,,,,,115.53,pass_verified,DMV_Teilnahmen_2015_2025_VOLLSTAENDIG
DMV-154345,38137.0,38137.0,2016,2016-08-18,2016-08-18-Mannheim,,,,,108.395,pass_verified,DMV_Teilnahmen_2015_2025_VOLLSTAENDIG
DMV-154346,38137.0,38137.0,2016,2016-09-25,2016-09-25-Leipzig_Probstheida,,,,,114.674,pass_verified,DMV_Teilnahmen_2015_2025_VOLLSTAENDIG
DMV-154347,38141.0,38141.0,2016,2016-04-01,2016-04-01-Schweinfurt,,,,,101.374,pass_verified,DMV_Teilnahmen_2015_2025_VOLLSTAENDIG
DMV-154348,38141.0,38141.0,2016,2016-04-10,2016-04-10-Mönchengladbach,2. Spieltag Jugendrangliste BBS / MRP,Weinheim,,1.0,102.74,pass_verified,DMV_Teilnahmen_2015_2025_VOLLSTAENDIG
DMV-154349,38141.0,38141.0,2016,2016-06-05,2016-06-05-Neheim_Hüsten,,,,,103.908,pass_verified,DMV_Teilnahmen_2015_2025_VOLLSTAENDIG
DMV-154350,38141.0,38141.0,2016,2016-06-19,2016-06-19-Göttingen_Schillerwiese,,,,,103.128,pass_verified,DMV_Teilnahmen_2015_2025_VOLLSTAENDIG
DMV-154351,38141.0,38141.0,2016,2016-07-21,2016-07-21-Weinheim,,,,,101.821,pass_verified,DMV_Teilnahmen_2015_2025_VOLLSTAENDIG
DMV-154352,38144.0,38144.0,2016,2016-04-10,2016-04-10-Epe,,,,,109.215,pass_verified,DMV_Teilnahmen_2015_2025_VOLLSTAENDIG
DMV-154353,38144.0,38144.0,2016,2016-05-22,2016-05-22-Wallenhorst_Rulle,,,,,105.276,pass_verified,DMV_Teilnahmen_2015_2025_VOLLSTAENDIG
DMV-154354,38144.0,38144.0,2016,2016-06-05,2016-06-05-Wesel,,,,,103.525,pass_verified,DMV_Teilnahmen_2015_2025_VOLLSTAENDIG
DMV-154355,38144.0,38144.0,2016,2016-06-19,2016-06-19-Gladbeck,,,,,108.354,pass_verified,DMV_Teilnahmen_2015_2025_VOLLSTAENDIG
DMV-154356,38144.0,38144.0,2016,2016-08-07,2016-08-07-Herten,"NBV-Landesliga Staffel I, 5. Spieltag",Kaarst,,,106.205,pass_verified,DMV_Teilnahmen_2015_2025_VOLLSTAENDIG
DMV-154357,38145.0,38145.0,2016,2016-04-23,2016-04-23-Herne,,,,,104.78,pass_verified,DMV_Teilnahmen_2015_2025_VOLLSTAENDIG
DMV-154358,38145.0,38145.0,2016,2016-05-22,2016-05-22-Nümbrecht,,,,,105.409,pass_verified,DMV_Teilnahmen_2015_2025_VOLLSTAENDIG
DMV-154359,38145.0,38145.0,2016,2016-06-05,2016-06-05-Köln_Rath,,,,,104.018,pass_verified,DMV_Teilnahmen_2015_2025_VOLLSTAENDIG
DMV-154360,38145.0,38145.0,2016,2016-06-19,2016-06-19-Attendorn,,,,,107.628,pass_verified,DMV_Teilnahmen_2015_2025_VOLLSTAENDIG
DMV-154361,38145.0,38145.0,2016,2016-08-07,2016-08-07-Köln_Ehrenfeld,"NBV-Landesliga Staffel I, 5. Spieltag",Kaarst,,,106.417,pass_verified,DMV_Teilnahmen_2015_2025_VOLLSTAENDIG
DMV-154362,38146.0,38146.0,2016,2016-04-23,2016-04-23-Herne,,,,,104.28,pass_verified,DMV_Teilnahmen_2015_2025_VOLLSTAENDIG
DMV-154363,38146.0,38146.0,2016,2016-05-22,2016-05-22-Nümbrecht,,,,,107.742,pass_verified,DMV_Teilnahmen_2015_2025_VOLLSTAENDIG
DMV-154364,38146.0,38146.0,2016,2016-06-05,2016-06-05-Köln_Rath,,,,,105.352,pass_verified,DMV_Teilnahmen_2015_2025_VOLLSTAENDIG
DMV-154365,38146.0,38146.0,2016,2016-06-19,2016-06-19-Attendorn,,,,,105.961,pass_verified,DMV_Teilnahmen_2015_2025_VOLLSTAENDIG
DMV-154366,38146.0,38146.0,2016,2016-08-07,2016-08-07-Köln_Ehrenfeld,"NBV-Landesliga Staffel I, 5. Spieltag",Kaarst,,,107.417,pass_verified,DMV_Teilnahmen_2015_2025_VOLLSTAENDIG
DMV-154367,38151.0,38151.0,2016,2016-05-29,2016-05-29-Oberkochen,MRP-Jugendliga/A-Rangliste,Mainz,,,110.85,pass_verified,DMV_Teilnahmen_2015_2025_VOLLSTAENDIG
DMV-154368,38151.0,38151.0,2016,2016-06-12,2016-06-12-Großbottwar,,,,,111.018,pass_verified,DMV_Teilnahmen_2015_2025_VOLLSTAENDIG
DMV-154369,38152.0,38152.0,2016,2016-04-10,2016-04-10-Sindelfingen,1. Spieltag WBV-Rangliste,Sindelfingen,,,103.999,pass_verified,DMV_Teilnahmen_2015_2025_VOLLSTAENDIG
DMV-154370,38152.0,38152.0,2016,2016-05-22,2016-05-22-Ravensburg,,,,,103.905,pass_verified,DMV_Teilnahmen_2015_2025_VOLLSTAENDIG
DMV-154371,38152.0,38152.0,2016,2016-06-12,2016-06-12-Großbottwar,,,,,105.352,pass_verified,DMV_Teilnahmen_2015_2025_VOLLSTAENDIG
DMV-154372,38152.0,38152.0,2016,2016-07-31,2016-07-31-Niederstetten,,,,,105.697,pass_verified,DMV_Teilnahmen_2015_2025_VOLLSTAENDIG
DMV-154373,38152.0,38152.0,2016,2016-09-11,2016-09-11-Murnau_See,,,,,102.398,pass_verified,DMV_Teilnahmen_2015_2025_VOLLSTAENDIG
DMV-154374,38152.0,38152.0,2016,2016-09-04,2016-09-04-Bad_Füssing,"3. Bundesliga Nord, Staffel I, 5. Spieltag",Dormagen,,,103.572,pass_verified,DMV_Teilnahmen_2015_2025_VOLLSTAENDIG
DMV-154375,38152.0,38152.0,2016,2016-12-03,2016-12-03-Mannheim_Sandhofen_Halle,,,,,104.697,pass_verified,DMV_Teilnahmen_2015_2025_VOLLSTAENDIG
DMV-154376,38155.0,38155.0,2016,2016-04-10,2016-04-10-Wallenhorst_Rulle,,,,,103.001,pass_verified,DMV_Teilnahmen_2015_2025_VOLLSTAENDIG
DMV-154377,38155.0,38155.0,2016,2016-04-23,2016-04-23-Herne,,,,,103.28,pass_verified,DMV_Teilnahmen_2015_2025_VOLLSTAENDIG
DMV-154378,38155.0,38155.0,2016,2016-05-22,2016-05-22-Gladbeck,,,,,101.138,pass_verified,DMV_Teilnahmen_2015_2025_VOLLSTAENDIG
DMV-154379,38155.0,38155.0,2016,2016-06-05,2016-06-05-Herten,,,,,102.821,pass_verified,DMV_Teilnahmen_2015_2025_VOLLSTAENDIG
DMV-154380,38155.0,38155.0,2016,2016-06-19,2016-06-19-Essen_Vogelheim,,,,,102.936,pass_verified,DMV_Teilnahmen_2015_2025_VOLLSTAENDIG
DMV-154381,38155.0,38155.0,2016,2016-07-13,2016-07-13-Wanne_Eickel,,,,,101.432,pass_verified,DMV_Teilnahmen_2015_2025_VOLLSTAENDIG
DMV-154382,38155.0,38155.0,2016,2016-08-28,2016-08-28-Gladbeck,,,,,104.089,pass_verified,DMV_Teilnahmen_2015_2025_VOLLSTAENDIG
DMV-154383,38167.0,38167.0,2016,2016-05-22,2016-05-22-Hechingen,,,,,110.539,pass_verified,DMV_Teilnahmen_2015_2025_VOLLSTAENDIG
DMV-154384,38167.0,38167.0,2016,2016-06-05,2016-06-05-Ludwigsburg,,,,,108.633,pass_verified,DMV_Teilnahmen_2015_2025_VOLLSTAENDIG
DMV-154385,38167.0,38167.0,2016,2016-06-19,2016-06-19-Unterschneidheim,,,,,107.539,pass_verified,DMV_Teilnahmen_2015_2025_VOLLSTAENDIG
DMV-154386,38167.0,38167.0,2016,2016-07-03,2016-07-03-Wertheim,,,,,108.022,pass_verified,DMV_Teilnahmen_2015_2025_VOLLSTAENDIG
DMV-154387,38167.0,38167.0,2016,2016-07-31,2016-07-31-Bad_Mergentheim,,,,,102.092,pass_verified,DMV_Teilnahmen_2015_2025_VOLLSTAENDIG
DMV-154388,38168.0,38168.0,2016,2016-06-19,2016-06-19-Woltersdorf,,,,,100.588,pass_verified,DMV_Teilnahmen_2015_2025_VOLLSTAENDIG
DMV-154389,38170.0,38170.0,2016,2016-04-17,2016-04-17-Arheilgen,,,,,101.775,pass_verified,DMV_Teilnahmen_2015_2025_VOLLSTAENDIG
DMV-154390,38170.0,38170.0,2016,2016-05-22,2016-05-22-Traben_Trarbach,,,,,104.233,pass_verified,DMV_Teilnahmen_2015_2025_VOLLSTAENDIG
DMV-154391,38170.0,38170.0,2016,2016-06-05,2016-06-05-Bad_Kreuznach,,,,,102.8,pass_verified,DMV_Teilnahmen_2015_2025_VOLLSTAENDIG
DMV-154392,38170.0,38170.0,2016,2016-06-19,2016-06-19-Bad_Homburg_Hirschgarten,,,,,101.674,pass_verified,DMV_Teilnahmen_2015_2025_VOLLSTAENDIG
DMV-154393,38170.0,38170.0,2016,2016-09-24,2016-09-24-Bad_Homburg_Hirschgarten+Dreieich,,,,,101.144,pass_verified,DMV_Teilnahmen_2015_2025_VOLLSTAENDIG
DMV-154394,38173.0,38173.0,2016,2016-05-22,2016-05-22-Bremen_Hastedt,,,,,112.989,pass_verified,DMV_Teilnahmen_2015_2025_VOLLSTAENDIG
DMV-154395,38173.0,38173.0,2016,2016-06-19,2016-06-19-Cuxhaven,,,,,106.161,pass_verified,DMV_Teilnahmen_2015_2025_VOLLSTAENDIG
DMV-154396,38173.0,38173.0,2016,2016-07-31,2016-07-31-Lüneburg,,,,,114.492,pass_verified,DMV_Teilnahmen_2015_2025_VOLLSTAENDIG
DMV-154397,38176.0,38176.0,2016,2016-04-10,2016-04-10-Witten_Herbede,,,,,104.642,pass_verified,DMV_Teilnahmen_2015_2025_VOLLSTAENDIG
DMV-154398,38176.0,38176.0,2016,2016-06-05,2016-06-05-Witten_Herbede,,,,,108.409,pass_verified,DMV_Teilnahmen_2015_2025_VOLLSTAENDIG
DMV-154399,38180.0,38180.0,2016,2016-05-01,2016-05-01-Berlin_Reinickendorf,,,,,101.86,pass_verified,DMV_Teilnahmen_2015_2025_VOLLSTAENDIG
DMV-154400,38180.0,38180.0,2016,2016-04-17,2016-04-17-Karlshagen,,,,,105.087,pass_verified,DMV_Teilnahmen_2015_2025_VOLLSTAENDIG
DMV-154401,38180.0,38180.0,2016,2016-05-01,2016-05-01-Berlin_MärkischesViertel,,,,,101.86,pass_verified,DMV_Teilnahmen_2015_2025_VOLLSTAENDIG
DMV-154402,38180.0,38180.0,2016,2016-05-22,2016-05-22-Berlin_Tegel_Adelheidallee,,,,,108.389,pass_verified,DMV_Teilnahmen_2015_2025_VOLLSTAENDIG
DMV-154403,38180.0,38180.0,2016,2016-06-12,2016-06-12-Berlin_Lankwitz,,,,,103.077,pass_verified,DMV_Teilnahmen_2015_2025_VOLLSTAENDIG
DMV-154404,38180.0,38180.0,2016,2016-06-05,2016-06-05-Berlin_Lankwitz,,,,,102.912,pass_verified,DMV_Teilnahmen_2015_2025_VOLLSTAENDIG
DMV-154405,38180.0,38180.0,2016,2016-09-04,2016-09-04-Berlin_Spandau,"3. Bundesliga Nord, Staffel I, 5. Spieltag",Dormagen,,,101.278,pass_verified,DMV_Teilnahmen_2015_2025_VOLLSTAENDIG
DMV-154406,38180.0,38180.0,2016,2016-11-05,2016-11-05-Eibenstock_Halle,,,,,104.734,pass_verified,DMV_Teilnahmen_2015_2025_VOLLSTAENDIG
DMV-154407,38197.0,38197.0,2016,2016-04-17,2016-04-17-Ludwigsburg,,,,,105.868,pass_verified,DMV_Teilnahmen_2015_2025_VOLLSTAENDIG
DMV-154408,38197.0,38197.0,2016,2016-05-15,2016-05-15-Metzingen,,,,,100.892,pass_verified,DMV_Teilnahmen_2015_2025_VOLLSTAENDIG
DMV-154409,38197.0,38197.0,2016,2016-05-22,2016-05-22-Wendlingen,,,,,103.031,pass_verified,DMV_Teilnahmen_2015_2025_VOLLSTAENDIG
DMV-154410,38197.0,38197.0,2016,2016-06-05,2016-06-05-Wernau,,,,,102.217,pass_verified,DMV_Teilnahmen_2015_2025_VOLLSTAENDIG
DMV-154411,38197.0,38197.0,2016,2016-06-19,2016-06-19-Ulm,,,,,106.783,pass_verified,DMV_Teilnahmen_2015_2025_VOLLSTAENDIG
DMV-154412,38197.0,38197.0,2016,2016-07-31,2016-07-31-Metzingen,,,,,103.216,pass_verified,DMV_Teilnahmen_2015_2025_VOLLSTAENDIG
DMV-154413,38197.0,38197.0,2016,2016-09-04,2016-09-04-Bad_Urach,"3. Bundesliga Nord, Staffel I, 5. Spieltag",Dormagen,,,104.098,pass_verified,DMV_Teilnahmen_2015_2025_VOLLSTAENDIG
DMV-154414,38199.0,38199.0,2016,2016-05-26,2016-05-26-Kelheim,,,,,106.431,pass_verified,DMV_Teilnahmen_2015_2025_VOLLSTAENDIG
DMV-154415,38199.0,38199.0,2016,2016-06-05,2016-06-05-Murnau_See,"MVBN-Verbandsliga Süd, 3. Punktspiel",Gebhardshagen,,11.0,105.499,pass_verified,DMV_Teilnahmen_2015_2025_VOLLSTAENDIG
DMV-154416,38199.0,38199.0,2016,2016-08-07,2016-08-07-Garmisch_Partenkirchen,"NBV-Landesliga Staffel I, 5. Spieltag",Kaarst,,,110.715,pass_verified,DMV_Teilnahmen_2015_2025_VOLLSTAENDIG
DMV-154417,38199.0,38199.0,2016,2016-08-14,2016-08-14-Illertissen,26. Rebland-Turnier,Ohlsbach,,,108.826,pass_verified,DMV_Teilnahmen_2015_2025_VOLLSTAENDIG
DMV-154418,38199.0,38199.0,2016,2016-08-28,2016-08-28-Kempten_Steinbruch,,,,,107.878,pass_verified,DMV_Teilnahmen_2015_2025_VOLLSTAENDIG
DMV-154419,38199.0,38199.0,2016,2016-09-04,2016-09-04-Kempten_Steinbruch,"3. Bundesliga Nord, Staffel I, 5. Spieltag",Dormagen,,,105.616,pass_verified,DMV_Teilnahmen_2015_2025_VOLLSTAENDIG
DMV-154420,38200.0,38200.0,2016,2016-06-05,2016-06-05-Karlsfeld,,,,,114.568,pass_verified,DMV_Teilnahmen_2015_2025_VOLLSTAENDIG
DMV-154421,38200.0,38200.0,2016,2016-09-04,2016-09-04-Olching2,"3. Bundesliga Nord, Staffel I, 5. Spieltag",Dormagen,,,115.007,pass_verified,DMV_Teilnahmen_2015_2025_VOLLSTAENDIG
DMV-154422,38200.0,38200.0,2016,2016-09-11,2016-09-11-Ottobrunn,,,,,115.877,pass_verified,DMV_Teilnahmen_2015_2025_VOLLSTAENDIG
DMV-154423,38201.0,38201.0,2016,2016-01-30,2016-01-30-Mannheim_Sandhofen_Halle,,,,,102.523,pass_verified,DMV_Teilnahmen_2015_2025_VOLLSTAENDIG
DMV-154424,38201.0,38201.0,2016,2016-03-26,2016-03-26-Weinheim,,,,,103.592,pass_verified,DMV_Teilnahmen_2015_2025_VOLLSTAENDIG
DMV-154425,38201.0,38201.0,2016,2016-03-27,2016-03-27-Bad_Homburg_Kirdorf,51. internationales Osterturnier (Beton),Weinheim,,6.0,109.695,pass_verified,DMV_Teilnahmen_2015_2025_VOLLSTAENDIG
DMV-154426,38201.0,38201.0,2016,2016-04-10,2016-04-10-Arheilgen,,,,,107.985,pass_verified,DMV_Teilnahmen_2015_2025_VOLLSTAENDIG
DMV-154427,38201.0,38201.0,2016,2016-05-01,2016-05-01-Pfungstadt,,,,,102.901,pass_verified,DMV_Teilnahmen_2015_2025_VOLLSTAENDIG
DMV-154428,38201.0,38201.0,2016,2016-05-22,2016-05-22-Dreieich,,,,,102.753,pass_verified,DMV_Teilnahmen_2015_2025_VOLLSTAENDIG
DMV-154429,38201.0,38201.0,2016,2016-05-29,2016-05-29-Bensheim,MRP-Jugendliga/A-Rangliste,Mainz,,,106.433,pass_verified,DMV_Teilnahmen_2015_2025_VOLLSTAENDIG
DMV-154430,38201.0,38201.0,2016,2016-06-05,2016-06-05-Bad_Soden,,,,,104.008,pass_verified,DMV_Teilnahmen_2015_2025_VOLLSTAENDIG
DMV-154431,38201.0,38201.0,2016,2016-06-19,2016-06-19-Arheilgen,,,,,104.736,pass_verified,DMV_Teilnahmen_2015_2025_VOLLSTAENDIG
DMV-154432,38201.0,38201.0,2016,2016-07-31,2016-07-31-Weiterstadt,,,,,105.835,pass_verified,DMV_Teilnahmen_2015_2025_VOLLSTAENDIG
DMV-154433,38201.0,38201.0,2016,2016-08-07,2016-08-07-Biskirchen,"NBV-Landesliga Staffel I, 5. Spieltag",Kaarst,,,104.721,pass_verified,DMV_Teilnahmen_2015_2025_VOLLSTAENDIG
DMV-154434,38201.0,38201.0,2016,2016-08-27,2016-08-27-Pfungstadt,,,,,105.951,pass_verified,DMV_Teilnahmen_2015_2025_VOLLSTAENDIG
DMV-154435,38201.0,38201.0,2016,2016-09-24,2016-09-24-Bad_Homburg_Hirschgarten+Dreieich,,,,,104.644,pass_verified,DMV_Teilnahmen_2015_2025_VOLLSTAENDIG
DMV-154436,38205.0,38205.0,2016,2016-04-17,2016-04-17-Kerpen,1. Spieltag 1. Bundesliga Nord,Kerpen,,14.0,99.784,pass_verified,DMV_Teilnahmen_2015_2025_VOLLSTAENDIG
DMV-154437,38205.0,38205.0,2016,2016-05-22,2016-05-22-Dormagen_Hackenbroich,"1. Bundesliga Nord, 2. Spieltag",Dormagen,,14.0,99.677,pass_verified,DMV_Teilnahmen_2015_2025_VOLLSTAENDIG
DMV-154438,38205.0,38205.0,2016,2016-06-05,2016-06-05-Hamburg_Rahlstedt,"1. Bundesliga Nord, 3. Spieltag",Hamburg,,,98.983,pass_verified,DMV_Teilnahmen_2015_2025_VOLLSTAENDIG
DMV-154439,38205.0,38205.0,2016,2016-06-19,2016-06-19-Bad_Münder,"1. Bundesliga Nord, 4. Spieltag",Bad Münder,,,100.407,pass_verified,DMV_Teilnahmen_2015_2025_VOLLSTAENDIG
DMV-154440,38205.0,38205.0,2016,2016-10-01,2016-10-01-Bad_Münder,Europacup 2016,Neutraubling,,,100.956,pass_verified,DMV_Teilnahmen_2015_2025_VOLLSTAENDIG
DMV-154441,38208.0,38208.0,2016,2016-04-17,2016-04-17-Kerpen,1. Spieltag 1. Bundesliga Nord,Kerpen,,27.0,102.534,pass_verified,DMV_Teilnahmen_2015_2025_VOLLSTAENDIG
DMV-154442,38208.0,38208.0,2016,2016-05-22,2016-05-22-Dormagen_Hackenbroich,"1. Bundesliga Nord, 2. Spieltag",Dormagen,,20.0,100.677,pass_verified,DMV_Teilnahmen_2015_2025_VOLLSTAENDIG
DMV-154443,38208.0,38208.0,2016,2016-06-05,2016-06-05-Hamburg_Rahlstedt,"1. Bundesliga Nord, 3. Spieltag",Hamburg,,,98.983,pass_verified,DMV_Teilnahmen_2015_2025_VOLLSTAENDIG
DMV-154444,38208.0,38208.0,2016,2016-06-19,2016-06-19-Bad_Münder,"1. Bundesliga Nord, 4. Spieltag",Bad Münder,,,103.407,pass_verified,DMV_Teilnahmen_2015_2025_VOLLSTAENDIG
DMV-154445,38208.0,38208.0,2016,2016-10-01,2016-10-01-Bad_Münder,Europacup 2016,Neutraubling,,,100.956,pass_verified,DMV_Teilnahmen_2015_2025_VOLLSTAENDIG
DMV-154446,38210.0,38210.0,2016,2016-04-10,2016-04-10-Berlin_Tempelhof,,,,,105.499,pass_verified,DMV_Teilnahmen_2015_2025_VOLLSTAENDIG
DMV-154447,38210.0,38210.0,2016,2016-05-01,2016-05-01-Berlin_Reinickendorf,,,,,104.36,pass_verified,DMV_Teilnahmen_2015_2025_VOLLSTAENDIG
DMV-154448,38210.0,38210.0,2016,2016-04-10,2016-04-10-Berlin_Marienfelde,,,,,105.499,pass_verified,DMV_Teilnahmen_2015_2025_VOLLSTAENDIG
DMV-154449,38210.0,38210.0,2016,2016-04-17,2016-04-17-Berlin_Tegel_Adelheidallee,,,,,104.381,pass_verified,DMV_Teilnahmen_2015_2025_VOLLSTAENDIG
DMV-154450,38210.0,38210.0,2016,2016-05-01,2016-05-01-Berlin_MärkischesViertel,,,,,104.36,pass_verified,DMV_Teilnahmen_2015_2025_VOLLSTAENDIG
DMV-154451,38210.0,38210.0,2016,2016-05-22,2016-05-22-Kiel_Gaarden,,,,,103.714,pass_verified,DMV_Teilnahmen_2015_2025_VOLLSTAENDIG
DMV-154452,38210.0,38210.0,2016,2016-05-29,2016-05-29-Berlin_Tegel_Adelheidallee,MRP-Jugendliga/A-Rangliste,Mainz,,,106.159,pass_verified,DMV_Teilnahmen_2015_2025_VOLLSTAENDIG
DMV-154453,38210.0,38210.0,2016,2016-06-05,2016-06-05-Berlin_Marienfelde,,,,,104.47,pass_verified,DMV_Teilnahmen_2015_2025_VOLLSTAENDIG
DMV-154454,38210.0,38210.0,2016,2016-08-18,2016-08-18-Traben_Trarbach,,,,,103.954,pass_verified,DMV_Teilnahmen_2015_2025_VOLLSTAENDIG
DMV-154455,38213.0,38213.0,2016,2016-05-08,2016-05-08-Köthen,Badische Meisterschaften,Tuttlingen,,,113.063,pass_verified,DMV_Teilnahmen_2015_2025_VOLLSTAENDIG
DMV-154456,38213.0,38213.0,2016,2016-06-12,2016-06-12-Havelberg,,,,,107.78,pass_verified,DMV_Teilnahmen_2015_2025_VOLLSTAENDIG
DMV-154457,38213.0,38213.0,2016,2016-08-27,2016-08-27-Hamburg_Lurup,,,,,107.005,pass_verified,DMV_Teilnahmen_2015_2025_VOLLSTAENDIG
DMV-154458,38213.0,38213.0,2016,2016-09-25,2016-09-25-Leipzig_Probstheida,,,,,107.924,pass_verified,DMV_Teilnahmen_2015_2025_VOLLSTAENDIG
DMV-154459,38216.0,38216.0,2016,2016-04-10,2016-04-10-Uerdingen,,,,,111.903,pass_verified,DMV_Teilnahmen_2015_2025_VOLLSTAENDIG
DMV-154460,38216.0,38216.0,2016,2016-05-22,2016-05-22-Mönchengladbach,,,,,110.453,pass_verified,DMV_Teilnahmen_2015_2025_VOLLSTAENDIG
DMV-154461,38216.0,38216.0,2016,2016-06-05,2016-06-05-Dormagen,,,,,108.947,pass_verified,DMV_Teilnahmen_2015_2025_VOLLSTAENDIG
DMV-154462,38216.0,38216.0,2016,2016-06-19,2016-06-19-Dormagen_Hackenbroich,,,,,113.56,pass_verified,DMV_Teilnahmen_2015_2025_VOLLSTAENDIG
DMV-154463,38216.0,38216.0,2016,2016-08-07,2016-08-07-Duisburg_Rheinhausen,"NBV-Landesliga Staffel I, 5. Spieltag",Kaarst,,,117.884,pass_verified,DMV_Teilnahmen_2015_2025_VOLLSTAENDIG
DMV-154464,38216.0,38216.0,2016,2016-09-04,2016-09-04-Kaarst,"3. Bundesliga Nord, Staffel I, 5. Spieltag",Dormagen,,,114.065,pass_verified,DMV_Teilnahmen_2015_2025_VOLLSTAENDIG
DMV-154465,38216.0,38216.0,2016,2016-09-04,2016-09-04-Büttgen,"3. Bundesliga Nord, Staffel I, 5. Spieltag",Dormagen,,,114.065,pass_verified,DMV_Teilnahmen_2015_2025_VOLLSTAENDIG
DMV-154466,38218.0,38218.0,2016,2016-04-10,2016-04-10-Attendorn,,,,,107.565,pass_verified,DMV_Teilnahmen_2015_2025_VOLLSTAENDIG
DMV-154467,38218.0,38218.0,2016,2016-05-22,2016-05-22-Biebertal,,,,,108.622,pass_verified,DMV_Teilnahmen_2015_2025_VOLLSTAENDIG
DMV-154468,38219.0,38219.0,2016,2016-04-10,2016-04-10-Paderborn_Lieth,,,,,107.829,pass_verified,DMV_Teilnahmen_2015_2025_VOLLSTAENDIG
DMV-154469,38219.0,38219.0,2016,2016-05-14,2016-05-14-Neheim_Hüsten,,,,,105.304,pass_verified,DMV_Teilnahmen_2015_2025_VOLLSTAENDIG
DMV-154470,38219.0,38219.0,2016,2016-05-22,2016-05-22-Bad_Salzuflen,,,,,111.362,pass_verified,DMV_Teilnahmen_2015_2025_VOLLSTAENDIG
DMV-154471,38219.0,38219.0,2016,2016-06-05,2016-06-05-Detmold,,,,,106.783,pass_verified,DMV_Teilnahmen_2015_2025_VOLLSTAENDIG
DMV-154472,38219.0,38219.0,2016,2016-06-19,2016-06-19-Paderborn_Fischteiche,,,,,105.917,pass_verified,DMV_Teilnahmen_2015_2025_VOLLSTAENDIG
DMV-154473,38219.0,38219.0,2016,2016-08-18,2016-08-18-Traben_Trarbach,,,,,104.079,pass_verified,DMV_Teilnahmen_2015_2025_VOLLSTAENDIG
DMV-154474,38226.0,38226.0,2016,2016-03-27,2016-03-27-Landshut,,,,,106.191,pass_verified,DMV_Teilnahmen_2015_2025_VOLLSTAENDIG
DMV-154475,38226.0,38226.0,2016,2016-03-28,2016-03-28-Kempten_Steinbruch,,,,,104.984,pass_verified,DMV_Teilnahmen_2015_2025_VOLLSTAENDIG
DMV-154476,38226.0,38226.0,2016,2016-04-24,2016-04-24-Olching,,,,,98.28,pass_verified,DMV_Teilnahmen_2015_2025_VOLLSTAENDIG
DMV-154477,38226.0,38226.0,2016,2016-05-15,2016-05-15-Metzingen,,,,,101.892,pass_verified,DMV_Teilnahmen_2015_2025_VOLLSTAENDIG
DMV-154478,38226.0,38226.0,2016,2016-06-05,2016-06-05-Murnau_See,,,,,98.749,pass_verified,DMV_Teilnahmen_2015_2025_VOLLSTAENDIG
DMV-154479,38226.0,38226.0,2016,2016-07-31,2016-07-31-Illertissen,,,,,100.245,pass_verified,DMV_Teilnahmen_2015_2025_VOLLSTAENDIG
DMV-154480,38226.0,38226.0,2016,2016-08-07,2016-08-07-Garmisch_Partenkirchen,"NBV-Landesliga Staffel I, 5. Spieltag",Kaarst,,,100.715,pass_verified,DMV_Teilnahmen_2015_2025_VOLLSTAENDIG
DMV-154481,38226.0,38226.0,2016,2016-08-14,2016-08-14-Illertissen,26. Rebland-Turnier,Ohlsbach,,,102.326,pass_verified,DMV_Teilnahmen_2015_2025_VOLLSTAENDIG
DMV-154482,38226.0,38226.0,2016,2016-08-21,2016-08-21-Olching,,,,,102.747,pass_verified,DMV_Teilnahmen_2015_2025_VOLLSTAENDIG
DMV-154483,38226.0,38226.0,2016,2016-08-28,2016-08-28-Kempten_Steinbruch,,,,,102.544,pass_verified,DMV_Teilnahmen_2015_2025_VOLLSTAENDIG
DMV-154484,38226.0,38226.0,2016,2016-09-11,2016-09-11-München_Feldmoching,,,,,103.152,pass_verified,DMV_Teilnahmen_2015_2025_VOLLSTAENDIG
DMV-154485,38226.0,38226.0,2016,2016-10-01,2016-10-01-Landshut2,Europacup 2016,Neutraubling,,,101.453,pass_verified,DMV_Teilnahmen_2015_2025_VOLLSTAENDIG
DMV-154486,38227.0,38227.0,2016,2016-04-17,2016-04-17-Sindelfingen,,,,,108.383,pass_verified,DMV_Teilnahmen_2015_2025_VOLLSTAENDIG
DMV-154487,38227.0,38227.0,2016,2016-05-22,2016-05-22-Hechingen,,,,,107.789,pass_verified,DMV_Teilnahmen_2015_2025_VOLLSTAENDIG
DMV-154488,38227.0,38227.0,2016,2016-06-05,2016-06-05-Ludwigsburg,,,,,105.633,pass_verified,DMV_Teilnahmen_2015_2025_VOLLSTAENDIG
DMV-154489,38227.0,38227.0,2016,2016-06-19,2016-06-19-Unterschneidheim,,,,,107.289,pass_verified,DMV_Teilnahmen_2015_2025_VOLLSTAENDIG
DMV-154490,38240.0,38240.0,2016,2016-04-10,2016-04-10-Neu_Wulmstorf,,,,,107.051,pass_verified,DMV_Teilnahmen_2015_2025_VOLLSTAENDIG
DMV-154491,38240.0,38240.0,2016,2016-04-17,2016-04-17-Neu_Wulmstorf,,,,,109.88,pass_verified,DMV_Teilnahmen_2015_2025_VOLLSTAENDIG
DMV-154492,38240.0,38240.0,2016,2016-04-24,2016-04-24-Hamburg_Niendorf,,,,,109.851,pass_verified,DMV_Teilnahmen_2015_2025_VOLLSTAENDIG
DMV-154493,38240.0,38240.0,2016,2016-05-01,2016-05-01-Hamburg_Niendorf,,,,,104.177,pass_verified,DMV_Teilnahmen_2015_2025_VOLLSTAENDIG
DMV-154494,38240.0,38240.0,2016,2016-05-29,2016-05-29-Hamburg_Rahlstedt,MRP-Jugendliga/A-Rangliste,Mainz,,,106.53,pass_verified,DMV_Teilnahmen_2015_2025_VOLLSTAENDIG
DMV-154495,38240.0,38240.0,2016,2016-09-04,2016-09-04-Hamburg_Rahlstedt,"3. Bundesliga Nord, Staffel I, 5. Spieltag",Dormagen,,,113.878,pass_verified,DMV_Teilnahmen_2015_2025_VOLLSTAENDIG
DMV-154496,38240.0,38240.0,2016,2016-09-25,2016-09-25-Neu_Wulmstorf,,,,,108.321,pass_verified,DMV_Teilnahmen_2015_2025_VOLLSTAENDIG
DMV-154497,38241.0,38241.0,2016,2016-04-10,2016-04-10-Neu_Wulmstorf,,,,,110.801,pass_verified,DMV_Teilnahmen_2015_2025_VOLLSTAENDIG
DMV-154498,38241.0,38241.0,2016,2016-04-17,2016-04-17-Neu_Wulmstorf,,,,,112.88,pass_verified,DMV_Teilnahmen_2015_2025_VOLLSTAENDIG
DMV-154499,38241.0,38241.0,2016,2016-04-24,2016-04-24-Hamburg_Niendorf,,,,,109.101,pass_verified,DMV_Teilnahmen_2015_2025_VOLLSTAENDIG
DMV-154500,38241.0,38241.0,2016,2016-05-01,2016-05-01-Hamburg_Niendorf,,,,,105.927,pass_verified,DMV_Teilnahmen_2015_2025_VOLLSTAENDIG
DMV-154501,38241.0,38241.0,2016,2016-05-22,2016-05-22-Hamburg_Lurup,,,,,110.81,pass_verified,DMV_Teilnahmen_2015_2025_VOLLSTAENDIG
DMV-154502,38241.0,38241.0,2016,2016-05-29,2016-05-29-Hamburg_Rahlstedt,MRP-Jugendliga/A-Rangliste,Mainz,,,105.53,pass_verified,DMV_Teilnahmen_2015_2025_VOLLSTAENDIG
DMV-154503,38241.0,38241.0,2016,2016-06-12,2016-06-12-Hamburg_Lurup,,,,,101.834,pass_verified,DMV_Teilnahmen_2015_2025_VOLLSTAENDIG
DMV-154504,38241.0,38241.0,2016,2016-06-19,2016-06-19-Hamburg_Lohbrügge,,,,,113.736,pass_verified,DMV_Teilnahmen_2015_2025_VOLLSTAENDIG
DMV-154505,38241.0,38241.0,2016,2016-08-27,2016-08-27-Hamburg_Lurup,,,,,104.005,pass_verified,DMV_Teilnahmen_2015_2025_VOLLSTAENDIG
DMV-154506,38241.0,38241.0,2016,2016-09-04,2016-09-04-Hamburg_Rahlstedt,"3. Bundesliga Nord, Staffel I, 5. Spieltag",Dormagen,,,116.211,pass_verified,DMV_Teilnahmen_2015_2025_VOLLSTAENDIG
DMV-154507,38241.0,38241.0,2016,2016-09-25,2016-09-25-Neu_Wulmstorf,,,,,111.321,pass_verified,DMV_Teilnahmen_2015_2025_VOLLSTAENDIG
DMV-154508,38241.0,38241.0,2016,2016-10-02,2016-10-02-Hamburg_Lohbrügge,,,,,112.549,pass_verified,DMV_Teilnahmen_2015_2025_VOLLSTAENDIG
DMV-154509,38243.0,38243.0,2016,2016-04-24,2016-04-24-Olching,,,,,112.614,pass_verified,DMV_Teilnahmen_2015_2025_VOLLSTAENDIG
DMV-154510,38243.0,38243.0,2016,2016-05-26,2016-05-26-Kelheim,,,,,104.348,pass_verified,DMV_Teilnahmen_2015_2025_VOLLSTAENDIG
DMV-154511,38243.0,38243.0,2016,2016-06-05,2016-06-05-Karlsfeld,"MVBN-Verbandsliga Süd, 3. Punktspiel",Gebhardshagen,,6.0,104.318,pass_verified,DMV_Teilnahmen_2015_2025_VOLLSTAENDIG
DMV-154512,38243.0,38243.0,2016,2016-06-12,2016-06-12-Ottobrunn,,,,,104.5,pass_verified,DMV_Teilnahmen_2015_2025_VOLLSTAENDIG
DMV-154513,38243.0,38243.0,2016,2016-06-26,2016-06-26-Bad_Feilnbach,,,,,104.781,pass_verified,DMV_Teilnahmen_2015_2025_VOLLSTAENDIG
DMV-154514,38243.0,38243.0,2016,2016-08-21,2016-08-21-Olching,,,,,102.747,pass_verified,DMV_Teilnahmen_2015_2025_VOLLSTAENDIG
DMV-154515,38243.0,38243.0,2016,2016-09-04,2016-09-04-Olching2,"3. Bundesliga Nord, Staffel I, 5. Spieltag",Dormagen,,,102.257,pass_verified,DMV_Teilnahmen_2015_2025_VOLLSTAENDIG
DMV-154516,38243.0,38243.0,2016,2016-09-25,2016-09-25-Karlsfeld,,,,,106.743,pass_verified,DMV_Teilnahmen_2015_2025_VOLLSTAENDIG
DMV-154517,38245.0,38245.0,2016,2016-03-13,2016-03-13-Köln_Freizeitinsel,,,,,107.194,pass_verified,DMV_Teilnahmen_2015_2025_VOLLSTAENDIG
DMV-154518,38245.0,38245.0,2016,2016-04-10,2016-04-10-Köln_Freizeitinsel,,,,,105.646,pass_verified,DMV_Teilnahmen_2015_2025_VOLLSTAENDIG
DMV-154519,38245.0,38245.0,2016,2016-05-22,2016-05-22-Bad_Godesberg,,,,,112.129,pass_verified,DMV_Teilnahmen_2015_2025_VOLLSTAENDIG
DMV-154520,38245.0,38245.0,2016,2016-06-05,2016-06-05-Paffendorf,,,,,105.404,pass_verified,DMV_Teilnahmen_2015_2025_VOLLSTAENDIG
DMV-154521,38245.0,38245.0,2016,2016-07-23,2016-07-23-Kerpen,,,,,108.517,pass_verified,DMV_Teilnahmen_2015_2025_VOLLSTAENDIG
DMV-154522,38245.0,38245.0,2016,2016-08-07,2016-08-07-Kerpen,"NBV-Landesliga Staffel I, 5. Spieltag",Kaarst,,,107.088,pass_verified,DMV_Teilnahmen_2015_2025_VOLLSTAENDIG
DMV-154523,38245.0,38245.0,2016,2016-09-25,2016-09-25-Kaarst,,,,,105.191,pass_verified,DMV_Teilnahmen_2015_2025_VOLLSTAENDIG
DMV-154524,38245.0,38245.0,2016,2016-10-29,2016-10-29-Paffendorf,,,,,109.794,pass_verified,DMV_Teilnahmen_2015_2025_VOLLSTAENDIG
DMV-154525,38245.0,38245.0,2016,2016-09-25,2016-09-25-Büttgen,,,,,105.191,pass_verified,DMV_Teilnahmen_2015_2025_VOLLSTAENDIG
DMV-154526,38248.0,38248.0,2016,2016-04-17,2016-04-17-Bremen_Vahr,,,,,105.221,pass_verified,DMV_Teilnahmen_2015_2025_VOLLSTAENDIG
DMV-154527,38248.0,38248.0,2016,2016-05-22,2016-05-22-Bremen_Hastedt,,,,,108.489,pass_verified,DMV_Teilnahmen_2015_2025_VOLLSTAENDIG
DMV-154528,38248.0,38248.0,2016,2016-06-05,2016-06-05-Bremen_Vahr,,,,,105.321,pass_verified,DMV_Teilnahmen_2015_2025_VOLLSTAENDIG
DMV-154529,38248.0,38248.0,2016,2016-06-19,2016-06-19-Cuxhaven,,,,,109.661,pass_verified,DMV_Teilnahmen_2015_2025_VOLLSTAENDIG
DMV-154530,38248.0,38248.0,2016,2016-07-31,2016-07-31-Lüneburg,,,,,105.492,pass_verified,DMV_Teilnahmen_2015_2025_VOLLSTAENDIG
DMV-154531,38260.0,38260.0,2016,2016-05-14,2016-05-14-Neheim_Hüsten,,,,,101.304,pass_verified,DMV_Teilnahmen_2015_2025_VOLLSTAENDIG
DMV-154532,38260.0,38260.0,2016,2016-04-17,2016-04-17-Göttingen_Grone,,,,,101.464,pass_verified,DMV_Teilnahmen_2015_2025_VOLLSTAENDIG
DMV-154533,38260.0,38260.0,2016,2016-05-22,2016-05-22-Bottrop_Overbeckshof,,,,,99.306,pass_verified,DMV_Teilnahmen_2015_2025_VOLLSTAENDIG
DMV-154534,38260.0,38260.0,2016,2016-06-05,2016-06-05-Velbert_Hardenberg,,,,,101.971,pass_verified,DMV_Teilnahmen_2015_2025_VOLLSTAENDIG
DMV-154535,38260.0,38260.0,2016,2016-06-19,2016-06-19-Göttingen_Schillerwiese,,,,,99.378,pass_verified,DMV_Teilnahmen_2015_2025_VOLLSTAENDIG
DMV-154536,38260.0,38260.0,2016,2016-07-31,2016-07-31-Neheim_Hüsten,,,,,100.377,pass_verified,DMV_Teilnahmen_2015_2025_VOLLSTAENDIG
DMV-154537,38260.0,38260.0,2016,2016-08-24,2016-08-24-Vizela,,,,,99.504,pass_verified,DMV_Teilnahmen_2015_2025_VOLLSTAENDIG
DMV-154538,38260.0,38260.0,2016,2016-09-04,2016-09-04-Kerpen,"3. Bundesliga Nord, Staffel I, 5. Spieltag",Dormagen,,,99.609,pass_verified,DMV_Teilnahmen_2015_2025_VOLLSTAENDIG
DMV-154539,38261.0,38261.0,2016,2016-04-10,2016-04-10-Rheinau_Freistett,,,,,103.57,pass_verified,DMV_Teilnahmen_2015_2025_VOLLSTAENDIG
DMV-154540,38261.0,38261.0,2016,2016-05-01,2016-05-01-Ilvesheim,,,,,103.291,pass_verified,DMV_Teilnahmen_2015_2025_VOLLSTAENDIG
DMV-154541,38261.0,38261.0,2016,2016-05-07,2016-05-07-Tuttlingen,,,,,106.523,pass_verified,DMV_Teilnahmen_2015_2025_VOLLSTAENDIG
DMV-154542,38261.0,38261.0,2016,2016-06-05,2016-06-05-Inzlingen,,,,,101.595,pass_verified,DMV_Teilnahmen_2015_2025_VOLLSTAENDIG
DMV-154543,38261.0,38261.0,2016,2016-07-31,2016-07-31-Singen,,,,,101.246,pass_verified,DMV_Teilnahmen_2015_2025_VOLLSTAENDIG
DMV-154544,38262.0,38262.0,2016,2016-01-09,2016-01-09-Hohenems_Halle,,,,,108.685,pass_verified,DMV_Teilnahmen_2015_2025_VOLLSTAENDIG
DMV-154545,38262.0,38262.0,2016,2016-05-07,2016-05-07-Tuttlingen,,,,,110.273,pass_verified,DMV_Teilnahmen_2015_2025_VOLLSTAENDIG
DMV-154546,38262.0,38262.0,2016,2016-05-22,2016-05-22-Sulzfeld,"NBV-Landesliga Staffel 1, 2. Spieltag",Kerpen,,8.0,108.078,pass_verified,DMV_Teilnahmen_2015_2025_VOLLSTAENDIG
DMV-154547,38262.0,38262.0,2016,2016-06-05,2016-06-05-Ilvesheim,,,,,108.379,pass_verified,DMV_Teilnahmen_2015_2025_VOLLSTAENDIG
DMV-154548,38262.0,38262.0,2016,2016-06-29,2016-06-29-Singen,,,,,107.726,pass_verified,DMV_Teilnahmen_2015_2025_VOLLSTAENDIG
DMV-154549,38262.0,38262.0,2016,2016-07-31,2016-07-31-Tuttlingen,"Verbandsliga Baden, 4. Spieltag",Tuttlingen,,,104.578,pass_verified,DMV_Teilnahmen_2015_2025_VOLLSTAENDIG
DMV-154550,38262.0,38262.0,2016,2016-09-04,2016-09-04-Singen,"3. Bundesliga Nord, Staffel I, 5. Spieltag",Dormagen,,,103.502,pass_verified,DMV_Teilnahmen_2015_2025_VOLLSTAENDIG
DMV-154551,38267.0,38267.0,2016,2016-04-10,2016-04-10-Trappenkamp,,,,,105.327,pass_verified,DMV_Teilnahmen_2015_2025_VOLLSTAENDIG
DMV-154552,38267.0,38267.0,2016,2016-04-17,2016-04-17-Elmshorn,,,,,103.621,pass_verified,DMV_Teilnahmen_2015_2025_VOLLSTAENDIG
DMV-154553,38267.0,38267.0,2016,2016-05-01,2016-05-01-Bad_Oldesloe,,,,,102.511,pass_verified,DMV_Teilnahmen_2015_2025_VOLLSTAENDIG
DMV-154554,38267.0,38267.0,2016,2016-05-08,2016-05-08-Trappenkamp,Badische Meisterschaften,Tuttlingen,,,104.116,pass_verified,DMV_Teilnahmen_2015_2025_VOLLSTAENDIG
DMV-154555,38267.0,38267.0,2016,2016-05-22,2016-05-22-Preetz,,,,,104.162,pass_verified,DMV_Teilnahmen_2015_2025_VOLLSTAENDIG
DMV-154556,38267.0,38267.0,2016,2016-06-05,2016-06-05-Kiel_West,,,,,104.941,pass_verified,DMV_Teilnahmen_2015_2025_VOLLSTAENDIG
DMV-154557,38267.0,38267.0,2016,2016-06-12,2016-06-12-Brunsbüttel,,,,,105.506,pass_verified,DMV_Teilnahmen_2015_2025_VOLLSTAENDIG
DMV-154558,38267.0,38267.0,2016,2016-06-19,2016-06-19-Trappenkamp,,,,,108.457,pass_verified,DMV_Teilnahmen_2015_2025_VOLLSTAENDIG
DMV-154559,38267.0,38267.0,2016,2016-07-24,2016-07-24-Bad_Oldesloe,,,,,107.354,pass_verified,DMV_Teilnahmen_2015_2025_VOLLSTAENDIG
DMV-154560,38267.0,38267.0,2016,2016-08-06,2016-08-06-Bad_Oldesloe,,,,,104.746,pass_verified,DMV_Teilnahmen_2015_2025_VOLLSTAENDIG
DMV-154561,38267.0,38267.0,2016,2016-08-27,2016-08-27-Hamburg_Lurup,,,,,107.291,pass_verified,DMV_Teilnahmen_2015_2025_VOLLSTAENDIG
DMV-154562,38267.0,38267.0,2016,2016-09-04,2016-09-04-Kiel_Gaarden,"3. Bundesliga Nord, Staffel I, 5. Spieltag",Dormagen,,,101.495,pass_verified,DMV_Teilnahmen_2015_2025_VOLLSTAENDIG
DMV-154563,38267.0,38267.0,2016,2016-09-18,2016-09-18-Brunsbüttel,Heven-Cup 2016,Witten,,,106.438,pass_verified,DMV_Teilnahmen_2015_2025_VOLLSTAENDIG
DMV-154564,38267.0,38267.0,2016,2016-09-18,2016-09-18-Brunsbüttel2,Heven-Cup 2016,Witten,,,105.606,pass_verified,DMV_Teilnahmen_2015_2025_VOLLSTAENDIG
DMV-154565,38267.0,38267.0,2016,2016-11-19,2016-11-19-Halver_Halle,,,,,103.412,pass_verified,DMV_Teilnahmen_2015_2025_VOLLSTAENDIG
DMV-154566,38272.0,38272.0,2016,2016-04-10,2016-04-10-Wallenhorst_Rulle,,,,,107.751,pass_verified,DMV_Teilnahmen_2015_2025_VOLLSTAENDIG
DMV-154567,38272.0,38272.0,2016,2016-04-23,2016-04-23-Herne,,,,,109.446,pass_verified,DMV_Teilnahmen_2015_2025_VOLLSTAENDIG
DMV-154568,38272.0,38272.0,2016,2016-05-22,2016-05-22-Gladbeck,,,,,106.138,pass_verified,DMV_Teilnahmen_2015_2025_VOLLSTAENDIG
DMV-154569,38272.0,38272.0,2016,2016-06-05,2016-06-05-Herten,,,,,107.821,pass_verified,DMV_Teilnahmen_2015_2025_VOLLSTAENDIG
DMV-154570,38272.0,38272.0,2016,2016-06-19,2016-06-19-Essen_Vogelheim,,,,,109.186,pass_verified,DMV_Teilnahmen_2015_2025_VOLLSTAENDIG
DMV-154571,38272.0,38272.0,2016,2016-07-13,2016-07-13-Wanne_Eickel,,,,,110.032,pass_verified,DMV_Teilnahmen_2015_2025_VOLLSTAENDIG
DMV-154572,38276.0,38276.0,2016,2016-04-17,2016-04-17-Halver,,,,,107.07,pass_verified,DMV_Teilnahmen_2015_2025_VOLLSTAENDIG
DMV-154573,38276.0,38276.0,2016,2016-07-02,2016-07-02-Gevelsberg,,,,,106.2,pass_verified,DMV_Teilnahmen_2015_2025_VOLLSTAENDIG
DMV-154574,38276.0,38276.0,2016,2016-08-07,2016-08-07-Attendorn,"NBV-Landesliga Staffel I, 5. Spieltag",Kaarst,,,106.988,pass_verified,DMV_Teilnahmen_2015_2025_VOLLSTAENDIG
DMV-154575,38276.0,38276.0,2016,2016-09-10,2016-09-10-Lüttringhausen,,,,,105.37,pass_verified,DMV_Teilnahmen_2015_2025_VOLLSTAENDIG
DMV-154576,38279.0,38279.0,2016,2016-05-22,2016-05-22-Halver,,,,,108.633,pass_verified,DMV_Teilnahmen_2015_2025_VOLLSTAENDIG
DMV-154577,38279.0,38279.0,2016,2016-06-05,2016-06-05-Gevelsberg,,,,,102.818,pass_verified,DMV_Teilnahmen_2015_2025_VOLLSTAENDIG
DMV-154578,38279.0,38279.0,2016,2016-08-07,2016-08-07-Witten_Herbede,"NBV-Landesliga Staffel I, 5. Spieltag",Kaarst,,,107.32,pass_verified,DMV_Teilnahmen_2015_2025_VOLLSTAENDIG
DMV-154579,38284.0,38284.0,2016,2016-04-17,2016-04-17-Ludwigshafen,,,,,102.227,pass_verified,DMV_Teilnahmen_2015_2025_VOLLSTAENDIG
DMV-154580,38284.0,38284.0,2016,2016-10-09,2016-10-09-Schriesheim,BMW Knopf Trophy 2016,Schriesheim,,8.0,98.022,pass_verified,DMV_Teilnahmen_2015_2025_VOLLSTAENDIG
DMV-154581,38295.0,38295.0,2016,2016-04-10,2016-04-10-Wallenhorst_Rulle,,,,,106.751,pass_verified,DMV_Teilnahmen_2015_2025_VOLLSTAENDIG
DMV-154582,38295.0,38295.0,2016,2016-05-22,2016-05-22-Gladbeck,,,,,104.638,pass_verified,DMV_Teilnahmen_2015_2025_VOLLSTAENDIG
DMV-154583,38295.0,38295.0,2016,2016-06-05,2016-06-05-Herten,,,,,106.821,pass_verified,DMV_Teilnahmen_2015_2025_VOLLSTAENDIG
DMV-154584,38295.0,38295.0,2016,2016-06-19,2016-06-19-Essen_Vogelheim,,,,,102.936,pass_verified,DMV_Teilnahmen_2015_2025_VOLLSTAENDIG
DMV-154585,38295.0,38295.0,2016,2016-08-18,2016-08-18-Rauschenberg,,,,,106.219,pass_verified,DMV_Teilnahmen_2015_2025_VOLLSTAENDIG
DMV-154586,38305.0,38305.0,2016,2016-05-22,2016-05-22-Homburg_Stadtpark,,,,,112.21,pass_verified,DMV_Teilnahmen_2015_2025_VOLLSTAENDIG
DMV-154587,38307.0,38307.0,2016,2016-01-09,2016-01-09-Hohenems_Halle,,,,,102.528,pass_verified,DMV_Teilnahmen_2015_2025_VOLLSTAENDIG
DMV-154588,38307.0,38307.0,2016,2016-06-05,2016-06-05-Inzlingen,,,,,105.595,pass_verified,DMV_Teilnahmen_2015_2025_VOLLSTAENDIG
DMV-154589,38307.0,38307.0,2016,2016-07-31,2016-07-31-Singen,,,,,100.246,pass_verified,DMV_Teilnahmen_2015_2025_VOLLSTAENDIG
DMV-154590,38307.0,38307.0,2016,2016-09-04,2016-09-04-Heilbronn,"3. Bundesliga Nord, Staffel I, 5. Spieltag",Dormagen,,,103.293,pass_verified,DMV_Teilnahmen_2015_2025_VOLLSTAENDIG
DMV-154591,38307.0,38307.0,2016,2016-05-22,2016-05-22-Homburg_Stadtpark,,,,,102.21,pass_verified,DMV_Teilnahmen_2015_2025_VOLLSTAENDIG
DMV-154592,38309.0,38309.0,2016,2016-04-10,2016-04-10-Weinheim,2. Spieltag Jugendrangliste BBS / MRP,Weinheim,,7.0,109.225,pass_verified,DMV_Teilnahmen_2015_2025_VOLLSTAENDIG
DMV-154593,38309.0,38309.0,2016,2016-04-17,2016-04-17-Mainz_Hartenberg,,,,,105.673,pass_verified,DMV_Teilnahmen_2015_2025_VOLLSTAENDIG
DMV-154594,38316.0,38316.0,2016,2016-04-10,2016-04-10-Velbert_Hardenberg,"NBV-Landesliga Staffel 1, 1. Spieltag",Hardenberg,,8.0,105.44,pass_verified,DMV_Teilnahmen_2015_2025_VOLLSTAENDIG
DMV-154595,38316.0,38316.0,2016,2016-05-22,2016-05-22-Kerpen,"NBV-Landesliga Staffel 1, 2. Spieltag",Kerpen,,6.0,103.18,pass_verified,DMV_Teilnahmen_2015_2025_VOLLSTAENDIG
DMV-154596,38316.0,38316.0,2016,2016-06-05,2016-06-05-Lüdenscheid,"NBV-Landesliga I, 3. Spieltag",Lüdenscheid,,8.0,105.533,pass_verified,DMV_Teilnahmen_2015_2025_VOLLSTAENDIG
DMV-154597,38316.0,38316.0,2016,2016-06-19,2016-06-19-Velbert_Langenberg,,,,,103.785,pass_verified,DMV_Teilnahmen_2015_2025_VOLLSTAENDIG
DMV-154598,38316.0,38316.0,2016,2016-08-07,2016-08-07-Kaarst,"NBV-Landesliga Staffel I, 5. Spieltag",Kaarst,,4.0,103.659,pass_verified,DMV_Teilnahmen_2015_2025_VOLLSTAENDIG
DMV-154599,38316.0,38316.0,2016,2016-09-25,2016-09-25-Kaarst,,,,,104.191,pass_verified,DMV_Teilnahmen_2015_2025_VOLLSTAENDIG
DMV-154600,38316.0,38316.0,2016,2016-10-23,2016-10-23-Gevelsberg,,,,,103.502,pass_verified,DMV_Teilnahmen_2015_2025_VOLLSTAENDIG
DMV-154601,38316.0,38316.0,2016,2016-09-25,2016-09-25-Büttgen,,,,,104.191,pass_verified,DMV_Teilnahmen_2015_2025_VOLLSTAENDIG
DMV-154602,38316.0,38316.0,2016,2016-11-19,2016-11-19-Halver_Halle,,,,,102.412,pass_verified,DMV_Teilnahmen_2015_2025_VOLLSTAENDIG
DMV-154603,38316.0,38316.0,2016,2016-12-17,2016-12-17-Halver_Halle,,,,,106.633,pass_verified,DMV_Teilnahmen_2015_2025_VOLLSTAENDIG
DMV-154604,38324.0,38324.0,2016,2016-04-17,2016-04-17-Arheilgen,,,,,102.275,pass_verified,DMV_Teilnahmen_2015_2025_VOLLSTAENDIG
DMV-154605,38324.0,38324.0,2016,2016-04-24,2016-04-24-Bad_Kreuznach,,,,,99.166,pass_verified,DMV_Teilnahmen_2015_2025_VOLLSTAENDIG
DMV-154606,38324.0,38324.0,2016,2016-05-01,2016-05-01-Mainz_Hartenberg,MRP - Seniorenliga/A-Rangliste,Mainz,,15.0,104.474,pass_verified,DMV_Teilnahmen_2015_2025_VOLLSTAENDIG
DMV-154607,38324.0,38324.0,2016,2016-06-12,2016-06-12-Traben_Trarbach,,,,,102.803,pass_verified,DMV_Teilnahmen_2015_2025_VOLLSTAENDIG
DMV-154608,38324.0,38324.0,2016,2016-06-19,2016-06-19-Bad_Homburg_Hirschgarten,,,,,102.924,pass_verified,DMV_Teilnahmen_2015_2025_VOLLSTAENDIG
DMV-154609,38324.0,38324.0,2016,2016-07-09,2016-07-09-Bad_Bodendorf,,,,,102.514,pass_verified,DMV_Teilnahmen_2015_2025_VOLLSTAENDIG
DMV-154610,38324.0,38324.0,2016,2016-07-31,2016-07-31-Bensheim,,,,,103.134,pass_verified,DMV_Teilnahmen_2015_2025_VOLLSTAENDIG
DMV-154611,38324.0,38324.0,2016,2016-08-18,2016-08-18-Traben_Trarbach,,,,,101.704,pass_verified,DMV_Teilnahmen_2015_2025_VOLLSTAENDIG
DMV-154612,38324.0,38324.0,2016,2016-09-25,2016-09-25-Bad_Ems,,,,,101.404,pass_verified,DMV_Teilnahmen_2015_2025_VOLLSTAENDIG
DMV-154613,38325.0,38325.0,2016,2016-04-17,2016-04-17-Mainz_Hartenberg,,,,,107.923,pass_verified,DMV_Teilnahmen_2015_2025_VOLLSTAENDIG
DMV-154614,38325.0,38325.0,2016,2016-05-22,2016-05-22-Bad_Ems,,,,,107.267,pass_verified,DMV_Teilnahmen_2015_2025_VOLLSTAENDIG
DMV-154615,38325.0,38325.0,2016,2016-06-05,2016-06-05-Hachenburg,,,,,108.151,pass_verified,DMV_Teilnahmen_2015_2025_VOLLSTAENDIG
DMV-154616,38325.0,38325.0,2016,2016-06-19,2016-06-19-Rodalben,,,,,108.449,pass_verified,DMV_Teilnahmen_2015_2025_VOLLSTAENDIG
DMV-154617,38325.0,38325.0,2016,2016-07-09,2016-07-09-Bad_Bodendorf,,,,,113.014,pass_verified,DMV_Teilnahmen_2015_2025_VOLLSTAENDIG
DMV-154618,38325.0,38325.0,2016,2016-09-04,2016-09-04-Bad_Bodendorf,"3. Bundesliga Nord, Staffel I, 5. Spieltag",Dormagen,,,109.061,pass_verified,DMV_Teilnahmen_2015_2025_VOLLSTAENDIG
DMV-154619,38325.0,38325.0,2016,2016-09-25,2016-09-25-Bad_Ems,,,,,107.404,pass_verified,DMV_Teilnahmen_2015_2025_VOLLSTAENDIG
DMV-154620,38328.0,38328.0,2016,2016-04-24,2016-04-24-Ostheim,,,,,102.259,pass_verified,DMV_Teilnahmen_2015_2025_VOLLSTAENDIG
DMV-154621,38328.0,38328.0,2016,2016-06-19,2016-06-19-Ostheim,,,,,103.236,pass_verified,DMV_Teilnahmen_2015_2025_VOLLSTAENDIG
DMV-154622,38328.0,38328.0,2016,2016-07-17,2016-07-17-Bad_Bocklet,,,,,105.34,pass_verified,DMV_Teilnahmen_2015_2025_VOLLSTAENDIG
DMV-154623,38328.0,38328.0,2016,2016-07-31,2016-07-31-Wertheim2,,,,,102.752,pass_verified,DMV_Teilnahmen_2015_2025_VOLLSTAENDIG
DMV-154624,38328.0,38328.0,2016,2016-08-07,2016-08-07-Höchberg,"NBV-Landesliga Staffel I, 5. Spieltag",Kaarst,,,102.042,pass_verified,DMV_Teilnahmen_2015_2025_VOLLSTAENDIG
DMV-154625,38328.0,38328.0,2016,2016-09-04,2016-09-04-Bamberg2,"3. Bundesliga Nord, Staffel I, 5. Spieltag",Dormagen,,,102.136,pass_verified,DMV_Teilnahmen_2015_2025_VOLLSTAENDIG
DMV-154626,38328.0,38328.0,2016,2016-10-01,2016-10-01-Landshut2,Europacup 2016,Neutraubling,,,103.12,pass_verified,DMV_Teilnahmen_2015_2025_VOLLSTAENDIG
DMV-154627,38329.0,38329.0,2016,2016-03-20,2016-03-20-Mannheim_Sandhofen_Halle,,,,,100.648,pass_verified,DMV_Teilnahmen_2015_2025_VOLLSTAENDIG
DMV-154628,38329.0,38329.0,2016,2016-04-10,2016-04-10-Bensheim,,,,,100.83,pass_verified,DMV_Teilnahmen_2015_2025_VOLLSTAENDIG
DMV-154629,38329.0,38329.0,2016,2016-04-17,2016-04-17-Ludwigshafen,,,,,101.227,pass_verified,DMV_Teilnahmen_2015_2025_VOLLSTAENDIG
DMV-154630,38329.0,38329.0,2016,2016-05-01,2016-05-01-Bad_Soden,,,,,100.405,pass_verified,DMV_Teilnahmen_2015_2025_VOLLSTAENDIG
DMV-154631,38329.0,38329.0,2016,2016-05-22,2016-05-22-Mannheim,,,,,100.229,pass_verified,DMV_Teilnahmen_2015_2025_VOLLSTAENDIG
DMV-154632,38329.0,38329.0,2016,2016-05-29,2016-05-29-Arheilgen,MRP-Jugendliga/A-Rangliste,Mainz,,,100.074,pass_verified,DMV_Teilnahmen_2015_2025_VOLLSTAENDIG
DMV-154633,38329.0,38329.0,2016,2016-06-05,2016-06-05-Künzell,,,,,97.113,pass_verified,DMV_Teilnahmen_2015_2025_VOLLSTAENDIG
DMV-154634,38329.0,38329.0,2016,2016-06-19,2016-06-19-Schriesheim,"2. Bundesliga Süd Staffel I, 4. Spieltag",Schriesheim,,,103.201,pass_verified,DMV_Teilnahmen_2015_2025_VOLLSTAENDIG
DMV-154635,38329.0,38329.0,2016,2016-06-29,2016-06-29-Singen,,,,,99.726,pass_verified,DMV_Teilnahmen_2015_2025_VOLLSTAENDIG
DMV-154636,38329.0,38329.0,2016,2016-07-31,2016-07-31-Mainz_Hartenberg,"2. Bundesliga Süd, Staffel I, 5. Spieltag",Mainz,,,100.27,pass_verified,DMV_Teilnahmen_2015_2025_VOLLSTAENDIG
DMV-154637,38329.0,38329.0,2016,2016-08-18,2016-08-18-Traben_Trarbach,,,,,100.301,pass_verified,DMV_Teilnahmen_2015_2025_VOLLSTAENDIG
DMV-154638,38330.0,38330.0,2016,2016-04-01,2016-04-01-Schweinfurt,,,,,102.374,pass_verified,DMV_Teilnahmen_2015_2025_VOLLSTAENDIG
DMV-154639,38330.0,38330.0,2016,2016-04-17,2016-04-17-Würzburg_Löwenbrücke,,,,,105.703,pass_verified,DMV_Teilnahmen_2015_2025_VOLLSTAENDIG
DMV-154640,38330.0,38330.0,2016,2016-04-24,2016-04-24-Ostheim,,,,,101.926,pass_verified,DMV_Teilnahmen_2015_2025_VOLLSTAENDIG
DMV-154641,38330.0,38330.0,2016,2016-05-08,2016-05-08-Schweinfurt,Badische Meisterschaften,Tuttlingen,,,100.731,pass_verified,DMV_Teilnahmen_2015_2025_VOLLSTAENDIG
DMV-154642,38330.0,38330.0,2016,2016-05-15,2016-05-15-Bad_Berneck,,,,,102.191,pass_verified,DMV_Teilnahmen_2015_2025_VOLLSTAENDIG
DMV-154643,38330.0,38330.0,2016,2016-05-26,2016-05-26-Kelheim,,,,,101.931,pass_verified,DMV_Teilnahmen_2015_2025_VOLLSTAENDIG
DMV-154644,38330.0,38330.0,2016,2016-06-05,2016-06-05-Pegnitz,,,,,101.743,pass_verified,DMV_Teilnahmen_2015_2025_VOLLSTAENDIG
DMV-154645,38330.0,38330.0,2016,2016-06-19,2016-06-19-Bad_Berneck,,,,,102.93,pass_verified,DMV_Teilnahmen_2015_2025_VOLLSTAENDIG
DMV-154646,38330.0,38330.0,2016,2016-07-21,2016-07-21-Weinheim,,,,,101.988,pass_verified,DMV_Teilnahmen_2015_2025_VOLLSTAENDIG
DMV-154647,38330.0,38330.0,2016,2016-07-31,2016-07-31-Hammer,,,,,99.589,pass_verified,DMV_Teilnahmen_2015_2025_VOLLSTAENDIG
DMV-154648,38330.0,38330.0,2016,2016-08-07,2016-08-07-Höchberg,"NBV-Landesliga Staffel I, 5. Spieltag",Kaarst,,,103.792,pass_verified,DMV_Teilnahmen_2015_2025_VOLLSTAENDIG
DMV-154649,38330.0,38330.0,2016,2016-08-28,2016-08-28-Bamberg,,,,,98.692,pass_verified,DMV_Teilnahmen_2015_2025_VOLLSTAENDIG
DMV-154650,38330.0,38330.0,2016,2016-09-04,2016-09-04-Bamberg,"3. Bundesliga Nord, Staffel I, 5. Spieltag",Dormagen,,,99.402,pass_verified,DMV_Teilnahmen_2015_2025_VOLLSTAENDIG
DMV-154651,38332.0,38332.0,2016,2016-04-17,2016-04-17-Schweinfurt,,,,,110.627,pass_verified,DMV_Teilnahmen_2015_2025_VOLLSTAENDIG
DMV-154652,38332.0,38332.0,2016,2016-04-24,2016-04-24-Ostheim,,,,,104.593,pass_verified,DMV_Teilnahmen_2015_2025_VOLLSTAENDIG
DMV-154653,38332.0,38332.0,2016,2016-05-08,2016-05-08-Schweinfurt,Badische Meisterschaften,Tuttlingen,,,103.231,pass_verified,DMV_Teilnahmen_2015_2025_VOLLSTAENDIG
DMV-154654,38332.0,38332.0,2016,2016-06-05,2016-06-05-Bad_Bocklet,,,,,106.133,pass_verified,DMV_Teilnahmen_2015_2025_VOLLSTAENDIG
DMV-154655,38332.0,38332.0,2016,2016-06-19,2016-06-19-Wertheim,,,,,106.865,pass_verified,DMV_Teilnahmen_2015_2025_VOLLSTAENDIG
DMV-154656,38332.0,38332.0,2016,2016-07-03,2016-07-03-Wertheim,,,,,103.272,pass_verified,DMV_Teilnahmen_2015_2025_VOLLSTAENDIG
DMV-154657,38332.0,38332.0,2016,2016-07-17,2016-07-17-Bad_Bocklet,,,,,105.34,pass_verified,DMV_Teilnahmen_2015_2025_VOLLSTAENDIG
DMV-154658,38332.0,38332.0,2016,2016-07-31,2016-07-31-Wertheim,,,,,104.835,pass_verified,DMV_Teilnahmen_2015_2025_VOLLSTAENDIG
DMV-154659,38332.0,38332.0,2016,2016-09-04,2016-09-04-Würzburg_Löwenbrücke,"3. Bundesliga Nord, Staffel I, 5. Spieltag",Dormagen,,,107.801,pass_verified,DMV_Teilnahmen_2015_2025_VOLLSTAENDIG
DMV-154660,38332.0,38332.0,2016,2016-09-25,2016-09-25-Würzburg_Löwenbrücke,,,,,107.183,pass_verified,DMV_Teilnahmen_2015_2025_VOLLSTAENDIG
DMV-154661,38332.0,38332.0,2016,2016-10-29,2016-10-29-Algund,,,,,108.187,pass_verified,DMV_Teilnahmen_2015_2025_VOLLSTAENDIG
DMV-154662,38333.0,38333.0,2016,2016-04-17,2016-04-17-Schweinfurt,,,,,105.627,pass_verified,DMV_Teilnahmen_2015_2025_VOLLSTAENDIG
DMV-154663,38333.0,38333.0,2016,2016-05-08,2016-05-08-Schweinfurt,Badische Meisterschaften,Tuttlingen,,,106.481,pass_verified,DMV_Teilnahmen_2015_2025_VOLLSTAENDIG
DMV-154664,38333.0,38333.0,2016,2016-06-05,2016-06-05-Bad_Bocklet,,,,,106.633,pass_verified,DMV_Teilnahmen_2015_2025_VOLLSTAENDIG
DMV-154665,38333.0,38333.0,2016,2016-06-12,2016-06-12-Ansbach,,,,,111.176,pass_verified,DMV_Teilnahmen_2015_2025_VOLLSTAENDIG
DMV-154666,38333.0,38333.0,2016,2016-06-19,2016-06-19-Wertheim,,,,,108.615,pass_verified,DMV_Teilnahmen_2015_2025_VOLLSTAENDIG
DMV-154667,38333.0,38333.0,2016,2016-07-17,2016-07-17-Bad_Bocklet,,,,,109.59,pass_verified,DMV_Teilnahmen_2015_2025_VOLLSTAENDIG
DMV-154668,38333.0,38333.0,2016,2016-07-31,2016-07-31-Wertheim,,,,,106.835,pass_verified,DMV_Teilnahmen_2015_2025_VOLLSTAENDIG
DMV-154669,38333.0,38333.0,2016,2016-09-04,2016-09-04-Würzburg_Löwenbrücke,"3. Bundesliga Nord, Staffel I, 5. Spieltag",Dormagen,,,110.051,pass_verified,DMV_Teilnahmen_2015_2025_VOLLSTAENDIG
DMV-154670,38333.0,38333.0,2016,2016-09-25,2016-09-25-Würzburg_Löwenbrücke,,,,,107.933,pass_verified,DMV_Teilnahmen_2015_2025_VOLLSTAENDIG
DMV-154671,38334.0,38334.0,2016,2016-03-20,2016-03-20-Bad_Godesberg,,,,,107.449,pass_verified,DMV_Teilnahmen_2015_2025_VOLLSTAENDIG
DMV-154672,38334.0,38334.0,2016,2016-04-10,2016-04-10-Köln_Freizeitinsel,,,,,105.646,pass_verified,DMV_Teilnahmen_2015_2025_VOLLSTAENDIG
DMV-154673,38334.0,38334.0,2016,2016-05-22,2016-05-22-Bad_Godesberg,,,,,109.129,pass_verified,DMV_Teilnahmen_2015_2025_VOLLSTAENDIG
DMV-154674,38334.0,38334.0,2016,2016-06-05,2016-06-05-Paffendorf,,,,,109.07,pass_verified,DMV_Teilnahmen_2015_2025_VOLLSTAENDIG
DMV-154675,38334.0,38334.0,2016,2016-06-19,2016-06-19-Wesseling,,,,,105.732,pass_verified,DMV_Teilnahmen_2015_2025_VOLLSTAENDIG
DMV-154676,38334.0,38334.0,2016,2016-07-21,2016-07-21-Weinheim,,,,,105.571,pass_verified,DMV_Teilnahmen_2015_2025_VOLLSTAENDIG
DMV-154677,38334.0,38334.0,2016,2016-08-07,2016-08-07-Kerpen,"NBV-Landesliga Staffel I, 5. Spieltag",Kaarst,,2.0,105.421,pass_verified,DMV_Teilnahmen_2015_2025_VOLLSTAENDIG
DMV-154678,38334.0,38334.0,2016,2016-09-25,2016-09-25-Kaarst,,,,,105.691,pass_verified,DMV_Teilnahmen_2015_2025_VOLLSTAENDIG
DMV-154679,38334.0,38334.0,2016,2016-10-23,2016-10-23-Gevelsberg,,,,,105.002,pass_verified,DMV_Teilnahmen_2015_2025_VOLLSTAENDIG
DMV-154680,38334.0,38334.0,2016,2016-10-29,2016-10-29-Paffendorf,,,,,110.294,pass_verified,DMV_Teilnahmen_2015_2025_VOLLSTAENDIG
DMV-154681,38334.0,38334.0,2016,2016-09-25,2016-09-25-Büttgen,,,,,105.691,pass_verified,DMV_Teilnahmen_2015_2025_VOLLSTAENDIG
DMV-154682,38336.0,38336.0,2016,2016-04-10,2016-04-10-Velbert_Hardenberg,"NBV-Landesliga Staffel 1, 1. Spieltag",Hardenberg,,6.0,103.44,pass_verified,DMV_Teilnahmen_2015_2025_VOLLSTAENDIG
DMV-154683,38336.0,38336.0,2016,2016-05-22,2016-05-22-Kerpen,"NBV-Landesliga Staffel 1, 2. Spieltag",Kerpen,,8.0,106.43,pass_verified,DMV_Teilnahmen_2015_2025_VOLLSTAENDIG
DMV-154684,38336.0,38336.0,2016,2016-06-05,2016-06-05-Lüdenscheid,"NBV-Landesliga I, 3. Spieltag",Lüdenscheid,,6.0,103.533,pass_verified,DMV_Teilnahmen_2015_2025_VOLLSTAENDIG
DMV-154685,38336.0,38336.0,2016,2016-06-19,2016-06-19-Velbert_Langenberg,,,,,104.535,pass_verified,DMV_Teilnahmen_2015_2025_VOLLSTAENDIG
DMV-154686,38336.0,38336.0,2016,2016-08-07,2016-08-07-Kaarst,"NBV-Landesliga Staffel I, 5. Spieltag",Kaarst,,8.0,104.409,pass_verified,DMV_Teilnahmen_2015_2025_VOLLSTAENDIG
DMV-154687,38336.0,38336.0,2016,2016-09-25,2016-09-25-Kaarst,,,,,103.191,pass_verified,DMV_Teilnahmen_2015_2025_VOLLSTAENDIG
DMV-154688,38336.0,38336.0,2016,2016-10-23,2016-10-23-Gevelsberg,,,,,111.002,pass_verified,DMV_Teilnahmen_2015_2025_VOLLSTAENDIG
DMV-154689,38336.0,38336.0,2016,2016-09-25,2016-09-25-Büttgen,,,,,103.191,pass_verified,DMV_Teilnahmen_2015_2025_VOLLSTAENDIG
DMV-154690,38336.0,38336.0,2016,2016-11-19,2016-11-19-Halver_Halle,,,,,109.412,pass_verified,DMV_Teilnahmen_2015_2025_VOLLSTAENDIG
DMV-154691,38336.0,38336.0,2016,2016-12-17,2016-12-17-Halver_Halle,,,,,107.883,pass_verified,DMV_Teilnahmen_2015_2025_VOLLSTAENDIG
DMV-154692,38337.0,38337.0,2016,2016-04-24,2016-04-24-Ingolstadt_Auwaldsee,,,,,104.722,pass_verified,DMV_Teilnahmen_2015_2025_VOLLSTAENDIG
DMV-154693,38337.0,38337.0,2016,2016-06-05,2016-06-05-Murnau_See,,,,,104.249,pass_verified,DMV_Teilnahmen_2015_2025_VOLLSTAENDIG
DMV-154694,38337.0,38337.0,2016,2016-06-12,2016-06-12-Ottobrunn,,,,,107.166,pass_verified,DMV_Teilnahmen_2015_2025_VOLLSTAENDIG
DMV-154695,38337.0,38337.0,2016,2016-06-19,2016-06-19-Illertissen,,,,,105.523,pass_verified,DMV_Teilnahmen_2015_2025_VOLLSTAENDIG
DMV-154696,38337.0,38337.0,2016,2016-06-26,2016-06-26-Bad_Feilnbach,,,,,105.448,pass_verified,DMV_Teilnahmen_2015_2025_VOLLSTAENDIG
DMV-154697,38337.0,38337.0,2016,2016-07-31,2016-07-31-Illertissen,,,,,104.245,pass_verified,DMV_Teilnahmen_2015_2025_VOLLSTAENDIG
DMV-154698,38337.0,38337.0,2016,2016-08-07,2016-08-07-Straßlach,"NBV-Landesliga Staffel I, 5. Spieltag",Kaarst,,,103.38,pass_verified,DMV_Teilnahmen_2015_2025_VOLLSTAENDIG
DMV-154699,38337.0,38337.0,2016,2016-09-18,2016-09-18-Murnau_See,Heven-Cup 2016,Witten,,,107.422,pass_verified,DMV_Teilnahmen_2015_2025_VOLLSTAENDIG
DMV-154700,38338.0,38338.0,2016,2016-04-01,2016-04-01-Schweinfurt,,,,,103.774,pass_verified,DMV_Teilnahmen_2015_2025_VOLLSTAENDIG
DMV-154701,38338.0,38338.0,2016,2016-04-24,2016-04-24-Ingolstadt_Auwaldsee,,,,,102.722,pass_verified,DMV_Teilnahmen_2015_2025_VOLLSTAENDIG
DMV-154702,38338.0,38338.0,2016,2016-05-22,2016-05-22-Ravensburg,,,,,103.655,pass_verified,DMV_Teilnahmen_2015_2025_VOLLSTAENDIG
DMV-154703,38338.0,38338.0,2016,2016-05-26,2016-05-26-Kelheim,,,,,102.098,pass_verified,DMV_Teilnahmen_2015_2025_VOLLSTAENDIG
DMV-154704,38338.0,38338.0,2016,2016-06-05,2016-06-05-Murnau_See,"MVBN-Verbandsliga Süd, 3. Punktspiel",Gebhardshagen,,1.0,103.499,pass_verified,DMV_Teilnahmen_2015_2025_VOLLSTAENDIG
DMV-154705,38338.0,38338.0,2016,2016-06-12,2016-06-12-Ottobrunn,,,,,102.833,pass_verified,DMV_Teilnahmen_2015_2025_VOLLSTAENDIG
DMV-154706,38338.0,38338.0,2016,2016-06-19,2016-06-19-Illertissen,,,,,105.523,pass_verified,DMV_Teilnahmen_2015_2025_VOLLSTAENDIG
DMV-154707,38338.0,38338.0,2016,2016-06-26,2016-06-26-Bad_Feilnbach,,,,,104.781,pass_verified,DMV_Teilnahmen_2015_2025_VOLLSTAENDIG
DMV-154708,38338.0,38338.0,2016,2016-07-21,2016-07-21-Weinheim,,,,,102.488,pass_verified,DMV_Teilnahmen_2015_2025_VOLLSTAENDIG
DMV-154709,38338.0,38338.0,2016,2016-08-07,2016-08-07-Straßlach,"NBV-Landesliga Staffel I, 5. Spieltag",Kaarst,,1.0,102.38,pass_verified,DMV_Teilnahmen_2015_2025_VOLLSTAENDIG
DMV-154710,38338.0,38338.0,2016,2016-08-21,2016-08-21-Olching,,,,,99.081,pass_verified,DMV_Teilnahmen_2015_2025_VOLLSTAENDIG
DMV-154711,38338.0,38338.0,2016,2016-09-18,2016-09-18-Murnau_See,Heven-Cup 2016,Witten,,,101.422,pass_verified,DMV_Teilnahmen_2015_2025_VOLLSTAENDIG
DMV-154712,38338.0,38338.0,2016,2016-10-01,2016-10-01-Landshut,Europacup 2016,Neutraubling,,,103.981,pass_verified,DMV_Teilnahmen_2015_2025_VOLLSTAENDIG
DMV-154713,38339.0,38339.0,2016,2016-04-24,2016-04-24-Ingolstadt_Auwaldsee,,,,,105.056,pass_verified,DMV_Teilnahmen_2015_2025_VOLLSTAENDIG
DMV-154714,38339.0,38339.0,2016,2016-06-05,2016-06-05-Murnau_See,,,,,106.499,pass_verified,DMV_Teilnahmen_2015_2025_VOLLSTAENDIG
DMV-154715,38339.0,38339.0,2016,2016-06-12,2016-06-12-Ottobrunn,,,,,106.166,pass_verified,DMV_Teilnahmen_2015_2025_VOLLSTAENDIG
DMV-154716,38339.0,38339.0,2016,2016-06-26,2016-06-26-Bad_Feilnbach,,,,,104.114,pass_verified,DMV_Teilnahmen_2015_2025_VOLLSTAENDIG
DMV-154717,38339.0,38339.0,2016,2016-08-07,2016-08-07-Straßlach,"NBV-Landesliga Staffel I, 5. Spieltag",Kaarst,,,108.047,pass_verified,DMV_Teilnahmen_2015_2025_VOLLSTAENDIG
DMV-154718,38339.0,38339.0,2016,2016-09-18,2016-09-18-Murnau_See,Heven-Cup 2016,Witten,,,107.422,pass_verified,DMV_Teilnahmen_2015_2025_VOLLSTAENDIG
DMV-154719,38341.0,38341.0,2016,2016-01-03,2016-01-03-Mannheim_Sandhofen_Halle,,,,,103.313,pass_verified,DMV_Teilnahmen_2015_2025_VOLLSTAENDIG
DMV-154720,38341.0,38341.0,2016,2016-01-30,2016-01-30-Mannheim_Sandhofen_Halle,,,,,103.773,pass_verified,DMV_Teilnahmen_2015_2025_VOLLSTAENDIG
DMV-154721,38341.0,38341.0,2016,2016-03-20,2016-03-20-Mannheim_Sandhofen_Halle,,,,,102.148,pass_verified,DMV_Teilnahmen_2015_2025_VOLLSTAENDIG
DMV-154722,38341.0,38341.0,2016,2016-03-27,2016-03-27-Bad_Homburg_Kirdorf,,,,,106.695,pass_verified,DMV_Teilnahmen_2015_2025_VOLLSTAENDIG
DMV-154723,38341.0,38341.0,2016,2016-04-10,2016-04-10-Bensheim,,,,,104.33,pass_verified,DMV_Teilnahmen_2015_2025_VOLLSTAENDIG
DMV-154724,38341.0,38341.0,2016,2016-04-17,2016-04-17-Arheilgen,,,,,105.775,pass_verified,DMV_Teilnahmen_2015_2025_VOLLSTAENDIG
DMV-154725,38341.0,38341.0,2016,2016-05-01,2016-05-01-Bad_Soden,,,,,107.905,pass_verified,DMV_Teilnahmen_2015_2025_VOLLSTAENDIG
DMV-154726,38341.0,38341.0,2016,2016-05-22,2016-05-22-Traben_Trarbach,,,,,107.483,pass_verified,DMV_Teilnahmen_2015_2025_VOLLSTAENDIG
DMV-154727,38341.0,38341.0,2016,2016-05-29,2016-05-29-Arheilgen,MRP-Jugendliga/A-Rangliste,Mainz,,,103.574,pass_verified,DMV_Teilnahmen_2015_2025_VOLLSTAENDIG
DMV-154728,38341.0,38341.0,2016,2016-06-05,2016-06-05-Bad_Kreuznach,,,,,106.3,pass_verified,DMV_Teilnahmen_2015_2025_VOLLSTAENDIG
DMV-154729,38341.0,38341.0,2016,2016-06-19,2016-06-19-Bad_Homburg_Hirschgarten,,,,,104.674,pass_verified,DMV_Teilnahmen_2015_2025_VOLLSTAENDIG
DMV-154730,38341.0,38341.0,2016,2016-06-29,2016-06-29-Singen,,,,,106.326,pass_verified,DMV_Teilnahmen_2015_2025_VOLLSTAENDIG
DMV-154731,38341.0,38341.0,2016,2016-07-31,2016-07-31-Bensheim,,,,,101.884,pass_verified,DMV_Teilnahmen_2015_2025_VOLLSTAENDIG
DMV-154732,38341.0,38341.0,2016,2016-08-27,2016-08-27-Pfungstadt,,,,,108.951,pass_verified,DMV_Teilnahmen_2015_2025_VOLLSTAENDIG
DMV-154733,38341.0,38341.0,2016,2016-09-24,2016-09-24-Bad_Homburg_Hirschgarten+Dreieich,,,,,105.019,pass_verified,DMV_Teilnahmen_2015_2025_VOLLSTAENDIG
DMV-154734,38341.0,38341.0,2016,2016-11-05,2016-11-05-Mannheim_Sandhofen_Halle,,,,,102.875,pass_verified,DMV_Teilnahmen_2015_2025_VOLLSTAENDIG
DMV-154735,38341.0,38341.0,2016,2016-12-03,2016-12-03-Mannheim_Sandhofen_Halle,,,,,103.447,pass_verified,DMV_Teilnahmen_2015_2025_VOLLSTAENDIG
DMV-154736,38343.0,38343.0,2016,2016-04-01,2016-04-01-Schweinfurt,,,,,103.674,pass_verified,DMV_Teilnahmen_2015_2025_VOLLSTAENDIG
DMV-154737,38343.0,38343.0,2016,2016-04-17,2016-04-17-Bad_Mergentheim,,,,,102.017,pass_verified,DMV_Teilnahmen_2015_2025_VOLLSTAENDIG
DMV-154738,38343.0,38343.0,2016,2016-04-24,2016-04-24-Ingolstadt_Auwaldsee,,,,,101.389,pass_verified,DMV_Teilnahmen_2015_2025_VOLLSTAENDIG
DMV-154739,38343.0,38343.0,2016,2016-05-22,2016-05-22-Neutraubling,,,,,101.866,pass_verified,DMV_Teilnahmen_2015_2025_VOLLSTAENDIG
DMV-154740,38343.0,38343.0,2016,2016-06-19,2016-06-19-Höchberg,,,,,100.808,pass_verified,DMV_Teilnahmen_2015_2025_VOLLSTAENDIG
DMV-154741,38343.0,38343.0,2016,2016-07-21,2016-07-21-Weinheim,,,,,105.571,pass_verified,DMV_Teilnahmen_2015_2025_VOLLSTAENDIG
DMV-154742,38343.0,38343.0,2016,2016-08-28,2016-08-28-Bamberg,,,,,105.359,pass_verified,DMV_Teilnahmen_2015_2025_VOLLSTAENDIG
DMV-154743,38343.0,38343.0,2016,2016-09-04,2016-09-04-Olching,"3. Bundesliga Nord, Staffel I, 5. Spieltag",Dormagen,,,104.392,pass_verified,DMV_Teilnahmen_2015_2025_VOLLSTAENDIG
DMV-154744,38343.0,38343.0,2016,2016-09-11,2016-09-11-Ingolstadt_Auwaldsee,,,,,102.656,pass_verified,DMV_Teilnahmen_2015_2025_VOLLSTAENDIG
DMV-154745,38352.0,38352.0,2016,2016-04-17,2016-04-17-Ohlsbach,,,,,109.355,pass_verified,DMV_Teilnahmen_2015_2025_VOLLSTAENDIG
DMV-154746,38352.0,38352.0,2016,2016-06-05,2016-06-05-Inzlingen,,,,,101.095,pass_verified,DMV_Teilnahmen_2015_2025_VOLLSTAENDIG
DMV-154747,38352.0,38352.0,2016,2016-09-04,2016-09-04-Heilbronn,"3. Bundesliga Nord, Staffel I, 5. Spieltag",Dormagen,,,106.543,pass_verified,DMV_Teilnahmen_2015_2025_VOLLSTAENDIG
DMV-154748,38352.0,38352.0,2016,2016-09-04,2016-09-04-Heilbronn_Europaplatz,"3. Bundesliga Nord, Staffel I, 5. Spieltag",Dormagen,,,106.543,pass_verified,DMV_Teilnahmen_2015_2025_VOLLSTAENDIG
DMV-154749,38354.0,38354.0,2016,2016-08-13,2016-08-13-Ohlsbach,,,,,115.588,pass_verified,DMV_Teilnahmen_2015_2025_VOLLSTAENDIG
DMV-154750,38355.0,38355.0,2016,2016-04-17,2016-04-17-Bad_Mergentheim,,,,,105.767,pass_verified,DMV_Teilnahmen_2015_2025_VOLLSTAENDIG
DMV-154751,38355.0,38355.0,2016,2016-05-22,2016-05-22-Neutraubling,,,,,108.616,pass_verified,DMV_Teilnahmen_2015_2025_VOLLSTAENDIG
DMV-154752,38355.0,38355.0,2016,2016-09-04,2016-09-04-Olching,"3. Bundesliga Nord, Staffel I, 5. Spieltag",Dormagen,,,108.392,pass_verified,DMV_Teilnahmen_2015_2025_VOLLSTAENDIG
DMV-154753,38355.0,38355.0,2016,2016-09-11,2016-09-11-Ingolstadt_Auwaldsee,,,,,107.406,pass_verified,DMV_Teilnahmen_2015_2025_VOLLSTAENDIG
DMV-154754,38359.0,38359.0,2016,2016-04-17,2016-04-17-Northeim,,,,,115.815,pass_verified,DMV_Teilnahmen_2015_2025_VOLLSTAENDIG
DMV-154755,38359.0,38359.0,2016,2016-05-22,2016-05-22-Vellmar,,,,,112.884,pass_verified,DMV_Teilnahmen_2015_2025_VOLLSTAENDIG
DMV-154756,38362.0,38362.0,2016,2016-04-10,2016-04-10-Ludwigshafen2,,,,,104.536,pass_verified,DMV_Teilnahmen_2015_2025_VOLLSTAENDIG
DMV-154757,38362.0,38362.0,2016,2016-01-03,2016-01-03-Mannheim_Sandhofen_Halle,,,,,104.813,pass_verified,DMV_Teilnahmen_2015_2025_VOLLSTAENDIG
DMV-154758,38362.0,38362.0,2016,2016-01-30,2016-01-30-Mannheim_Sandhofen_Halle,,,,,107.523,pass_verified,DMV_Teilnahmen_2015_2025_VOLLSTAENDIG
DMV-154759,38362.0,38362.0,2016,2016-03-26,2016-03-26-Weinheim,,,,,104.192,pass_verified,DMV_Teilnahmen_2015_2025_VOLLSTAENDIG
DMV-154760,38362.0,38362.0,2016,2016-04-24,2016-04-24-Bad_Kreuznach2,,,,,103.826,pass_verified,DMV_Teilnahmen_2015_2025_VOLLSTAENDIG
DMV-154761,38362.0,38362.0,2016,2016-05-29,2016-05-29-Bad_Bodendorf,MRP-Jugendliga/A-Rangliste,Mainz,,,107.92,pass_verified,DMV_Teilnahmen_2015_2025_VOLLSTAENDIG
DMV-154762,38362.0,38362.0,2016,2016-05-08,2016-05-08-Homburg_Stadtpark,Badische Meisterschaften,Tuttlingen,,,103.568,pass_verified,DMV_Teilnahmen_2015_2025_VOLLSTAENDIG
DMV-154763,38362.0,38362.0,2016,2016-06-12,2016-06-12-Mannheim2,,,,,103.008,pass_verified,DMV_Teilnahmen_2015_2025_VOLLSTAENDIG
DMV-154764,38362.0,38362.0,2016,2016-08-06,2016-08-06-Mannheim,,,,,104.328,pass_verified,DMV_Teilnahmen_2015_2025_VOLLSTAENDIG
DMV-154765,38362.0,38362.0,2016,2016-08-18,2016-08-18-Mannheim,,,,,105.061,pass_verified,DMV_Teilnahmen_2015_2025_VOLLSTAENDIG
DMV-154766,38362.0,38362.0,2016,2016-09-25,2016-09-25-Kaarst,,,,,106.691,pass_verified,DMV_Teilnahmen_2015_2025_VOLLSTAENDIG
DMV-154767,38362.0,38362.0,2016,2016-10-23,2016-10-23-Bildstock,,,,,103.489,pass_verified,DMV_Teilnahmen_2015_2025_VOLLSTAENDIG
DMV-154768,38362.0,38362.0,2016,2016-09-25,2016-09-25-Büttgen,,,,,106.691,pass_verified,DMV_Teilnahmen_2015_2025_VOLLSTAENDIG
DMV-154769,38363.0,38363.0,2016,2016-02-21,2016-02-21-Celle_Halle,,,,,99.522,pass_verified,DMV_Teilnahmen_2015_2025_VOLLSTAENDIG
DMV-154770,38363.0,38363.0,2016,2016-05-01,2016-05-01-Vellmar,,,,,100.101,pass_verified,DMV_Teilnahmen_2015_2025_VOLLSTAENDIG
DMV-154771,38363.0,38363.0,2016,2016-05-14,2016-05-14-Celle,,,,,102.875,pass_verified,DMV_Teilnahmen_2015_2025_VOLLSTAENDIG
DMV-154772,38363.0,38363.0,2016,2016-05-29,2016-05-29-Celle,MRP-Jugendliga/A-Rangliste,Mainz,,,100.6,pass_verified,DMV_Teilnahmen_2015_2025_VOLLSTAENDIG
DMV-154773,38363.0,38363.0,2016,2016-06-05,2016-06-05-Berlin_Tegel_Adelheidallee,,,,,102.288,pass_verified,DMV_Teilnahmen_2015_2025_VOLLSTAENDIG
DMV-154774,38363.0,38363.0,2016,2016-06-12,2016-06-12-Hannover,,,,,100.413,pass_verified,DMV_Teilnahmen_2015_2025_VOLLSTAENDIG
DMV-154775,38363.0,38363.0,2016,2016-10-01,2016-10-01-Bad_Münder2,Europacup 2016,Neutraubling,,,102.838,pass_verified,DMV_Teilnahmen_2015_2025_VOLLSTAENDIG
DMV-154776,38364.0,38364.0,2016,2016-08-06,2016-08-06-Bad_Münder,,,,,99.352,pass_verified,DMV_Teilnahmen_2015_2025_VOLLSTAENDIG
DMV-154777,38366.0,38366.0,2016,2016-04-17,2016-04-17-Ludwigsburg,,,,,109.535,pass_verified,DMV_Teilnahmen_2015_2025_VOLLSTAENDIG
DMV-154778,38366.0,38366.0,2016,2016-05-15,2016-05-15-Metzingen,,,,,104.692,pass_verified,DMV_Teilnahmen_2015_2025_VOLLSTAENDIG
DMV-154779,38366.0,38366.0,2016,2016-05-22,2016-05-22-Wendlingen,,,,,106.281,pass_verified,DMV_Teilnahmen_2015_2025_VOLLSTAENDIG
DMV-154780,38366.0,38366.0,2016,2016-06-19,2016-06-19-Ulm,,,,,108.783,pass_verified,DMV_Teilnahmen_2015_2025_VOLLSTAENDIG
DMV-154781,38366.0,38366.0,2016,2016-09-04,2016-09-04-Bad_Urach,"3. Bundesliga Nord, Staffel I, 5. Spieltag",Dormagen,,,106.098,pass_verified,DMV_Teilnahmen_2015_2025_VOLLSTAENDIG
DMV-154782,38370.0,38370.0,2016,2016-04-17,2016-04-17-Bremen_Vahr,,,,,106.971,pass_verified,DMV_Teilnahmen_2015_2025_VOLLSTAENDIG
DMV-154783,38370.0,38370.0,2016,2016-05-07,2016-05-07-Diepholz,,,,,109.103,pass_verified,DMV_Teilnahmen_2015_2025_VOLLSTAENDIG
DMV-154784,38370.0,38370.0,2016,2016-05-22,2016-05-22-Bremen_Hastedt,,,,,109.489,pass_verified,DMV_Teilnahmen_2015_2025_VOLLSTAENDIG
DMV-154785,38370.0,38370.0,2016,2016-06-05,2016-06-05-Bremen_Vahr,,,,,106.571,pass_verified,DMV_Teilnahmen_2015_2025_VOLLSTAENDIG
DMV-154786,38370.0,38370.0,2016,2016-06-19,2016-06-19-Cuxhaven,,,,,105.161,pass_verified,DMV_Teilnahmen_2015_2025_VOLLSTAENDIG
DMV-154787,38370.0,38370.0,2016,2016-07-23,2016-07-23-Bremen_Hastedt,,,,,105.465,pass_verified,DMV_Teilnahmen_2015_2025_VOLLSTAENDIG
DMV-154788,38370.0,38370.0,2016,2016-07-31,2016-07-31-Lüneburg,,,,,106.742,pass_verified,DMV_Teilnahmen_2015_2025_VOLLSTAENDIG
DMV-154789,38371.0,38371.0,2016,2016-04-10,2016-04-10-Paderborn_Lieth,,,,,104.829,pass_verified,DMV_Teilnahmen_2015_2025_VOLLSTAENDIG
DMV-154790,38371.0,38371.0,2016,2016-05-22,2016-05-22-Bad_Salzuflen,,,,,107.028,pass_verified,DMV_Teilnahmen_2015_2025_VOLLSTAENDIG
DMV-154791,38371.0,38371.0,2016,2016-06-05,2016-06-05-Detmold,,,,,107.449,pass_verified,DMV_Teilnahmen_2015_2025_VOLLSTAENDIG
DMV-154792,38371.0,38371.0,2016,2016-06-19,2016-06-19-Paderborn_Fischteiche,,,,,108.25,pass_verified,DMV_Teilnahmen_2015_2025_VOLLSTAENDIG
DMV-154793,38374.0,38374.0,2016,2016-06-05,2016-06-05-Berlin_Tegel_Adelheidallee,,,,,104.538,pass_verified,DMV_Teilnahmen_2015_2025_VOLLSTAENDIG
DMV-154794,38374.0,38374.0,2016,2016-08-06,2016-08-06-Bad_Münder,,,,,103.477,pass_verified,DMV_Teilnahmen_2015_2025_VOLLSTAENDIG
DMV-154795,38374.0,38374.0,2016,2016-10-01,2016-10-01-Bad_Münder2,Europacup 2016,Neutraubling,,,105.695,pass_verified,DMV_Teilnahmen_2015_2025_VOLLSTAENDIG
DMV-154796,38379.0,38379.0,2016,2016-04-17,2016-04-17-Karlshagen2,,,,,109.055,pass_verified,DMV_Teilnahmen_2015_2025_VOLLSTAENDIG
DMV-154797,38379.0,38379.0,2016,2016-05-29,2016-05-29-Woltersdorf,MRP-Jugendliga/A-Rangliste,Mainz,,,106.695,pass_verified,DMV_Teilnahmen_2015_2025_VOLLSTAENDIG
DMV-154798,38379.0,38379.0,2016,2016-06-12,2016-06-12-Berlin_MärkischesViertel,,,,,109.599,pass_verified,DMV_Teilnahmen_2015_2025_VOLLSTAENDIG
DMV-154799,38379.0,38379.0,2016,2016-06-19,2016-06-19-Woltersdorf,,,,,109.088,pass_verified,DMV_Teilnahmen_2015_2025_VOLLSTAENDIG
DMV-154800,38379.0,38379.0,2016,2016-04-10,2016-04-10-Berlin_Tegel_Adelheidallee,,,,,101.448,pass_verified,DMV_Teilnahmen_2015_2025_VOLLSTAENDIG
DMV-154801,38379.0,38379.0,2016,2016-05-01,2016-05-01-Berlin_Britz,,,,,103.516,pass_verified,DMV_Teilnahmen_2015_2025_VOLLSTAENDIG
DMV-154802,38379.0,38379.0,2016,2016-06-05,2016-06-05-Berlin_Lankwitz2,,,,,107.639,pass_verified,DMV_Teilnahmen_2015_2025_VOLLSTAENDIG
DMV-154803,38379.0,38379.0,2016,2016-07-31,2016-07-31-Berlin_Britz,,,,,105.42,pass_verified,DMV_Teilnahmen_2015_2025_VOLLSTAENDIG
DMV-154804,38379.0,38379.0,2016,2016-08-06,2016-08-06-Berlin_MärkischesViertel,,,,,108.562,pass_verified,DMV_Teilnahmen_2015_2025_VOLLSTAENDIG
DMV-154805,38379.0,38379.0,2016,2016-10-22,2016-10-22-Berlin_Tegel_Adelheidallee+Berlin_MärkischesViertel,,,,,108.158,pass_verified,DMV_Teilnahmen_2015_2025_VOLLSTAENDIG
DMV-154806,38389.0,38389.0,2016,2016-04-17,2016-04-17-Arheilgen,,,,,100.275,pass_verified,DMV_Teilnahmen_2015_2025_VOLLSTAENDIG
DMV-154807,38389.0,38389.0,2016,2016-05-22,2016-05-22-Traben_Trarbach,,,,,103.733,pass_verified,DMV_Teilnahmen_2015_2025_VOLLSTAENDIG
DMV-154808,38389.0,38389.0,2016,2016-06-19,2016-06-19-Bad_Homburg_Hirschgarten,,,,,99.174,pass_verified,DMV_Teilnahmen_2015_2025_VOLLSTAENDIG
DMV-154809,38389.0,38389.0,2016,2016-07-31,2016-07-31-Bensheim,,,,,99.634,pass_verified,DMV_Teilnahmen_2015_2025_VOLLSTAENDIG
DMV-154810,38393.0,38393.0,2016,2016-04-10,2016-04-10-Mönchengladbach,,,,,112.99,pass_verified,DMV_Teilnahmen_2015_2025_VOLLSTAENDIG
DMV-154811,38393.0,38393.0,2016,2016-06-19,2016-06-19-Göttingen_Schillerwiese,,,,,102.878,pass_verified,DMV_Teilnahmen_2015_2025_VOLLSTAENDIG
DMV-154812,38393.0,38393.0,2016,2016-07-21,2016-07-21-Weinheim,,,,,104.988,pass_verified,DMV_Teilnahmen_2015_2025_VOLLSTAENDIG
DMV-154813,38397.0,38397.0,2016,2016-04-17,2016-04-17-Karlshagen2,,,,,104.055,pass_verified,DMV_Teilnahmen_2015_2025_VOLLSTAENDIG
DMV-154814,38397.0,38397.0,2016,2016-05-22,2016-05-22-Berlin_Tegel_Adelheidallee2,,,,,102.074,pass_verified,DMV_Teilnahmen_2015_2025_VOLLSTAENDIG
DMV-154815,38397.0,38397.0,2016,2016-06-19,2016-06-19-Woltersdorf,,,,,110.588,pass_verified,DMV_Teilnahmen_2015_2025_VOLLSTAENDIG
DMV-154816,38397.0,38397.0,2016,2016-06-05,2016-06-05-Berlin_Lankwitz2,,,,,108.139,pass_verified,DMV_Teilnahmen_2015_2025_VOLLSTAENDIG
DMV-154817,38397.0,38397.0,2016,2016-07-31,2016-07-31-Berlin_Britz,,,,,107.17,pass_verified,DMV_Teilnahmen_2015_2025_VOLLSTAENDIG
DMV-154818,38397.0,38397.0,2016,2016-09-04,2016-09-04-Berlin_Spandau2,"3. Bundesliga Nord, Staffel I, 5. Spieltag",Dormagen,,,109.395,pass_verified,DMV_Teilnahmen_2015_2025_VOLLSTAENDIG
DMV-154819,38398.0,38398.0,2016,2016-04-17,2016-04-17-Karlshagen2,,,,,105.805,pass_verified,DMV_Teilnahmen_2015_2025_VOLLSTAENDIG
DMV-154820,38398.0,38398.0,2016,2016-05-22,2016-05-22-Berlin_Tegel_Adelheidallee2,,,,,102.741,pass_verified,DMV_Teilnahmen_2015_2025_VOLLSTAENDIG
DMV-154821,38398.0,38398.0,2016,2016-06-19,2016-06-19-Woltersdorf,,,,,104.338,pass_verified,DMV_Teilnahmen_2015_2025_VOLLSTAENDIG
DMV-154822,38398.0,38398.0,2016,2016-06-05,2016-06-05-Berlin_Lankwitz2,,,,,104.639,pass_verified,DMV_Teilnahmen_2015_2025_VOLLSTAENDIG
DMV-154823,38398.0,38398.0,2016,2016-07-31,2016-07-31-Berlin_Britz,,,,,105.42,pass_verified,DMV_Teilnahmen_2015_2025_VOLLSTAENDIG
DMV-154824,38398.0,38398.0,2016,2016-09-04,2016-09-04-Berlin_Spandau2,"3. Bundesliga Nord, Staffel I, 5. Spieltag",Dormagen,,,104.729,pass_verified,DMV_Teilnahmen_2015_2025_VOLLSTAENDIG
DMV-154825,38400.0,38400.0,2016,2016-04-01,2016-04-01-Schweinfurt,,,,,102.574,pass_verified,DMV_Teilnahmen_2015_2025_VOLLSTAENDIG
DMV-154826,38400.0,38400.0,2016,2016-04-17,2016-04-17-Bad_Mergentheim,,,,,102.017,pass_verified,DMV_Teilnahmen_2015_2025_VOLLSTAENDIG
DMV-154827,38400.0,38400.0,2016,2016-05-22,2016-05-22-Neutraubling,,,,,99.116,pass_verified,DMV_Teilnahmen_2015_2025_VOLLSTAENDIG
DMV-154828,38400.0,38400.0,2016,2016-05-26,2016-05-26-Kelheim,,,,,100.764,pass_verified,DMV_Teilnahmen_2015_2025_VOLLSTAENDIG
DMV-154829,38400.0,38400.0,2016,2016-06-12,2016-06-12-Ottobrunn,,,,,101.166,pass_verified,DMV_Teilnahmen_2015_2025_VOLLSTAENDIG
DMV-154830,38400.0,38400.0,2016,2016-06-19,2016-06-19-Höchberg,,,,,102.308,pass_verified,DMV_Teilnahmen_2015_2025_VOLLSTAENDIG
DMV-154831,38400.0,38400.0,2016,2016-06-26,2016-06-26-Bad_Feilnbach,,,,,104.114,pass_verified,DMV_Teilnahmen_2015_2025_VOLLSTAENDIG
DMV-154832,38400.0,38400.0,2016,2016-08-21,2016-08-21-Olching,,,,,101.414,pass_verified,DMV_Teilnahmen_2015_2025_VOLLSTAENDIG
DMV-154833,38400.0,38400.0,2016,2016-09-04,2016-09-04-Olching,"3. Bundesliga Nord, Staffel I, 5. Spieltag",Dormagen,,,100.642,pass_verified,DMV_Teilnahmen_2015_2025_VOLLSTAENDIG
DMV-154834,38400.0,38400.0,2016,2016-09-11,2016-09-11-Ingolstadt_Auwaldsee,,,,,99.156,pass_verified,DMV_Teilnahmen_2015_2025_VOLLSTAENDIG
DMV-154835,38405.0,38405.0,2016,2016-04-10,2016-04-10-Paderborn_Lieth,,,,,108.496,pass_verified,DMV_Teilnahmen_2015_2025_VOLLSTAENDIG
DMV-154836,38414.0,38414.0,2016,2016-04-10,2016-04-10-Paderborn_Lieth,,,,,106.829,pass_verified,DMV_Teilnahmen_2015_2025_VOLLSTAENDIG
DMV-154837,38414.0,38414.0,2016,2016-05-22,2016-05-22-Bad_Salzuflen,,,,,110.028,pass_verified,DMV_Teilnahmen_2015_2025_VOLLSTAENDIG
DMV-154838,38414.0,38414.0,2016,2016-06-05,2016-06-05-Detmold,,,,,106.783,pass_verified,DMV_Teilnahmen_2015_2025_VOLLSTAENDIG
DMV-154839,38414.0,38414.0,2016,2016-06-19,2016-06-19-Paderborn_Fischteiche,,,,,107.25,pass_verified,DMV_Teilnahmen_2015_2025_VOLLSTAENDIG
DMV-154840,38415.0,38415.0,2016,2016-04-10,2016-04-10-Velbert_Hardenberg,"NBV-Landesliga Staffel 1, 1. Spieltag",Hardenberg,,1.0,102.69,pass_verified,DMV_Teilnahmen_2015_2025_VOLLSTAENDIG
DMV-154841,38415.0,38415.0,2016,2016-05-22,2016-05-22-Bottrop_Overbeckshof,,,,,106.306,pass_verified,DMV_Teilnahmen_2015_2025_VOLLSTAENDIG
DMV-154842,38415.0,38415.0,2016,2016-06-05,2016-06-05-Lüdenscheid,"NBV-Landesliga I, 3. Spieltag",Lüdenscheid,,1.0,104.033,pass_verified,DMV_Teilnahmen_2015_2025_VOLLSTAENDIG
DMV-154843,38415.0,38415.0,2016,2016-06-19,2016-06-19-Velbert_Langenberg,,,,,101.785,pass_verified,DMV_Teilnahmen_2015_2025_VOLLSTAENDIG
DMV-154844,38415.0,38415.0,2016,2016-08-07,2016-08-07-Kaarst,"NBV-Landesliga Staffel I, 5. Spieltag",Kaarst,,1.0,103.909,pass_verified,DMV_Teilnahmen_2015_2025_VOLLSTAENDIG
DMV-154845,38415.0,38415.0,2016,2016-08-18,2016-08-18-Rauschenberg,,,,,106.419,pass_verified,DMV_Teilnahmen_2015_2025_VOLLSTAENDIG
DMV-154846,38415.0,38415.0,2016,2016-09-04,2016-09-04-Kerpen,"3. Bundesliga Nord, Staffel I, 5. Spieltag",Dormagen,,,103.609,pass_verified,DMV_Teilnahmen_2015_2025_VOLLSTAENDIG
DMV-154847,38419.0,38419.0,2016,2016-03-04,2016-03-04-Celle_Halle,,,,,105.32,pass_verified,DMV_Teilnahmen_2015_2025_VOLLSTAENDIG
DMV-154848,38419.0,38419.0,2016,2016-04-10,2016-04-10-Herne,,,,,101.936,pass_verified,DMV_Teilnahmen_2015_2025_VOLLSTAENDIG
DMV-154849,38419.0,38419.0,2016,2016-05-22,2016-05-22-Halver,,,,,105.966,pass_verified,DMV_Teilnahmen_2015_2025_VOLLSTAENDIG
DMV-154850,38419.0,38419.0,2016,2016-06-05,2016-06-05-Gevelsberg,,,,,106.818,pass_verified,DMV_Teilnahmen_2015_2025_VOLLSTAENDIG
DMV-154851,38421.0,38421.0,2016,2016-04-17,2016-04-17-Karlshagen2,,,,,114.305,pass_verified,DMV_Teilnahmen_2015_2025_VOLLSTAENDIG
DMV-154852,38421.0,38421.0,2016,2016-05-22,2016-05-22-Berlin_Tegel_Adelheidallee2,,,,,109.741,pass_verified,DMV_Teilnahmen_2015_2025_VOLLSTAENDIG
DMV-154853,38421.0,38421.0,2016,2016-05-29,2016-05-29-Woltersdorf,MRP-Jugendliga/A-Rangliste,Mainz,,,107.695,pass_verified,DMV_Teilnahmen_2015_2025_VOLLSTAENDIG
DMV-154854,38421.0,38421.0,2016,2016-06-19,2016-06-19-Woltersdorf,,,,,111.088,pass_verified,DMV_Teilnahmen_2015_2025_VOLLSTAENDIG
DMV-154855,38421.0,38421.0,2016,2016-04-10,2016-04-10-Berlin_Tegel_Adelheidallee,,,,,110.198,pass_verified,DMV_Teilnahmen_2015_2025_VOLLSTAENDIG
DMV-154856,38421.0,38421.0,2016,2016-05-01,2016-05-01-Berlin_Britz,,,,,113.766,pass_verified,DMV_Teilnahmen_2015_2025_VOLLSTAENDIG
DMV-154857,38421.0,38421.0,2016,2016-06-05,2016-06-05-Berlin_Lankwitz2,,,,,115.639,pass_verified,DMV_Teilnahmen_2015_2025_VOLLSTAENDIG
DMV-154858,38421.0,38421.0,2016,2016-07-31,2016-07-31-Berlin_Britz,,,,,107.67,pass_verified,DMV_Teilnahmen_2015_2025_VOLLSTAENDIG
DMV-154859,38421.0,38421.0,2016,2016-08-06,2016-08-06-Berlin_MärkischesViertel,,,,,105.729,pass_verified,DMV_Teilnahmen_2015_2025_VOLLSTAENDIG
DMV-154860,38421.0,38421.0,2016,2016-09-04,2016-09-04-Berlin_Spandau2,"3. Bundesliga Nord, Staffel I, 5. Spieltag",Dormagen,,,103.062,pass_verified,DMV_Teilnahmen_2015_2025_VOLLSTAENDIG
DMV-154861,38421.0,38421.0,2016,2016-10-22,2016-10-22-Berlin_Tegel_Adelheidallee+Berlin_MärkischesViertel,,,,,109.658,pass_verified,DMV_Teilnahmen_2015_2025_VOLLSTAENDIG
DMV-154862,38421.0,38421.0,2016,2016-11-05,2016-11-05-Eibenstock_Halle,,,,,107.901,pass_verified,DMV_Teilnahmen_2015_2025_VOLLSTAENDIG
DMV-154863,38435.0,38435.0,2016,2016-04-17,2016-04-17-Peine,,,,,110.281,pass_verified,DMV_Teilnahmen_2015_2025_VOLLSTAENDIG
DMV-154864,38435.0,38435.0,2016,2016-05-22,2016-05-22-Gebhardshagen,,,,,112.202,pass_verified,DMV_Teilnahmen_2015_2025_VOLLSTAENDIG
DMV-154865,38435.0,38435.0,2016,2016-06-05,2016-06-05-Salzgitter,,,,,104.067,pass_verified,DMV_Teilnahmen_2015_2025_VOLLSTAENDIG
DMV-154866,38435.0,38435.0,2016,2016-06-25,2016-06-25-Goslar,,,,,110.378,pass_verified,DMV_Teilnahmen_2015_2025_VOLLSTAENDIG
DMV-154867,38435.0,38435.0,2016,2016-07-31,2016-07-31-Salzgitter,,,,,103.082,pass_verified,DMV_Teilnahmen_2015_2025_VOLLSTAENDIG
DMV-154868,38435.0,38435.0,2016,2016-08-13,2016-08-13-Salzgitter,,,,,105.055,pass_verified,DMV_Teilnahmen_2015_2025_VOLLSTAENDIG
DMV-154869,38435.0,38435.0,2016,2016-08-20,2016-08-20-Gebhardshagen,,,,,107.326,pass_verified,DMV_Teilnahmen_2015_2025_VOLLSTAENDIG
DMV-154870,38436.0,38436.0,2016,2016-02-21,2016-02-21-Celle_Halle,,,,,104.188,pass_verified,DMV_Teilnahmen_2015_2025_VOLLSTAENDIG
DMV-154871,38436.0,38436.0,2016,2016-03-04,2016-03-04-Celle_Halle,,,,,108.82,pass_verified,DMV_Teilnahmen_2015_2025_VOLLSTAENDIG
DMV-154872,38436.0,38436.0,2016,2016-04-17,2016-04-17-Peine,,,,,106.031,pass_verified,DMV_Teilnahmen_2015_2025_VOLLSTAENDIG
DMV-154873,38436.0,38436.0,2016,2016-05-22,2016-05-22-Gebhardshagen,,,,,107.452,pass_verified,DMV_Teilnahmen_2015_2025_VOLLSTAENDIG
DMV-154874,38436.0,38436.0,2016,2016-06-05,2016-06-05-Salzgitter,,,,,104.567,pass_verified,DMV_Teilnahmen_2015_2025_VOLLSTAENDIG
DMV-154875,38436.0,38436.0,2016,2016-06-12,2016-06-12-Hannover,,,,,105.413,pass_verified,DMV_Teilnahmen_2015_2025_VOLLSTAENDIG
DMV-154876,38436.0,38436.0,2016,2016-06-19,2016-06-19-Wolfsburg,,,,,105.65,pass_verified,DMV_Teilnahmen_2015_2025_VOLLSTAENDIG
DMV-154877,38436.0,38436.0,2016,2016-06-25,2016-06-25-Goslar,,,,,105.128,pass_verified,DMV_Teilnahmen_2015_2025_VOLLSTAENDIG
DMV-154878,38436.0,38436.0,2016,2016-07-31,2016-07-31-Goslar,,,,,106.198,pass_verified,DMV_Teilnahmen_2015_2025_VOLLSTAENDIG
DMV-154879,38436.0,38436.0,2016,2016-08-13,2016-08-13-Salzgitter,,,,,101.805,pass_verified,DMV_Teilnahmen_2015_2025_VOLLSTAENDIG
DMV-154880,38436.0,38436.0,2016,2016-08-20,2016-08-20-Gebhardshagen,,,,,103.826,pass_verified,DMV_Teilnahmen_2015_2025_VOLLSTAENDIG
DMV-154881,38437.0,38437.0,2016,2016-04-17,2016-04-17-Northeim,,,,,106.565,pass_verified,DMV_Teilnahmen_2015_2025_VOLLSTAENDIG
DMV-154882,38437.0,38437.0,2016,2016-05-22,2016-05-22-Vellmar,,,,,105.884,pass_verified,DMV_Teilnahmen_2015_2025_VOLLSTAENDIG
DMV-154883,38437.0,38437.0,2016,2016-06-05,2016-06-05-Gebhardshagen,"MVBN-Verbandsliga Süd, 3. Punktspiel",Gebhardshagen,,17.0,104.48,pass_verified,DMV_Teilnahmen_2015_2025_VOLLSTAENDIG
DMV-154884,38437.0,38437.0,2016,2016-06-19,2016-06-19-Wolfsburg,,,,,106.4,pass_verified,DMV_Teilnahmen_2015_2025_VOLLSTAENDIG
DMV-154885,38437.0,38437.0,2016,2016-07-31,2016-07-31-Salzgitter,,,,,102.582,pass_verified,DMV_Teilnahmen_2015_2025_VOLLSTAENDIG
DMV-154886,38452.0,38452.0,2016,2016-04-17,2016-04-17-Bremen_Vahr,,,,,105.721,pass_verified,DMV_Teilnahmen_2015_2025_VOLLSTAENDIG
DMV-154887,38453.0,38453.0,2016,2016-06-05,2016-06-05-Bad_Feilnbach,,,,,108.516,pass_verified,DMV_Teilnahmen_2015_2025_VOLLSTAENDIG
DMV-154888,38453.0,38453.0,2016,2016-07-31,2016-07-31-Murnau_See,,,,,108.318,pass_verified,DMV_Teilnahmen_2015_2025_VOLLSTAENDIG
DMV-154889,38453.0,38453.0,2016,2016-09-11,2016-09-11-München_Feldmoching,,,,,108.652,pass_verified,DMV_Teilnahmen_2015_2025_VOLLSTAENDIG
DMV-154890,38453.0,38453.0,2016,2016-09-25,2016-09-25-Karlsfeld,,,,,106.493,pass_verified,DMV_Teilnahmen_2015_2025_VOLLSTAENDIG
DMV-154891,38454.0,38454.0,2016,2016-04-10,2016-04-10-Wallenhorst_Rulle,,,,,103.751,pass_verified,DMV_Teilnahmen_2015_2025_VOLLSTAENDIG
DMV-154892,38454.0,38454.0,2016,2016-05-22,2016-05-22-Gladbeck,,,,,106.388,pass_verified,DMV_Teilnahmen_2015_2025_VOLLSTAENDIG
DMV-154893,38454.0,38454.0,2016,2016-06-05,2016-06-05-Herten,,,,,102.321,pass_verified,DMV_Teilnahmen_2015_2025_VOLLSTAENDIG
DMV-154894,38454.0,38454.0,2016,2016-08-18,2016-08-18-Rauschenberg,,,,,106.308,pass_verified,DMV_Teilnahmen_2015_2025_VOLLSTAENDIG
DMV-154895,38455.0,38455.0,2016,2016-04-17,2016-04-17-Bad_Münder,,,,,106.288,pass_verified,DMV_Teilnahmen_2015_2025_VOLLSTAENDIG
DMV-154896,38455.0,38455.0,2016,2016-05-22,2016-05-22-Springe,,,,,107.957,pass_verified,DMV_Teilnahmen_2015_2025_VOLLSTAENDIG
DMV-154897,38455.0,38455.0,2016,2016-06-05,2016-06-05-Diepholz,,,,,113.999,pass_verified,DMV_Teilnahmen_2015_2025_VOLLSTAENDIG
DMV-154898,38455.0,38455.0,2016,2016-06-19,2016-06-19-Bad_Nenndorf,,,,,109.276,pass_verified,DMV_Teilnahmen_2015_2025_VOLLSTAENDIG
DMV-154899,38455.0,38455.0,2016,2016-07-31,2016-07-31-Hannover,,,,,108.846,pass_verified,DMV_Teilnahmen_2015_2025_VOLLSTAENDIG
DMV-154900,38455.0,38455.0,2016,2016-09-17,2016-09-17-Hannover,,,,,107.046,pass_verified,DMV_Teilnahmen_2015_2025_VOLLSTAENDIG
DMV-154901,38456.0,38456.0,2016,2016-03-04,2016-03-04-Celle_Halle,,,,,104.32,pass_verified,DMV_Teilnahmen_2015_2025_VOLLSTAENDIG
DMV-154902,38456.0,38456.0,2016,2016-04-17,2016-04-17-Berlin_Tegel_Adelheidallee,,,,,103.881,pass_verified,DMV_Teilnahmen_2015_2025_VOLLSTAENDIG
DMV-154903,38456.0,38456.0,2016,2016-05-14,2016-05-14-Celle,,,,,104.275,pass_verified,DMV_Teilnahmen_2015_2025_VOLLSTAENDIG
DMV-154904,38456.0,38456.0,2016,2016-05-22,2016-05-22-Kiel_Gaarden,,,,,104.714,pass_verified,DMV_Teilnahmen_2015_2025_VOLLSTAENDIG
DMV-154905,38456.0,38456.0,2016,2016-05-29,2016-05-29-Woltersdorf,MRP-Jugendliga/A-Rangliste,Mainz,,,101.695,pass_verified,DMV_Teilnahmen_2015_2025_VOLLSTAENDIG
DMV-154906,38456.0,38456.0,2016,2016-06-05,2016-06-05-Berlin_Marienfelde,,,,,104.47,pass_verified,DMV_Teilnahmen_2015_2025_VOLLSTAENDIG
DMV-154907,38456.0,38456.0,2016,2016-06-12,2016-06-12-Berlin_MärkischesViertel,,,,,101.849,pass_verified,DMV_Teilnahmen_2015_2025_VOLLSTAENDIG
DMV-154908,38456.0,38456.0,2016,2016-06-19,2016-06-19-Berlin_MärkischesViertel,,,,,102.135,pass_verified,DMV_Teilnahmen_2015_2025_VOLLSTAENDIG
DMV-154909,38456.0,38456.0,2016,2016-04-10,2016-04-10-Berlin_Tegel_Adelheidallee,,,,,102.698,pass_verified,DMV_Teilnahmen_2015_2025_VOLLSTAENDIG
DMV-154910,38456.0,38456.0,2016,2016-05-01,2016-05-01-Berlin_Britz,,,,,101.516,pass_verified,DMV_Teilnahmen_2015_2025_VOLLSTAENDIG
DMV-154911,38456.0,38456.0,2016,2016-08-06,2016-08-06-Berlin_MärkischesViertel,,,,,101.396,pass_verified,DMV_Teilnahmen_2015_2025_VOLLSTAENDIG
DMV-154912,38456.0,38456.0,2016,2016-09-04,2016-09-04-Cuxhaven,"3. Bundesliga Nord, Staffel I, 5. Spieltag",Dormagen,,,103.662,pass_verified,DMV_Teilnahmen_2015_2025_VOLLSTAENDIG
DMV-154913,38456.0,38456.0,2016,2016-10-22,2016-10-22-Berlin_Tegel_Adelheidallee+Berlin_MärkischesViertel,,,,,101.658,pass_verified,DMV_Teilnahmen_2015_2025_VOLLSTAENDIG
DMV-154914,38456.0,38456.0,2016,2016-11-26,2016-11-26-Decin,,,,,98.157,pass_verified,DMV_Teilnahmen_2015_2025_VOLLSTAENDIG
DMV-154915,38456.0,38456.0,2016,2016-12-03,2016-12-03-Mannheim_Sandhofen_Halle,,,,,101.197,pass_verified,DMV_Teilnahmen_2015_2025_VOLLSTAENDIG
DMV-154916,38457.0,38457.0,2016,2016-05-01,2016-05-01-Berlin_Reinickendorf,,,,,100.86,pass_verified,DMV_Teilnahmen_2015_2025_VOLLSTAENDIG
DMV-154917,38457.0,38457.0,2016,2016-04-17,2016-04-17-Berlin_Tegel_Adelheidallee,,,,,101.131,pass_verified,DMV_Teilnahmen_2015_2025_VOLLSTAENDIG
DMV-154918,38457.0,38457.0,2016,2016-05-01,2016-05-01-Berlin_MärkischesViertel,,,,,100.86,pass_verified,DMV_Teilnahmen_2015_2025_VOLLSTAENDIG
DMV-154919,38457.0,38457.0,2016,2016-05-22,2016-05-22-Kiel_Gaarden,,,,,100.214,pass_verified,DMV_Teilnahmen_2015_2025_VOLLSTAENDIG
DMV-154920,38457.0,38457.0,2016,2016-05-29,2016-05-29-Berlin_Tegel_Adelheidallee,MRP-Jugendliga/A-Rangliste,Mainz,,,103.409,pass_verified,DMV_Teilnahmen_2015_2025_VOLLSTAENDIG
DMV-154921,38457.0,38457.0,2016,2016-06-05,2016-06-05-Berlin_Marienfelde,,,,,100.72,pass_verified,DMV_Teilnahmen_2015_2025_VOLLSTAENDIG
DMV-154922,38457.0,38457.0,2016,2016-06-12,2016-06-12-Berlin_Lankwitz,,,,,100.827,pass_verified,DMV_Teilnahmen_2015_2025_VOLLSTAENDIG
DMV-154923,38457.0,38457.0,2016,2016-06-19,2016-06-19-Berlin_MärkischesViertel,,,,,99.885,pass_verified,DMV_Teilnahmen_2015_2025_VOLLSTAENDIG
DMV-154924,38457.0,38457.0,2016,2016-08-06,2016-08-06-Berlin_MärkischesViertel,,,,,100.229,pass_verified,DMV_Teilnahmen_2015_2025_VOLLSTAENDIG
DMV-154925,38457.0,38457.0,2016,2016-09-04,2016-09-04-Cuxhaven,"3. Bundesliga Nord, Staffel I, 5. Spieltag",Dormagen,,,102.912,pass_verified,DMV_Teilnahmen_2015_2025_VOLLSTAENDIG
DMV-154926,38457.0,38457.0,2016,2016-12-03,2016-12-03-Mannheim_Sandhofen_Halle,,,,,101.197,pass_verified,DMV_Teilnahmen_2015_2025_VOLLSTAENDIG
DMV-154927,38459.0,38459.0,2016,2016-04-17,2016-04-17-Bad_Münder,,,,,110.788,pass_verified,DMV_Teilnahmen_2015_2025_VOLLSTAENDIG
DMV-154928,38459.0,38459.0,2016,2016-05-22,2016-05-22-Springe,,,,,107.207,pass_verified,DMV_Teilnahmen_2015_2025_VOLLSTAENDIG
DMV-154929,38461.0,38461.0,2016,2016-02-21,2016-02-21-Celle_Halle,,,,,101.688,pass_verified,DMV_Teilnahmen_2015_2025_VOLLSTAENDIG
DMV-154930,38461.0,38461.0,2016,2016-03-04,2016-03-04-Celle_Halle,,,,,102.32,pass_verified,DMV_Teilnahmen_2015_2025_VOLLSTAENDIG
DMV-154931,38461.0,38461.0,2016,2016-05-01,2016-05-01-Vellmar,,,,,101.434,pass_verified,DMV_Teilnahmen_2015_2025_VOLLSTAENDIG
DMV-154932,38461.0,38461.0,2016,2016-05-14,2016-05-14-Celle,,,,,99.875,pass_verified,DMV_Teilnahmen_2015_2025_VOLLSTAENDIG
DMV-154933,38461.0,38461.0,2016,2016-05-29,2016-05-29-Celle,MRP-Jugendliga/A-Rangliste,Mainz,,,99.934,pass_verified,DMV_Teilnahmen_2015_2025_VOLLSTAENDIG
DMV-154934,38461.0,38461.0,2016,2016-06-05,2016-06-05-Berlin_Tegel_Adelheidallee,,,,,100.038,pass_verified,DMV_Teilnahmen_2015_2025_VOLLSTAENDIG
DMV-154935,38461.0,38461.0,2016,2016-06-12,2016-06-12-Hannover,,,,,99.813,pass_verified,DMV_Teilnahmen_2015_2025_VOLLSTAENDIG
DMV-154936,38461.0,38461.0,2016,2016-08-06,2016-08-06-Bad_Münder,,,,,102.102,pass_verified,DMV_Teilnahmen_2015_2025_VOLLSTAENDIG
DMV-154937,38461.0,38461.0,2016,2016-10-01,2016-10-01-Bad_Münder2,Europacup 2016,Neutraubling,,,99.552,pass_verified,DMV_Teilnahmen_2015_2025_VOLLSTAENDIG
DMV-154938,38462.0,38462.0,2016,2016-02-21,2016-02-21-Celle_Halle,,,,,100.022,pass_verified,DMV_Teilnahmen_2015_2025_VOLLSTAENDIG
DMV-154939,38462.0,38462.0,2016,2016-03-04,2016-03-04-Celle_Halle,,,,,99.32,pass_verified,DMV_Teilnahmen_2015_2025_VOLLSTAENDIG
DMV-154940,38462.0,38462.0,2016,2016-04-01,2016-04-01-Schweinfurt,,,,,101.574,pass_verified,DMV_Teilnahmen_2015_2025_VOLLSTAENDIG
DMV-154941,38462.0,38462.0,2016,2016-05-01,2016-05-01-Vellmar,,,,,99.267,pass_verified,DMV_Teilnahmen_2015_2025_VOLLSTAENDIG
DMV-154942,38462.0,38462.0,2016,2016-05-29,2016-05-29-Celle,MRP-Jugendliga/A-Rangliste,Mainz,,,99.767,pass_verified,DMV_Teilnahmen_2015_2025_VOLLSTAENDIG
DMV-154943,38462.0,38462.0,2016,2016-06-05,2016-06-05-Berlin_Tegel_Adelheidallee,,,,,101.788,pass_verified,DMV_Teilnahmen_2015_2025_VOLLSTAENDIG
DMV-154944,38462.0,38462.0,2016,2016-06-12,2016-06-12-Hannover,,,,,100.813,pass_verified,DMV_Teilnahmen_2015_2025_VOLLSTAENDIG
DMV-154945,38462.0,38462.0,2016,2016-07-21,2016-07-21-Weinheim,,,,,101.321,pass_verified,DMV_Teilnahmen_2015_2025_VOLLSTAENDIG
DMV-154946,38462.0,38462.0,2016,2016-10-01,2016-10-01-Bad_Münder2,Europacup 2016,Neutraubling,,,99.695,pass_verified,DMV_Teilnahmen_2015_2025_VOLLSTAENDIG
DMV-154947,38469.0,38469.0,2016,2016-05-22,2016-05-22-Berlin_Tegel_Adelheidallee,,,,,113.056,pass_verified,DMV_Teilnahmen_2015_2025_VOLLSTAENDIG
DMV-154948,38469.0,38469.0,2016,2016-06-05,2016-06-05-Berlin_Lankwitz,,,,,113.162,pass_verified,DMV_Teilnahmen_2015_2025_VOLLSTAENDIG
DMV-154949,38469.0,38469.0,2016,2016-07-31,2016-07-31-Berlin_MärkischesViertel,,,,,113.924,pass_verified,DMV_Teilnahmen_2015_2025_VOLLSTAENDIG
DMV-154950,38473.0,38473.0,2016,2016-04-01,2016-04-01-Schweinfurt,,,,,101.474,pass_verified,DMV_Teilnahmen_2015_2025_VOLLSTAENDIG
DMV-154951,38473.0,38473.0,2016,2016-04-17,2016-04-17-Bad_Godesberg,,,,,101.521,pass_verified,DMV_Teilnahmen_2015_2025_VOLLSTAENDIG
DMV-154952,38473.0,38473.0,2016,2016-06-19,2016-06-19-Bochum_Stadtpark,"3. Bundesliga Nord Staffel I, 3. Spieltag",Bochum,,2.0,102.109,pass_verified,DMV_Teilnahmen_2015_2025_VOLLSTAENDIG
DMV-154953,38473.0,38473.0,2016,2016-07-21,2016-07-21-Weinheim,,,,,103.571,pass_verified,DMV_Teilnahmen_2015_2025_VOLLSTAENDIG
DMV-154954,38473.0,38473.0,2016,2016-07-31,2016-07-31-Kaarst,"3. Bundesliga Nord Staffel I, 4. Spieltag",Kaarst,,,103.321,pass_verified,DMV_Teilnahmen_2015_2025_VOLLSTAENDIG
DMV-154955,38473.0,38473.0,2016,2016-09-04,2016-09-04-Dormagen_Hackenbroich,"3. Bundesliga Nord, Staffel I, 5. Spieltag",Dormagen,,,102.233,pass_verified,DMV_Teilnahmen_2015_2025_VOLLSTAENDIG
DMV-154956,38473.0,38473.0,2016,2016-10-01,2016-10-01-Bad_Münder2,Europacup 2016,Neutraubling,,,101.695,pass_verified,DMV_Teilnahmen_2015_2025_VOLLSTAENDIG
DMV-154957,38474.0,38474.0,2016,2016-04-01,2016-04-01-Schweinfurt,,,,,106.674,pass_verified,DMV_Teilnahmen_2015_2025_VOLLSTAENDIG
DMV-154958,38474.0,38474.0,2016,2016-04-17,2016-04-17-Bad_Godesberg,,,,,108.771,pass_verified,DMV_Teilnahmen_2015_2025_VOLLSTAENDIG
DMV-154959,38474.0,38474.0,2016,2016-05-22,2016-05-22-Castrop,"3. Bundesliga Nord Staffel 1, 2. Spieltag",Castrop-Rauxel,,1.0,108.793,pass_verified,DMV_Teilnahmen_2015_2025_VOLLSTAENDIG
DMV-154960,38474.0,38474.0,2016,2016-06-19,2016-06-19-Bochum_Stadtpark,"3. Bundesliga Nord Staffel I, 3. Spieltag",Bochum,,1.0,105.859,pass_verified,DMV_Teilnahmen_2015_2025_VOLLSTAENDIG
DMV-154961,38474.0,38474.0,2016,2016-07-21,2016-07-21-Weinheim,,,,,106.821,pass_verified,DMV_Teilnahmen_2015_2025_VOLLSTAENDIG
DMV-154962,38474.0,38474.0,2016,2016-07-31,2016-07-31-Kaarst,"3. Bundesliga Nord Staffel I, 4. Spieltag",Kaarst,,,104.821,pass_verified,DMV_Teilnahmen_2015_2025_VOLLSTAENDIG
DMV-154963,38477.0,38477.0,2016,2016-04-01,2016-04-01-Schweinfurt,,,,,100.074,pass_verified,DMV_Teilnahmen_2015_2025_VOLLSTAENDIG
DMV-154964,38477.0,38477.0,2016,2016-04-17,2016-04-17-Göttingen_Grone,,,,,102.714,pass_verified,DMV_Teilnahmen_2015_2025_VOLLSTAENDIG
DMV-154965,38477.0,38477.0,2016,2016-06-05,2016-06-05-Velbert_Hardenberg,,,,,102.221,pass_verified,DMV_Teilnahmen_2015_2025_VOLLSTAENDIG
DMV-154966,38477.0,38477.0,2016,2016-07-21,2016-07-21-Weinheim,,,,,102.654,pass_verified,DMV_Teilnahmen_2015_2025_VOLLSTAENDIG
DMV-154967,38477.0,38477.0,2016,2016-07-31,2016-07-31-Neheim_Hüsten,,,,,99.71,pass_verified,DMV_Teilnahmen_2015_2025_VOLLSTAENDIG
DMV-154968,38477.0,38477.0,2016,2016-09-04,2016-09-04-Kerpen,"3. Bundesliga Nord, Staffel I, 5. Spieltag",Dormagen,,,100.942,pass_verified,DMV_Teilnahmen_2015_2025_VOLLSTAENDIG
DMV-154969,38477.0,38477.0,2016,2016-10-23,2016-10-23-Gevelsberg,,,,,102.252,pass_verified,DMV_Teilnahmen_2015_2025_VOLLSTAENDIG
DMV-154970,38477.0,38477.0,2016,2016-11-19,2016-11-19-Halver_Halle,,,,,103.912,pass_verified,DMV_Teilnahmen_2015_2025_VOLLSTAENDIG
DMV-154971,38478.0,38478.0,2016,2016-05-22,2016-05-22-Gladbeck,,,,,103.888,pass_verified,DMV_Teilnahmen_2015_2025_VOLLSTAENDIG
DMV-154972,38478.0,38478.0,2016,2016-06-19,2016-06-19-Essen_Vogelheim,,,,,103.436,pass_verified,DMV_Teilnahmen_2015_2025_VOLLSTAENDIG
DMV-154973,38484.0,38484.0,2016,2016-03-27,2016-03-27-Landshut,,,,,119.525,pass_verified,DMV_Teilnahmen_2015_2025_VOLLSTAENDIG
DMV-154974,38485.0,38485.0,2016,2016-04-10,2016-04-10-Köln_Freizeitinsel,,,,,104.313,pass_verified,DMV_Teilnahmen_2015_2025_VOLLSTAENDIG
DMV-154975,38485.0,38485.0,2016,2016-05-22,2016-05-22-Bad_Godesberg,,,,,101.795,pass_verified,DMV_Teilnahmen_2015_2025_VOLLSTAENDIG
DMV-154976,38485.0,38485.0,2016,2016-06-05,2016-06-05-Paffendorf,,,,,103.737,pass_verified,DMV_Teilnahmen_2015_2025_VOLLSTAENDIG
DMV-154977,38485.0,38485.0,2016,2016-06-19,2016-06-19-Wesseling,,,,,101.732,pass_verified,DMV_Teilnahmen_2015_2025_VOLLSTAENDIG
DMV-154978,38485.0,38485.0,2016,2016-07-23,2016-07-23-Kerpen,,,,,105.85,pass_verified,DMV_Teilnahmen_2015_2025_VOLLSTAENDIG
DMV-154979,38485.0,38485.0,2016,2016-10-29,2016-10-29-Paffendorf,,,,,101.544,pass_verified,DMV_Teilnahmen_2015_2025_VOLLSTAENDIG
DMV-154980,38490.0,38490.0,2016,2016-05-22,2016-05-22-Bensheim,,,,,104.784,pass_verified,DMV_Teilnahmen_2015_2025_VOLLSTAENDIG
DMV-154981,38490.0,38490.0,2016,2016-03-20,2016-03-20-Mannheim_Sandhofen_Halle,,,,,105.898,pass_verified,DMV_Teilnahmen_2015_2025_VOLLSTAENDIG
DMV-154982,38490.0,38490.0,2016,2016-04-10,2016-04-10-Bensheim,,,,,104.08,pass_verified,DMV_Teilnahmen_2015_2025_VOLLSTAENDIG
DMV-154983,38490.0,38490.0,2016,2016-04-17,2016-04-17-Pfungstadt,,,,,107.569,pass_verified,DMV_Teilnahmen_2015_2025_VOLLSTAENDIG
DMV-154984,38490.0,38490.0,2016,2016-05-01,2016-05-01-Bad_Soden,,,,,104.155,pass_verified,DMV_Teilnahmen_2015_2025_VOLLSTAENDIG
DMV-154985,38490.0,38490.0,2016,2016-05-29,2016-05-29-Arheilgen,MRP-Jugendliga/A-Rangliste,Mainz,,,104.074,pass_verified,DMV_Teilnahmen_2015_2025_VOLLSTAENDIG
DMV-154986,38490.0,38490.0,2016,2016-07-09,2016-07-09-Arheilgen,,,,,103.401,pass_verified,DMV_Teilnahmen_2015_2025_VOLLSTAENDIG
DMV-154987,38490.0,38490.0,2016,2016-07-10,2016-07-10-Arheilgen,,,,,105.313,pass_verified,DMV_Teilnahmen_2015_2025_VOLLSTAENDIG
DMV-154988,38490.0,38490.0,2016,2016-07-31,2016-07-31-Bad_Homburg_Hirschgarten,,,,,100.627,pass_verified,DMV_Teilnahmen_2015_2025_VOLLSTAENDIG
DMV-154989,38490.0,38490.0,2016,2016-08-27,2016-08-27-Pfungstadt,,,,,105.751,pass_verified,DMV_Teilnahmen_2015_2025_VOLLSTAENDIG
DMV-154990,38490.0,38490.0,2016,2016-09-04,2016-09-04-Mannheim_Sandhofen_Halle,"3. Bundesliga Nord, Staffel I, 5. Spieltag",Dormagen,,,104.456,pass_verified,DMV_Teilnahmen_2015_2025_VOLLSTAENDIG
DMV-154991,38492.0,38492.0,2016,2016-06-05,2016-06-05-Lüdenscheid,"NBV-Landesliga I, 3. Spieltag",Lüdenscheid,,5.0,103.283,pass_verified,DMV_Teilnahmen_2015_2025_VOLLSTAENDIG
DMV-154992,38492.0,38492.0,2016,2016-06-19,2016-06-19-Velbert_Langenberg,,,,,102.035,pass_verified,DMV_Teilnahmen_2015_2025_VOLLSTAENDIG
DMV-154993,38492.0,38492.0,2016,2016-08-07,2016-08-07-Kaarst,"NBV-Landesliga Staffel I, 5. Spieltag",Kaarst,,6.0,103.409,pass_verified,DMV_Teilnahmen_2015_2025_VOLLSTAENDIG
DMV-154994,38492.0,38492.0,2016,2016-09-25,2016-09-25-Kaarst,,,,,103.191,pass_verified,DMV_Teilnahmen_2015_2025_VOLLSTAENDIG
DMV-154995,38492.0,38492.0,2016,2016-09-25,2016-09-25-Büttgen,,,,,103.191,pass_verified,DMV_Teilnahmen_2015_2025_VOLLSTAENDIG
DMV-154996,38498.0,38498.0,2016,2016-09-04,2016-09-04-Hamburg_Rahlstedt,"3. Bundesliga Nord, Staffel I, 5. Spieltag",Dormagen,,,103.878,pass_verified,DMV_Teilnahmen_2015_2025_VOLLSTAENDIG
DMV-154997,38505.0,38505.0,2016,2016-05-22,2016-05-22-Bensheim,,,,,102.284,pass_verified,DMV_Teilnahmen_2015_2025_VOLLSTAENDIG
DMV-154998,38505.0,38505.0,2016,2016-04-01,2016-04-01-Schweinfurt,,,,,104.374,pass_verified,DMV_Teilnahmen_2015_2025_VOLLSTAENDIG
DMV-154999,38505.0,38505.0,2016,2016-04-10,2016-04-10-Arheilgen2,2. Spieltag Jugendrangliste BBS / MRP,Weinheim,,5.0,102.951,pass_verified,DMV_Teilnahmen_2015_2025_VOLLSTAENDIG
DMV-155000,38505.0,38505.0,2016,2016-05-01,2016-05-01-Pfungstadt2,,,,,104.567,pass_verified,DMV_Teilnahmen_2015_2025_VOLLSTAENDIG
DMV-155001,38505.0,38505.0,2016,2016-05-29,2016-05-29-Bensheim2,MRP-Jugendliga/A-Rangliste,Mainz,,,103.97,pass_verified,DMV_Teilnahmen_2015_2025_VOLLSTAENDIG
DMV-155002,38505.0,38505.0,2016,2016-06-05,2016-06-05-Arheilgen,,,,,104.787,pass_verified,DMV_Teilnahmen_2015_2025_VOLLSTAENDIG
DMV-155003,38505.0,38505.0,2016,2016-06-12,2016-06-12-Aßlar2,,,,,103.871,pass_verified,DMV_Teilnahmen_2015_2025_VOLLSTAENDIG
DMV-155004,38505.0,38505.0,2016,2016-07-21,2016-07-21-Weinheim,,,,,105.571,pass_verified,DMV_Teilnahmen_2015_2025_VOLLSTAENDIG
DMV-155005,38505.0,38505.0,2016,2016-08-27,2016-08-27-Pfungstadt,,,,,103.151,pass_verified,DMV_Teilnahmen_2015_2025_VOLLSTAENDIG
DMV-155006,38505.0,38505.0,2016,2016-09-04,2016-09-04-Mannheim_Sandhofen_Halle,"3. Bundesliga Nord, Staffel I, 5. Spieltag",Dormagen,,,101.956,pass_verified,DMV_Teilnahmen_2015_2025_VOLLSTAENDIG
DMV-155007,38505.0,38505.0,2016,2016-09-24,2016-09-24-Bad_Homburg_Hirschgarten+Dreieich,,,,,103.519,pass_verified,DMV_Teilnahmen_2015_2025_VOLLSTAENDIG
DMV-155008,38511.0,38511.0,2016,2016-05-14,2016-05-14-Neheim_Hüsten,,,,,104.971,pass_verified,DMV_Teilnahmen_2015_2025_VOLLSTAENDIG
DMV-155009,38511.0,38511.0,2016,2016-06-05,2016-06-05-Neheim_Hüsten,,,,,104.658,pass_verified,DMV_Teilnahmen_2015_2025_VOLLSTAENDIG
DMV-155010,38512.0,38512.0,2016,2016-03-27,2016-03-27-Landshut,,,,,108.858,pass_verified,DMV_Teilnahmen_2015_2025_VOLLSTAENDIG
DMV-155011,38513.0,38513.0,2016,2016-09-11,2016-09-11-Ottobrunn,,,,,104.544,pass_verified,DMV_Teilnahmen_2015_2025_VOLLSTAENDIG
DMV-155012,38515.0,38515.0,2016,2016-06-19,2016-06-19-Woltersdorf,,,,,106.338,pass_verified,DMV_Teilnahmen_2015_2025_VOLLSTAENDIG
DMV-155013,38515.0,38515.0,2016,2016-06-05,2016-06-05-Berlin_Lankwitz2,,,,,105.389,pass_verified,DMV_Teilnahmen_2015_2025_VOLLSTAENDIG
DMV-155014,38515.0,38515.0,2016,2016-07-31,2016-07-31-Berlin_Britz,,,,,106.42,pass_verified,DMV_Teilnahmen_2015_2025_VOLLSTAENDIG
DMV-155015,38515.0,38515.0,2016,2016-09-04,2016-09-04-Berlin_Spandau2,"3. Bundesliga Nord, Staffel I, 5. Spieltag",Dormagen,,,106.062,pass_verified,DMV_Teilnahmen_2015_2025_VOLLSTAENDIG
DMV-155016,38519.0,38519.0,2016,2016-04-17,2016-04-17-Springe,,,,,104.85,pass_verified,DMV_Teilnahmen_2015_2025_VOLLSTAENDIG
DMV-155017,38519.0,38519.0,2016,2016-05-22,2016-05-22-Hannover,,,,,105.403,pass_verified,DMV_Teilnahmen_2015_2025_VOLLSTAENDIG
DMV-155018,38519.0,38519.0,2016,2016-06-05,2016-06-05-Celle,,,,,102.393,pass_verified,DMV_Teilnahmen_2015_2025_VOLLSTAENDIG
DMV-155019,38519.0,38519.0,2016,2016-06-19,2016-06-19-Hannover,,,,,104.247,pass_verified,DMV_Teilnahmen_2015_2025_VOLLSTAENDIG
DMV-155020,38519.0,38519.0,2016,2016-07-31,2016-07-31-Bremen_Vahr,,,,,107.582,pass_verified,DMV_Teilnahmen_2015_2025_VOLLSTAENDIG
DMV-155021,38523.0,38523.0,2016,2016-04-10,2016-04-10-Paderborn_Lieth,,,,,108.162,pass_verified,DMV_Teilnahmen_2015_2025_VOLLSTAENDIG
DMV-155022,38523.0,38523.0,2016,2016-05-22,2016-05-22-Bad_Salzuflen,,,,,112.695,pass_verified,DMV_Teilnahmen_2015_2025_VOLLSTAENDIG
DMV-155023,38523.0,38523.0,2016,2016-06-05,2016-06-05-Detmold,,,,,109.116,pass_verified,DMV_Teilnahmen_2015_2025_VOLLSTAENDIG
DMV-155024,38523.0,38523.0,2016,2016-06-19,2016-06-19-Paderborn_Fischteiche,,,,,108.583,pass_verified,DMV_Teilnahmen_2015_2025_VOLLSTAENDIG
DMV-155025,38528.0,38528.0,2016,2016-04-10,2016-04-10-Uerdingen,,,,,108.237,pass_verified,DMV_Teilnahmen_2015_2025_VOLLSTAENDIG
DMV-155026,38528.0,38528.0,2016,2016-05-22,2016-05-22-Mönchengladbach,,,,,104.453,pass_verified,DMV_Teilnahmen_2015_2025_VOLLSTAENDIG
DMV-155027,38528.0,38528.0,2016,2016-06-05,2016-06-05-Dormagen,,,,,105.613,pass_verified,DMV_Teilnahmen_2015_2025_VOLLSTAENDIG
DMV-155028,38528.0,38528.0,2016,2016-06-19,2016-06-19-Dormagen_Hackenbroich,,,,,111.894,pass_verified,DMV_Teilnahmen_2015_2025_VOLLSTAENDIG
DMV-155029,38528.0,38528.0,2016,2016-08-07,2016-08-07-Duisburg_Rheinhausen,"NBV-Landesliga Staffel I, 5. Spieltag",Kaarst,,,107.884,pass_verified,DMV_Teilnahmen_2015_2025_VOLLSTAENDIG
DMV-155030,38528.0,38528.0,2016,2016-09-04,2016-09-04-Kaarst,"3. Bundesliga Nord, Staffel I, 5. Spieltag",Dormagen,,,101.731,pass_verified,DMV_Teilnahmen_2015_2025_VOLLSTAENDIG
DMV-155031,38528.0,38528.0,2016,2016-10-23,2016-10-23-Gevelsberg,,,,,107.752,pass_verified,DMV_Teilnahmen_2015_2025_VOLLSTAENDIG
DMV-155032,38528.0,38528.0,2016,2016-09-04,2016-09-04-Büttgen,"3. Bundesliga Nord, Staffel I, 5. Spieltag",Dormagen,,,101.731,pass_verified,DMV_Teilnahmen_2015_2025_VOLLSTAENDIG
DMV-155033,38529.0,38529.0,2016,2016-04-10,2016-04-10-Bildstock,,,,,105.723,pass_verified,DMV_Teilnahmen_2015_2025_VOLLSTAENDIG
DMV-155034,38529.0,38529.0,2016,2016-05-29,2016-05-29-Bliesen,MRP-Jugendliga/A-Rangliste,Mainz,,,111.819,pass_verified,DMV_Teilnahmen_2015_2025_VOLLSTAENDIG
DMV-155035,38102.0,38102.0,2016,05.-06.11.2016,2016-0001-02,Grand Prix 2016,Eibenstock,,1.0,,pass_verified,DMV_Teilnahmen_2015_2025_VOLLSTAENDIG
DMV-155036,,,2016,05.-06.11.2016,2016-0001-02,Grand Prix 2016,Eibenstock,,2.0,,unresolved_identity,DMV_Teilnahmen_2015_2025_VOLLSTAENDIG
DMV-155037,42074.0,42074.0,2016,05.-06.11.2016,2016-0001-02,Grand Prix 2016,Eibenstock,,3.0,,pass_verified,DMV_Teilnahmen_2015_2025_VOLLSTAENDIG
DMV-155038,38135.0,38135.0,2016,05.-06.11.2016,2016-0001-02,Grand Prix 2016,Eibenstock,,4.0,,pass_verified,DMV_Teilnahmen_2015_2025_VOLLSTAENDIG
DMV-155039,25020.0,25020.0,2016,05.-06.11.2016,2016-0001-02,Grand Prix 2016,Eibenstock,,6.0,,pass_verified,DMV_Teilnahmen_2015_2025_VOLLSTAENDIG
DMV-155040,66655.0,66655.0,2016,05.-06.11.2016,2016-0001-02,Grand Prix 2016,Eibenstock,,7.0,,pass_verified,DMV_Teilnahmen_2015_2025_VOLLSTAENDIG
DMV-155041,66750.0,66750.0,2016,05.-06.11.2016,2016-0001-02,Grand Prix 2016,Eibenstock,,8.0,,pass_verified,DMV_Teilnahmen_2015_2025_VOLLSTAENDIG
DMV-155042,66076.0,66076.0,2016,05.-06.11.2016,2016-0001-02,Grand Prix 2016,Eibenstock,,9.0,,pass_verified,DMV_Teilnahmen_2015_2025_VOLLSTAENDIG
DMV-155043,36767.0,36767.0,2016,05.-06.11.2016,2016-0001-03,Grand Prix 2016,Eibenstock,,1.0,,pass_verified,DMV_Teilnahmen_2015_2025_VOLLSTAENDIG
DMV-155044,2283.0,2283.0,2016,05.-06.11.2016,2016-0001-03,Grand Prix 2016,Eibenstock,,2.0,,pass_verified,DMV_Teilnahmen_2015_2025_VOLLSTAENDIG
DMV-155045,,,2016,05.-06.11.2016,2016-0001-03,Grand Prix 2016,Eibenstock,,3.0,,unresolved_identity,DMV_Teilnahmen_2015_2025_VOLLSTAENDIG
DMV-155046,37872.0,37872.0,2016,05.-06.11.2016,2016-0001-03,Grand Prix 2016,Eibenstock,,4.0,,pass_verified,DMV_Teilnahmen_2015_2025_VOLLSTAENDIG
DMV-155047,3219.0,3219.0,2016,05.-06.11.2016,2016-0001-03,Grand Prix 2016,Eibenstock,,5.0,,pass_verified,DMV_Teilnahmen_2015_2025_VOLLSTAENDIG
DMV-155048,34904.0,34904.0,2016,05.-06.11.2016,2016-0001-04,Grand Prix 2016,Eibenstock,,1.0,,pass_verified,DMV_Teilnahmen_2015_2025_VOLLSTAENDIG
DMV-155049,35538.0,35538.0,2016,05.-06.11.2016,2016-0001-04,Grand Prix 2016,Eibenstock,,2.0,,pass_verified,DMV_Teilnahmen_2015_2025_VOLLSTAENDIG
DMV-155050,32627.0,32627.0,2016,05.-06.11.2016,2016-0001-04,Grand Prix 2016,Eibenstock,,3.0,,pass_verified,DMV_Teilnahmen_2015_2025_VOLLSTAENDIG
DMV-155051,2083.0,2083.0,2016,05.-06.11.2016,2016-0001-04,Grand Prix 2016,Eibenstock,,4.0,,pass_verified,DMV_Teilnahmen_2015_2025_VOLLSTAENDIG
DMV-155052,38580.0,38580.0,2016,05.-06.11.2016,2016-0001-04,Grand Prix 2016,Eibenstock,,5.0,,pass_verified,DMV_Teilnahmen_2015_2025_VOLLSTAENDIG
DMV-155053,38180.0,38180.0,2016,05.-06.11.2016,2016-0001-04,Grand Prix 2016,Eibenstock,,6.0,,pass_verified,DMV_Teilnahmen_2015_2025_VOLLSTAENDIG
DMV-155054,66299.0,66299.0,2016,05.-06.11.2016,2016-0001-04,Grand Prix 2016,Eibenstock,,7.0,,pass_verified,DMV_Teilnahmen_2015_2025_VOLLSTAENDIG
DMV-155055,66490.0,66490.0,2016,05.-06.11.2016,2016-0001-04,Grand Prix 2016,Eibenstock,,8.0,,pass_verified,DMV_Teilnahmen_2015_2025_VOLLSTAENDIG
DMV-155056,66648.0,66648.0,2016,05.-06.11.2016,2016-0001-04,Grand Prix 2016,Eibenstock,,9.0,,pass_verified,DMV_Teilnahmen_2015_2025_VOLLSTAENDIG
DMV-155057,66449.0,66449.0,2016,05.-06.11.2016,2016-0001-05,Grand Prix 2016,Eibenstock,,1.0,,pass_verified,DMV_Teilnahmen_2015_2025_VOLLSTAENDIG
DMV-155058,66804.0,66804.0,2016,05.-06.11.2016,2016-0001-05,Grand Prix 2016,Eibenstock,,2.0,,pass_verified,DMV_Teilnahmen_2015_2025_VOLLSTAENDIG
DMV-155059,66616.0,66616.0,2016,05.-06.11.2016,2016-0001-05,Grand Prix 2016,Eibenstock,,3.0,,pass_verified,DMV_Teilnahmen_2015_2025_VOLLSTAENDIG
DMV-155060,66826.0,66826.0,2016,05.-06.11.2016,2016-0001-05,Grand Prix 2016,Eibenstock,,4.0,,pass_verified,DMV_Teilnahmen_2015_2025_VOLLSTAENDIG
DMV-155061,65873.0,65873.0,2016,05.-06.11.2016,2016-0001-06,Grand Prix 2016,Eibenstock,,1.0,,pass_verified,DMV_Teilnahmen_2015_2025_VOLLSTAENDIG
DMV-155062,66619.0,66619.0,2016,05.-06.11.2016,2016-0001-06,Grand Prix 2016,Eibenstock,,3.0,,pass_verified,DMV_Teilnahmen_2015_2025_VOLLSTAENDIG
DMV-155063,66479.0,66479.0,2016,05.-06.11.2016,2016-0001-06,Grand Prix 2016,Eibenstock,,4.0,,pass_verified,DMV_Teilnahmen_2015_2025_VOLLSTAENDIG
DMV-155064,6524.0,6524.0,2016,05.-06.11.2016,2016-0001-07,Grand Prix 2016,Eibenstock,,1.0,,pass_verified,DMV_Teilnahmen_2015_2025_VOLLSTAENDIG
DMV-155065,5966.0,5966.0,2016,05.-06.11.2016,2016-0001-07,Grand Prix 2016,Eibenstock,,2.0,,pass_verified,DMV_Teilnahmen_2015_2025_VOLLSTAENDIG
DMV-155066,37630.0,37630.0,2016,05.-06.11.2016,2016-0001-07,Grand Prix 2016,Eibenstock,,3.0,,pass_verified,DMV_Teilnahmen_2015_2025_VOLLSTAENDIG
DMV-155067,12064.0,12064.0,2016,05.-06.11.2016,2016-0001-07,Grand Prix 2016,Eibenstock,,4.0,,pass_verified,DMV_Teilnahmen_2015_2025_VOLLSTAENDIG
DMV-155068,3808.0,3808.0,2016,05.-06.11.2016,2016-0001-07,Grand Prix 2016,Eibenstock,,6.0,,pass_verified,DMV_Teilnahmen_2015_2025_VOLLSTAENDIG
DMV-155069,37054.0,37054.0,2016,05.-06.11.2016,2016-0001-07,Grand Prix 2016,Eibenstock,,7.0,,pass_verified,DMV_Teilnahmen_2015_2025_VOLLSTAENDIG
DMV-155070,18367.0,18367.0,2016,05.-06.11.2016,2016-0001-07,Grand Prix 2016,Eibenstock,,8.0,,pass_verified,DMV_Teilnahmen_2015_2025_VOLLSTAENDIG
DMV-155071,44123.0,44123.0,2016,05.-06.11.2016,2016-0001-07,Grand Prix 2016,Eibenstock,,9.0,,pass_verified,DMV_Teilnahmen_2015_2025_VOLLSTAENDIG
DMV-155072,38620.0,38620.0,2016,05.-06.11.2016,2016-0001-07,Grand Prix 2016,Eibenstock,,10.0,,pass_verified,DMV_Teilnahmen_2015_2025_VOLLSTAENDIG
DMV-155073,,,2016,05.-06.11.2016,2016-0001-07,Grand Prix 2016,Eibenstock,,11.0,,unresolved_identity,DMV_Teilnahmen_2015_2025_VOLLSTAENDIG
DMV-155074,6076.0,6076.0,2016,05.-06.11.2016,2016-0001-07,Grand Prix 2016,Eibenstock,,12.0,,pass_verified,DMV_Teilnahmen_2015_2025_VOLLSTAENDIG
DMV-155075,36914.0,36914.0,2016,05.-06.11.2016,2016-0001-07,Grand Prix 2016,Eibenstock,,13.0,,pass_verified,DMV_Teilnahmen_2015_2025_VOLLSTAENDIG
DMV-155076,2284.0,2284.0,2016,05.-06.11.2016,2016-0001-07,Grand Prix 2016,Eibenstock,,14.0,,pass_verified,DMV_Teilnahmen_2015_2025_VOLLSTAENDIG
DMV-155077,34921.0,34921.0,2016,05.-06.11.2016,2016-0001-07,Grand Prix 2016,Eibenstock,,15.0,,pass_verified,DMV_Teilnahmen_2015_2025_VOLLSTAENDIG
DMV-155078,33176.0,33176.0,2016,05.-06.11.2016,2016-0001-07,Grand Prix 2016,Eibenstock,,16.0,,pass_verified,DMV_Teilnahmen_2015_2025_VOLLSTAENDIG
DMV-155079,6368.0,6368.0,2016,05.-06.11.2016,2016-0001-07,Grand Prix 2016,Eibenstock,,17.0,,pass_verified,DMV_Teilnahmen_2015_2025_VOLLSTAENDIG
DMV-155080,35103.0,35103.0,2016,05.-06.11.2016,2016-0001-08,Grand Prix 2016,Eibenstock,,1.0,,pass_verified,DMV_Teilnahmen_2015_2025_VOLLSTAENDIG
DMV-155081,66148.0,66148.0,2016,05.-06.11.2016,2016-0001-08,Grand Prix 2016,Eibenstock,,2.0,,pass_verified,DMV_Teilnahmen_2015_2025_VOLLSTAENDIG
DMV-155082,33177.0,33177.0,2016,05.-06.11.2016,2016-0001-08,Grand Prix 2016,Eibenstock,,3.0,,pass_verified,DMV_Teilnahmen_2015_2025_VOLLSTAENDIG
DMV-155083,44018.0,44018.0,2016,05.-06.11.2016,2016-0001-08,Grand Prix 2016,Eibenstock,,4.0,,pass_verified,DMV_Teilnahmen_2015_2025_VOLLSTAENDIG
DMV-155084,,,2016,05.-06.11.2016,2016-0001-08,Grand Prix 2016,Eibenstock,,5.0,,unresolved_identity,DMV_Teilnahmen_2015_2025_VOLLSTAENDIG
DMV-155085,27214.0,27214.0,2016,05.-06.11.2016,2016-0001-09,Grand Prix 2016,Eibenstock,,2.0,,pass_verified,DMV_Teilnahmen_2015_2025_VOLLSTAENDIG
DMV-155086,35706.0,35706.0,2016,05.-06.11.2016,2016-0001-09,Grand Prix 2016,Eibenstock,,3.0,,pass_verified,DMV_Teilnahmen_2015_2025_VOLLSTAENDIG
DMV-155087,45943.0,45943.0,2016,05.-06.11.2016,2016-0001-09,Grand Prix 2016,Eibenstock,,4.0,,pass_verified,DMV_Teilnahmen_2015_2025_VOLLSTAENDIG
DMV-155088,26576.0,26576.0,2016,05.-06.11.2016,2016-0001-09,Grand Prix 2016,Eibenstock,,5.0,,pass_verified,DMV_Teilnahmen_2015_2025_VOLLSTAENDIG
DMV-155089,30650.0,30650.0,2016,05.-06.11.2016,2016-0001-09,Grand Prix 2016,Eibenstock,,6.0,,pass_verified,DMV_Teilnahmen_2015_2025_VOLLSTAENDIG
DMV-155090,26787.0,26787.0,2016,05.-06.11.2016,2016-0001-09,Grand Prix 2016,Eibenstock,,7.0,,pass_verified,DMV_Teilnahmen_2015_2025_VOLLSTAENDIG
DMV-155091,66721.0,66721.0,2016,05.-06.11.2016,2016-0001-09,Grand Prix 2016,Eibenstock,,8.0,,pass_verified,DMV_Teilnahmen_2015_2025_VOLLSTAENDIG
DMV-155092,1951.0,1951.0,2016,05.-06.11.2016,2016-0001-09,Grand Prix 2016,Eibenstock,,9.0,,pass_verified,DMV_Teilnahmen_2015_2025_VOLLSTAENDIG
DMV-155093,,,2016,05.-06.11.2016,2016-0001-09,Grand Prix 2016,Eibenstock,,10.0,,unresolved_identity,DMV_Teilnahmen_2015_2025_VOLLSTAENDIG
DMV-155094,38653.0,38653.0,2016,05.-06.11.2016,2016-0001-09,Grand Prix 2016,Eibenstock,,11.0,,pass_verified,DMV_Teilnahmen_2015_2025_VOLLSTAENDIG
DMV-155095,37752.0,37752.0,2016,05.-06.11.2016,2016-0001-09,Grand Prix 2016,Eibenstock,,12.0,,pass_verified,DMV_Teilnahmen_2015_2025_VOLLSTAENDIG
DMV-155096,32816.0,32816.0,2016,05.-06.11.2016,2016-0001-09,Grand Prix 2016,Eibenstock,,14.0,,pass_verified,DMV_Teilnahmen_2015_2025_VOLLSTAENDIG
DMV-155097,38421.0,38421.0,2016,05.-06.11.2016,2016-0001-09,Grand Prix 2016,Eibenstock,,15.0,,pass_verified,DMV_Teilnahmen_2015_2025_VOLLSTAENDIG
DMV-155098,65957.0,65957.0,2016,05.-06.11.2016,2016-0001-09,Grand Prix 2016,Eibenstock,,16.0,,pass_verified,DMV_Teilnahmen_2015_2025_VOLLSTAENDIG
DMV-155099,42274.0,42274.0,2016,05.-06.11.2016,2016-0001-09,Grand Prix 2016,Eibenstock,,17.0,,pass_verified,DMV_Teilnahmen_2015_2025_VOLLSTAENDIG
DMV-155100,66805.0,66805.0,2016,05.-06.11.2016,2016-0001-09,Grand Prix 2016,Eibenstock,,18.0,,pass_verified,DMV_Teilnahmen_2015_2025_VOLLSTAENDIG
DMV-155101,50402.0,50402.0,2016,05.-06.11.2016,2016-0001-09,Grand Prix 2016,Eibenstock,,19.0,,pass_verified,DMV_Teilnahmen_2015_2025_VOLLSTAENDIG
DMV-155102,,,2016,05.-06.11.2016,2016-0001-10,Grand Prix 2016,Eibenstock,,1.0,,unresolved_identity,DMV_Teilnahmen_2015_2025_VOLLSTAENDIG
DMV-155103,,,2016,05.-06.11.2016,2016-0001-11,Grand Prix 2016,Eibenstock,,1.0,,unresolved_identity,DMV_Teilnahmen_2015_2025_VOLLSTAENDIG
DMV-155104,37242.0,37242.0,2016,29.-30.10.2017,2016-0002-03,29. Erftpokal 2016,Paffendorf,,1.0,,pass_verified,DMV_Teilnahmen_2015_2025_VOLLSTAENDIG
DMV-155105,37046.0,37046.0,2016,29.-30.10.2017,2016-0002-03,29. Erftpokal 2016,Paffendorf,,2.0,,pass_verified,DMV_Teilnahmen_2015_2025_VOLLSTAENDIG
DMV-155106,29869.0,29869.0,2016,29.-30.10.2017,2016-0002-04,29. Erftpokal 2016,Paffendorf,,1.0,,pass_verified,DMV_Teilnahmen_2015_2025_VOLLSTAENDIG
DMV-155107,45644.0,45644.0,2016,29.-30.10.2017,2016-0002-04,29. Erftpokal 2016,Paffendorf,,2.0,,pass_verified,DMV_Teilnahmen_2015_2025_VOLLSTAENDIG
DMV-155108,65927.0,65927.0,2016,29.-30.10.2017,2016-0002-04,29. Erftpokal 2016,Paffendorf,,2.0,,pass_verified,DMV_Teilnahmen_2015_2025_VOLLSTAENDIG
DMV-155109,29883.0,29883.0,2016,29.-30.10.2017,2016-0002-04,29. Erftpokal 2016,Paffendorf,,4.0,,pass_verified,DMV_Teilnahmen_2015_2025_VOLLSTAENDIG
DMV-155110,37670.0,37670.0,2016,29.-30.10.2017,2016-0002-04,29. Erftpokal 2016,Paffendorf,,5.0,,pass_verified,DMV_Teilnahmen_2015_2025_VOLLSTAENDIG
DMV-155111,49559.0,49559.0,2016,29.-30.10.2017,2016-0002-04,29. Erftpokal 2016,Paffendorf,,6.0,,pass_verified,DMV_Teilnahmen_2015_2025_VOLLSTAENDIG
DMV-155112,25846.0,25846.0,2016,29.-30.10.2017,2016-0002-04,29. Erftpokal 2016,Paffendorf,,11.0,,pass_verified,DMV_Teilnahmen_2015_2025_VOLLSTAENDIG
DMV-155113,36395.0,36395.0,2016,29.-30.10.2017,2016-0002-04,29. Erftpokal 2016,Paffendorf,,12.0,,pass_verified,DMV_Teilnahmen_2015_2025_VOLLSTAENDIG
DMV-155114,29486.0,29486.0,2016,29.-30.10.2017,2016-0002-04,29. Erftpokal 2016,Paffendorf,,14.0,,pass_verified,DMV_Teilnahmen_2015_2025_VOLLSTAENDIG
DMV-155115,43000.0,43000.0,2016,29.-30.10.2017,2016-0002-04,29. Erftpokal 2016,Paffendorf,,15.0,,pass_verified,DMV_Teilnahmen_2015_2025_VOLLSTAENDIG
DMV-155116,17103.0,17103.0,2016,29.-30.10.2017,2016-0002-05,29. Erftpokal 2016,Paffendorf,,1.0,,pass_verified,DMV_Teilnahmen_2015_2025_VOLLSTAENDIG
DMV-155117,6905.0,6905.0,2016,29.-30.10.2017,2016-0002-05,29. Erftpokal 2016,Paffendorf,,2.0,,pass_verified,DMV_Teilnahmen_2015_2025_VOLLSTAENDIG
DMV-155118,5340.0,5340.0,2016,29.-30.10.2017,2016-0002-05,29. Erftpokal 2016,Paffendorf,,3.0,,pass_verified,DMV_Teilnahmen_2015_2025_VOLLSTAENDIG
DMV-155119,28511.0,28511.0,2016,29.-30.10.2017,2016-0002-05,29. Erftpokal 2016,Paffendorf,,4.0,,pass_verified,DMV_Teilnahmen_2015_2025_VOLLSTAENDIG
DMV-155120,42608.0,42608.0,2016,29.-30.10.2017,2016-0002-05,29. Erftpokal 2016,Paffendorf,,5.0,,pass_verified,DMV_Teilnahmen_2015_2025_VOLLSTAENDIG
DMV-155121,,,2016,29.-30.10.2017,2016-0002-05,29. Erftpokal 2016,Paffendorf,,8.0,,unresolved_identity,DMV_Teilnahmen_2015_2025_VOLLSTAENDIG
DMV-155122,49266.0,49266.0,2016,29.-30.10.2017,2016-0002-05,29. Erftpokal 2016,Paffendorf,,9.0,,pass_verified,DMV_Teilnahmen_2015_2025_VOLLSTAENDIG
DMV-155123,17987.0,17987.0,2016,29.-30.10.2017,2016-0002-05,29. Erftpokal 2016,Paffendorf,,10.0,,pass_verified,DMV_Teilnahmen_2015_2025_VOLLSTAENDIG
DMV-155124,6616.0,6616.0,2016,29.-30.10.2017,2016-0002-05,29. Erftpokal 2016,Paffendorf,,11.0,,pass_verified,DMV_Teilnahmen_2015_2025_VOLLSTAENDIG
DMV-155125,33996.0,33996.0,2016,29.-30.10.2017,2016-0002-05,29. Erftpokal 2016,Paffendorf,,12.0,,pass_verified,DMV_Teilnahmen_2015_2025_VOLLSTAENDIG
DMV-155126,26834.0,26834.0,2016,29.-30.10.2017,2016-0002-05,29. Erftpokal 2016,Paffendorf,,13.0,,pass_verified,DMV_Teilnahmen_2015_2025_VOLLSTAENDIG
DMV-155127,42963.0,42963.0,2016,29.-30.10.2017,2016-0002-05,29. Erftpokal 2016,Paffendorf,,16.0,,pass_verified,DMV_Teilnahmen_2015_2025_VOLLSTAENDIG
DMV-155128,3365.0,3365.0,2016,29.-30.10.2017,2016-0002-05,29. Erftpokal 2016,Paffendorf,,17.0,,pass_verified,DMV_Teilnahmen_2015_2025_VOLLSTAENDIG
DMV-155129,4754.0,4754.0,2016,29.-30.10.2017,2016-0002-05,29. Erftpokal 2016,Paffendorf,,18.0,,pass_verified,DMV_Teilnahmen_2015_2025_VOLLSTAENDIG
DMV-155130,4880.0,4880.0,2016,29.-30.10.2017,2016-0002-06,29. Erftpokal 2016,Paffendorf,,1.0,,pass_verified,DMV_Teilnahmen_2015_2025_VOLLSTAENDIG
DMV-155131,44954.0,44954.0,2016,29.-30.10.2017,2016-0002-06,29. Erftpokal 2016,Paffendorf,,2.0,,pass_verified,DMV_Teilnahmen_2015_2025_VOLLSTAENDIG
DMV-155132,38334.0,38334.0,2016,29.-30.10.2017,2016-0002-07,29. Erftpokal 2016,Paffendorf,,1.0,,pass_verified,DMV_Teilnahmen_2015_2025_VOLLSTAENDIG
DMV-155133,66228.0,66228.0,2016,29.-30.10.2017,2016-0002-08,29. Erftpokal 2016,Paffendorf,,1.0,,pass_verified,DMV_Teilnahmen_2015_2025_VOLLSTAENDIG
DMV-155134,38485.0,38485.0,2016,29.-30.10.2017,2016-0002-08,29. Erftpokal 2016,Paffendorf,,2.0,,pass_verified,DMV_Teilnahmen_2015_2025_VOLLSTAENDIG
DMV-155135,46006.0,46006.0,2016,29.-30.10.2017,2016-0002-08,29. Erftpokal 2016,Paffendorf,,3.0,,pass_verified,DMV_Teilnahmen_2015_2025_VOLLSTAENDIG
DMV-155136,,,2016,29.-30.10.2017,2016-0002-08,29. Erftpokal 2016,Paffendorf,,5.0,,unresolved_identity,DMV_Teilnahmen_2015_2025_VOLLSTAENDIG
DMV-155137,32379.0,32379.0,2016,29.-30.10.2017,2016-0002-08,29. Erftpokal 2016,Paffendorf,,6.0,,pass_verified,DMV_Teilnahmen_2015_2025_VOLLSTAENDIG
DMV-155138,36920.0,36920.0,2016,29.-30.10.2017,2016-0002-08,29. Erftpokal 2016,Paffendorf,,7.0,,pass_verified,DMV_Teilnahmen_2015_2025_VOLLSTAENDIG
DMV-155139,25686.0,25686.0,2016,29.-30.10.2017,2016-0002-09,29. Erftpokal 2016,Paffendorf,,1.0,,pass_verified,DMV_Teilnahmen_2015_2025_VOLLSTAENDIG
DMV-155140,46285.0,46285.0,2016,29.-30.10.2017,2016-0002-09,29. Erftpokal 2016,Paffendorf,,2.0,,pass_verified,DMV_Teilnahmen_2015_2025_VOLLSTAENDIG
DMV-155141,42964.0,42964.0,2016,29.-30.10.2017,2016-0002-09,29. Erftpokal 2016,Paffendorf,,4.0,,pass_verified,DMV_Teilnahmen_2015_2025_VOLLSTAENDIG
DMV-155142,49267.0,49267.0,2016,29.-30.10.2017,2016-0002-09,29. Erftpokal 2016,Paffendorf,,5.0,,pass_verified,DMV_Teilnahmen_2015_2025_VOLLSTAENDIG
DMV-155143,30855.0,30855.0,2016,29.-30.10.2017,2016-0002-09,29. Erftpokal 2016,Paffendorf,,6.0,,pass_verified,DMV_Teilnahmen_2015_2025_VOLLSTAENDIG
DMV-155144,38245.0,38245.0,2016,29.-30.10.2017,2016-0002-09,29. Erftpokal 2016,Paffendorf,,7.0,,pass_verified,DMV_Teilnahmen_2015_2025_VOLLSTAENDIG
DMV-155145,,,2016,09.10.2016,2016-0003-07,BMW Knopf Trophy 2016,Schriesheim,,6.0,,unresolved_identity,DMV_Teilnahmen_2015_2025_VOLLSTAENDIG
DMV-155146,,,2016,09.10.2016,2016-0003-08,BMW Knopf Trophy 2016,Schriesheim,,7.0,,unresolved_identity,DMV_Teilnahmen_2015_2025_VOLLSTAENDIG
DMV-155147,,,2016,09.10.2016,2016-0003-09,BMW Knopf Trophy 2016,Schriesheim,,7.0,,unresolved_identity,DMV_Teilnahmen_2015_2025_VOLLSTAENDIG
DMV-155148,49074.0,49074.0,2016,09.10.2016,2016-0003-09,BMW Knopf Trophy 2016,Schriesheim,,20.0,,pass_verified,DMV_Teilnahmen_2015_2025_VOLLSTAENDIG
DMV-155149,,,2016,09.10.2016,2016-0003-10,BMW Knopf Trophy 2016,Schriesheim,,1.0,,unresolved_identity,DMV_Teilnahmen_2015_2025_VOLLSTAENDIG
DMV-155150,66192.0,66192.0,2016,17.-18.09.2016,2016-0007-03,Heven-Cup 2016,Witten,,1.0,,pass_verified,DMV_Teilnahmen_2015_2025_VOLLSTAENDIG
DMV-155151,66565.0,66565.0,2016,17.-18.09.2016,2016-0007-03,Heven-Cup 2016,Witten,,2.0,,pass_verified,DMV_Teilnahmen_2015_2025_VOLLSTAENDIG
DMV-155152,35103.0,35103.0,2016,17.-18.09.2016,2016-0007-04,Heven-Cup 2016,Witten,,3.0,,pass_verified,DMV_Teilnahmen_2015_2025_VOLLSTAENDIG
DMV-155153,33510.0,33510.0,2016,17.-18.09.2016,2016-0007-04,Heven-Cup 2016,Witten,,2.0,,pass_verified,DMV_Teilnahmen_2015_2025_VOLLSTAENDIG
DMV-155154,37029.0,37029.0,2016,17.-18.09.2016,2016-0007-04,Heven-Cup 2016,Witten,,4.0,,pass_verified,DMV_Teilnahmen_2015_2025_VOLLSTAENDIG
DMV-155155,40389.0,40389.0,2016,17.-18.09.2016,2016-0007-05,Heven-Cup 2016,Witten,,1.0,,pass_verified,DMV_Teilnahmen_2015_2025_VOLLSTAENDIG
DMV-155156,44990.0,44990.0,2016,17.-18.09.2016,2016-0007-05,Heven-Cup 2016,Witten,,2.0,,pass_verified,DMV_Teilnahmen_2015_2025_VOLLSTAENDIG
DMV-155157,50612.0,50612.0,2016,17.-18.09.2016,2016-0007-05,Heven-Cup 2016,Witten,,3.0,,pass_verified,DMV_Teilnahmen_2015_2025_VOLLSTAENDIG
DMV-155158,32105.0,32105.0,2016,17.-18.09.2016,2016-0007-05,Heven-Cup 2016,Witten,,4.0,,pass_verified,DMV_Teilnahmen_2015_2025_VOLLSTAENDIG
DMV-155159,64989.0,64989.0,2016,17.-18.09.2016,2016-0007-05,Heven-Cup 2016,Witten,,6.0,,pass_verified,DMV_Teilnahmen_2015_2025_VOLLSTAENDIG
DMV-155160,66929.0,66929.0,2016,17.-18.09.2016,2016-0007-05,Heven-Cup 2016,Witten,,8.0,,pass_verified,DMV_Teilnahmen_2015_2025_VOLLSTAENDIG
DMV-155161,24693.0,24693.0,2016,17.-18.09.2016,2016-0007-06,Heven-Cup 2016,Witten,,1.0,,pass_verified,DMV_Teilnahmen_2015_2025_VOLLSTAENDIG
DMV-155162,37030.0,37030.0,2016,17.-18.09.2016,2016-0007-06,Heven-Cup 2016,Witten,,2.0,,pass_verified,DMV_Teilnahmen_2015_2025_VOLLSTAENDIG
DMV-155163,31524.0,31524.0,2016,17.-18.09.2016,2016-0007-06,Heven-Cup 2016,Witten,,4.0,,pass_verified,DMV_Teilnahmen_2015_2025_VOLLSTAENDIG
DMV-155164,30278.0,30278.0,2016,17.-18.09.2016,2016-0007-06,Heven-Cup 2016,Witten,,5.0,,pass_verified,DMV_Teilnahmen_2015_2025_VOLLSTAENDIG
DMV-155165,45297.0,45297.0,2016,17.-18.09.2016,2016-0007-06,Heven-Cup 2016,Witten,,6.0,,pass_verified,DMV_Teilnahmen_2015_2025_VOLLSTAENDIG
DMV-155166,37360.0,37360.0,2016,17.-18.09.2016,2016-0007-06,Heven-Cup 2016,Witten,,7.0,,pass_verified,DMV_Teilnahmen_2015_2025_VOLLSTAENDIG
DMV-155167,45293.0,45293.0,2016,17.-18.09.2016,2016-0007-06,Heven-Cup 2016,Witten,,8.0,,pass_verified,DMV_Teilnahmen_2015_2025_VOLLSTAENDIG
DMV-155168,37089.0,37089.0,2016,17.-18.09.2016,2016-0007-07,Heven-Cup 2016,Witten,,1.0,,pass_verified,DMV_Teilnahmen_2015_2025_VOLLSTAENDIG
DMV-155169,6110.0,6110.0,2016,17.-18.09.2016,2016-0007-07,Heven-Cup 2016,Witten,,2.0,,pass_verified,DMV_Teilnahmen_2015_2025_VOLLSTAENDIG
DMV-155170,36538.0,36538.0,2016,17.-18.09.2016,2016-0007-07,Heven-Cup 2016,Witten,,3.0,,pass_verified,DMV_Teilnahmen_2015_2025_VOLLSTAENDIG
DMV-155171,33165.0,33165.0,2016,17.-18.09.2016,2016-0007-07,Heven-Cup 2016,Witten,,4.0,,pass_verified,DMV_Teilnahmen_2015_2025_VOLLSTAENDIG
DMV-155172,3126.0,3126.0,2016,17.-18.09.2016,2016-0007-07,Heven-Cup 2016,Witten,,5.0,,pass_verified,DMV_Teilnahmen_2015_2025_VOLLSTAENDIG
DMV-155173,61958.0,61958.0,2016,17.-18.09.2016,2016-0007-07,Heven-Cup 2016,Witten,,6.0,,pass_verified,DMV_Teilnahmen_2015_2025_VOLLSTAENDIG
DMV-155174,33511.0,33511.0,2016,17.-18.09.2016,2016-0007-08,Heven-Cup 2016,Witten,,1.0,,pass_verified,DMV_Teilnahmen_2015_2025_VOLLSTAENDIG
DMV-155175,44142.0,44142.0,2016,17.-18.09.2016,2016-0007-08,Heven-Cup 2016,Witten,,2.0,,pass_verified,DMV_Teilnahmen_2015_2025_VOLLSTAENDIG
DMV-155176,37088.0,37088.0,2016,17.-18.09.2016,2016-0007-08,Heven-Cup 2016,Witten,,3.0,,pass_verified,DMV_Teilnahmen_2015_2025_VOLLSTAENDIG
DMV-155177,61716.0,61716.0,2016,17.-18.09.2016,2016-0007-08,Heven-Cup 2016,Witten,,4.0,,pass_verified,DMV_Teilnahmen_2015_2025_VOLLSTAENDIG
DMV-155178,3802.0,3802.0,2016,17.-18.09.2016,2016-0007-08,Heven-Cup 2016,Witten,,5.0,,pass_verified,DMV_Teilnahmen_2015_2025_VOLLSTAENDIG
DMV-155179,3800.0,3800.0,2016,17.-18.09.2016,2016-0007-08,Heven-Cup 2016,Witten,,6.0,,pass_verified,DMV_Teilnahmen_2015_2025_VOLLSTAENDIG
DMV-155180,61620.0,61620.0,2016,17.-18.09.2016,2016-0007-08,Heven-Cup 2016,Witten,,7.0,,pass_verified,DMV_Teilnahmen_2015_2025_VOLLSTAENDIG
DMV-155181,25732.0,25732.0,2016,17.-18.09.2016,2016-0007-08,Heven-Cup 2016,Witten,,9.0,,pass_verified,DMV_Teilnahmen_2015_2025_VOLLSTAENDIG
DMV-155182,45001.0,45001.0,2016,18.-20.08.2016,2016-0011-03,61. Deutsche Meisterschaften System Beton,Traben-Trarbach,,1.0,,pass_verified,DMV_Teilnahmen_2015_2025_VOLLSTAENDIG
DMV-155183,65465.0,65465.0,2016,18.-20.08.2016,2016-0011-03,61. Deutsche Meisterschaften System Beton,Traben-Trarbach,,2.0,,pass_verified,DMV_Teilnahmen_2015_2025_VOLLSTAENDIG
DMV-155184,43980.0,43980.0,2016,18.-20.08.2016,2016-0011-03,61. Deutsche Meisterschaften System Beton,Traben-Trarbach,,3.0,,pass_verified,DMV_Teilnahmen_2015_2025_VOLLSTAENDIG
DMV-155185,33042.0,33042.0,2016,18.-20.08.2016,2016-0011-03,61. Deutsche Meisterschaften System Beton,Traben-Trarbach,,4.0,,pass_verified,DMV_Teilnahmen_2015_2025_VOLLSTAENDIG
DMV-155186,35659.0,35659.0,2016,18.-20.08.2016,2016-0011-03,61. Deutsche Meisterschaften System Beton,Traben-Trarbach,,5.0,,pass_verified,DMV_Teilnahmen_2015_2025_VOLLSTAENDIG
DMV-155187,44691.0,44691.0,2016,18.-20.08.2016,2016-0011-03,61. Deutsche Meisterschaften System Beton,Traben-Trarbach,,6.0,,pass_verified,DMV_Teilnahmen_2015_2025_VOLLSTAENDIG
DMV-155188,38324.0,38324.0,2016,18.-20.08.2016,2016-0011-03,61. Deutsche Meisterschaften System Beton,Traben-Trarbach,,7.0,,pass_verified,DMV_Teilnahmen_2015_2025_VOLLSTAENDIG
DMV-155189,,,2016,18.-20.08.2016,2016-0011-03,61. Deutsche Meisterschaften System Beton,Traben-Trarbach,,8.0,,unresolved_identity,DMV_Teilnahmen_2015_2025_VOLLSTAENDIG
DMV-155190,47093.0,47093.0,2016,18.-20.08.2016,2016-0011-03,61. Deutsche Meisterschaften System Beton,Traben-Trarbach,,9.0,,pass_verified,DMV_Teilnahmen_2015_2025_VOLLSTAENDIG
DMV-155191,33405.0,33405.0,2016,18.-20.08.2016,2016-0011-03,61. Deutsche Meisterschaften System Beton,Traben-Trarbach,,10.0,,pass_verified,DMV_Teilnahmen_2015_2025_VOLLSTAENDIG
DMV-155192,46752.0,46752.0,2016,18.-20.08.2016,2016-0011-03,61. Deutsche Meisterschaften System Beton,Traben-Trarbach,,11.0,,pass_verified,DMV_Teilnahmen_2015_2025_VOLLSTAENDIG
DMV-155193,66256.0,66256.0,2016,18.-20.08.2016,2016-0011-03,61. Deutsche Meisterschaften System Beton,Traben-Trarbach,,12.0,,pass_verified,DMV_Teilnahmen_2015_2025_VOLLSTAENDIG
DMV-155194,9558.0,9558.0,2016,18.-20.08.2016,2016-0011-03,61. Deutsche Meisterschaften System Beton,Traben-Trarbach,,13.0,,pass_verified,DMV_Teilnahmen_2015_2025_VOLLSTAENDIG
DMV-155195,27921.0,27921.0,2016,18.-20.08.2016,2016-0011-03,61. Deutsche Meisterschaften System Beton,Traben-Trarbach,,14.0,,pass_verified,DMV_Teilnahmen_2015_2025_VOLLSTAENDIG
DMV-155196,45769.0,45769.0,2016,18.-20.08.2016,2016-0011-03,61. Deutsche Meisterschaften System Beton,Traben-Trarbach,,15.0,,pass_verified,DMV_Teilnahmen_2015_2025_VOLLSTAENDIG
DMV-155197,65818.0,65818.0,2016,18.-20.08.2016,2016-0011-03,61. Deutsche Meisterschaften System Beton,Traben-Trarbach,,16.0,,pass_verified,DMV_Teilnahmen_2015_2025_VOLLSTAENDIG
DMV-155198,38219.0,38219.0,2016,18.-20.08.2016,2016-0011-03,61. Deutsche Meisterschaften System Beton,Traben-Trarbach,,17.0,,pass_verified,DMV_Teilnahmen_2015_2025_VOLLSTAENDIG
DMV-155199,66345.0,66345.0,2016,18.-20.08.2016,2016-0011-03,61. Deutsche Meisterschaften System Beton,Traben-Trarbach,,18.0,,pass_verified,DMV_Teilnahmen_2015_2025_VOLLSTAENDIG
DMV-155200,36206.0,36206.0,2016,18.-20.08.2016,2016-0011-03,61. Deutsche Meisterschaften System Beton,Traben-Trarbach,,19.0,,pass_verified,DMV_Teilnahmen_2015_2025_VOLLSTAENDIG
DMV-155201,66042.0,66042.0,2016,18.-20.08.2016,2016-0011-03,61. Deutsche Meisterschaften System Beton,Traben-Trarbach,,21.0,,pass_verified,DMV_Teilnahmen_2015_2025_VOLLSTAENDIG
DMV-155202,26579.0,26579.0,2016,18.-20.08.2016,2016-0011-03,61. Deutsche Meisterschaften System Beton,Traben-Trarbach,,22.0,,pass_verified,DMV_Teilnahmen_2015_2025_VOLLSTAENDIG
DMV-155203,36836.0,36836.0,2016,18.-20.08.2016,2016-0011-03,61. Deutsche Meisterschaften System Beton,Traben-Trarbach,,23.0,,pass_verified,DMV_Teilnahmen_2015_2025_VOLLSTAENDIG
DMV-155204,40541.0,40541.0,2016,18.-20.08.2016,2016-0011-04,61. Deutsche Meisterschaften System Beton,Traben-Trarbach,,1.0,,pass_verified,DMV_Teilnahmen_2015_2025_VOLLSTAENDIG
DMV-155205,50426.0,50426.0,2016,18.-20.08.2016,2016-0011-04,61. Deutsche Meisterschaften System Beton,Traben-Trarbach,,2.0,,pass_verified,DMV_Teilnahmen_2015_2025_VOLLSTAENDIG
DMV-155206,36164.0,36164.0,2016,18.-20.08.2016,2016-0011-04,61. Deutsche Meisterschaften System Beton,Traben-Trarbach,,3.0,,pass_verified,DMV_Teilnahmen_2015_2025_VOLLSTAENDIG
DMV-155207,,,2016,18.-20.08.2016,2016-0011-04,61. Deutsche Meisterschaften System Beton,Traben-Trarbach,,4.0,,unresolved_identity,DMV_Teilnahmen_2015_2025_VOLLSTAENDIG
DMV-155208,50930.0,50930.0,2016,18.-20.08.2016,2016-0011-04,61. Deutsche Meisterschaften System Beton,Traben-Trarbach,,5.0,,pass_verified,DMV_Teilnahmen_2015_2025_VOLLSTAENDIG
DMV-155209,36070.0,36070.0,2016,18.-20.08.2016,2016-0011-04,61. Deutsche Meisterschaften System Beton,Traben-Trarbach,,6.0,,pass_verified,DMV_Teilnahmen_2015_2025_VOLLSTAENDIG
DMV-155210,63326.0,63326.0,2016,18.-20.08.2016,2016-0011-04,61. Deutsche Meisterschaften System Beton,Traben-Trarbach,,7.0,,pass_verified,DMV_Teilnahmen_2015_2025_VOLLSTAENDIG
DMV-155211,40205.0,40205.0,2016,18.-20.08.2016,2016-0011-05,61. Deutsche Meisterschaften System Beton,Traben-Trarbach,,1.0,,pass_verified,DMV_Teilnahmen_2015_2025_VOLLSTAENDIG
DMV-155212,40400.0,40400.0,2016,18.-20.08.2016,2016-0011-05,61. Deutsche Meisterschaften System Beton,Traben-Trarbach,,2.0,,pass_verified,DMV_Teilnahmen_2015_2025_VOLLSTAENDIG
DMV-155213,22913.0,22913.0,2016,18.-20.08.2016,2016-0011-05,61. Deutsche Meisterschaften System Beton,Traben-Trarbach,,3.0,,pass_verified,DMV_Teilnahmen_2015_2025_VOLLSTAENDIG
DMV-155214,23.0,23.0,2016,18.-20.08.2016,2016-0011-05,61. Deutsche Meisterschaften System Beton,Traben-Trarbach,,4.0,,pass_verified,DMV_Teilnahmen_2015_2025_VOLLSTAENDIG
DMV-155215,38102.0,38102.0,2016,18.-20.08.2016,2016-0011-05,61. Deutsche Meisterschaften System Beton,Traben-Trarbach,,5.0,,pass_verified,DMV_Teilnahmen_2015_2025_VOLLSTAENDIG
DMV-155216,33393.0,33393.0,2016,18.-20.08.2016,2016-0011-05,61. Deutsche Meisterschaften System Beton,Traben-Trarbach,,6.0,,pass_verified,DMV_Teilnahmen_2015_2025_VOLLSTAENDIG
DMV-155217,25999.0,25999.0,2016,18.-20.08.2016,2016-0011-05,61. Deutsche Meisterschaften System Beton,Traben-Trarbach,,7.0,,pass_verified,DMV_Teilnahmen_2015_2025_VOLLSTAENDIG
DMV-155218,35663.0,35663.0,2016,18.-20.08.2016,2016-0011-05,61. Deutsche Meisterschaften System Beton,Traben-Trarbach,,8.0,,pass_verified,DMV_Teilnahmen_2015_2025_VOLLSTAENDIG
DMV-155219,31014.0,31014.0,2016,18.-20.08.2016,2016-0011-05,61. Deutsche Meisterschaften System Beton,Traben-Trarbach,,9.0,,pass_verified,DMV_Teilnahmen_2015_2025_VOLLSTAENDIG
DMV-155220,44916.0,44916.0,2016,18.-20.08.2016,2016-0011-05,61. Deutsche Meisterschaften System Beton,Traben-Trarbach,,10.0,,pass_verified,DMV_Teilnahmen_2015_2025_VOLLSTAENDIG
DMV-155221,46744.0,46744.0,2016,18.-20.08.2016,2016-0011-05,61. Deutsche Meisterschaften System Beton,Traben-Trarbach,,11.0,,pass_verified,DMV_Teilnahmen_2015_2025_VOLLSTAENDIG
DMV-155222,,,2016,18.-20.08.2016,2016-0011-05,61. Deutsche Meisterschaften System Beton,Traben-Trarbach,,12.0,,unresolved_identity,DMV_Teilnahmen_2015_2025_VOLLSTAENDIG
DMV-155223,37583.0,37583.0,2016,18.-20.08.2016,2016-0011-05,61. Deutsche Meisterschaften System Beton,Traben-Trarbach,,13.0,,pass_verified,DMV_Teilnahmen_2015_2025_VOLLSTAENDIG
DMV-155224,65816.0,65816.0,2016,18.-20.08.2016,2016-0011-05,61. Deutsche Meisterschaften System Beton,Traben-Trarbach,,14.0,,pass_verified,DMV_Teilnahmen_2015_2025_VOLLSTAENDIG
DMV-155225,45006.0,45006.0,2016,18.-20.08.2016,2016-0011-06,61. Deutsche Meisterschaften System Beton,Traben-Trarbach,,1.0,,pass_verified,DMV_Teilnahmen_2015_2025_VOLLSTAENDIG
DMV-155226,38329.0,38329.0,2016,18.-20.08.2016,2016-0011-06,61. Deutsche Meisterschaften System Beton,Traben-Trarbach,,3.0,,pass_verified,DMV_Teilnahmen_2015_2025_VOLLSTAENDIG
DMV-155227,29771.0,29771.0,2016,18.-20.08.2016,2016-0011-06,61. Deutsche Meisterschaften System Beton,Traben-Trarbach,,4.0,,pass_verified,DMV_Teilnahmen_2015_2025_VOLLSTAENDIG
DMV-155228,21702.0,21702.0,2016,18.-20.08.2016,2016-0011-06,61. Deutsche Meisterschaften System Beton,Traben-Trarbach,,5.0,,pass_verified,DMV_Teilnahmen_2015_2025_VOLLSTAENDIG
DMV-155229,25512.0,25512.0,2016,18.-20.08.2016,2016-0011-06,61. Deutsche Meisterschaften System Beton,Traben-Trarbach,,6.0,,pass_verified,DMV_Teilnahmen_2015_2025_VOLLSTAENDIG
DMV-155230,46026.0,46026.0,2016,18.-20.08.2016,2016-0011-06,61. Deutsche Meisterschaften System Beton,Traben-Trarbach,,7.0,,pass_verified,DMV_Teilnahmen_2015_2025_VOLLSTAENDIG
DMV-155231,33131.0,33131.0,2016,18.-20.08.2016,2016-0011-06,61. Deutsche Meisterschaften System Beton,Traben-Trarbach,,8.0,,pass_verified,DMV_Teilnahmen_2015_2025_VOLLSTAENDIG
DMV-155232,27550.0,27550.0,2016,18.-20.08.2016,2016-0011-06,61. Deutsche Meisterschaften System Beton,Traben-Trarbach,,9.0,,pass_verified,DMV_Teilnahmen_2015_2025_VOLLSTAENDIG
DMV-155233,65977.0,65977.0,2016,18.-20.08.2016,2016-0011-06,61. Deutsche Meisterschaften System Beton,Traben-Trarbach,,10.0,,pass_verified,DMV_Teilnahmen_2015_2025_VOLLSTAENDIG
DMV-155234,35116.0,35116.0,2016,18.-20.08.2016,2016-0011-06,61. Deutsche Meisterschaften System Beton,Traben-Trarbach,,12.0,,pass_verified,DMV_Teilnahmen_2015_2025_VOLLSTAENDIG
DMV-155235,29631.0,29631.0,2016,18.-20.08.2016,2016-0011-06,61. Deutsche Meisterschaften System Beton,Traben-Trarbach,,13.0,,pass_verified,DMV_Teilnahmen_2015_2025_VOLLSTAENDIG
DMV-155236,37473.0,37473.0,2016,18.-20.08.2016,2016-0011-06,61. Deutsche Meisterschaften System Beton,Traben-Trarbach,,14.0,,pass_verified,DMV_Teilnahmen_2015_2025_VOLLSTAENDIG
DMV-155237,22203.0,22203.0,2016,18.-20.08.2016,2016-0011-06,61. Deutsche Meisterschaften System Beton,Traben-Trarbach,,15.0,,pass_verified,DMV_Teilnahmen_2015_2025_VOLLSTAENDIG
DMV-155238,45943.0,45943.0,2016,18.-20.08.2016,2016-0011-06,61. Deutsche Meisterschaften System Beton,Traben-Trarbach,,16.0,,pass_verified,DMV_Teilnahmen_2015_2025_VOLLSTAENDIG
DMV-155239,31120.0,31120.0,2016,18.-20.08.2016,2016-0011-06,61. Deutsche Meisterschaften System Beton,Traben-Trarbach,,17.0,,pass_verified,DMV_Teilnahmen_2015_2025_VOLLSTAENDIG
DMV-155240,34736.0,34736.0,2016,18.-20.08.2016,2016-0011-06,61. Deutsche Meisterschaften System Beton,Traben-Trarbach,,18.0,,pass_verified,DMV_Teilnahmen_2015_2025_VOLLSTAENDIG
DMV-155241,27801.0,27801.0,2016,18.-20.08.2016,2016-0011-06,61. Deutsche Meisterschaften System Beton,Traben-Trarbach,,19.0,,pass_verified,DMV_Teilnahmen_2015_2025_VOLLSTAENDIG
DMV-155242,43414.0,43414.0,2016,18.-20.08.2016,2016-0011-06,61. Deutsche Meisterschaften System Beton,Traben-Trarbach,,21.0,,pass_verified,DMV_Teilnahmen_2015_2025_VOLLSTAENDIG
DMV-155243,65894.0,65894.0,2016,18.-20.08.2016,2016-0011-06,61. Deutsche Meisterschaften System Beton,Traben-Trarbach,,22.0,,pass_verified,DMV_Teilnahmen_2015_2025_VOLLSTAENDIG
DMV-155244,66060.0,66060.0,2016,18.-20.08.2016,2016-0011-06,61. Deutsche Meisterschaften System Beton,Traben-Trarbach,,23.0,,pass_verified,DMV_Teilnahmen_2015_2025_VOLLSTAENDIG
DMV-155245,42187.0,42187.0,2016,18.-20.08.2016,2016-0011-06,61. Deutsche Meisterschaften System Beton,Traben-Trarbach,,24.0,,pass_verified,DMV_Teilnahmen_2015_2025_VOLLSTAENDIG
DMV-155246,37973.0,37973.0,2016,18.-20.08.2016,2016-0011-06,61. Deutsche Meisterschaften System Beton,Traben-Trarbach,,25.0,,pass_verified,DMV_Teilnahmen_2015_2025_VOLLSTAENDIG
DMV-155247,46277.0,46277.0,2016,18.-20.08.2016,2016-0011-07,61. Deutsche Meisterschaften System Beton,Traben-Trarbach,,1.0,,pass_verified,DMV_Teilnahmen_2015_2025_VOLLSTAENDIG
DMV-155248,21500.0,21500.0,2016,18.-20.08.2016,2016-0011-07,61. Deutsche Meisterschaften System Beton,Traben-Trarbach,,2.0,,pass_verified,DMV_Teilnahmen_2015_2025_VOLLSTAENDIG
DMV-155249,,,2016,18.-20.08.2016,2016-0011-07,61. Deutsche Meisterschaften System Beton,Traben-Trarbach,,3.0,,unresolved_identity,DMV_Teilnahmen_2015_2025_VOLLSTAENDIG
DMV-155250,46800.0,46800.0,2016,18.-20.08.2016,2016-0011-07,61. Deutsche Meisterschaften System Beton,Traben-Trarbach,,4.0,,pass_verified,DMV_Teilnahmen_2015_2025_VOLLSTAENDIG
DMV-155251,46210.0,46210.0,2016,18.-20.08.2016,2016-0011-07,61. Deutsche Meisterschaften System Beton,Traben-Trarbach,,5.0,,pass_verified,DMV_Teilnahmen_2015_2025_VOLLSTAENDIG
DMV-155252,63375.0,63375.0,2016,18.-20.08.2016,2016-0011-07,61. Deutsche Meisterschaften System Beton,Traben-Trarbach,,6.0,,pass_verified,DMV_Teilnahmen_2015_2025_VOLLSTAENDIG
DMV-155253,36767.0,36767.0,2016,18.-20.08.2016,2016-0011-07,61. Deutsche Meisterschaften System Beton,Traben-Trarbach,,7.0,,pass_verified,DMV_Teilnahmen_2015_2025_VOLLSTAENDIG
DMV-155254,5325.0,5325.0,2016,18.-20.08.2016,2016-0011-07,61. Deutsche Meisterschaften System Beton,Traben-Trarbach,,9.0,,pass_verified,DMV_Teilnahmen_2015_2025_VOLLSTAENDIG
DMV-155255,36748.0,36748.0,2016,18.-20.08.2016,2016-0011-08,61. Deutsche Meisterschaften System Beton,Traben-Trarbach,,1.0,,pass_verified,DMV_Teilnahmen_2015_2025_VOLLSTAENDIG
DMV-155256,5581.0,5581.0,2016,18.-20.08.2016,2016-0011-08,61. Deutsche Meisterschaften System Beton,Traben-Trarbach,,2.0,,pass_verified,DMV_Teilnahmen_2015_2025_VOLLSTAENDIG
DMV-155257,2334.0,2334.0,2016,18.-20.08.2016,2016-0011-08,61. Deutsche Meisterschaften System Beton,Traben-Trarbach,,3.0,,pass_verified,DMV_Teilnahmen_2015_2025_VOLLSTAENDIG
DMV-155258,31736.0,31736.0,2016,18.-20.08.2016,2016-0011-08,61. Deutsche Meisterschaften System Beton,Traben-Trarbach,,5.0,,pass_verified,DMV_Teilnahmen_2015_2025_VOLLSTAENDIG
DMV-155259,17986.0,17986.0,2016,18.-20.08.2016,2016-0011-08,61. Deutsche Meisterschaften System Beton,Traben-Trarbach,,6.0,,pass_verified,DMV_Teilnahmen_2015_2025_VOLLSTAENDIG
DMV-155260,63137.0,63137.0,2016,18.-20.08.2016,2016-0011-08,61. Deutsche Meisterschaften System Beton,Traben-Trarbach,,7.0,,pass_verified,DMV_Teilnahmen_2015_2025_VOLLSTAENDIG
DMV-155261,9823.0,9823.0,2016,18.-20.08.2016,2016-0011-08,61. Deutsche Meisterschaften System Beton,Traben-Trarbach,,8.0,,pass_verified,DMV_Teilnahmen_2015_2025_VOLLSTAENDIG
DMV-155262,43821.0,43821.0,2016,18.-20.08.2016,2016-0011-08,61. Deutsche Meisterschaften System Beton,Traben-Trarbach,,9.0,,pass_verified,DMV_Teilnahmen_2015_2025_VOLLSTAENDIG
DMV-155263,19114.0,19114.0,2016,18.-20.08.2016,2016-0011-08,61. Deutsche Meisterschaften System Beton,Traben-Trarbach,,10.0,,pass_verified,DMV_Teilnahmen_2015_2025_VOLLSTAENDIG
DMV-155264,18068.0,18068.0,2016,18.-20.08.2016,2016-0011-08,61. Deutsche Meisterschaften System Beton,Traben-Trarbach,,11.0,,pass_verified,DMV_Teilnahmen_2015_2025_VOLLSTAENDIG
DMV-155265,5324.0,5324.0,2016,18.-20.08.2016,2016-0011-08,61. Deutsche Meisterschaften System Beton,Traben-Trarbach,,12.0,,pass_verified,DMV_Teilnahmen_2015_2025_VOLLSTAENDIG
DMV-155266,36775.0,36775.0,2016,18.-20.08.2016,2016-0011-08,61. Deutsche Meisterschaften System Beton,Traben-Trarbach,,13.0,,pass_verified,DMV_Teilnahmen_2015_2025_VOLLSTAENDIG
DMV-155267,37630.0,37630.0,2016,18.-20.08.2016,2016-0011-08,61. Deutsche Meisterschaften System Beton,Traben-Trarbach,,14.0,,pass_verified,DMV_Teilnahmen_2015_2025_VOLLSTAENDIG
DMV-155268,,,2016,18.-20.08.2016,2016-0011-08,61. Deutsche Meisterschaften System Beton,Traben-Trarbach,,15.0,,unresolved_identity,DMV_Teilnahmen_2015_2025_VOLLSTAENDIG
DMV-155269,21298.0,21298.0,2016,18.-20.08.2016,2016-0011-08,61. Deutsche Meisterschaften System Beton,Traben-Trarbach,,16.0,,pass_verified,DMV_Teilnahmen_2015_2025_VOLLSTAENDIG
DMV-155270,6693.0,6693.0,2016,18.-20.08.2016,2016-0011-08,61. Deutsche Meisterschaften System Beton,Traben-Trarbach,,17.0,,pass_verified,DMV_Teilnahmen_2015_2025_VOLLSTAENDIG
DMV-155271,5665.0,5665.0,2016,18.-20.08.2016,2016-0011-08,61. Deutsche Meisterschaften System Beton,Traben-Trarbach,,18.0,,pass_verified,DMV_Teilnahmen_2015_2025_VOLLSTAENDIG
DMV-155272,18069.0,18069.0,2016,18.-20.08.2016,2016-0011-08,61. Deutsche Meisterschaften System Beton,Traben-Trarbach,,19.0,,pass_verified,DMV_Teilnahmen_2015_2025_VOLLSTAENDIG
DMV-155273,4892.0,4892.0,2016,18.-20.08.2016,2016-0011-08,61. Deutsche Meisterschaften System Beton,Traben-Trarbach,,21.0,,pass_verified,DMV_Teilnahmen_2015_2025_VOLLSTAENDIG
DMV-155274,5062.0,5062.0,2016,18.-20.08.2016,2016-0011-08,61. Deutsche Meisterschaften System Beton,Traben-Trarbach,,22.0,,pass_verified,DMV_Teilnahmen_2015_2025_VOLLSTAENDIG
DMV-155275,50558.0,50558.0,2016,18.-20.08.2016,2016-0011-08,61. Deutsche Meisterschaften System Beton,Traben-Trarbach,,23.0,,pass_verified,DMV_Teilnahmen_2015_2025_VOLLSTAENDIG
DMV-155276,36572.0,36572.0,2016,18.-20.08.2016,2016-0011-08,61. Deutsche Meisterschaften System Beton,Traben-Trarbach,,24.0,,pass_verified,DMV_Teilnahmen_2015_2025_VOLLSTAENDIG
DMV-155277,12064.0,12064.0,2016,18.-20.08.2016,2016-0011-08,61. Deutsche Meisterschaften System Beton,Traben-Trarbach,,25.0,,pass_verified,DMV_Teilnahmen_2015_2025_VOLLSTAENDIG
DMV-155278,45833.0,45833.0,2016,18.-20.08.2016,2016-0011-08,61. Deutsche Meisterschaften System Beton,Traben-Trarbach,,26.0,,pass_verified,DMV_Teilnahmen_2015_2025_VOLLSTAENDIG
DMV-155279,6605.0,6605.0,2016,18.-20.08.2016,2016-0011-08,61. Deutsche Meisterschaften System Beton,Traben-Trarbach,,27.0,,pass_verified,DMV_Teilnahmen_2015_2025_VOLLSTAENDIG
DMV-155280,33650.0,33650.0,2016,18.-20.08.2016,2016-0011-09,61. Deutsche Meisterschaften System Beton,Traben-Trarbach,,1.0,,pass_verified,DMV_Teilnahmen_2015_2025_VOLLSTAENDIG
DMV-155281,31244.0,31244.0,2016,18.-20.08.2016,2016-0011-09,61. Deutsche Meisterschaften System Beton,Traben-Trarbach,,1.0,,pass_verified,DMV_Teilnahmen_2015_2025_VOLLSTAENDIG
DMV-155282,35658.0,35658.0,2016,18.-20.08.2016,2016-0011-09,61. Deutsche Meisterschaften System Beton,Traben-Trarbach,,3.0,,pass_verified,DMV_Teilnahmen_2015_2025_VOLLSTAENDIG
DMV-155283,49980.0,49980.0,2016,18.-20.08.2016,2016-0011-09,61. Deutsche Meisterschaften System Beton,Traben-Trarbach,,4.0,,pass_verified,DMV_Teilnahmen_2015_2025_VOLLSTAENDIG
DMV-155284,,,2016,18.-20.08.2016,2016-0011-09,61. Deutsche Meisterschaften System Beton,Traben-Trarbach,,6.0,,unresolved_identity,DMV_Teilnahmen_2015_2025_VOLLSTAENDIG
DMV-155285,37582.0,37582.0,2016,18.-20.08.2016,2016-0011-09,61. Deutsche Meisterschaften System Beton,Traben-Trarbach,,7.0,,pass_verified,DMV_Teilnahmen_2015_2025_VOLLSTAENDIG
DMV-155286,36686.0,36686.0,2016,18.-20.08.2016,2016-0011-09,61. Deutsche Meisterschaften System Beton,Traben-Trarbach,,9.0,,pass_verified,DMV_Teilnahmen_2015_2025_VOLLSTAENDIG
DMV-155287,36005.0,36005.0,2016,18.-20.08.2016,2016-0011-09,61. Deutsche Meisterschaften System Beton,Traben-Trarbach,,10.0,,pass_verified,DMV_Teilnahmen_2015_2025_VOLLSTAENDIG
DMV-155288,65964.0,65964.0,2016,18.-20.08.2016,2016-0011-09,61. Deutsche Meisterschaften System Beton,Traben-Trarbach,,11.0,,pass_verified,DMV_Teilnahmen_2015_2025_VOLLSTAENDIG
DMV-155289,46967.0,46967.0,2016,18.-20.08.2016,2016-0011-09,61. Deutsche Meisterschaften System Beton,Traben-Trarbach,,12.0,,pass_verified,DMV_Teilnahmen_2015_2025_VOLLSTAENDIG
DMV-155290,,,2016,18.-20.08.2016,2016-0012-03,57. Deutsche Meisterschaften System Eternit,Mannheim,,1.0,,unresolved_identity,DMV_Teilnahmen_2015_2025_VOLLSTAENDIG
DMV-155291,49742.0,49742.0,2016,18.-20.08.2016,2016-0012-03,57. Deutsche Meisterschaften System Eternit,Mannheim,,4.0,,pass_verified,DMV_Teilnahmen_2015_2025_VOLLSTAENDIG
DMV-155292,33510.0,33510.0,2016,18.-20.08.2016,2016-0012-03,57. Deutsche Meisterschaften System Eternit,Mannheim,,5.0,,pass_verified,DMV_Teilnahmen_2015_2025_VOLLSTAENDIG
DMV-155293,43674.0,43674.0,2016,18.-20.08.2016,2016-0012-03,57. Deutsche Meisterschaften System Eternit,Mannheim,,6.0,,pass_verified,DMV_Teilnahmen_2015_2025_VOLLSTAENDIG
DMV-155294,36344.0,36344.0,2016,18.-20.08.2016,2016-0012-04,57. Deutsche Meisterschaften System Eternit,Mannheim,,1.0,,pass_verified,DMV_Teilnahmen_2015_2025_VOLLSTAENDIG
DMV-155295,45139.0,45139.0,2016,18.-20.08.2016,2016-0012-04,57. Deutsche Meisterschaften System Eternit,Mannheim,,3.0,,pass_verified,DMV_Teilnahmen_2015_2025_VOLLSTAENDIG
DMV-155296,44416.0,44416.0,2016,18.-20.08.2016,2016-0012-04,57. Deutsche Meisterschaften System Eternit,Mannheim,,4.0,,pass_verified,DMV_Teilnahmen_2015_2025_VOLLSTAENDIG
DMV-155297,32627.0,32627.0,2016,18.-20.08.2016,2016-0012-04,57. Deutsche Meisterschaften System Eternit,Mannheim,,5.0,,pass_verified,DMV_Teilnahmen_2015_2025_VOLLSTAENDIG
DMV-155298,22496.0,22496.0,2016,18.-20.08.2016,2016-0012-04,57. Deutsche Meisterschaften System Eternit,Mannheim,,6.0,,pass_verified,DMV_Teilnahmen_2015_2025_VOLLSTAENDIG
DMV-155299,33975.0,33975.0,2016,18.-20.08.2016,2016-0012-04,57. Deutsche Meisterschaften System Eternit,Mannheim,,7.0,,pass_verified,DMV_Teilnahmen_2015_2025_VOLLSTAENDIG
DMV-155300,45426.0,45426.0,2016,18.-20.08.2016,2016-0012-04,57. Deutsche Meisterschaften System Eternit,Mannheim,,9.0,,pass_verified,DMV_Teilnahmen_2015_2025_VOLLSTAENDIG
DMV-155301,66478.0,66478.0,2016,18.-20.08.2016,2016-0012-04,57. Deutsche Meisterschaften System Eternit,Mannheim,,10.0,,pass_verified,DMV_Teilnahmen_2015_2025_VOLLSTAENDIG
DMV-155302,37856.0,37856.0,2016,18.-20.08.2016,2016-0012-04,57. Deutsche Meisterschaften System Eternit,Mannheim,,11.0,,pass_verified,DMV_Teilnahmen_2015_2025_VOLLSTAENDIG
DMV-155303,43756.0,43756.0,2016,18.-20.08.2016,2016-0012-04,57. Deutsche Meisterschaften System Eternit,Mannheim,,12.0,,pass_verified,DMV_Teilnahmen_2015_2025_VOLLSTAENDIG
DMV-155304,33442.0,33442.0,2016,18.-20.08.2016,2016-0012-04,57. Deutsche Meisterschaften System Eternit,Mannheim,,13.0,,pass_verified,DMV_Teilnahmen_2015_2025_VOLLSTAENDIG
DMV-155305,30626.0,30626.0,2016,18.-20.08.2016,2016-0012-04,57. Deutsche Meisterschaften System Eternit,Mannheim,,14.0,,pass_verified,DMV_Teilnahmen_2015_2025_VOLLSTAENDIG
DMV-155306,50336.0,50336.0,2016,18.-20.08.2016,2016-0012-04,57. Deutsche Meisterschaften System Eternit,Mannheim,,15.0,,pass_verified,DMV_Teilnahmen_2015_2025_VOLLSTAENDIG
DMV-155307,27937.0,27937.0,2016,18.-20.08.2016,2016-0012-04,57. Deutsche Meisterschaften System Eternit,Mannheim,,16.0,,pass_verified,DMV_Teilnahmen_2015_2025_VOLLSTAENDIG
DMV-155308,44990.0,44990.0,2016,18.-20.08.2016,2016-0012-04,57. Deutsche Meisterschaften System Eternit,Mannheim,,17.0,,pass_verified,DMV_Teilnahmen_2015_2025_VOLLSTAENDIG
DMV-155309,50151.0,50151.0,2016,18.-20.08.2016,2016-0012-04,57. Deutsche Meisterschaften System Eternit,Mannheim,,18.0,,pass_verified,DMV_Teilnahmen_2015_2025_VOLLSTAENDIG
DMV-155310,35538.0,35538.0,2016,18.-20.08.2016,2016-0012-04,57. Deutsche Meisterschaften System Eternit,Mannheim,,19.0,,pass_verified,DMV_Teilnahmen_2015_2025_VOLLSTAENDIG
DMV-155311,35849.0,35849.0,2016,18.-20.08.2016,2016-0012-04,57. Deutsche Meisterschaften System Eternit,Mannheim,,20.0,,pass_verified,DMV_Teilnahmen_2015_2025_VOLLSTAENDIG
DMV-155312,43779.0,43779.0,2016,18.-20.08.2016,2016-0012-04,57. Deutsche Meisterschaften System Eternit,Mannheim,,21.0,,pass_verified,DMV_Teilnahmen_2015_2025_VOLLSTAENDIG
DMV-155313,43272.0,43272.0,2016,18.-20.08.2016,2016-0012-04,57. Deutsche Meisterschaften System Eternit,Mannheim,,22.0,,pass_verified,DMV_Teilnahmen_2015_2025_VOLLSTAENDIG
DMV-155314,37141.0,37141.0,2016,18.-20.08.2016,2016-0012-04,57. Deutsche Meisterschaften System Eternit,Mannheim,,23.0,,pass_verified,DMV_Teilnahmen_2015_2025_VOLLSTAENDIG
DMV-155315,44771.0,44771.0,2016,18.-20.08.2016,2016-0012-04,57. Deutsche Meisterschaften System Eternit,Mannheim,,24.0,,pass_verified,DMV_Teilnahmen_2015_2025_VOLLSTAENDIG
DMV-155316,37027.0,37027.0,2016,18.-20.08.2016,2016-0012-04,57. Deutsche Meisterschaften System Eternit,Mannheim,,25.0,,pass_verified,DMV_Teilnahmen_2015_2025_VOLLSTAENDIG
DMV-155317,43192.0,43192.0,2016,18.-20.08.2016,2016-0012-04,57. Deutsche Meisterschaften System Eternit,Mannheim,,26.0,,pass_verified,DMV_Teilnahmen_2015_2025_VOLLSTAENDIG
DMV-155318,33946.0,33946.0,2016,18.-20.08.2016,2016-0012-04,57. Deutsche Meisterschaften System Eternit,Mannheim,,28.0,,pass_verified,DMV_Teilnahmen_2015_2025_VOLLSTAENDIG
DMV-155319,66732.0,66732.0,2016,18.-20.08.2016,2016-0012-04,57. Deutsche Meisterschaften System Eternit,Mannheim,,29.0,,pass_verified,DMV_Teilnahmen_2015_2025_VOLLSTAENDIG
DMV-155320,44862.0,44862.0,2016,18.-20.08.2016,2016-0012-05,57. Deutsche Meisterschaften System Eternit,Mannheim,,1.0,,pass_verified,DMV_Teilnahmen_2015_2025_VOLLSTAENDIG
DMV-155321,34109.0,34109.0,2016,18.-20.08.2016,2016-0012-05,57. Deutsche Meisterschaften System Eternit,Mannheim,,4.0,,pass_verified,DMV_Teilnahmen_2015_2025_VOLLSTAENDIG
DMV-155322,49067.0,49067.0,2016,18.-20.08.2016,2016-0012-05,57. Deutsche Meisterschaften System Eternit,Mannheim,,5.0,,pass_verified,DMV_Teilnahmen_2015_2025_VOLLSTAENDIG
DMV-155323,,,2016,18.-20.08.2016,2016-0012-05,57. Deutsche Meisterschaften System Eternit,Mannheim,,6.0,,unresolved_identity,DMV_Teilnahmen_2015_2025_VOLLSTAENDIG
DMV-155324,37252.0,37252.0,2016,18.-20.08.2016,2016-0012-05,57. Deutsche Meisterschaften System Eternit,Mannheim,,7.0,,pass_verified,DMV_Teilnahmen_2015_2025_VOLLSTAENDIG
DMV-155325,35257.0,35257.0,2016,18.-20.08.2016,2016-0012-05,57. Deutsche Meisterschaften System Eternit,Mannheim,,9.0,,pass_verified,DMV_Teilnahmen_2015_2025_VOLLSTAENDIG
DMV-155326,38135.0,38135.0,2016,18.-20.08.2016,2016-0012-05,57. Deutsche Meisterschaften System Eternit,Mannheim,,10.0,,pass_verified,DMV_Teilnahmen_2015_2025_VOLLSTAENDIG
DMV-155327,25578.0,25578.0,2016,18.-20.08.2016,2016-0012-05,57. Deutsche Meisterschaften System Eternit,Mannheim,,11.0,,pass_verified,DMV_Teilnahmen_2015_2025_VOLLSTAENDIG
DMV-155328,27873.0,27873.0,2016,18.-20.08.2016,2016-0012-05,57. Deutsche Meisterschaften System Eternit,Mannheim,,12.0,,pass_verified,DMV_Teilnahmen_2015_2025_VOLLSTAENDIG
DMV-155329,25686.0,25686.0,2016,18.-20.08.2016,2016-0012-05,57. Deutsche Meisterschaften System Eternit,Mannheim,,13.0,,pass_verified,DMV_Teilnahmen_2015_2025_VOLLSTAENDIG
DMV-155330,45733.0,45733.0,2016,18.-20.08.2016,2016-0012-05,57. Deutsche Meisterschaften System Eternit,Mannheim,,14.0,,pass_verified,DMV_Teilnahmen_2015_2025_VOLLSTAENDIG
DMV-155331,21335.0,21335.0,2016,18.-20.08.2016,2016-0012-06,57. Deutsche Meisterschaften System Eternit,Mannheim,,1.0,,pass_verified,DMV_Teilnahmen_2015_2025_VOLLSTAENDIG
DMV-155332,26331.0,26331.0,2016,18.-20.08.2016,2016-0012-06,57. Deutsche Meisterschaften System Eternit,Mannheim,,2.0,,pass_verified,DMV_Teilnahmen_2015_2025_VOLLSTAENDIG
DMV-155333,34878.0,34878.0,2016,18.-20.08.2016,2016-0012-06,57. Deutsche Meisterschaften System Eternit,Mannheim,,6.0,,pass_verified,DMV_Teilnahmen_2015_2025_VOLLSTAENDIG
DMV-155334,48508.0,48508.0,2016,18.-20.08.2016,2016-0012-06,57. Deutsche Meisterschaften System Eternit,Mannheim,,7.0,,pass_verified,DMV_Teilnahmen_2015_2025_VOLLSTAENDIG
DMV-155335,37008.0,37008.0,2016,18.-20.08.2016,2016-0012-06,57. Deutsche Meisterschaften System Eternit,Mannheim,,8.0,,pass_verified,DMV_Teilnahmen_2015_2025_VOLLSTAENDIG
DMV-155336,46494.0,46494.0,2016,18.-20.08.2016,2016-0012-06,57. Deutsche Meisterschaften System Eternit,Mannheim,,10.0,,pass_verified,DMV_Teilnahmen_2015_2025_VOLLSTAENDIG
DMV-155337,35026.0,35026.0,2016,18.-20.08.2016,2016-0012-06,57. Deutsche Meisterschaften System Eternit,Mannheim,,11.0,,pass_verified,DMV_Teilnahmen_2015_2025_VOLLSTAENDIG
DMV-155338,65927.0,65927.0,2016,18.-20.08.2016,2016-0012-06,57. Deutsche Meisterschaften System Eternit,Mannheim,,12.0,,pass_verified,DMV_Teilnahmen_2015_2025_VOLLSTAENDIG
DMV-155339,50463.0,50463.0,2016,18.-20.08.2016,2016-0012-06,57. Deutsche Meisterschaften System Eternit,Mannheim,,13.0,,pass_verified,DMV_Teilnahmen_2015_2025_VOLLSTAENDIG
DMV-155340,27861.0,27861.0,2016,18.-20.08.2016,2016-0012-06,57. Deutsche Meisterschaften System Eternit,Mannheim,,14.0,,pass_verified,DMV_Teilnahmen_2015_2025_VOLLSTAENDIG
DMV-155341,25785.0,25785.0,2016,18.-20.08.2016,2016-0012-06,57. Deutsche Meisterschaften System Eternit,Mannheim,,15.0,,pass_verified,DMV_Teilnahmen_2015_2025_VOLLSTAENDIG
DMV-155342,40475.0,40475.0,2016,18.-20.08.2016,2016-0012-06,57. Deutsche Meisterschaften System Eternit,Mannheim,,17.0,,pass_verified,DMV_Teilnahmen_2015_2025_VOLLSTAENDIG
DMV-155343,37380.0,37380.0,2016,18.-20.08.2016,2016-0012-06,57. Deutsche Meisterschaften System Eternit,Mannheim,,18.0,,pass_verified,DMV_Teilnahmen_2015_2025_VOLLSTAENDIG
DMV-155344,45588.0,45588.0,2016,18.-20.08.2016,2016-0012-06,57. Deutsche Meisterschaften System Eternit,Mannheim,,22.0,,pass_verified,DMV_Teilnahmen_2015_2025_VOLLSTAENDIG
DMV-155345,25887.0,25887.0,2016,18.-20.08.2016,2016-0012-06,57. Deutsche Meisterschaften System Eternit,Mannheim,,23.0,,pass_verified,DMV_Teilnahmen_2015_2025_VOLLSTAENDIG
DMV-155346,42274.0,42274.0,2016,18.-20.08.2016,2016-0012-06,57. Deutsche Meisterschaften System Eternit,Mannheim,,25.0,,pass_verified,DMV_Teilnahmen_2015_2025_VOLLSTAENDIG
DMV-155347,42690.0,42690.0,2016,18.-20.08.2016,2016-0012-06,57. Deutsche Meisterschaften System Eternit,Mannheim,,26.0,,pass_verified,DMV_Teilnahmen_2015_2025_VOLLSTAENDIG
DMV-155348,38362.0,38362.0,2016,18.-20.08.2016,2016-0012-06,57. Deutsche Meisterschaften System Eternit,Mannheim,,27.0,,pass_verified,DMV_Teilnahmen_2015_2025_VOLLSTAENDIG
DMV-155349,43922.0,43922.0,2016,18.-20.08.2016,2016-0012-06,57. Deutsche Meisterschaften System Eternit,Mannheim,,28.0,,pass_verified,DMV_Teilnahmen_2015_2025_VOLLSTAENDIG
DMV-155350,9710.0,9710.0,2016,18.-20.08.2016,2016-0012-06,57. Deutsche Meisterschaften System Eternit,Mannheim,,29.0,,pass_verified,DMV_Teilnahmen_2015_2025_VOLLSTAENDIG
DMV-155351,23321.0,23321.0,2016,18.-20.08.2016,2016-0012-06,57. Deutsche Meisterschaften System Eternit,Mannheim,,30.0,,pass_verified,DMV_Teilnahmen_2015_2025_VOLLSTAENDIG
DMV-155352,30278.0,30278.0,2016,18.-20.08.2016,2016-0012-06,57. Deutsche Meisterschaften System Eternit,Mannheim,,31.0,,pass_verified,DMV_Teilnahmen_2015_2025_VOLLSTAENDIG
DMV-155353,45219.0,45219.0,2016,18.-20.08.2016,2016-0012-06,57. Deutsche Meisterschaften System Eternit,Mannheim,,32.0,,pass_verified,DMV_Teilnahmen_2015_2025_VOLLSTAENDIG
DMV-155354,33490.0,33490.0,2016,18.-20.08.2016,2016-0012-06,57. Deutsche Meisterschaften System Eternit,Mannheim,,33.0,,pass_verified,DMV_Teilnahmen_2015_2025_VOLLSTAENDIG
DMV-155355,37752.0,37752.0,2016,18.-20.08.2016,2016-0012-06,57. Deutsche Meisterschaften System Eternit,Mannheim,,34.0,,pass_verified,DMV_Teilnahmen_2015_2025_VOLLSTAENDIG
DMV-155356,5225.0,5225.0,2016,18.-20.08.2016,2016-0012-07,57. Deutsche Meisterschaften System Eternit,Mannheim,,2.0,,pass_verified,DMV_Teilnahmen_2015_2025_VOLLSTAENDIG
DMV-155357,23183.0,23183.0,2016,18.-20.08.2016,2016-0012-07,57. Deutsche Meisterschaften System Eternit,Mannheim,,3.0,,pass_verified,DMV_Teilnahmen_2015_2025_VOLLSTAENDIG
DMV-155358,6524.0,6524.0,2016,18.-20.08.2016,2016-0012-07,57. Deutsche Meisterschaften System Eternit,Mannheim,,4.0,,pass_verified,DMV_Teilnahmen_2015_2025_VOLLSTAENDIG
DMV-155359,17490.0,17490.0,2016,18.-20.08.2016,2016-0012-07,57. Deutsche Meisterschaften System Eternit,Mannheim,,5.0,,pass_verified,DMV_Teilnahmen_2015_2025_VOLLSTAENDIG
DMV-155360,10260.0,10260.0,2016,18.-20.08.2016,2016-0012-07,57. Deutsche Meisterschaften System Eternit,Mannheim,,7.0,,pass_verified,DMV_Teilnahmen_2015_2025_VOLLSTAENDIG
DMV-155361,37088.0,37088.0,2016,18.-20.08.2016,2016-0012-07,57. Deutsche Meisterschaften System Eternit,Mannheim,,8.0,,pass_verified,DMV_Teilnahmen_2015_2025_VOLLSTAENDIG
DMV-155362,4908.0,4908.0,2016,18.-20.08.2016,2016-0012-07,57. Deutsche Meisterschaften System Eternit,Mannheim,,9.0,,pass_verified,DMV_Teilnahmen_2015_2025_VOLLSTAENDIG
DMV-155363,4444.0,4444.0,2016,18.-20.08.2016,2016-0012-07,57. Deutsche Meisterschaften System Eternit,Mannheim,,10.0,,pass_verified,DMV_Teilnahmen_2015_2025_VOLLSTAENDIG
DMV-155364,46250.0,46250.0,2016,18.-20.08.2016,2016-0012-07,57. Deutsche Meisterschaften System Eternit,Mannheim,,11.0,,pass_verified,DMV_Teilnahmen_2015_2025_VOLLSTAENDIG
DMV-155365,42609.0,42609.0,2016,18.-20.08.2016,2016-0012-07,57. Deutsche Meisterschaften System Eternit,Mannheim,,13.0,,pass_verified,DMV_Teilnahmen_2015_2025_VOLLSTAENDIG
DMV-155366,25891.0,25891.0,2016,18.-20.08.2016,2016-0012-07,57. Deutsche Meisterschaften System Eternit,Mannheim,,14.0,,pass_verified,DMV_Teilnahmen_2015_2025_VOLLSTAENDIG
DMV-155367,61696.0,61696.0,2016,18.-20.08.2016,2016-0012-07,57. Deutsche Meisterschaften System Eternit,Mannheim,,16.0,,pass_verified,DMV_Teilnahmen_2015_2025_VOLLSTAENDIG
DMV-155368,4690.0,4690.0,2016,18.-20.08.2016,2016-0012-07,57. Deutsche Meisterschaften System Eternit,Mannheim,,17.0,,pass_verified,DMV_Teilnahmen_2015_2025_VOLLSTAENDIG
DMV-155369,6616.0,6616.0,2016,18.-20.08.2016,2016-0012-07,57. Deutsche Meisterschaften System Eternit,Mannheim,,18.0,,pass_verified,DMV_Teilnahmen_2015_2025_VOLLSTAENDIG
DMV-155370,17470.0,17470.0,2016,18.-20.08.2016,2016-0012-07,57. Deutsche Meisterschaften System Eternit,Mannheim,,19.0,,pass_verified,DMV_Teilnahmen_2015_2025_VOLLSTAENDIG
DMV-155371,18282.0,18282.0,2016,18.-20.08.2016,2016-0012-07,57. Deutsche Meisterschaften System Eternit,Mannheim,,20.0,,pass_verified,DMV_Teilnahmen_2015_2025_VOLLSTAENDIG
DMV-155372,,,2016,18.-20.08.2016,2016-0012-07,57. Deutsche Meisterschaften System Eternit,Mannheim,,22.0,,unresolved_identity,DMV_Teilnahmen_2015_2025_VOLLSTAENDIG
DMV-155373,9449.0,9449.0,2016,18.-20.08.2016,2016-0012-07,57. Deutsche Meisterschaften System Eternit,Mannheim,,23.0,,pass_verified,DMV_Teilnahmen_2015_2025_VOLLSTAENDIG
DMV-155374,18367.0,18367.0,2016,18.-20.08.2016,2016-0012-07,57. Deutsche Meisterschaften System Eternit,Mannheim,,24.0,,pass_verified,DMV_Teilnahmen_2015_2025_VOLLSTAENDIG
DMV-155375,18146.0,18146.0,2016,18.-20.08.2016,2016-0012-07,57. Deutsche Meisterschaften System Eternit,Mannheim,,25.0,,pass_verified,DMV_Teilnahmen_2015_2025_VOLLSTAENDIG
DMV-155376,37753.0,37753.0,2016,18.-20.08.2016,2016-0012-07,57. Deutsche Meisterschaften System Eternit,Mannheim,,26.0,,pass_verified,DMV_Teilnahmen_2015_2025_VOLLSTAENDIG
DMV-155377,40354.0,40354.0,2016,18.-20.08.2016,2016-0012-07,57. Deutsche Meisterschaften System Eternit,Mannheim,,27.0,,pass_verified,DMV_Teilnahmen_2015_2025_VOLLSTAENDIG
DMV-155378,36191.0,36191.0,2016,18.-20.08.2016,2016-0012-08,57. Deutsche Meisterschaften System Eternit,Mannheim,,1.0,,pass_verified,DMV_Teilnahmen_2015_2025_VOLLSTAENDIG
DMV-155379,37089.0,37089.0,2016,18.-20.08.2016,2016-0012-08,57. Deutsche Meisterschaften System Eternit,Mannheim,,2.0,,pass_verified,DMV_Teilnahmen_2015_2025_VOLLSTAENDIG
DMV-155380,42756.0,42756.0,2016,18.-20.08.2016,2016-0012-08,57. Deutsche Meisterschaften System Eternit,Mannheim,,3.0,,pass_verified,DMV_Teilnahmen_2015_2025_VOLLSTAENDIG
DMV-155381,4906.0,4906.0,2016,18.-20.08.2016,2016-0012-08,57. Deutsche Meisterschaften System Eternit,Mannheim,,4.0,,pass_verified,DMV_Teilnahmen_2015_2025_VOLLSTAENDIG
DMV-155382,4222.0,4222.0,2016,18.-20.08.2016,2016-0012-08,57. Deutsche Meisterschaften System Eternit,Mannheim,,5.0,,pass_verified,DMV_Teilnahmen_2015_2025_VOLLSTAENDIG
DMV-155383,33165.0,33165.0,2016,18.-20.08.2016,2016-0012-08,57. Deutsche Meisterschaften System Eternit,Mannheim,,6.0,,pass_verified,DMV_Teilnahmen_2015_2025_VOLLSTAENDIG
DMV-155384,36232.0,36232.0,2016,18.-20.08.2016,2016-0012-08,57. Deutsche Meisterschaften System Eternit,Mannheim,,7.0,,pass_verified,DMV_Teilnahmen_2015_2025_VOLLSTAENDIG
DMV-155385,3634.0,3634.0,2016,18.-20.08.2016,2016-0012-08,57. Deutsche Meisterschaften System Eternit,Mannheim,,8.0,,pass_verified,DMV_Teilnahmen_2015_2025_VOLLSTAENDIG
DMV-155386,25844.0,25844.0,2016,18.-20.08.2016,2016-0012-09,57. Deutsche Meisterschaften System Eternit,Mannheim,,1.0,,pass_verified,DMV_Teilnahmen_2015_2025_VOLLSTAENDIG
DMV-155387,22832.0,22832.0,2016,18.-20.08.2016,2016-0012-09,57. Deutsche Meisterschaften System Eternit,Mannheim,,2.0,,pass_verified,DMV_Teilnahmen_2015_2025_VOLLSTAENDIG
DMV-155388,1951.0,1951.0,2016,18.-20.08.2016,2016-0012-09,57. Deutsche Meisterschaften System Eternit,Mannheim,,3.0,,pass_verified,DMV_Teilnahmen_2015_2025_VOLLSTAENDIG
DMV-155389,66105.0,66105.0,2016,18.-20.08.2016,2016-0012-09,57. Deutsche Meisterschaften System Eternit,Mannheim,,4.0,,pass_verified,DMV_Teilnahmen_2015_2025_VOLLSTAENDIG
DMV-155390,38137.0,38137.0,2016,18.-20.08.2016,2016-0012-09,57. Deutsche Meisterschaften System Eternit,Mannheim,,6.0,,pass_verified,DMV_Teilnahmen_2015_2025_VOLLSTAENDIG
DMV-155391,,,2016,18.-20.08.2016,2016-0012-09,57. Deutsche Meisterschaften System Eternit,Mannheim,,7.0,,unresolved_identity,DMV_Teilnahmen_2015_2025_VOLLSTAENDIG
DMV-155392,66761.0,66761.0,2016,18.-20.08.2016,2016-0013-03,54. Deutsche Meisterschaften System Cobigolf,Rauschenberg,,1.0,,pass_verified,DMV_Teilnahmen_2015_2025_VOLLSTAENDIG
DMV-155393,66747.0,66747.0,2016,18.-20.08.2016,2016-0013-04,54. Deutsche Meisterschaften System Cobigolf,Rauschenberg,,1.0,,pass_verified,DMV_Teilnahmen_2015_2025_VOLLSTAENDIG
DMV-155394,66280.0,66280.0,2016,18.-20.08.2016,2016-0013-04,54. Deutsche Meisterschaften System Cobigolf,Rauschenberg,,2.0,,pass_verified,DMV_Teilnahmen_2015_2025_VOLLSTAENDIG
DMV-155395,38415.0,38415.0,2016,18.-20.08.2016,2016-0013-05,54. Deutsche Meisterschaften System Cobigolf,Rauschenberg,,2.0,,pass_verified,DMV_Teilnahmen_2015_2025_VOLLSTAENDIG
DMV-155396,66110.0,66110.0,2016,18.-20.08.2016,2016-0013-05,54. Deutsche Meisterschaften System Cobigolf,Rauschenberg,,3.0,,pass_verified,DMV_Teilnahmen_2015_2025_VOLLSTAENDIG
DMV-155397,37171.0,37171.0,2016,18.-20.08.2016,2016-0013-06,54. Deutsche Meisterschaften System Cobigolf,Rauschenberg,,1.0,,pass_verified,DMV_Teilnahmen_2015_2025_VOLLSTAENDIG
DMV-155398,5649.0,5649.0,2016,18.-20.08.2016,2016-0013-06,54. Deutsche Meisterschaften System Cobigolf,Rauschenberg,,2.0,,pass_verified,DMV_Teilnahmen_2015_2025_VOLLSTAENDIG
DMV-155399,38295.0,38295.0,2016,18.-20.08.2016,2016-0013-07,54. Deutsche Meisterschaften System Cobigolf,Rauschenberg,,1.0,,pass_verified,DMV_Teilnahmen_2015_2025_VOLLSTAENDIG
DMV-155400,,,2016,18.-20.08.2016,2016-0013-07,54. Deutsche Meisterschaften System Cobigolf,Rauschenberg,,2.0,,unresolved_identity,DMV_Teilnahmen_2015_2025_VOLLSTAENDIG
DMV-155401,35896.0,35896.0,2016,18.-20.08.2016,2016-0013-07,54. Deutsche Meisterschaften System Cobigolf,Rauschenberg,,3.0,,pass_verified,DMV_Teilnahmen_2015_2025_VOLLSTAENDIG
DMV-155402,37449.0,37449.0,2016,18.-20.08.2016,2016-0013-07,54. Deutsche Meisterschaften System Cobigolf,Rauschenberg,,4.0,,pass_verified,DMV_Teilnahmen_2015_2025_VOLLSTAENDIG
DMV-155403,44355.0,44355.0,2016,18.-20.08.2016,2016-0013-07,54. Deutsche Meisterschaften System Cobigolf,Rauschenberg,,5.0,,pass_verified,DMV_Teilnahmen_2015_2025_VOLLSTAENDIG
DMV-155404,65838.0,65838.0,2016,18.-20.08.2016,2016-0013-07,54. Deutsche Meisterschaften System Cobigolf,Rauschenberg,,6.0,,pass_verified,DMV_Teilnahmen_2015_2025_VOLLSTAENDIG
DMV-155405,21946.0,21946.0,2016,18.-20.08.2016,2016-0013-08,54. Deutsche Meisterschaften System Cobigolf,Rauschenberg,,1.0,,pass_verified,DMV_Teilnahmen_2015_2025_VOLLSTAENDIG
DMV-155406,35236.0,35236.0,2016,18.-20.08.2016,2016-0013-08,54. Deutsche Meisterschaften System Cobigolf,Rauschenberg,,2.0,,pass_verified,DMV_Teilnahmen_2015_2025_VOLLSTAENDIG
DMV-155407,10099.0,10099.0,2016,18.-20.08.2016,2016-0013-08,54. Deutsche Meisterschaften System Cobigolf,Rauschenberg,,3.0,,pass_verified,DMV_Teilnahmen_2015_2025_VOLLSTAENDIG
DMV-155408,38454.0,38454.0,2016,18.-20.08.2016,2016-0013-08,54. Deutsche Meisterschaften System Cobigolf,Rauschenberg,,4.0,,pass_verified,DMV_Teilnahmen_2015_2025_VOLLSTAENDIG
DMV-155409,8613.0,8613.0,2016,18.-20.08.2016,2016-0013-08,54. Deutsche Meisterschaften System Cobigolf,Rauschenberg,,5.0,,pass_verified,DMV_Teilnahmen_2015_2025_VOLLSTAENDIG
DMV-155410,18217.0,18217.0,2016,18.-20.08.2016,2016-0013-08,54. Deutsche Meisterschaften System Cobigolf,Rauschenberg,,6.0,,pass_verified,DMV_Teilnahmen_2015_2025_VOLLSTAENDIG
DMV-155411,3501.0,3501.0,2016,18.-20.08.2016,2016-0013-08,54. Deutsche Meisterschaften System Cobigolf,Rauschenberg,,7.0,,pass_verified,DMV_Teilnahmen_2015_2025_VOLLSTAENDIG
DMV-155412,10650.0,10650.0,2016,18.-20.08.2016,2016-0013-08,54. Deutsche Meisterschaften System Cobigolf,Rauschenberg,,9.0,,pass_verified,DMV_Teilnahmen_2015_2025_VOLLSTAENDIG
DMV-155413,31210.0,31210.0,2016,18.-20.08.2016,2016-0013-09,54. Deutsche Meisterschaften System Cobigolf,Rauschenberg,,1.0,,pass_verified,DMV_Teilnahmen_2015_2025_VOLLSTAENDIG
DMV-155414,31639.0,31639.0,2016,18.-20.08.2016,2016-0013-09,54. Deutsche Meisterschaften System Cobigolf,Rauschenberg,,2.0,,pass_verified,DMV_Teilnahmen_2015_2025_VOLLSTAENDIG
DMV-155415,45502.0,45502.0,2016,18.-20.08.2016,2016-0013-09,54. Deutsche Meisterschaften System Cobigolf,Rauschenberg,,3.0,,pass_verified,DMV_Teilnahmen_2015_2025_VOLLSTAENDIG
DMV-155416,30856.0,30856.0,2016,18.-20.08.2016,2016-0013-09,54. Deutsche Meisterschaften System Cobigolf,Rauschenberg,,4.0,,pass_verified,DMV_Teilnahmen_2015_2025_VOLLSTAENDIG
DMV-155417,45697.0,45697.0,2016,18.-20.08.2016,2016-0013-09,54. Deutsche Meisterschaften System Cobigolf,Rauschenberg,,5.0,,pass_verified,DMV_Teilnahmen_2015_2025_VOLLSTAENDIG
DMV-155418,29808.0,29808.0,2016,18.-20.08.2016,2016-0013-09,54. Deutsche Meisterschaften System Cobigolf,Rauschenberg,,6.0,,pass_verified,DMV_Teilnahmen_2015_2025_VOLLSTAENDIG
DMV-155419,24151.0,24151.0,2016,18.-20.08.2016,2016-0013-09,54. Deutsche Meisterschaften System Cobigolf,Rauschenberg,,8.0,,pass_verified,DMV_Teilnahmen_2015_2025_VOLLSTAENDIG
DMV-155420,31213.0,31213.0,2016,18.-20.08.2016,2016-0013-09,54. Deutsche Meisterschaften System Cobigolf,Rauschenberg,,9.0,,pass_verified,DMV_Teilnahmen_2015_2025_VOLLSTAENDIG
DMV-155421,40219.0,40219.0,2016,18.-20.08.2016,2016-0013-09,54. Deutsche Meisterschaften System Cobigolf,Rauschenberg,,10.0,,pass_verified,DMV_Teilnahmen_2015_2025_VOLLSTAENDIG
DMV-155422,30348.0,30348.0,2016,18.-20.08.2016,2016-0013-09,54. Deutsche Meisterschaften System Cobigolf,Rauschenberg,,11.0,,pass_verified,DMV_Teilnahmen_2015_2025_VOLLSTAENDIG
DMV-155423,43640.0,43640.0,2016,18.-20.08.2016,2016-0013-09,54. Deutsche Meisterschaften System Cobigolf,Rauschenberg,,12.0,,pass_verified,DMV_Teilnahmen_2015_2025_VOLLSTAENDIG
DMV-155424,26698.0,26698.0,2016,18.-20.08.2016,2016-0013-09,54. Deutsche Meisterschaften System Cobigolf,Rauschenberg,,13.0,,pass_verified,DMV_Teilnahmen_2015_2025_VOLLSTAENDIG
DMV-155425,65919.0,65919.0,2016,18.-20.08.2016,2016-0013-09,54. Deutsche Meisterschaften System Cobigolf,Rauschenberg,,14.0,,pass_verified,DMV_Teilnahmen_2015_2025_VOLLSTAENDIG
DMV-155426,,,2016,18.-20.08.2016,2016-0013-09,54. Deutsche Meisterschaften System Cobigolf,Rauschenberg,,15.0,,unresolved_identity,DMV_Teilnahmen_2015_2025_VOLLSTAENDIG
DMV-155427,21876.0,21876.0,2016,18.-20.08.2016,2016-0013-09,54. Deutsche Meisterschaften System Cobigolf,Rauschenberg,,16.0,,pass_verified,DMV_Teilnahmen_2015_2025_VOLLSTAENDIG
DMV-155428,41145.0,41145.0,2016,18.-20.08.2016,2016-0013-09,54. Deutsche Meisterschaften System Cobigolf,Rauschenberg,,17.0,,pass_verified,DMV_Teilnahmen_2015_2025_VOLLSTAENDIG
DMV-155429,65837.0,65837.0,2016,18.-20.08.2016,2016-0013-09,54. Deutsche Meisterschaften System Cobigolf,Rauschenberg,,19.0,,pass_verified,DMV_Teilnahmen_2015_2025_VOLLSTAENDIG
DMV-155430,30207.0,30207.0,2016,18.-20.08.2016,2016-0013-09,54. Deutsche Meisterschaften System Cobigolf,Rauschenberg,,20.0,,pass_verified,DMV_Teilnahmen_2015_2025_VOLLSTAENDIG
DMV-155431,30123.0,30123.0,2016,18.-20.08.2016,2016-0013-09,54. Deutsche Meisterschaften System Cobigolf,Rauschenberg,,21.0,,pass_verified,DMV_Teilnahmen_2015_2025_VOLLSTAENDIG
DMV-155432,9739.0,9739.0,2016,18.-20.08.2016,2016-0013-09,54. Deutsche Meisterschaften System Cobigolf,Rauschenberg,,22.0,,pass_verified,DMV_Teilnahmen_2015_2025_VOLLSTAENDIG
DMV-155433,29239.0,29239.0,2016,18.-20.08.2016,2016-0013-09,54. Deutsche Meisterschaften System Cobigolf,Rauschenberg,,23.0,,pass_verified,DMV_Teilnahmen_2015_2025_VOLLSTAENDIG
DMV-155434,32802.0,32802.0,2016,18.-20.08.2016,2016-0013-10,54. Deutsche Meisterschaften System Cobigolf,Rauschenberg,,1.0,,pass_verified,DMV_Teilnahmen_2015_2025_VOLLSTAENDIG
DMV-155435,47186.0,47186.0,2016,18.-20.08.2016,2016-0013-10,54. Deutsche Meisterschaften System Cobigolf,Rauschenberg,,2.0,,pass_verified,DMV_Teilnahmen_2015_2025_VOLLSTAENDIG
DMV-155436,36022.0,36022.0,2016,18.-20.08.2016,2016-0013-10,54. Deutsche Meisterschaften System Cobigolf,Rauschenberg,,3.0,,pass_verified,DMV_Teilnahmen_2015_2025_VOLLSTAENDIG
DMV-155437,,,2016,18.-20.08.2016,2016-0013-10,54. Deutsche Meisterschaften System Cobigolf,Rauschenberg,,4.0,,unresolved_identity,DMV_Teilnahmen_2015_2025_VOLLSTAENDIG
DMV-155438,36967.0,36967.0,2016,18.-20.08.2016,2016-0013-11,54. Deutsche Meisterschaften System Cobigolf,Rauschenberg,,1.0,,pass_verified,DMV_Teilnahmen_2015_2025_VOLLSTAENDIG
DMV-155439,36793.0,36793.0,2016,18.-20.08.2016,2016-0013-11,54. Deutsche Meisterschaften System Cobigolf,Rauschenberg,,2.0,,pass_verified,DMV_Teilnahmen_2015_2025_VOLLSTAENDIG
DMV-155440,37225.0,37225.0,2016,18.-20.08.2016,2016-0013-11,54. Deutsche Meisterschaften System Cobigolf,Rauschenberg,,3.0,,pass_verified,DMV_Teilnahmen_2015_2025_VOLLSTAENDIG
DMV-155441,32674.0,32674.0,2016,18.-20.08.2016,2016-0013-11,54. Deutsche Meisterschaften System Cobigolf,Rauschenberg,,4.0,,pass_verified,DMV_Teilnahmen_2015_2025_VOLLSTAENDIG
DMV-155442,37500.0,37500.0,2016,18.-20.08.2016,2016-0013-11,54. Deutsche Meisterschaften System Cobigolf,Rauschenberg,,5.0,,pass_verified,DMV_Teilnahmen_2015_2025_VOLLSTAENDIG
DMV-155443,51818.0,51818.0,2016,18.-20.08.2016,2016-0013-11,54. Deutsche Meisterschaften System Cobigolf,Rauschenberg,,6.0,,pass_verified,DMV_Teilnahmen_2015_2025_VOLLSTAENDIG
DMV-155444,27911.0,27911.0,2016,18.-20.08.2016,2016-0013-11,54. Deutsche Meisterschaften System Cobigolf,Rauschenberg,,7.0,,pass_verified,DMV_Teilnahmen_2015_2025_VOLLSTAENDIG
DMV-155445,38123.0,38123.0,2016,18.-20.08.2016,2016-0013-11,54. Deutsche Meisterschaften System Cobigolf,Rauschenberg,,8.0,,pass_verified,DMV_Teilnahmen_2015_2025_VOLLSTAENDIG
DMV-155446,,,2016,13.-14.08.2016,2016-0018-03,26. Rebland-Turnier,Ohlsbach,,1.0,,unresolved_identity,DMV_Teilnahmen_2015_2025_VOLLSTAENDIG
DMV-155447,41248.0,41248.0,2016,13.-14.08.2016,2016-0018-03,26. Rebland-Turnier,Ohlsbach,,4.0,,pass_verified,DMV_Teilnahmen_2015_2025_VOLLSTAENDIG
DMV-155448,22800.0,22800.0,2016,13.-14.08.2016,2016-0018-03,26. Rebland-Turnier,Ohlsbach,,6.0,,pass_verified,DMV_Teilnahmen_2015_2025_VOLLSTAENDIG
DMV-155449,,,2016,13.-14.08.2016,2016-0018-04,26. Rebland-Turnier,Ohlsbach,,1.0,,unresolved_identity,DMV_Teilnahmen_2015_2025_VOLLSTAENDIG
DMV-155450,38354.0,38354.0,2016,13.-14.08.2016,2016-0018-04,26. Rebland-Turnier,Ohlsbach,,2.0,,pass_verified,DMV_Teilnahmen_2015_2025_VOLLSTAENDIG
DMV-155451,47419.0,47419.0,2016,13.-14.08.2016,2016-0018-05,26. Rebland-Turnier,Ohlsbach,,2.0,,pass_verified,DMV_Teilnahmen_2015_2025_VOLLSTAENDIG
DMV-155452,65901.0,65901.0,2016,13.-14.08.2016,2016-0018-05,26. Rebland-Turnier,Ohlsbach,,3.0,,pass_verified,DMV_Teilnahmen_2015_2025_VOLLSTAENDIG
DMV-155453,40559.0,40559.0,2016,13.-14.08.2016,2016-0018-05,26. Rebland-Turnier,Ohlsbach,,4.0,,pass_verified,DMV_Teilnahmen_2015_2025_VOLLSTAENDIG
DMV-155454,66677.0,66677.0,2016,13.-14.08.2016,2016-0018-05,26. Rebland-Turnier,Ohlsbach,,5.0,,pass_verified,DMV_Teilnahmen_2015_2025_VOLLSTAENDIG
DMV-155455,25809.0,25809.0,2016,13.-14.08.2016,2016-0018-05,26. Rebland-Turnier,Ohlsbach,,6.0,,pass_verified,DMV_Teilnahmen_2015_2025_VOLLSTAENDIG
DMV-155456,548.0,548.0,2016,13.-14.08.2016,2016-0018-06,26. Rebland-Turnier,Ohlsbach,,1.0,,pass_verified,DMV_Teilnahmen_2015_2025_VOLLSTAENDIG
DMV-155457,28046.0,28046.0,2016,13.-14.08.2016,2016-0018-06,26. Rebland-Turnier,Ohlsbach,,2.0,,pass_verified,DMV_Teilnahmen_2015_2025_VOLLSTAENDIG
DMV-155458,34359.0,34359.0,2016,13.-14.08.2016,2016-0018-07,26. Rebland-Turnier,Ohlsbach,,1.0,,pass_verified,DMV_Teilnahmen_2015_2025_VOLLSTAENDIG
DMV-155459,20690.0,20690.0,2016,13.-14.08.2016,2016-0018-07,26. Rebland-Turnier,Ohlsbach,,2.0,,pass_verified,DMV_Teilnahmen_2015_2025_VOLLSTAENDIG
DMV-155460,5040.0,5040.0,2016,13.-14.08.2016,2016-0018-07,26. Rebland-Turnier,Ohlsbach,,3.0,,pass_verified,DMV_Teilnahmen_2015_2025_VOLLSTAENDIG
DMV-155461,4859.0,4859.0,2016,13.-14.08.2016,2016-0018-07,26. Rebland-Turnier,Ohlsbach,,4.0,,pass_verified,DMV_Teilnahmen_2015_2025_VOLLSTAENDIG
DMV-155462,28040.0,28040.0,2016,13.-14.08.2016,2016-0018-07,26. Rebland-Turnier,Ohlsbach,,6.0,,pass_verified,DMV_Teilnahmen_2015_2025_VOLLSTAENDIG
DMV-155463,4181.0,4181.0,2016,13.-14.08.2016,2016-0018-07,26. Rebland-Turnier,Ohlsbach,,7.0,,pass_verified,DMV_Teilnahmen_2015_2025_VOLLSTAENDIG
DMV-155464,66327.0,66327.0,2016,13.-14.08.2016,2016-0018-07,26. Rebland-Turnier,Ohlsbach,,8.0,,pass_verified,DMV_Teilnahmen_2015_2025_VOLLSTAENDIG
DMV-155465,,,2016,13.-14.08.2016,2016-0018-07,26. Rebland-Turnier,Ohlsbach,,9.0,,unresolved_identity,DMV_Teilnahmen_2015_2025_VOLLSTAENDIG
DMV-155466,23239.0,23239.0,2016,13.-14.08.2016,2016-0018-07,26. Rebland-Turnier,Ohlsbach,,11.0,,pass_verified,DMV_Teilnahmen_2015_2025_VOLLSTAENDIG
DMV-155467,43350.0,43350.0,2016,13.-14.08.2016,2016-0018-07,26. Rebland-Turnier,Ohlsbach,,12.0,,pass_verified,DMV_Teilnahmen_2015_2025_VOLLSTAENDIG
DMV-155468,66818.0,66818.0,2016,13.-14.08.2016,2016-0018-07,26. Rebland-Turnier,Ohlsbach,,13.0,,pass_verified,DMV_Teilnahmen_2015_2025_VOLLSTAENDIG
DMV-155469,28041.0,28041.0,2016,13.-14.08.2016,2016-0018-08,26. Rebland-Turnier,Ohlsbach,,1.0,,pass_verified,DMV_Teilnahmen_2015_2025_VOLLSTAENDIG
DMV-155470,4858.0,4858.0,2016,13.-14.08.2016,2016-0018-08,26. Rebland-Turnier,Ohlsbach,,2.0,,pass_verified,DMV_Teilnahmen_2015_2025_VOLLSTAENDIG
DMV-155471,18298.0,18298.0,2016,13.-14.08.2016,2016-0018-08,26. Rebland-Turnier,Ohlsbach,,3.0,,pass_verified,DMV_Teilnahmen_2015_2025_VOLLSTAENDIG
DMV-155472,37936.0,37936.0,2016,13.-14.08.2016,2016-0018-09,26. Rebland-Turnier,Ohlsbach,,2.0,,pass_verified,DMV_Teilnahmen_2015_2025_VOLLSTAENDIG
DMV-155473,66123.0,66123.0,2016,13.-14.08.2016,2016-0018-10,26. Rebland-Turnier,Ohlsbach,,1.0,,pass_verified,DMV_Teilnahmen_2015_2025_VOLLSTAENDIG
DMV-155474,,,2016,07.08.2016,2016-0019-07,"NBV-Landesliga Staffel I, 5. Spieltag",Kaarst,,1.0,,unresolved_identity,DMV_Teilnahmen_2015_2025_VOLLSTAENDIG
DMV-155475,,,2016,07.08.2016,2016-0019-09,"NBV-Landesliga Staffel I, 5. Spieltag",Kaarst,,1.0,,unresolved_identity,DMV_Teilnahmen_2015_2025_VOLLSTAENDIG
DMV-155476,,,2016,07.08.2016,2016-0019-10,"NBV-Landesliga Staffel I, 5. Spieltag",Kaarst,,5.0,,unresolved_identity,DMV_Teilnahmen_2015_2025_VOLLSTAENDIG
DMV-155477,66161.0,66161.0,2016,07.08.2016,2016-0019-10,"NBV-Landesliga Staffel I, 5. Spieltag",Kaarst,,1.0,,pass_verified,DMV_Teilnahmen_2015_2025_VOLLSTAENDIG
DMV-155478,38141.0,38141.0,2016,07.08.2016,2016-0019-10,"NBV-Landesliga Staffel I, 5. Spieltag",Kaarst,,2.0,,pass_verified,DMV_Teilnahmen_2015_2025_VOLLSTAENDIG
DMV-155479,65855.0,65855.0,2016,07.08.2016,2016-0019-10,"NBV-Landesliga Staffel I, 5. Spieltag",Kaarst,,4.0,,pass_verified,DMV_Teilnahmen_2015_2025_VOLLSTAENDIG
DMV-155480,66742.0,66742.0,2016,07.08.2016,2016-0019-10,"NBV-Landesliga Staffel I, 5. Spieltag",Kaarst,,5.0,,pass_verified,DMV_Teilnahmen_2015_2025_VOLLSTAENDIG
DMV-155481,66449.0,66449.0,2016,07.08.2016,2016-0019-10,"NBV-Landesliga Staffel I, 5. Spieltag",Kaarst,,6.0,,pass_verified,DMV_Teilnahmen_2015_2025_VOLLSTAENDIG
DMV-155482,66039.0,66039.0,2016,07.08.2016,2016-0019-10,"NBV-Landesliga Staffel I, 5. Spieltag",Kaarst,,7.0,,pass_verified,DMV_Teilnahmen_2015_2025_VOLLSTAENDIG
DMV-155483,66269.0,66269.0,2016,07.08.2016,2016-0019-10,"NBV-Landesliga Staffel I, 5. Spieltag",Kaarst,,9.0,,pass_verified,DMV_Teilnahmen_2015_2025_VOLLSTAENDIG
DMV-155484,66442.0,66442.0,2016,07.08.2016,2016-0019-10,"NBV-Landesliga Staffel I, 5. Spieltag",Kaarst,,10.0,,pass_verified,DMV_Teilnahmen_2015_2025_VOLLSTAENDIG
DMV-155485,66804.0,66804.0,2016,07.08.2016,2016-0019-10,"NBV-Landesliga Staffel I, 5. Spieltag",Kaarst,,11.0,,pass_verified,DMV_Teilnahmen_2015_2025_VOLLSTAENDIG
DMV-155486,65870.0,65870.0,2016,07.08.2016,2016-0019-10,"NBV-Landesliga Staffel I, 5. Spieltag",Kaarst,,12.0,,pass_verified,DMV_Teilnahmen_2015_2025_VOLLSTAENDIG
DMV-155487,66564.0,66564.0,2016,07.08.2016,2016-0019-10,"NBV-Landesliga Staffel I, 5. Spieltag",Kaarst,,13.0,,pass_verified,DMV_Teilnahmen_2015_2025_VOLLSTAENDIG
DMV-155488,66064.0,66064.0,2016,07.08.2016,2016-0019-10,"NBV-Landesliga Staffel I, 5. Spieltag",Kaarst,,15.0,,pass_verified,DMV_Teilnahmen_2015_2025_VOLLSTAENDIG
DMV-155489,38505.0,38505.0,2016,07.08.2016,2016-0019-10,"NBV-Landesliga Staffel I, 5. Spieltag",Kaarst,,16.0,,pass_verified,DMV_Teilnahmen_2015_2025_VOLLSTAENDIG
DMV-155490,65980.0,65980.0,2016,07.08.2016,2016-0019-10,"NBV-Landesliga Staffel I, 5. Spieltag",Kaarst,,17.0,,pass_verified,DMV_Teilnahmen_2015_2025_VOLLSTAENDIG
DMV-155491,66225.0,66225.0,2016,07.08.2016,2016-0019-10,"NBV-Landesliga Staffel I, 5. Spieltag",Kaarst,,18.0,,pass_verified,DMV_Teilnahmen_2015_2025_VOLLSTAENDIG
DMV-155492,66659.0,66659.0,2016,07.08.2016,2016-0019-10,"NBV-Landesliga Staffel I, 5. Spieltag",Kaarst,,19.0,,pass_verified,DMV_Teilnahmen_2015_2025_VOLLSTAENDIG
DMV-155493,38474.0,38474.0,2016,07.08.2016,2016-0019-10,"NBV-Landesliga Staffel I, 5. Spieltag",Kaarst,,20.0,,pass_verified,DMV_Teilnahmen_2015_2025_VOLLSTAENDIG
DMV-155494,66123.0,66123.0,2016,07.08.2016,2016-0019-10,"NBV-Landesliga Staffel I, 5. Spieltag",Kaarst,,21.0,,pass_verified,DMV_Teilnahmen_2015_2025_VOLLSTAENDIG
DMV-155495,66640.0,66640.0,2016,07.08.2016,2016-0019-10,"NBV-Landesliga Staffel I, 5. Spieltag",Kaarst,,22.0,,pass_verified,DMV_Teilnahmen_2015_2025_VOLLSTAENDIG
DMV-155496,66642.0,66642.0,2016,07.08.2016,2016-0019-10,"NBV-Landesliga Staffel I, 5. Spieltag",Kaarst,,23.0,,pass_verified,DMV_Teilnahmen_2015_2025_VOLLSTAENDIG
DMV-155497,66826.0,66826.0,2016,07.08.2016,2016-0019-10,"NBV-Landesliga Staffel I, 5. Spieltag",Kaarst,,24.0,,pass_verified,DMV_Teilnahmen_2015_2025_VOLLSTAENDIG
DMV-155498,66017.0,66017.0,2016,07.08.2016,2016-0019-10,"NBV-Landesliga Staffel I, 5. Spieltag",Kaarst,,3.0,,pass_verified,DMV_Teilnahmen_2015_2025_VOLLSTAENDIG
DMV-155499,66089.0,66089.0,2016,07.08.2016,2016-0019-10,"NBV-Landesliga Staffel I, 5. Spieltag",Kaarst,,5.0,,pass_verified,DMV_Teilnahmen_2015_2025_VOLLSTAENDIG
DMV-155500,66672.0,66672.0,2016,07.08.2016,2016-0019-10,"NBV-Landesliga Staffel I, 5. Spieltag",Kaarst,,6.0,,pass_verified,DMV_Teilnahmen_2015_2025_VOLLSTAENDIG
DMV-155501,38609.0,38609.0,2016,07.08.2016,2016-0019-10,"NBV-Landesliga Staffel I, 5. Spieltag",Kaarst,,1.0,,pass_verified,DMV_Teilnahmen_2015_2025_VOLLSTAENDIG
DMV-155502,66053.0,66053.0,2016,07.08.2016,2016-0019-10,"NBV-Landesliga Staffel I, 5. Spieltag",Kaarst,,2.0,,pass_verified,DMV_Teilnahmen_2015_2025_VOLLSTAENDIG
DMV-155503,66480.0,66480.0,2016,07.08.2016,2016-0019-10,"NBV-Landesliga Staffel I, 5. Spieltag",Kaarst,,3.0,,pass_verified,DMV_Teilnahmen_2015_2025_VOLLSTAENDIG
DMV-155504,38576.0,38576.0,2016,07.08.2016,2016-0019-10,"NBV-Landesliga Staffel I, 5. Spieltag",Kaarst,,4.0,,pass_verified,DMV_Teilnahmen_2015_2025_VOLLSTAENDIG
DMV-155505,65944.0,65944.0,2016,07.08.2016,2016-0019-10,"NBV-Landesliga Staffel I, 5. Spieltag",Kaarst,,1.0,,pass_verified,DMV_Teilnahmen_2015_2025_VOLLSTAENDIG
DMV-155506,65873.0,65873.0,2016,07.08.2016,2016-0019-10,"NBV-Landesliga Staffel I, 5. Spieltag",Kaarst,,2.0,,pass_verified,DMV_Teilnahmen_2015_2025_VOLLSTAENDIG
DMV-155507,64551.0,64551.0,2016,07.08.2016,2016-0019-10,"NBV-Landesliga Staffel I, 5. Spieltag",Kaarst,,3.0,,pass_verified,DMV_Teilnahmen_2015_2025_VOLLSTAENDIG
DMV-155508,38462.0,38462.0,2016,07.08.2016,2016-0019-10,"NBV-Landesliga Staffel I, 5. Spieltag",Kaarst,,4.0,,pass_verified,DMV_Teilnahmen_2015_2025_VOLLSTAENDIG
DMV-155509,66619.0,66619.0,2016,07.08.2016,2016-0019-10,"NBV-Landesliga Staffel I, 5. Spieltag",Kaarst,,5.0,,pass_verified,DMV_Teilnahmen_2015_2025_VOLLSTAENDIG
DMV-155510,36570.0,36570.0,2016,07.08.2016,2016-0019-10,"NBV-Landesliga Staffel I, 5. Spieltag",Kaarst,,6.0,,pass_verified,DMV_Teilnahmen_2015_2025_VOLLSTAENDIG
DMV-155511,38103.0,38103.0,2016,07.08.2016,2016-0019-10,"NBV-Landesliga Staffel I, 5. Spieltag",Kaarst,,7.0,,pass_verified,DMV_Teilnahmen_2015_2025_VOLLSTAENDIG
DMV-155512,38114.0,38114.0,2016,07.08.2016,2016-0019-10,"NBV-Landesliga Staffel I, 5. Spieltag",Kaarst,,8.0,,pass_verified,DMV_Teilnahmen_2015_2025_VOLLSTAENDIG
DMV-155513,65809.0,65809.0,2016,07.08.2016,2016-0019-10,"NBV-Landesliga Staffel I, 5. Spieltag",Kaarst,,9.0,,pass_verified,DMV_Teilnahmen_2015_2025_VOLLSTAENDIG
DMV-155514,66001.0,66001.0,2016,07.08.2016,2016-0019-10,"NBV-Landesliga Staffel I, 5. Spieltag",Kaarst,,10.0,,pass_verified,DMV_Teilnahmen_2015_2025_VOLLSTAENDIG
DMV-155515,37011.0,37011.0,2016,07.08.2016,2016-0019-10,"NBV-Landesliga Staffel I, 5. Spieltag",Kaarst,,12.0,,pass_verified,DMV_Teilnahmen_2015_2025_VOLLSTAENDIG
DMV-155516,38030.0,38030.0,2016,07.08.2016,2016-0019-10,"NBV-Landesliga Staffel I, 5. Spieltag",Kaarst,,14.0,,pass_verified,DMV_Teilnahmen_2015_2025_VOLLSTAENDIG
DMV-155517,66103.0,66103.0,2016,07.08.2016,2016-0019-10,"NBV-Landesliga Staffel I, 5. Spieltag",Kaarst,,15.0,,pass_verified,DMV_Teilnahmen_2015_2025_VOLLSTAENDIG
DMV-155518,37194.0,37194.0,2016,07.08.2016,2016-0019-10,"NBV-Landesliga Staffel I, 5. Spieltag",Kaarst,,16.0,,pass_verified,DMV_Teilnahmen_2015_2025_VOLLSTAENDIG
DMV-155519,66000.0,66000.0,2016,07.08.2016,2016-0019-10,"NBV-Landesliga Staffel I, 5. Spieltag",Kaarst,,17.0,,pass_verified,DMV_Teilnahmen_2015_2025_VOLLSTAENDIG
DMV-155520,38473.0,38473.0,2016,07.08.2016,2016-0019-10,"NBV-Landesliga Staffel I, 5. Spieltag",Kaarst,,18.0,,pass_verified,DMV_Teilnahmen_2015_2025_VOLLSTAENDIG
DMV-155521,66136.0,66136.0,2016,07.08.2016,2016-0019-10,"NBV-Landesliga Staffel I, 5. Spieltag",Kaarst,,19.0,,pass_verified,DMV_Teilnahmen_2015_2025_VOLLSTAENDIG
DMV-155522,66479.0,66479.0,2016,07.08.2016,2016-0019-10,"NBV-Landesliga Staffel I, 5. Spieltag",Kaarst,,20.0,,pass_verified,DMV_Teilnahmen_2015_2025_VOLLSTAENDIG
DMV-155523,37578.0,37578.0,2016,07.08.2016,2016-0019-10,"NBV-Landesliga Staffel I, 5. Spieltag",Kaarst,,21.0,,pass_verified,DMV_Teilnahmen_2015_2025_VOLLSTAENDIG
DMV-155524,66261.0,66261.0,2016,07.08.2016,2016-0019-10,"NBV-Landesliga Staffel I, 5. Spieltag",Kaarst,,25.0,,pass_verified,DMV_Teilnahmen_2015_2025_VOLLSTAENDIG
DMV-155525,65836.0,65836.0,2016,07.08.2016,2016-0019-10,"NBV-Landesliga Staffel I, 5. Spieltag",Kaarst,,26.0,,pass_verified,DMV_Teilnahmen_2015_2025_VOLLSTAENDIG
DMV-155526,38343.0,38343.0,2016,07.08.2016,2016-0019-10,"NBV-Landesliga Staffel I, 5. Spieltag",Kaarst,,27.0,,pass_verified,DMV_Teilnahmen_2015_2025_VOLLSTAENDIG
DMV-155527,66162.0,66162.0,2016,07.08.2016,2016-0019-10,"NBV-Landesliga Staffel I, 5. Spieltag",Kaarst,,29.0,,pass_verified,DMV_Teilnahmen_2015_2025_VOLLSTAENDIG
DMV-155528,66792.0,66792.0,2016,07.08.2016,2016-0019-10,"NBV-Landesliga Staffel I, 5. Spieltag",Kaarst,,30.0,,pass_verified,DMV_Teilnahmen_2015_2025_VOLLSTAENDIG
DMV-155529,38089.0,38089.0,2016,07.08.2016,2016-0019-10,"NBV-Landesliga Staffel I, 5. Spieltag",Kaarst,,32.0,,pass_verified,DMV_Teilnahmen_2015_2025_VOLLSTAENDIG
DMV-155530,38400.0,38400.0,2016,07.08.2016,2016-0019-10,"NBV-Landesliga Staffel I, 5. Spieltag",Kaarst,,33.0,,pass_verified,DMV_Teilnahmen_2015_2025_VOLLSTAENDIG
DMV-155531,37475.0,37475.0,2016,07.08.2016,2016-0019-10,"NBV-Landesliga Staffel I, 5. Spieltag",Kaarst,,2.0,,pass_verified,DMV_Teilnahmen_2015_2025_VOLLSTAENDIG
DMV-155532,66277.0,66277.0,2016,07.08.2016,2016-0019-10,"NBV-Landesliga Staffel I, 5. Spieltag",Kaarst,,3.0,,pass_verified,DMV_Teilnahmen_2015_2025_VOLLSTAENDIG
DMV-155533,37389.0,37389.0,2016,07.08.2016,2016-0019-10,"NBV-Landesliga Staffel I, 5. Spieltag",Kaarst,,5.0,,pass_verified,DMV_Teilnahmen_2015_2025_VOLLSTAENDIG
DMV-155534,38393.0,38393.0,2016,07.08.2016,2016-0019-10,"NBV-Landesliga Staffel I, 5. Spieltag",Kaarst,,6.0,,pass_verified,DMV_Teilnahmen_2015_2025_VOLLSTAENDIG
DMV-155535,66195.0,66195.0,2016,07.08.2016,2016-0019-10,"NBV-Landesliga Staffel I, 5. Spieltag",Kaarst,,7.0,,pass_verified,DMV_Teilnahmen_2015_2025_VOLLSTAENDIG
DMV-155536,37399.0,37399.0,2016,07.08.2016,2016-0019-10,"NBV-Landesliga Staffel I, 5. Spieltag",Kaarst,,9.0,,pass_verified,DMV_Teilnahmen_2015_2025_VOLLSTAENDIG
DMV-155537,66017.0,66017.0,2016,21.-23.07.2016,2016-0024-10,Deutsche Minigolf-Jugendmeisterschaften,Weinheim,,1.0,,pass_verified,DMV_Teilnahmen_2015_2025_VOLLSTAENDIG
DMV-155538,66164.0,66164.0,2016,21.-23.07.2016,2016-0024-10,Deutsche Minigolf-Jugendmeisterschaften,Weinheim,,2.0,,pass_verified,DMV_Teilnahmen_2015_2025_VOLLSTAENDIG
DMV-155539,38334.0,38334.0,2016,21.-23.07.2016,2016-0024-10,Deutsche Minigolf-Jugendmeisterschaften,Weinheim,,3.0,,pass_verified,DMV_Teilnahmen_2015_2025_VOLLSTAENDIG
DMV-155540,66222.0,66222.0,2016,21.-23.07.2016,2016-0024-10,Deutsche Minigolf-Jugendmeisterschaften,Weinheim,,4.0,,pass_verified,DMV_Teilnahmen_2015_2025_VOLLSTAENDIG
DMV-155541,66672.0,66672.0,2016,21.-23.07.2016,2016-0025-10,Deutsche Minigolf-Jugendmeisterschaften,Weinheim,,6.0,,pass_verified,DMV_Teilnahmen_2015_2025_VOLLSTAENDIG
DMV-155542,66089.0,66089.0,2016,21.-23.07.2016,2016-0024-10,Deutsche Minigolf-Jugendmeisterschaften,Weinheim,,6.0,,pass_verified,DMV_Teilnahmen_2015_2025_VOLLSTAENDIG
DMV-155543,,,2016,21.-23.07.2016,2016-0024-10,Deutsche Minigolf-Jugendmeisterschaften,Weinheim,,7.0,,unresolved_identity,DMV_Teilnahmen_2015_2025_VOLLSTAENDIG
DMV-155544,66161.0,66161.0,2016,21.-23.07.2016,2016-0024-11,Deutsche Minigolf-Jugendmeisterschaften,Weinheim,,1.0,,pass_verified,DMV_Teilnahmen_2015_2025_VOLLSTAENDIG
DMV-155545,38141.0,38141.0,2016,21.-23.07.2016,2016-0024-11,Deutsche Minigolf-Jugendmeisterschaften,Weinheim,,2.0,,pass_verified,DMV_Teilnahmen_2015_2025_VOLLSTAENDIG
DMV-155546,65855.0,65855.0,2016,21.-23.07.2016,2016-0024-11,Deutsche Minigolf-Jugendmeisterschaften,Weinheim,,3.0,,pass_verified,DMV_Teilnahmen_2015_2025_VOLLSTAENDIG
DMV-155547,66449.0,66449.0,2016,21.-23.07.2016,2016-0024-11,Deutsche Minigolf-Jugendmeisterschaften,Weinheim,,5.0,,pass_verified,DMV_Teilnahmen_2015_2025_VOLLSTAENDIG
DMV-155548,66742.0,66742.0,2016,21.-23.07.2016,2016-0024-11,Deutsche Minigolf-Jugendmeisterschaften,Weinheim,,6.0,,pass_verified,DMV_Teilnahmen_2015_2025_VOLLSTAENDIG
DMV-155549,66804.0,66804.0,2016,21.-23.07.2016,2016-0024-11,Deutsche Minigolf-Jugendmeisterschaften,Weinheim,,7.0,,pass_verified,DMV_Teilnahmen_2015_2025_VOLLSTAENDIG
DMV-155550,66053.0,66053.0,2016,21.-23.07.2016,2016-0024-11,Deutsche Minigolf-Jugendmeisterschaften,Weinheim,,8.0,,pass_verified,DMV_Teilnahmen_2015_2025_VOLLSTAENDIG
DMV-155551,66039.0,66039.0,2016,21.-23.07.2016,2016-0024-11,Deutsche Minigolf-Jugendmeisterschaften,Weinheim,,10.0,,pass_verified,DMV_Teilnahmen_2015_2025_VOLLSTAENDIG
DMV-155552,66290.0,66290.0,2016,21.-23.07.2016,2016-0024-11,Deutsche Minigolf-Jugendmeisterschaften,Weinheim,,11.0,,pass_verified,DMV_Teilnahmen_2015_2025_VOLLSTAENDIG
DMV-155553,65870.0,65870.0,2016,21.-23.07.2016,2016-0024-11,Deutsche Minigolf-Jugendmeisterschaften,Weinheim,,12.0,,pass_verified,DMV_Teilnahmen_2015_2025_VOLLSTAENDIG
DMV-155554,66064.0,66064.0,2016,21.-23.07.2016,2016-0024-11,Deutsche Minigolf-Jugendmeisterschaften,Weinheim,,13.0,,pass_verified,DMV_Teilnahmen_2015_2025_VOLLSTAENDIG
DMV-155555,66659.0,66659.0,2016,21.-23.07.2016,2016-0024-11,Deutsche Minigolf-Jugendmeisterschaften,Weinheim,,14.0,,pass_verified,DMV_Teilnahmen_2015_2025_VOLLSTAENDIG
DMV-155556,66564.0,66564.0,2016,21.-23.07.2016,2016-0024-11,Deutsche Minigolf-Jugendmeisterschaften,Weinheim,,15.0,,pass_verified,DMV_Teilnahmen_2015_2025_VOLLSTAENDIG
DMV-155557,65980.0,65980.0,2016,21.-23.07.2016,2016-0024-11,Deutsche Minigolf-Jugendmeisterschaften,Weinheim,,16.0,,pass_verified,DMV_Teilnahmen_2015_2025_VOLLSTAENDIG
DMV-155558,66442.0,66442.0,2016,21.-23.07.2016,2016-0024-11,Deutsche Minigolf-Jugendmeisterschaften,Weinheim,,17.0,,pass_verified,DMV_Teilnahmen_2015_2025_VOLLSTAENDIG
DMV-155559,66225.0,66225.0,2016,21.-23.07.2016,2016-0024-11,Deutsche Minigolf-Jugendmeisterschaften,Weinheim,,18.0,,pass_verified,DMV_Teilnahmen_2015_2025_VOLLSTAENDIG
DMV-155560,66269.0,66269.0,2016,21.-23.07.2016,2016-0024-11,Deutsche Minigolf-Jugendmeisterschaften,Weinheim,,19.0,,pass_verified,DMV_Teilnahmen_2015_2025_VOLLSTAENDIG
DMV-155561,66123.0,66123.0,2016,21.-23.07.2016,2016-0024-11,Deutsche Minigolf-Jugendmeisterschaften,Weinheim,,20.0,,pass_verified,DMV_Teilnahmen_2015_2025_VOLLSTAENDIG
DMV-155562,38505.0,38505.0,2016,21.-23.07.2016,2016-0024-11,Deutsche Minigolf-Jugendmeisterschaften,Weinheim,,21.0,,pass_verified,DMV_Teilnahmen_2015_2025_VOLLSTAENDIG
DMV-155563,38474.0,38474.0,2016,21.-23.07.2016,2016-0024-11,Deutsche Minigolf-Jugendmeisterschaften,Weinheim,,22.0,,pass_verified,DMV_Teilnahmen_2015_2025_VOLLSTAENDIG
DMV-155564,66642.0,66642.0,2016,21.-23.07.2016,2016-0025-09,Deutsche Minigolf-Jugendmeisterschaften,Weinheim,,24.0,,pass_verified,DMV_Teilnahmen_2015_2025_VOLLSTAENDIG
DMV-155565,66640.0,66640.0,2016,21.-23.07.2016,2016-0024-11,Deutsche Minigolf-Jugendmeisterschaften,Weinheim,,24.0,,pass_verified,DMV_Teilnahmen_2015_2025_VOLLSTAENDIG
DMV-155566,38576.0,38576.0,2016,21.-23.07.2016,2016-0025-09,Deutsche Minigolf-Jugendmeisterschaften,Weinheim,,26.0,,pass_verified,DMV_Teilnahmen_2015_2025_VOLLSTAENDIG
DMV-155567,66826.0,66826.0,2016,21.-23.07.2016,2016-0024-11,Deutsche Minigolf-Jugendmeisterschaften,Weinheim,,26.0,,pass_verified,DMV_Teilnahmen_2015_2025_VOLLSTAENDIG
DMV-155568,66619.0,66619.0,2016,21.-23.07.2016,2016-0024-12,Deutsche Minigolf-Jugendmeisterschaften,Weinheim,,1.0,,pass_verified,DMV_Teilnahmen_2015_2025_VOLLSTAENDIG
DMV-155569,66001.0,66001.0,2016,21.-23.07.2016,2016-0025-11,Deutsche Minigolf-Jugendmeisterschaften,Weinheim,,22.0,,pass_verified,DMV_Teilnahmen_2015_2025_VOLLSTAENDIG
DMV-155570,65944.0,65944.0,2016,21.-23.07.2016,2016-0024-12,Deutsche Minigolf-Jugendmeisterschaften,Weinheim,,3.0,,pass_verified,DMV_Teilnahmen_2015_2025_VOLLSTAENDIG
DMV-155571,37011.0,37011.0,2016,21.-23.07.2016,2016-0024-12,Deutsche Minigolf-Jugendmeisterschaften,Weinheim,,4.0,,pass_verified,DMV_Teilnahmen_2015_2025_VOLLSTAENDIG
DMV-155572,38462.0,38462.0,2016,21.-23.07.2016,2016-0024-12,Deutsche Minigolf-Jugendmeisterschaften,Weinheim,,5.0,,pass_verified,DMV_Teilnahmen_2015_2025_VOLLSTAENDIG
DMV-155573,64551.0,64551.0,2016,21.-23.07.2016,2016-0024-12,Deutsche Minigolf-Jugendmeisterschaften,Weinheim,,6.0,,pass_verified,DMV_Teilnahmen_2015_2025_VOLLSTAENDIG
DMV-155574,37194.0,37194.0,2016,21.-23.07.2016,2016-0024-12,Deutsche Minigolf-Jugendmeisterschaften,Weinheim,,6.0,,pass_verified,DMV_Teilnahmen_2015_2025_VOLLSTAENDIG
DMV-155575,65873.0,65873.0,2016,21.-23.07.2016,2016-0024-12,Deutsche Minigolf-Jugendmeisterschaften,Weinheim,,8.0,,pass_verified,DMV_Teilnahmen_2015_2025_VOLLSTAENDIG
DMV-155576,65809.0,65809.0,2016,21.-23.07.2016,2016-0024-12,Deutsche Minigolf-Jugendmeisterschaften,Weinheim,,9.0,,pass_verified,DMV_Teilnahmen_2015_2025_VOLLSTAENDIG
DMV-155577,38103.0,38103.0,2016,21.-23.07.2016,2016-0024-12,Deutsche Minigolf-Jugendmeisterschaften,Weinheim,,9.0,,pass_verified,DMV_Teilnahmen_2015_2025_VOLLSTAENDIG
DMV-155578,66103.0,66103.0,2016,21.-23.07.2016,2016-0024-12,Deutsche Minigolf-Jugendmeisterschaften,Weinheim,,11.0,,pass_verified,DMV_Teilnahmen_2015_2025_VOLLSTAENDIG
DMV-155579,36570.0,36570.0,2016,21.-23.07.2016,2016-0025-12,Deutsche Minigolf-Jugendmeisterschaften,Weinheim,,21.0,,pass_verified,DMV_Teilnahmen_2015_2025_VOLLSTAENDIG
DMV-155580,38114.0,38114.0,2016,21.-23.07.2016,2016-0024-12,Deutsche Minigolf-Jugendmeisterschaften,Weinheim,,13.0,,pass_verified,DMV_Teilnahmen_2015_2025_VOLLSTAENDIG
DMV-155581,38030.0,38030.0,2016,21.-23.07.2016,2016-0024-12,Deutsche Minigolf-Jugendmeisterschaften,Weinheim,,14.0,,pass_verified,DMV_Teilnahmen_2015_2025_VOLLSTAENDIG
DMV-155582,,,2016,21.-23.07.2016,2016-0024-12,Deutsche Minigolf-Jugendmeisterschaften,Weinheim,,15.0,,unresolved_identity,DMV_Teilnahmen_2015_2025_VOLLSTAENDIG
DMV-155583,66261.0,66261.0,2016,21.-23.07.2016,2016-0024-12,Deutsche Minigolf-Jugendmeisterschaften,Weinheim,,18.0,,pass_verified,DMV_Teilnahmen_2015_2025_VOLLSTAENDIG
DMV-155584,38473.0,38473.0,2016,21.-23.07.2016,2016-0024-12,Deutsche Minigolf-Jugendmeisterschaften,Weinheim,,19.0,,pass_verified,DMV_Teilnahmen_2015_2025_VOLLSTAENDIG
DMV-155585,66000.0,66000.0,2016,21.-23.07.2016,2016-0024-12,Deutsche Minigolf-Jugendmeisterschaften,Weinheim,,20.0,,pass_verified,DMV_Teilnahmen_2015_2025_VOLLSTAENDIG
DMV-155586,66479.0,66479.0,2016,21.-23.07.2016,2016-0024-12,Deutsche Minigolf-Jugendmeisterschaften,Weinheim,,22.0,,pass_verified,DMV_Teilnahmen_2015_2025_VOLLSTAENDIG
DMV-155587,66136.0,66136.0,2016,21.-23.07.2016,2016-0024-12,Deutsche Minigolf-Jugendmeisterschaften,Weinheim,,23.0,,pass_verified,DMV_Teilnahmen_2015_2025_VOLLSTAENDIG
DMV-155588,65836.0,65836.0,2016,21.-23.07.2016,2016-0024-12,Deutsche Minigolf-Jugendmeisterschaften,Weinheim,,25.0,,pass_verified,DMV_Teilnahmen_2015_2025_VOLLSTAENDIG
DMV-155589,38343.0,38343.0,2016,21.-23.07.2016,2016-0024-12,Deutsche Minigolf-Jugendmeisterschaften,Weinheim,,26.0,,pass_verified,DMV_Teilnahmen_2015_2025_VOLLSTAENDIG
DMV-155590,38609.0,38609.0,2016,21.-23.07.2016,2016-0024-12,Deutsche Minigolf-Jugendmeisterschaften,Weinheim,,27.0,,pass_verified,DMV_Teilnahmen_2015_2025_VOLLSTAENDIG
DMV-155591,37578.0,37578.0,2016,21.-23.07.2016,2016-0024-12,Deutsche Minigolf-Jugendmeisterschaften,Weinheim,,28.0,,pass_verified,DMV_Teilnahmen_2015_2025_VOLLSTAENDIG
DMV-155592,66162.0,66162.0,2016,21.-23.07.2016,2016-0024-12,Deutsche Minigolf-Jugendmeisterschaften,Weinheim,,29.0,,pass_verified,DMV_Teilnahmen_2015_2025_VOLLSTAENDIG
DMV-155593,66792.0,66792.0,2016,21.-23.07.2016,2016-0024-12,Deutsche Minigolf-Jugendmeisterschaften,Weinheim,,30.0,,pass_verified,DMV_Teilnahmen_2015_2025_VOLLSTAENDIG
DMV-155594,66480.0,66480.0,2016,21.-23.07.2016,2016-0024-12,Deutsche Minigolf-Jugendmeisterschaften,Weinheim,,33.0,,pass_verified,DMV_Teilnahmen_2015_2025_VOLLSTAENDIG
DMV-155595,38089.0,38089.0,2016,21.-23.07.2016,2016-0024-12,Deutsche Minigolf-Jugendmeisterschaften,Weinheim,,34.0,,pass_verified,DMV_Teilnahmen_2015_2025_VOLLSTAENDIG
DMV-155596,38400.0,38400.0,2016,21.-23.07.2016,2016-0024-12,Deutsche Minigolf-Jugendmeisterschaften,Weinheim,,35.0,,pass_verified,DMV_Teilnahmen_2015_2025_VOLLSTAENDIG
DMV-155597,38338.0,38338.0,2016,21.-23.07.2016,2016-0024-13,Deutsche Minigolf-Jugendmeisterschaften,Weinheim,,1.0,,pass_verified,DMV_Teilnahmen_2015_2025_VOLLSTAENDIG
DMV-155598,37475.0,37475.0,2016,21.-23.07.2016,2016-0024-13,Deutsche Minigolf-Jugendmeisterschaften,Weinheim,,2.0,,pass_verified,DMV_Teilnahmen_2015_2025_VOLLSTAENDIG
DMV-155599,37389.0,37389.0,2016,21.-23.07.2016,2016-0024-13,Deutsche Minigolf-Jugendmeisterschaften,Weinheim,,3.0,,pass_verified,DMV_Teilnahmen_2015_2025_VOLLSTAENDIG
DMV-155600,66277.0,66277.0,2016,21.-23.07.2016,2016-0024-13,Deutsche Minigolf-Jugendmeisterschaften,Weinheim,,4.0,,pass_verified,DMV_Teilnahmen_2015_2025_VOLLSTAENDIG
DMV-155601,,,2016,21.-23.07.2016,2016-0025-12,Deutsche Minigolf-Jugendmeisterschaften,Weinheim,,3.0,,unresolved_identity,DMV_Teilnahmen_2015_2025_VOLLSTAENDIG
DMV-155602,38393.0,38393.0,2016,21.-23.07.2016,2016-0024-13,Deutsche Minigolf-Jugendmeisterschaften,Weinheim,,6.0,,pass_verified,DMV_Teilnahmen_2015_2025_VOLLSTAENDIG
DMV-155603,66195.0,66195.0,2016,21.-23.07.2016,2016-0024-13,Deutsche Minigolf-Jugendmeisterschaften,Weinheim,,7.0,,pass_verified,DMV_Teilnahmen_2015_2025_VOLLSTAENDIG
DMV-155604,37404.0,37404.0,2016,21.-23.07.2016,2016-0024-13,Deutsche Minigolf-Jugendmeisterschaften,Weinheim,,8.0,,pass_verified,DMV_Teilnahmen_2015_2025_VOLLSTAENDIG
DMV-155605,37399.0,37399.0,2016,21.-23.07.2016,2016-0025-12,Deutsche Minigolf-Jugendmeisterschaften,Weinheim,,2.0,,pass_verified,DMV_Teilnahmen_2015_2025_VOLLSTAENDIG
DMV-155606,50029.0,50029.0,2016,21.-23.07.2016,2016-0025-12,Deutsche Minigolf-Jugendmeisterschaften,Weinheim,,1.0,,pass_verified,DMV_Teilnahmen_2015_2025_VOLLSTAENDIG
DMV-155607,31333.0,31333.0,2016,21.-23.07.2016,2016-0025-12,Deutsche Minigolf-Jugendmeisterschaften,Weinheim,,2.0,,pass_verified,DMV_Teilnahmen_2015_2025_VOLLSTAENDIG
DMV-155608,31142.0,31142.0,2016,21.-23.07.2016,2016-0025-12,Deutsche Minigolf-Jugendmeisterschaften,Weinheim,,5.0,,pass_verified,DMV_Teilnahmen_2015_2025_VOLLSTAENDIG
DMV-155609,27565.0,27565.0,2016,21.-23.07.2016,2016-0025-12,Deutsche Minigolf-Jugendmeisterschaften,Weinheim,,6.0,,pass_verified,DMV_Teilnahmen_2015_2025_VOLLSTAENDIG
DMV-155610,36691.0,36691.0,2016,21.-23.07.2016,2016-0025-12,Deutsche Minigolf-Jugendmeisterschaften,Weinheim,,9.0,,pass_verified,DMV_Teilnahmen_2015_2025_VOLLSTAENDIG
DMV-155611,37242.0,37242.0,2016,21.-23.07.2016,2016-0025-12,Deutsche Minigolf-Jugendmeisterschaften,Weinheim,,11.0,,pass_verified,DMV_Teilnahmen_2015_2025_VOLLSTAENDIG
DMV-155612,49742.0,49742.0,2016,21.-23.07.2016,2016-0025-12,Deutsche Minigolf-Jugendmeisterschaften,Weinheim,,12.0,,pass_verified,DMV_Teilnahmen_2015_2025_VOLLSTAENDIG
DMV-155613,36594.0,36594.0,2016,21.-23.07.2016,2016-0025-12,Deutsche Minigolf-Jugendmeisterschaften,Weinheim,,13.0,,pass_verified,DMV_Teilnahmen_2015_2025_VOLLSTAENDIG
DMV-155614,22366.0,22366.0,2016,21.-23.07.2016,2016-0025-12,Deutsche Minigolf-Jugendmeisterschaften,Weinheim,,16.0,,pass_verified,DMV_Teilnahmen_2015_2025_VOLLSTAENDIG
DMV-155615,43147.0,43147.0,2016,21.-23.07.2016,2016-0025-12,Deutsche Minigolf-Jugendmeisterschaften,Weinheim,,17.0,,pass_verified,DMV_Teilnahmen_2015_2025_VOLLSTAENDIG
DMV-155616,24314.0,24314.0,2016,21.-23.07.2016,2016-0025-12,Deutsche Minigolf-Jugendmeisterschaften,Weinheim,,18.0,,pass_verified,DMV_Teilnahmen_2015_2025_VOLLSTAENDIG
DMV-155617,46290.0,46290.0,2016,21.-23.07.2016,2016-0025-12,Deutsche Minigolf-Jugendmeisterschaften,Weinheim,,19.0,,pass_verified,DMV_Teilnahmen_2015_2025_VOLLSTAENDIG
DMV-155618,884.0,884.0,2016,21.-23.07.2016,2016-0025-12,Deutsche Minigolf-Jugendmeisterschaften,Weinheim,,20.0,,pass_verified,DMV_Teilnahmen_2015_2025_VOLLSTAENDIG
DMV-155619,36474.0,36474.0,2016,21.-23.07.2016,2016-0025-12,Deutsche Minigolf-Jugendmeisterschaften,Weinheim,,21.0,,pass_verified,DMV_Teilnahmen_2015_2025_VOLLSTAENDIG
DMV-155620,22103.0,22103.0,2016,21.-23.07.2016,2016-0025-12,Deutsche Minigolf-Jugendmeisterschaften,Weinheim,,22.0,,pass_verified,DMV_Teilnahmen_2015_2025_VOLLSTAENDIG
DMV-155621,36022.0,36022.0,2016,21.-23.07.2016,2016-0025-12,Deutsche Minigolf-Jugendmeisterschaften,Weinheim,,24.0,,pass_verified,DMV_Teilnahmen_2015_2025_VOLLSTAENDIG
DMV-155622,65442.0,65442.0,2016,21.-23.07.2016,2016-0025-12,Deutsche Minigolf-Jugendmeisterschaften,Weinheim,,25.0,,pass_verified,DMV_Teilnahmen_2015_2025_VOLLSTAENDIG
DMV-155623,38272.0,38272.0,2016,21.-23.07.2016,2016-0025-12,Deutsche Minigolf-Jugendmeisterschaften,Weinheim,,26.0,,pass_verified,DMV_Teilnahmen_2015_2025_VOLLSTAENDIG
DMV-155624,36205.0,36205.0,2016,21.-23.07.2016,2016-0025-12,Deutsche Minigolf-Jugendmeisterschaften,Weinheim,,1.0,,pass_verified,DMV_Teilnahmen_2015_2025_VOLLSTAENDIG
DMV-155625,31269.0,31269.0,2016,21.-23.07.2016,2016-0025-12,Deutsche Minigolf-Jugendmeisterschaften,Weinheim,,2.0,,pass_verified,DMV_Teilnahmen_2015_2025_VOLLSTAENDIG
DMV-155626,42994.0,42994.0,2016,21.-23.07.2016,2016-0025-12,Deutsche Minigolf-Jugendmeisterschaften,Weinheim,,3.0,,pass_verified,DMV_Teilnahmen_2015_2025_VOLLSTAENDIG
DMV-155627,40930.0,40930.0,2016,21.-23.07.2016,2016-0025-12,Deutsche Minigolf-Jugendmeisterschaften,Weinheim,,4.0,,pass_verified,DMV_Teilnahmen_2015_2025_VOLLSTAENDIG
DMV-155628,16823.0,16823.0,2016,21.-23.07.2016,2016-0025-12,Deutsche Minigolf-Jugendmeisterschaften,Weinheim,,5.0,,pass_verified,DMV_Teilnahmen_2015_2025_VOLLSTAENDIG
DMV-155629,36560.0,36560.0,2016,21.-23.07.2016,2016-0025-12,Deutsche Minigolf-Jugendmeisterschaften,Weinheim,,6.0,,pass_verified,DMV_Teilnahmen_2015_2025_VOLLSTAENDIG
DMV-155630,43605.0,43605.0,2016,21.-23.07.2016,2016-0025-12,Deutsche Minigolf-Jugendmeisterschaften,Weinheim,,7.0,,pass_verified,DMV_Teilnahmen_2015_2025_VOLLSTAENDIG
DMV-155631,49073.0,49073.0,2016,21.-23.07.2016,2016-0025-12,Deutsche Minigolf-Jugendmeisterschaften,Weinheim,,8.0,,pass_verified,DMV_Teilnahmen_2015_2025_VOLLSTAENDIG
DMV-155632,33964.0,33964.0,2016,21.-23.07.2016,2016-0025-12,Deutsche Minigolf-Jugendmeisterschaften,Weinheim,,9.0,,pass_verified,DMV_Teilnahmen_2015_2025_VOLLSTAENDIG
DMV-155633,22496.0,22496.0,2016,21.-23.07.2016,2016-0025-12,Deutsche Minigolf-Jugendmeisterschaften,Weinheim,,10.0,,pass_verified,DMV_Teilnahmen_2015_2025_VOLLSTAENDIG
DMV-155634,35237.0,35237.0,2016,21.-23.07.2016,2016-0025-12,Deutsche Minigolf-Jugendmeisterschaften,Weinheim,,12.0,,pass_verified,DMV_Teilnahmen_2015_2025_VOLLSTAENDIG
DMV-155635,44416.0,44416.0,2016,21.-23.07.2016,2016-0025-12,Deutsche Minigolf-Jugendmeisterschaften,Weinheim,,13.0,,pass_verified,DMV_Teilnahmen_2015_2025_VOLLSTAENDIG
DMV-155636,37569.0,37569.0,2016,21.-23.07.2016,2016-0025-12,Deutsche Minigolf-Jugendmeisterschaften,Weinheim,,14.0,,pass_verified,DMV_Teilnahmen_2015_2025_VOLLSTAENDIG
DMV-155637,37859.0,37859.0,2016,21.-23.07.2016,2016-0025-12,Deutsche Minigolf-Jugendmeisterschaften,Weinheim,,15.0,,pass_verified,DMV_Teilnahmen_2015_2025_VOLLSTAENDIG
DMV-155638,31769.0,31769.0,2016,21.-23.07.2016,2016-0025-12,Deutsche Minigolf-Jugendmeisterschaften,Weinheim,,16.0,,pass_verified,DMV_Teilnahmen_2015_2025_VOLLSTAENDIG
DMV-155639,34826.0,34826.0,2016,21.-23.07.2016,2016-0025-12,Deutsche Minigolf-Jugendmeisterschaften,Weinheim,,17.0,,pass_verified,DMV_Teilnahmen_2015_2025_VOLLSTAENDIG
DMV-155640,35774.0,35774.0,2016,21.-23.07.2016,2016-0025-12,Deutsche Minigolf-Jugendmeisterschaften,Weinheim,,18.0,,pass_verified,DMV_Teilnahmen_2015_2025_VOLLSTAENDIG
DMV-155641,37955.0,37955.0,2016,21.-23.07.2016,2016-0025-12,Deutsche Minigolf-Jugendmeisterschaften,Weinheim,,19.0,,pass_verified,DMV_Teilnahmen_2015_2025_VOLLSTAENDIG
DMV-155642,45560.0,45560.0,2016,21.-23.07.2016,2016-0025-12,Deutsche Minigolf-Jugendmeisterschaften,Weinheim,,20.0,,pass_verified,DMV_Teilnahmen_2015_2025_VOLLSTAENDIG
DMV-155643,34186.0,34186.0,2016,21.-23.07.2016,2016-0025-12,Deutsche Minigolf-Jugendmeisterschaften,Weinheim,,22.0,,pass_verified,DMV_Teilnahmen_2015_2025_VOLLSTAENDIG
DMV-155644,30319.0,30319.0,2016,21.-23.07.2016,2016-0025-12,Deutsche Minigolf-Jugendmeisterschaften,Weinheim,,24.0,,pass_verified,DMV_Teilnahmen_2015_2025_VOLLSTAENDIG
DMV-155645,29252.0,29252.0,2016,21.-23.07.2016,2016-0025-12,Deutsche Minigolf-Jugendmeisterschaften,Weinheim,,26.0,,pass_verified,DMV_Teilnahmen_2015_2025_VOLLSTAENDIG
DMV-155646,50344.0,50344.0,2016,21.-23.07.2016,2016-0025-12,Deutsche Minigolf-Jugendmeisterschaften,Weinheim,,27.0,,pass_verified,DMV_Teilnahmen_2015_2025_VOLLSTAENDIG
DMV-155647,30056.0,30056.0,2016,21.-23.07.2016,2016-0025-12,Deutsche Minigolf-Jugendmeisterschaften,Weinheim,,29.0,,pass_verified,DMV_Teilnahmen_2015_2025_VOLLSTAENDIG
DMV-155648,40961.0,40961.0,2016,21.-23.07.2016,2016-0025-12,Deutsche Minigolf-Jugendmeisterschaften,Weinheim,,30.0,,pass_verified,DMV_Teilnahmen_2015_2025_VOLLSTAENDIG
DMV-155649,35655.0,35655.0,2016,21.-23.07.2016,2016-0025-12,Deutsche Minigolf-Jugendmeisterschaften,Weinheim,,31.0,,pass_verified,DMV_Teilnahmen_2015_2025_VOLLSTAENDIG
DMV-155650,29771.0,29771.0,2016,21.-23.07.2016,2016-0025-12,Deutsche Minigolf-Jugendmeisterschaften,Weinheim,,32.0,,pass_verified,DMV_Teilnahmen_2015_2025_VOLLSTAENDIG
DMV-155651,46031.0,46031.0,2016,21.-23.07.2016,2016-0025-12,Deutsche Minigolf-Jugendmeisterschaften,Weinheim,,34.0,,pass_verified,DMV_Teilnahmen_2015_2025_VOLLSTAENDIG
DMV-155652,33730.0,33730.0,2016,21.-23.07.2016,2016-0025-12,Deutsche Minigolf-Jugendmeisterschaften,Weinheim,,35.0,,pass_verified,DMV_Teilnahmen_2015_2025_VOLLSTAENDIG
DMV-155653,66472.0,66472.0,2016,21.-23.07.2016,2016-0025-12,Deutsche Minigolf-Jugendmeisterschaften,Weinheim,,37.0,,pass_verified,DMV_Teilnahmen_2015_2025_VOLLSTAENDIG
DMV-155654,33608.0,33608.0,2016,21.-23.07.2016,2016-0025-12,Deutsche Minigolf-Jugendmeisterschaften,Weinheim,,38.0,,pass_verified,DMV_Teilnahmen_2015_2025_VOLLSTAENDIG
DMV-155655,35132.0,35132.0,2016,21.-23.07.2016,2016-0025-12,Deutsche Minigolf-Jugendmeisterschaften,Weinheim,,39.0,,pass_verified,DMV_Teilnahmen_2015_2025_VOLLSTAENDIG
DMV-155656,41007.0,41007.0,2016,21.-23.07.2016,2016-0025-12,Deutsche Minigolf-Jugendmeisterschaften,Weinheim,,40.0,,pass_verified,DMV_Teilnahmen_2015_2025_VOLLSTAENDIG
DMV-155657,34695.0,34695.0,2016,21.-23.07.2016,2016-0025-12,Deutsche Minigolf-Jugendmeisterschaften,Weinheim,,42.0,,pass_verified,DMV_Teilnahmen_2015_2025_VOLLSTAENDIG
DMV-155658,27450.0,27450.0,2016,21.-23.07.2016,2016-0025-12,Deutsche Minigolf-Jugendmeisterschaften,Weinheim,,43.0,,pass_verified,DMV_Teilnahmen_2015_2025_VOLLSTAENDIG
DMV-155659,37509.0,37509.0,2016,21.-23.07.2016,2016-0025-12,Deutsche Minigolf-Jugendmeisterschaften,Weinheim,,44.0,,pass_verified,DMV_Teilnahmen_2015_2025_VOLLSTAENDIG
DMV-155660,38557.0,38557.0,2016,21.-23.07.2016,2016-0025-12,Deutsche Minigolf-Jugendmeisterschaften,Weinheim,,46.0,,pass_verified,DMV_Teilnahmen_2015_2025_VOLLSTAENDIG
DMV-155661,45426.0,45426.0,2016,21.-23.07.2016,2016-0025-12,Deutsche Minigolf-Jugendmeisterschaften,Weinheim,,47.0,,pass_verified,DMV_Teilnahmen_2015_2025_VOLLSTAENDIG
DMV-155662,30521.0,30521.0,2016,21.-23.07.2016,2016-0025-12,Deutsche Minigolf-Jugendmeisterschaften,Weinheim,,48.0,,pass_verified,DMV_Teilnahmen_2015_2025_VOLLSTAENDIG
DMV-155663,31026.0,31026.0,2016,21.-23.07.2016,2016-0025-12,Deutsche Minigolf-Jugendmeisterschaften,Weinheim,,49.0,,pass_verified,DMV_Teilnahmen_2015_2025_VOLLSTAENDIG
DMV-155664,38155.0,38155.0,2016,21.-23.07.2016,2016-0025-12,Deutsche Minigolf-Jugendmeisterschaften,Weinheim,,50.0,,pass_verified,DMV_Teilnahmen_2015_2025_VOLLSTAENDIG
DMV-155665,40720.0,40720.0,2016,21.-23.07.2016,2016-0025-12,Deutsche Minigolf-Jugendmeisterschaften,Weinheim,,51.0,,pass_verified,DMV_Teilnahmen_2015_2025_VOLLSTAENDIG
DMV-155666,31032.0,31032.0,2016,21.-23.07.2016,2016-0025-12,Deutsche Minigolf-Jugendmeisterschaften,Weinheim,,52.0,,pass_verified,DMV_Teilnahmen_2015_2025_VOLLSTAENDIG
DMV-155667,32975.0,32975.0,2016,21.-23.07.2016,2016-0025-12,Deutsche Minigolf-Jugendmeisterschaften,Weinheim,,53.0,,pass_verified,DMV_Teilnahmen_2015_2025_VOLLSTAENDIG
DMV-155668,38602.0,38602.0,2016,21.-23.07.2016,2016-0025-12,Deutsche Minigolf-Jugendmeisterschaften,Weinheim,,54.0,,pass_verified,DMV_Teilnahmen_2015_2025_VOLLSTAENDIG
DMV-155669,51902.0,51902.0,2016,21.-23.07.2016,2016-0025-12,Deutsche Minigolf-Jugendmeisterschaften,Weinheim,,55.0,,pass_verified,DMV_Teilnahmen_2015_2025_VOLLSTAENDIG
DMV-155670,36967.0,36967.0,2016,21.-23.07.2016,2016-0025-12,Deutsche Minigolf-Jugendmeisterschaften,Weinheim,,56.0,,pass_verified,DMV_Teilnahmen_2015_2025_VOLLSTAENDIG
DMV-155671,37559.0,37559.0,2016,21.-23.07.2016,2016-0025-12,Deutsche Minigolf-Jugendmeisterschaften,Weinheim,,57.0,,pass_verified,DMV_Teilnahmen_2015_2025_VOLLSTAENDIG
DMV-155672,44805.0,44805.0,2016,21.-23.07.2016,2016-0025-12,Deutsche Minigolf-Jugendmeisterschaften,Weinheim,,58.0,,pass_verified,DMV_Teilnahmen_2015_2025_VOLLSTAENDIG
DMV-155673,37963.0,37963.0,2016,21.-23.07.2016,2016-0025-12,Deutsche Minigolf-Jugendmeisterschaften,Weinheim,,58.0,,pass_verified,DMV_Teilnahmen_2015_2025_VOLLSTAENDIG
DMV-155674,41160.0,41160.0,2016,21.-23.07.2016,2016-0025-12,Deutsche Minigolf-Jugendmeisterschaften,Weinheim,,60.0,,pass_verified,DMV_Teilnahmen_2015_2025_VOLLSTAENDIG
DMV-155675,43756.0,43756.0,2016,21.-23.07.2016,2016-0025-12,Deutsche Minigolf-Jugendmeisterschaften,Weinheim,,61.0,,pass_verified,DMV_Teilnahmen_2015_2025_VOLLSTAENDIG
DMV-155676,35156.0,35156.0,2016,21.-23.07.2016,2016-0025-12,Deutsche Minigolf-Jugendmeisterschaften,Weinheim,,62.0,,pass_verified,DMV_Teilnahmen_2015_2025_VOLLSTAENDIG
DMV-155677,44409.0,44409.0,2016,21.-23.07.2016,2016-0025-12,Deutsche Minigolf-Jugendmeisterschaften,Weinheim,,63.0,,pass_verified,DMV_Teilnahmen_2015_2025_VOLLSTAENDIG
DMV-155678,30185.0,30185.0,2016,21.-23.07.2016,2016-0025-12,Deutsche Minigolf-Jugendmeisterschaften,Weinheim,,64.0,,pass_verified,DMV_Teilnahmen_2015_2025_VOLLSTAENDIG
DMV-155679,34757.0,34757.0,2016,21.-23.07.2016,2016-0025-12,Deutsche Minigolf-Jugendmeisterschaften,Weinheim,,65.0,,pass_verified,DMV_Teilnahmen_2015_2025_VOLLSTAENDIG
DMV-155680,43192.0,43192.0,2016,21.-23.07.2016,2016-0025-12,Deutsche Minigolf-Jugendmeisterschaften,Weinheim,,66.0,,pass_verified,DMV_Teilnahmen_2015_2025_VOLLSTAENDIG
DMV-155681,64989.0,64989.0,2016,21.-23.07.2016,2016-0025-12,Deutsche Minigolf-Jugendmeisterschaften,Weinheim,,67.0,,pass_verified,DMV_Teilnahmen_2015_2025_VOLLSTAENDIG
DMV-155682,35437.0,35437.0,2016,21.-23.07.2016,2016-0025-12,Deutsche Minigolf-Jugendmeisterschaften,Weinheim,,68.0,,pass_verified,DMV_Teilnahmen_2015_2025_VOLLSTAENDIG
DMV-155683,19630.0,19630.0,2016,21.-23.07.2016,2016-0025-12,Deutsche Minigolf-Jugendmeisterschaften,Weinheim,,69.0,,pass_verified,DMV_Teilnahmen_2015_2025_VOLLSTAENDIG
DMV-155684,37720.0,37720.0,2016,21.-23.07.2016,2016-0025-12,Deutsche Minigolf-Jugendmeisterschaften,Weinheim,,70.0,,pass_verified,DMV_Teilnahmen_2015_2025_VOLLSTAENDIG
DMV-155685,37473.0,37473.0,2016,21.-23.07.2016,2016-0025-12,Deutsche Minigolf-Jugendmeisterschaften,Weinheim,,71.0,,pass_verified,DMV_Teilnahmen_2015_2025_VOLLSTAENDIG
DMV-155686,42124.0,42124.0,2016,21.-23.07.2016,2016-0025-12,Deutsche Minigolf-Jugendmeisterschaften,Weinheim,,72.0,,pass_verified,DMV_Teilnahmen_2015_2025_VOLLSTAENDIG
DMV-155687,44771.0,44771.0,2016,21.-23.07.2016,2016-0025-12,Deutsche Minigolf-Jugendmeisterschaften,Weinheim,,73.0,,pass_verified,DMV_Teilnahmen_2015_2025_VOLLSTAENDIG
DMV-155688,37321.0,37321.0,2016,21.-23.07.2016,2016-0025-12,Deutsche Minigolf-Jugendmeisterschaften,Weinheim,,74.0,,pass_verified,DMV_Teilnahmen_2015_2025_VOLLSTAENDIG
DMV-155689,32105.0,32105.0,2016,21.-23.07.2016,2016-0025-12,Deutsche Minigolf-Jugendmeisterschaften,Weinheim,,75.0,,pass_verified,DMV_Teilnahmen_2015_2025_VOLLSTAENDIG
DMV-155690,36222.0,36222.0,2016,21.-23.07.2016,2016-0025-12,Deutsche Minigolf-Jugendmeisterschaften,Weinheim,,76.0,,pass_verified,DMV_Teilnahmen_2015_2025_VOLLSTAENDIG
DMV-155691,22105.0,22105.0,2016,21.-23.07.2016,2016-0025-12,Deutsche Minigolf-Jugendmeisterschaften,Weinheim,,77.0,,pass_verified,DMV_Teilnahmen_2015_2025_VOLLSTAENDIG
DMV-155692,38540.0,38540.0,2016,21.-23.07.2016,2016-0025-12,Deutsche Minigolf-Jugendmeisterschaften,Weinheim,,78.0,,pass_verified,DMV_Teilnahmen_2015_2025_VOLLSTAENDIG
DMV-155693,35751.0,35751.0,2016,21.-23.07.2016,2016-0025-12,Deutsche Minigolf-Jugendmeisterschaften,Weinheim,,79.0,,pass_verified,DMV_Teilnahmen_2015_2025_VOLLSTAENDIG
DMV-155694,66256.0,66256.0,2016,21.-23.07.2016,2016-0025-12,Deutsche Minigolf-Jugendmeisterschaften,Weinheim,,80.0,,pass_verified,DMV_Teilnahmen_2015_2025_VOLLSTAENDIG
DMV-155695,20081.0,20081.0,2016,21.-23.07.2016,2016-0025-12,Deutsche Minigolf-Jugendmeisterschaften,Weinheim,,81.0,,pass_verified,DMV_Teilnahmen_2015_2025_VOLLSTAENDIG
DMV-155696,42970.0,42970.0,2016,21.-23.07.2016,2016-0025-12,Deutsche Minigolf-Jugendmeisterschaften,Weinheim,,1.0,,pass_verified,DMV_Teilnahmen_2015_2025_VOLLSTAENDIG
DMV-155697,66656.0,66656.0,2016,21.-23.07.2016,2016-0025-12,Deutsche Minigolf-Jugendmeisterschaften,Weinheim,,2.0,,pass_verified,DMV_Teilnahmen_2015_2025_VOLLSTAENDIG
DMV-155698,28515.0,28515.0,2016,21.-23.07.2016,2016-0025-12,Deutsche Minigolf-Jugendmeisterschaften,Weinheim,,3.0,,pass_verified,DMV_Teilnahmen_2015_2025_VOLLSTAENDIG
DMV-155699,66817.0,66817.0,2016,21.-23.07.2016,2016-0025-12,Deutsche Minigolf-Jugendmeisterschaften,Weinheim,,5.0,,pass_verified,DMV_Teilnahmen_2015_2025_VOLLSTAENDIG
DMV-155700,37433.0,37433.0,2016,21.-23.07.2016,2016-0025-12,Deutsche Minigolf-Jugendmeisterschaften,Weinheim,,6.0,,pass_verified,DMV_Teilnahmen_2015_2025_VOLLSTAENDIG
DMV-155701,4095.0,4095.0,2016,05.06.2016,2016-0037-03,"NBV-Landesliga I, 3. Spieltag",Lüdenscheid,,4.0,,pass_verified,DMV_Teilnahmen_2015_2025_VOLLSTAENDIG
DMV-155702,,,2016,05.06.2016,2016-0037-07,"NBV-Landesliga I, 3. Spieltag",Lüdenscheid,,2.0,,unresolved_identity,DMV_Teilnahmen_2015_2025_VOLLSTAENDIG
DMV-155703,,,2016,05.06.2016,2016-0037-09,"NBV-Landesliga I, 3. Spieltag",Lüdenscheid,,1.0,,unresolved_identity,DMV_Teilnahmen_2015_2025_VOLLSTAENDIG
DMV-155704,4080.0,4080.0,2016,05.06.2016,2016-0038-07,"NBV-Berzirksliga Staffel VII, 3. Spieltag",Castrop-Rauxel,,8.0,,pass_verified,DMV_Teilnahmen_2015_2025_VOLLSTAENDIG
DMV-155705,182.0,182.0,2016,05.06.2016,2016-0038-09,"NBV-Berzirksliga Staffel VII, 3. Spieltag",Castrop-Rauxel,,5.0,,pass_verified,DMV_Teilnahmen_2015_2025_VOLLSTAENDIG
DMV-155706,,,2016,05.06.2016,2016-0039-03,"MVBN-Verbandsliga Süd, 3. Punktspiel",Gebhardshagen,,6.0,,unresolved_identity,DMV_Teilnahmen_2015_2025_VOLLSTAENDIG
DMV-155707,955.0,955.0,2016,05.06.2016,2016-0039-03,"MVBN-Verbandsliga Süd, 3. Punktspiel",Gebhardshagen,,11.0,,pass_verified,DMV_Teilnahmen_2015_2025_VOLLSTAENDIG
DMV-155708,5081.0,5081.0,2016,05.06.2016,2016-0039-03,"MVBN-Verbandsliga Süd, 3. Punktspiel",Gebhardshagen,,1.0,,pass_verified,DMV_Teilnahmen_2015_2025_VOLLSTAENDIG
DMV-155709,6280.0,6280.0,2016,05.06.2016,2016-0039-03,"MVBN-Verbandsliga Süd, 3. Punktspiel",Gebhardshagen,,1.0,,pass_verified,DMV_Teilnahmen_2015_2025_VOLLSTAENDIG
DMV-155710,4076.0,4076.0,2016,05.06.2016,2016-0039-03,"MVBN-Verbandsliga Süd, 3. Punktspiel",Gebhardshagen,,3.0,,pass_verified,DMV_Teilnahmen_2015_2025_VOLLSTAENDIG
DMV-155711,38629.0,38629.0,2016,05.06.2016,2016-0039-03,"MVBN-Verbandsliga Süd, 3. Punktspiel",Gebhardshagen,,9.0,,pass_verified,DMV_Teilnahmen_2015_2025_VOLLSTAENDIG
DMV-155712,5966.0,5966.0,2016,05.06.2016,2016-0039-03,"MVBN-Verbandsliga Süd, 3. Punktspiel",Gebhardshagen,,1.0,,pass_verified,DMV_Teilnahmen_2015_2025_VOLLSTAENDIG
DMV-155713,5387.0,5387.0,2016,05.06.2016,2016-0039-03,"MVBN-Verbandsliga Süd, 3. Punktspiel",Gebhardshagen,,3.0,,pass_verified,DMV_Teilnahmen_2015_2025_VOLLSTAENDIG
DMV-155714,35081.0,35081.0,2016,05.06.2016,2016-0039-03,"MVBN-Verbandsliga Süd, 3. Punktspiel",Gebhardshagen,,4.0,,pass_verified,DMV_Teilnahmen_2015_2025_VOLLSTAENDIG
DMV-155715,38628.0,38628.0,2016,05.06.2016,2016-0039-03,"MVBN-Verbandsliga Süd, 3. Punktspiel",Gebhardshagen,,10.0,,pass_verified,DMV_Teilnahmen_2015_2025_VOLLSTAENDIG
DMV-155716,26456.0,26456.0,2016,05.06.2016,2016-0039-03,"MVBN-Verbandsliga Süd, 3. Punktspiel",Gebhardshagen,,13.0,,pass_verified,DMV_Teilnahmen_2015_2025_VOLLSTAENDIG
DMV-155717,38056.0,38056.0,2016,05.06.2016,2016-0039-03,"MVBN-Verbandsliga Süd, 3. Punktspiel",Gebhardshagen,,17.0,,pass_verified,DMV_Teilnahmen_2015_2025_VOLLSTAENDIG
DMV-155718,3569.0,3569.0,2016,05.06.2016,2016-0039-03,"MVBN-Verbandsliga Süd, 3. Punktspiel",Gebhardshagen,,20.0,,pass_verified,DMV_Teilnahmen_2015_2025_VOLLSTAENDIG
DMV-155719,5586.0,5586.0,2016,05.06.2016,2016-0039-03,"MVBN-Verbandsliga Süd, 3. Punktspiel",Gebhardshagen,,21.0,,pass_verified,DMV_Teilnahmen_2015_2025_VOLLSTAENDIG
DMV-155720,38091.0,38091.0,2016,05.06.2016,2016-0039-03,"MVBN-Verbandsliga Süd, 3. Punktspiel",Gebhardshagen,,3.0,,pass_verified,DMV_Teilnahmen_2015_2025_VOLLSTAENDIG
DMV-155721,42074.0,42074.0,2016,05.06.2016,2016-0039-03,"MVBN-Verbandsliga Süd, 3. Punktspiel",Gebhardshagen,,4.0,,pass_verified,DMV_Teilnahmen_2015_2025_VOLLSTAENDIG
DMV-155722,43760.0,43760.0,2016,05.06.2016,2016-0039-03,"MVBN-Verbandsliga Süd, 3. Punktspiel",Gebhardshagen,,5.0,,pass_verified,DMV_Teilnahmen_2015_2025_VOLLSTAENDIG
DMV-155723,37653.0,37653.0,2016,05.06.2016,2016-0039-03,"MVBN-Verbandsliga Süd, 3. Punktspiel",Gebhardshagen,,6.0,,pass_verified,DMV_Teilnahmen_2015_2025_VOLLSTAENDIG
DMV-155724,66568.0,66568.0,2016,05.06.2016,2016-0039-03,"MVBN-Verbandsliga Süd, 3. Punktspiel",Gebhardshagen,,8.0,,pass_verified,DMV_Teilnahmen_2015_2025_VOLLSTAENDIG
DMV-155725,65623.0,65623.0,2016,05.06.2016,2016-0039-03,"MVBN-Verbandsliga Süd, 3. Punktspiel",Gebhardshagen,,10.0,,pass_verified,DMV_Teilnahmen_2015_2025_VOLLSTAENDIG
DMV-155726,463.0,463.0,2016,05.06.2016,2016-0039-03,"MVBN-Verbandsliga Süd, 3. Punktspiel",Gebhardshagen,,1.0,,pass_verified,DMV_Teilnahmen_2015_2025_VOLLSTAENDIG
DMV-155727,40475.0,40475.0,2016,05.06.2016,2016-0039-03,"MVBN-Verbandsliga Süd, 3. Punktspiel",Gebhardshagen,,2.0,,pass_verified,DMV_Teilnahmen_2015_2025_VOLLSTAENDIG
DMV-155728,46401.0,46401.0,2016,05.06.2016,2016-0039-03,"MVBN-Verbandsliga Süd, 3. Punktspiel",Gebhardshagen,,5.0,,pass_verified,DMV_Teilnahmen_2015_2025_VOLLSTAENDIG
DMV-155729,40366.0,40366.0,2016,05.06.2016,2016-0039-03,"MVBN-Verbandsliga Süd, 3. Punktspiel",Gebhardshagen,,6.0,,pass_verified,DMV_Teilnahmen_2015_2025_VOLLSTAENDIG
DMV-155730,26955.0,26955.0,2016,05.06.2016,2016-0039-03,"MVBN-Verbandsliga Süd, 3. Punktspiel",Gebhardshagen,,7.0,,pass_verified,DMV_Teilnahmen_2015_2025_VOLLSTAENDIG
DMV-155731,31842.0,31842.0,2016,05.06.2016,2016-0039-03,"MVBN-Verbandsliga Süd, 3. Punktspiel",Gebhardshagen,,8.0,,pass_verified,DMV_Teilnahmen_2015_2025_VOLLSTAENDIG
DMV-155732,36046.0,36046.0,2016,05.06.2016,2016-0039-03,"MVBN-Verbandsliga Süd, 3. Punktspiel",Gebhardshagen,,13.0,,pass_verified,DMV_Teilnahmen_2015_2025_VOLLSTAENDIG
DMV-155733,26576.0,26576.0,2016,05.06.2016,2016-0039-03,"MVBN-Verbandsliga Süd, 3. Punktspiel",Gebhardshagen,,16.0,,pass_verified,DMV_Teilnahmen_2015_2025_VOLLSTAENDIG
DMV-155734,40495.0,40495.0,2016,05.06.2016,2016-0039-03,"MVBN-Verbandsliga Süd, 3. Punktspiel",Gebhardshagen,,17.0,,pass_verified,DMV_Teilnahmen_2015_2025_VOLLSTAENDIG
DMV-155735,21411.0,21411.0,2016,05.06.2016,2016-0039-03,"MVBN-Verbandsliga Süd, 3. Punktspiel",Gebhardshagen,,23.0,,pass_verified,DMV_Teilnahmen_2015_2025_VOLLSTAENDIG
DMV-155736,37654.0,37654.0,2016,05.06.2016,2016-0039-03,"MVBN-Verbandsliga Süd, 3. Punktspiel",Gebhardshagen,,28.0,,pass_verified,DMV_Teilnahmen_2015_2025_VOLLSTAENDIG
DMV-155737,66313.0,66313.0,2016,05.06.2016,2016-0039-03,"MVBN-Verbandsliga Süd, 3. Punktspiel",Gebhardshagen,,29.0,,pass_verified,DMV_Teilnahmen_2015_2025_VOLLSTAENDIG
DMV-155738,65442.0,65442.0,2016,05.06.2016,2016-0039-03,"MVBN-Verbandsliga Süd, 3. Punktspiel",Gebhardshagen,,6.0,,pass_verified,DMV_Teilnahmen_2015_2025_VOLLSTAENDIG
DMV-155739,66730.0,66730.0,2016,05.06.2016,2016-0039-03,"MVBN-Verbandsliga Süd, 3. Punktspiel",Gebhardshagen,,10.0,,pass_verified,DMV_Teilnahmen_2015_2025_VOLLSTAENDIG
DMV-155740,25675.0,25675.0,2016,05.06.2016,2016-0039-03,"MVBN-Verbandsliga Süd, 3. Punktspiel",Gebhardshagen,,1.0,,pass_verified,DMV_Teilnahmen_2015_2025_VOLLSTAENDIG
DMV-155741,33530.0,33530.0,2016,05.06.2016,2016-0039-03,"MVBN-Verbandsliga Süd, 3. Punktspiel",Gebhardshagen,,4.0,,pass_verified,DMV_Teilnahmen_2015_2025_VOLLSTAENDIG
DMV-155742,31872.0,31872.0,2016,05.06.2016,2016-0039-03,"MVBN-Verbandsliga Süd, 3. Punktspiel",Gebhardshagen,,5.0,,pass_verified,DMV_Teilnahmen_2015_2025_VOLLSTAENDIG
DMV-155743,34782.0,34782.0,2016,05.06.2016,2016-0039-03,"MVBN-Verbandsliga Süd, 3. Punktspiel",Gebhardshagen,,6.0,,pass_verified,DMV_Teilnahmen_2015_2025_VOLLSTAENDIG
DMV-155744,36994.0,36994.0,2016,05.06.2016,2016-0039-03,"MVBN-Verbandsliga Süd, 3. Punktspiel",Gebhardshagen,,7.0,,pass_verified,DMV_Teilnahmen_2015_2025_VOLLSTAENDIG
DMV-155745,40381.0,40381.0,2016,05.06.2016,2016-0039-03,"MVBN-Verbandsliga Süd, 3. Punktspiel",Gebhardshagen,,9.0,,pass_verified,DMV_Teilnahmen_2015_2025_VOLLSTAENDIG
DMV-155746,38039.0,38039.0,2016,05.06.2016,2016-0039-03,"MVBN-Verbandsliga Süd, 3. Punktspiel",Gebhardshagen,,16.0,,pass_verified,DMV_Teilnahmen_2015_2025_VOLLSTAENDIG
DMV-155747,43664.0,43664.0,2016,05.06.2016,2016-0039-03,"MVBN-Verbandsliga Süd, 3. Punktspiel",Gebhardshagen,,18.0,,pass_verified,DMV_Teilnahmen_2015_2025_VOLLSTAENDIG
DMV-155748,66497.0,66497.0,2016,05.06.2016,2016-0039-03,"MVBN-Verbandsliga Süd, 3. Punktspiel",Gebhardshagen,,20.0,,pass_verified,DMV_Teilnahmen_2015_2025_VOLLSTAENDIG
DMV-155749,36355.0,36355.0,2016,05.06.2016,2016-0039-03,"MVBN-Verbandsliga Süd, 3. Punktspiel",Gebhardshagen,,24.0,,pass_verified,DMV_Teilnahmen_2015_2025_VOLLSTAENDIG
DMV-155750,66620.0,66620.0,2016,05.06.2016,2016-0039-03,"MVBN-Verbandsliga Süd, 3. Punktspiel",Gebhardshagen,,25.0,,pass_verified,DMV_Teilnahmen_2015_2025_VOLLSTAENDIG
DMV-155751,66089.0,66089.0,2016,05.06.2016,2016-0039-03,"MVBN-Verbandsliga Süd, 3. Punktspiel",Gebhardshagen,,1.0,,pass_verified,DMV_Teilnahmen_2015_2025_VOLLSTAENDIG
DMV-155752,66442.0,66442.0,2016,05.06.2016,2016-0039-03,"MVBN-Verbandsliga Süd, 3. Punktspiel",Gebhardshagen,,2.0,,pass_verified,DMV_Teilnahmen_2015_2025_VOLLSTAENDIG
DMV-155753,66667.0,66667.0,2016,05.06.2016,2016-0039-03,"MVBN-Verbandsliga Süd, 3. Punktspiel",Gebhardshagen,,4.0,,pass_verified,DMV_Teilnahmen_2015_2025_VOLLSTAENDIG
DMV-155754,66470.0,66470.0,2016,05.06.2016,2016-0039-03,"MVBN-Verbandsliga Süd, 3. Punktspiel",Gebhardshagen,,6.0,,pass_verified,DMV_Teilnahmen_2015_2025_VOLLSTAENDIG
DMV-155755,63580.0,63580.0,2016,05.06.2016,2016-0039-03,"MVBN-Verbandsliga Süd, 3. Punktspiel",Gebhardshagen,,8.0,,pass_verified,DMV_Teilnahmen_2015_2025_VOLLSTAENDIG
DMV-155756,66082.0,66082.0,2016,05.06.2016,2016-0039-03,"MVBN-Verbandsliga Süd, 3. Punktspiel",Gebhardshagen,,9.0,,pass_verified,DMV_Teilnahmen_2015_2025_VOLLSTAENDIG
DMV-155757,66088.0,66088.0,2016,05.06.2016,2016-0039-03,"MVBN-Verbandsliga Süd, 3. Punktspiel",Gebhardshagen,,2.0,,pass_verified,DMV_Teilnahmen_2015_2025_VOLLSTAENDIG
DMV-155758,66713.0,66713.0,2016,05.06.2016,2016-0039-03,"MVBN-Verbandsliga Süd, 3. Punktspiel",Gebhardshagen,,4.0,,pass_verified,DMV_Teilnahmen_2015_2025_VOLLSTAENDIG
DMV-155759,38400.0,38400.0,2016,05.06.2016,2016-0039-03,"MVBN-Verbandsliga Süd, 3. Punktspiel",Gebhardshagen,,2.0,,pass_verified,DMV_Teilnahmen_2015_2025_VOLLSTAENDIG
DMV-155760,64551.0,64551.0,2016,05.06.2016,2016-0039-03,"MVBN-Verbandsliga Süd, 3. Punktspiel",Gebhardshagen,,4.0,,pass_verified,DMV_Teilnahmen_2015_2025_VOLLSTAENDIG
DMV-155761,66412.0,66412.0,2016,05.06.2016,2016-0039-03,"MVBN-Verbandsliga Süd, 3. Punktspiel",Gebhardshagen,,8.0,,pass_verified,DMV_Teilnahmen_2015_2025_VOLLSTAENDIG
DMV-155762,66576.0,66576.0,2016,05.06.2016,2016-0039-03,"MVBN-Verbandsliga Süd, 3. Punktspiel",Gebhardshagen,,9.0,,pass_verified,DMV_Teilnahmen_2015_2025_VOLLSTAENDIG
DMV-155763,66301.0,66301.0,2016,05.06.2016,2016-0039-03,"MVBN-Verbandsliga Süd, 3. Punktspiel",Gebhardshagen,,10.0,,pass_verified,DMV_Teilnahmen_2015_2025_VOLLSTAENDIG
DMV-155764,,,2016,29.05.2016,2016-0042-04,MRP-Jugendliga/A-Rangliste,Mainz,,7.0,,unresolved_identity,DMV_Teilnahmen_2015_2025_VOLLSTAENDIG
DMV-155765,,,2016,22.05.2016,2016-0043-07,"1. Bundesliga Nord, 2. Spieltag",Dormagen,,2.0,,unresolved_identity,DMV_Teilnahmen_2015_2025_VOLLSTAENDIG
DMV-155766,,,2016,22.05.2016,2016-0043-10,"1. Bundesliga Nord, 2. Spieltag",Dormagen,,2.0,,unresolved_identity,DMV_Teilnahmen_2015_2025_VOLLSTAENDIG
DMV-155767,,,2016,22.05.2016,2016-0043-11,"1. Bundesliga Nord, 2. Spieltag",Dormagen,,2.0,,unresolved_identity,DMV_Teilnahmen_2015_2025_VOLLSTAENDIG
DMV-155768,33964.0,33964.0,2016,22.05.2016,2016-0043-12,"1. Bundesliga Nord, 2. Spieltag",Dormagen,,12.0,,pass_verified,DMV_Teilnahmen_2015_2025_VOLLSTAENDIG
DMV-155769,,,2016,22.05.2016,2016-0043-12,"1. Bundesliga Nord, 2. Spieltag",Dormagen,,29.0,,unresolved_identity,DMV_Teilnahmen_2015_2025_VOLLSTAENDIG
DMV-155770,,,2016,22.05.2016,2016-0046-09,"NBV-Landesliga Staffel 1, 2. Spieltag",Kerpen,,1.0,,unresolved_identity,DMV_Teilnahmen_2015_2025_VOLLSTAENDIG
DMV-155771,,,2016,22.05.2016,2016-0046-10,"NBV-Landesliga Staffel 1, 2. Spieltag",Kerpen,,4.0,,unresolved_identity,DMV_Teilnahmen_2015_2025_VOLLSTAENDIG
DMV-155772,37415.0,37415.0,2016,22.05.2016,2016-0046-10,"NBV-Landesliga Staffel 1, 2. Spieltag",Kerpen,,5.0,,pass_verified,DMV_Teilnahmen_2015_2025_VOLLSTAENDIG
DMV-155773,66123.0,66123.0,2016,22.05.2016,2016-0046-10,"NBV-Landesliga Staffel 1, 2. Spieltag",Kerpen,,1.0,,pass_verified,DMV_Teilnahmen_2015_2025_VOLLSTAENDIG
DMV-155774,66225.0,66225.0,2016,22.05.2016,2016-0046-10,"NBV-Landesliga Staffel 1, 2. Spieltag",Kerpen,,2.0,,pass_verified,DMV_Teilnahmen_2015_2025_VOLLSTAENDIG
DMV-155775,66672.0,66672.0,2016,22.05.2016,2016-0046-10,"NBV-Landesliga Staffel 1, 2. Spieltag",Kerpen,,1.0,,pass_verified,DMV_Teilnahmen_2015_2025_VOLLSTAENDIG
DMV-155776,26534.0,26534.0,2016,22.05.2016,2016-0046-10,"NBV-Landesliga Staffel 1, 2. Spieltag",Kerpen,,2.0,,pass_verified,DMV_Teilnahmen_2015_2025_VOLLSTAENDIG
DMV-155777,31210.0,31210.0,2016,22.05.2016,2016-0046-10,"NBV-Landesliga Staffel 1, 2. Spieltag",Kerpen,,5.0,,pass_verified,DMV_Teilnahmen_2015_2025_VOLLSTAENDIG
DMV-155778,29752.0,29752.0,2016,22.05.2016,2016-0046-10,"NBV-Landesliga Staffel 1, 2. Spieltag",Kerpen,,9.0,,pass_verified,DMV_Teilnahmen_2015_2025_VOLLSTAENDIG
DMV-155779,25894.0,25894.0,2016,22.05.2016,2016-0046-10,"NBV-Landesliga Staffel 1, 2. Spieltag",Kerpen,,10.0,,pass_verified,DMV_Teilnahmen_2015_2025_VOLLSTAENDIG
DMV-155780,26539.0,26539.0,2016,22.05.2016,2016-0046-10,"NBV-Landesliga Staffel 1, 2. Spieltag",Kerpen,,15.0,,pass_verified,DMV_Teilnahmen_2015_2025_VOLLSTAENDIG
DMV-155781,41392.0,41392.0,2016,22.05.2016,2016-0046-10,"NBV-Landesliga Staffel 1, 2. Spieltag",Kerpen,,19.0,,pass_verified,DMV_Teilnahmen_2015_2025_VOLLSTAENDIG
DMV-155782,37878.0,37878.0,2016,22.05.2016,2016-0046-10,"NBV-Landesliga Staffel 1, 2. Spieltag",Kerpen,,22.0,,pass_verified,DMV_Teilnahmen_2015_2025_VOLLSTAENDIG
DMV-155783,28026.0,28026.0,2016,22.05.2016,2016-0046-10,"NBV-Landesliga Staffel 1, 2. Spieltag",Kerpen,,24.0,,pass_verified,DMV_Teilnahmen_2015_2025_VOLLSTAENDIG
DMV-155784,25809.0,25809.0,2016,22.05.2016,2016-0046-10,"NBV-Landesliga Staffel 1, 2. Spieltag",Kerpen,,26.0,,pass_verified,DMV_Teilnahmen_2015_2025_VOLLSTAENDIG
DMV-155785,66812.0,66812.0,2016,22.05.2016,2016-0046-10,"NBV-Landesliga Staffel 1, 2. Spieltag",Kerpen,,28.0,,pass_verified,DMV_Teilnahmen_2015_2025_VOLLSTAENDIG
DMV-155786,28046.0,28046.0,2016,22.05.2016,2016-0046-10,"NBV-Landesliga Staffel 1, 2. Spieltag",Kerpen,,4.0,,pass_verified,DMV_Teilnahmen_2015_2025_VOLLSTAENDIG
DMV-155787,548.0,548.0,2016,22.05.2016,2016-0046-10,"NBV-Landesliga Staffel 1, 2. Spieltag",Kerpen,,6.0,,pass_verified,DMV_Teilnahmen_2015_2025_VOLLSTAENDIG
DMV-155788,40328.0,40328.0,2016,22.05.2016,2016-0046-10,"NBV-Landesliga Staffel 1, 2. Spieltag",Kerpen,,1.0,,pass_verified,DMV_Teilnahmen_2015_2025_VOLLSTAENDIG
DMV-155789,5821.0,5821.0,2016,22.05.2016,2016-0046-10,"NBV-Landesliga Staffel 1, 2. Spieltag",Kerpen,,4.0,,pass_verified,DMV_Teilnahmen_2015_2025_VOLLSTAENDIG
DMV-155790,34823.0,34823.0,2016,22.05.2016,2016-0046-10,"NBV-Landesliga Staffel 1, 2. Spieltag",Kerpen,,5.0,,pass_verified,DMV_Teilnahmen_2015_2025_VOLLSTAENDIG
DMV-155791,22832.0,22832.0,2016,22.05.2016,2016-0046-10,"NBV-Landesliga Staffel 1, 2. Spieltag",Kerpen,,6.0,,pass_verified,DMV_Teilnahmen_2015_2025_VOLLSTAENDIG
DMV-155792,4690.0,4690.0,2016,22.05.2016,2016-0046-10,"NBV-Landesliga Staffel 1, 2. Spieltag",Kerpen,,11.0,,pass_verified,DMV_Teilnahmen_2015_2025_VOLLSTAENDIG
DMV-155793,4859.0,4859.0,2016,22.05.2016,2016-0046-10,"NBV-Landesliga Staffel 1, 2. Spieltag",Kerpen,,16.0,,pass_verified,DMV_Teilnahmen_2015_2025_VOLLSTAENDIG
DMV-155794,5015.0,5015.0,2016,22.05.2016,2016-0046-10,"NBV-Landesliga Staffel 1, 2. Spieltag",Kerpen,,17.0,,pass_verified,DMV_Teilnahmen_2015_2025_VOLLSTAENDIG
DMV-155795,20690.0,20690.0,2016,22.05.2016,2016-0046-10,"NBV-Landesliga Staffel 1, 2. Spieltag",Kerpen,,18.0,,pass_verified,DMV_Teilnahmen_2015_2025_VOLLSTAENDIG
DMV-155796,38261.0,38261.0,2016,22.05.2016,2016-0046-10,"NBV-Landesliga Staffel 1, 2. Spieltag",Kerpen,,20.0,,pass_verified,DMV_Teilnahmen_2015_2025_VOLLSTAENDIG
DMV-155797,38633.0,38633.0,2016,22.05.2016,2016-0046-10,"NBV-Landesliga Staffel 1, 2. Spieltag",Kerpen,,21.0,,pass_verified,DMV_Teilnahmen_2015_2025_VOLLSTAENDIG
DMV-155798,66327.0,66327.0,2016,22.05.2016,2016-0046-10,"NBV-Landesliga Staffel 1, 2. Spieltag",Kerpen,,22.0,,pass_verified,DMV_Teilnahmen_2015_2025_VOLLSTAENDIG
DMV-155799,18146.0,18146.0,2016,22.05.2016,2016-0046-10,"NBV-Landesliga Staffel 1, 2. Spieltag",Kerpen,,23.0,,pass_verified,DMV_Teilnahmen_2015_2025_VOLLSTAENDIG
DMV-155800,27189.0,27189.0,2016,22.05.2016,2016-0046-10,"NBV-Landesliga Staffel 1, 2. Spieltag",Kerpen,,24.0,,pass_verified,DMV_Teilnahmen_2015_2025_VOLLSTAENDIG
DMV-155801,66818.0,66818.0,2016,22.05.2016,2016-0046-10,"NBV-Landesliga Staffel 1, 2. Spieltag",Kerpen,,25.0,,pass_verified,DMV_Teilnahmen_2015_2025_VOLLSTAENDIG
DMV-155802,3149.0,3149.0,2016,22.05.2016,2016-0046-10,"NBV-Landesliga Staffel 1, 2. Spieltag",Kerpen,,2.0,,pass_verified,DMV_Teilnahmen_2015_2025_VOLLSTAENDIG
DMV-155803,4338.0,4338.0,2016,22.05.2016,2016-0046-10,"NBV-Landesliga Staffel 1, 2. Spieltag",Kerpen,,3.0,,pass_verified,DMV_Teilnahmen_2015_2025_VOLLSTAENDIG
DMV-155804,28041.0,28041.0,2016,22.05.2016,2016-0046-10,"NBV-Landesliga Staffel 1, 2. Spieltag",Kerpen,,4.0,,pass_verified,DMV_Teilnahmen_2015_2025_VOLLSTAENDIG
DMV-155805,45769.0,45769.0,2016,01.05.2016,2016-0050-04,MRP - Seniorenliga/A-Rangliste,Mainz,,10.0,,pass_verified,DMV_Teilnahmen_2015_2025_VOLLSTAENDIG
DMV-155806,,,2016,01.05.2016,2016-0050-07,MRP - Seniorenliga/A-Rangliste,Mainz,,2.0,,unresolved_identity,DMV_Teilnahmen_2015_2025_VOLLSTAENDIG
DMV-155807,,,2016,17.04.2016,2016-0054-03,1. Spieltag 1. Bundesliga Nord,Kerpen,,2.0,,unresolved_identity,DMV_Teilnahmen_2015_2025_VOLLSTAENDIG
DMV-155808,,,2016,17.04.2016,2016-0054-04,1. Spieltag 1. Bundesliga Nord,Kerpen,,1.0,,unresolved_identity,DMV_Teilnahmen_2015_2025_VOLLSTAENDIG
DMV-155809,,,2016,17.04.2016,2016-0054-05,1. Spieltag 1. Bundesliga Nord,Kerpen,,4.0,,unresolved_identity,DMV_Teilnahmen_2015_2025_VOLLSTAENDIG
DMV-155810,,,2016,17.04.2016,2016-0054-08,1. Spieltag 1. Bundesliga Nord,Kerpen,,1.0,,unresolved_identity,DMV_Teilnahmen_2015_2025_VOLLSTAENDIG
DMV-155811,,,2016,10.04.2016,2016-0055-03,"NBV-Landesliga Staffel 1, 1. Spieltag",Hardenberg,,3.0,,unresolved_identity,DMV_Teilnahmen_2015_2025_VOLLSTAENDIG
DMV-155812,,,2016,10.04.2016,2016-0055-07,"NBV-Landesliga Staffel 1, 1. Spieltag",Hardenberg,,1.0,,unresolved_identity,DMV_Teilnahmen_2015_2025_VOLLSTAENDIG
DMV-155813,65870.0,65870.0,2016,10.04.2016,2016-0057-06,2. Spieltag Jugendrangliste BBS / MRP,Weinheim,,8.0,,pass_verified,DMV_Teilnahmen_2015_2025_VOLLSTAENDIG
DMV-155814,38474.0,38474.0,2016,10.04.2016,2016-0057-06,2. Spieltag Jugendrangliste BBS / MRP,Weinheim,,10.0,,pass_verified,DMV_Teilnahmen_2015_2025_VOLLSTAENDIG
DMV-155815,66564.0,66564.0,2016,10.04.2016,2016-0057-06,2. Spieltag Jugendrangliste BBS / MRP,Weinheim,,13.0,,pass_verified,DMV_Teilnahmen_2015_2025_VOLLSTAENDIG
DMV-155816,37389.0,37389.0,2016,10.04.2016,2016-0057-06,2. Spieltag Jugendrangliste BBS / MRP,Weinheim,,1.0,,pass_verified,DMV_Teilnahmen_2015_2025_VOLLSTAENDIG
DMV-155817,37399.0,37399.0,2016,10.04.2016,2016-0057-06,2. Spieltag Jugendrangliste BBS / MRP,Weinheim,,2.0,,pass_verified,DMV_Teilnahmen_2015_2025_VOLLSTAENDIG
DMV-155818,66277.0,66277.0,2016,10.04.2016,2016-0057-06,2. Spieltag Jugendrangliste BBS / MRP,Weinheim,,3.0,,pass_verified,DMV_Teilnahmen_2015_2025_VOLLSTAENDIG
DMV-155819,38338.0,38338.0,2016,10.04.2016,2016-0057-06,2. Spieltag Jugendrangliste BBS / MRP,Weinheim,,4.0,,pass_verified,DMV_Teilnahmen_2015_2025_VOLLSTAENDIG
DMV-155820,,,2016,10.04.2016,2016-0057-06,2. Spieltag Jugendrangliste BBS / MRP,Weinheim,,5.0,,unresolved_identity,DMV_Teilnahmen_2015_2025_VOLLSTAENDIG
DMV-155821,66195.0,66195.0,2016,10.04.2016,2016-0057-06,2. Spieltag Jugendrangliste BBS / MRP,Weinheim,,6.0,,pass_verified,DMV_Teilnahmen_2015_2025_VOLLSTAENDIG
DMV-155822,65873.0,65873.0,2016,10.04.2016,2016-0057-06,2. Spieltag Jugendrangliste BBS / MRP,Weinheim,,3.0,,pass_verified,DMV_Teilnahmen_2015_2025_VOLLSTAENDIG
DMV-155823,66619.0,66619.0,2016,10.04.2016,2016-0057-06,2. Spieltag Jugendrangliste BBS / MRP,Weinheim,,4.0,,pass_verified,DMV_Teilnahmen_2015_2025_VOLLSTAENDIG
DMV-155824,64551.0,64551.0,2016,10.04.2016,2016-0057-06,2. Spieltag Jugendrangliste BBS / MRP,Weinheim,,7.0,,pass_verified,DMV_Teilnahmen_2015_2025_VOLLSTAENDIG
DMV-155825,38473.0,38473.0,2016,10.04.2016,2016-0057-06,2. Spieltag Jugendrangliste BBS / MRP,Weinheim,,8.0,,pass_verified,DMV_Teilnahmen_2015_2025_VOLLSTAENDIG
DMV-155826,38462.0,38462.0,2016,10.04.2016,2016-0057-06,2. Spieltag Jugendrangliste BBS / MRP,Weinheim,,9.0,,pass_verified,DMV_Teilnahmen_2015_2025_VOLLSTAENDIG
DMV-155827,38400.0,38400.0,2016,10.04.2016,2016-0057-06,2. Spieltag Jugendrangliste BBS / MRP,Weinheim,,11.0,,pass_verified,DMV_Teilnahmen_2015_2025_VOLLSTAENDIG
DMV-155828,37194.0,37194.0,2016,10.04.2016,2016-0057-06,2. Spieltag Jugendrangliste BBS / MRP,Weinheim,,14.0,,pass_verified,DMV_Teilnahmen_2015_2025_VOLLSTAENDIG
DMV-155829,38343.0,38343.0,2016,10.04.2016,2016-0057-06,2. Spieltag Jugendrangliste BBS / MRP,Weinheim,,15.0,,pass_verified,DMV_Teilnahmen_2015_2025_VOLLSTAENDIG
DMV-155830,66570.0,66570.0,2016,10.04.2016,2016-0057-06,2. Spieltag Jugendrangliste BBS / MRP,Weinheim,,17.0,,pass_verified,DMV_Teilnahmen_2015_2025_VOLLSTAENDIG
DMV-155831,66479.0,66479.0,2016,10.04.2016,2016-0057-06,2. Spieltag Jugendrangliste BBS / MRP,Weinheim,,18.0,,pass_verified,DMV_Teilnahmen_2015_2025_VOLLSTAENDIG
DMV-155832,65854.0,65854.0,2016,10.04.2016,2016-0057-06,2. Spieltag Jugendrangliste BBS / MRP,Weinheim,,20.0,,pass_verified,DMV_Teilnahmen_2015_2025_VOLLSTAENDIG
DMV-155833,22832.0,22832.0,2016,26.-27.03.2016,2016-0059-03,51. internationales Osterturnier (Beton),Weinheim,,2.0,,pass_verified,DMV_Teilnahmen_2015_2025_VOLLSTAENDIG
DMV-155834,17490.0,17490.0,2016,26.-27.03.2016,2016-0059-03,51. internationales Osterturnier (Beton),Weinheim,,3.0,,pass_verified,DMV_Teilnahmen_2015_2025_VOLLSTAENDIG
DMV-155835,6331.0,6331.0,2016,26.-27.03.2016,2016-0059-03,51. internationales Osterturnier (Beton),Weinheim,,5.0,,pass_verified,DMV_Teilnahmen_2015_2025_VOLLSTAENDIG
DMV-155836,5020.0,5020.0,2016,26.-27.03.2016,2016-0059-03,51. internationales Osterturnier (Beton),Weinheim,,6.0,,pass_verified,DMV_Teilnahmen_2015_2025_VOLLSTAENDIG
DMV-155837,5015.0,5015.0,2016,26.-27.03.2016,2016-0059-03,51. internationales Osterturnier (Beton),Weinheim,,7.0,,pass_verified,DMV_Teilnahmen_2015_2025_VOLLSTAENDIG
DMV-155838,4181.0,4181.0,2016,26.-27.03.2016,2016-0059-03,51. internationales Osterturnier (Beton),Weinheim,,8.0,,pass_verified,DMV_Teilnahmen_2015_2025_VOLLSTAENDIG
DMV-155839,20690.0,20690.0,2016,26.-27.03.2016,2016-0059-03,51. internationales Osterturnier (Beton),Weinheim,,10.0,,pass_verified,DMV_Teilnahmen_2015_2025_VOLLSTAENDIG
DMV-155840,,,2016,26.-27.03.2016,2016-0059-03,51. internationales Osterturnier (Beton),Weinheim,,11.0,,unresolved_identity,DMV_Teilnahmen_2015_2025_VOLLSTAENDIG
DMV-155841,4969.0,4969.0,2016,26.-27.03.2016,2016-0059-03,51. internationales Osterturnier (Beton),Weinheim,,12.0,,pass_verified,DMV_Teilnahmen_2015_2025_VOLLSTAENDIG
DMV-155842,63302.0,63302.0,2016,26.-27.03.2016,2016-0059-03,51. internationales Osterturnier (Beton),Weinheim,,13.0,,pass_verified,DMV_Teilnahmen_2015_2025_VOLLSTAENDIG
DMV-155843,4859.0,4859.0,2016,26.-27.03.2016,2016-0059-03,51. internationales Osterturnier (Beton),Weinheim,,15.0,,pass_verified,DMV_Teilnahmen_2015_2025_VOLLSTAENDIG
DMV-155844,65851.0,65851.0,2016,26.-27.03.2016,2016-0059-03,51. internationales Osterturnier (Beton),Weinheim,,16.0,,pass_verified,DMV_Teilnahmen_2015_2025_VOLLSTAENDIG
DMV-155845,4967.0,4967.0,2016,26.-27.03.2016,2016-0059-03,51. internationales Osterturnier (Beton),Weinheim,,17.0,,pass_verified,DMV_Teilnahmen_2015_2025_VOLLSTAENDIG
DMV-155846,46684.0,46684.0,2016,26.-27.03.2016,2016-0059-03,51. internationales Osterturnier (Beton),Weinheim,,18.0,,pass_verified,DMV_Teilnahmen_2015_2025_VOLLSTAENDIG
DMV-155847,44416.0,44416.0,2016,26.-27.03.2016,2016-0059-04,51. internationales Osterturnier (Beton),Weinheim,,1.0,,pass_verified,DMV_Teilnahmen_2015_2025_VOLLSTAENDIG
DMV-155848,45426.0,45426.0,2016,26.-27.03.2016,2016-0059-04,51. internationales Osterturnier (Beton),Weinheim,,2.0,,pass_verified,DMV_Teilnahmen_2015_2025_VOLLSTAENDIG
DMV-155849,,,2016,26.-27.03.2016,2016-0059-04,51. internationales Osterturnier (Beton),Weinheim,,3.0,,unresolved_identity,DMV_Teilnahmen_2015_2025_VOLLSTAENDIG
DMV-155850,45139.0,45139.0,2016,26.-27.03.2016,2016-0059-04,51. internationales Osterturnier (Beton),Weinheim,,4.0,,pass_verified,DMV_Teilnahmen_2015_2025_VOLLSTAENDIG
DMV-155851,66802.0,66802.0,2016,26.-27.03.2016,2016-0059-04,51. internationales Osterturnier (Beton),Weinheim,,5.0,,pass_verified,DMV_Teilnahmen_2015_2025_VOLLSTAENDIG
DMV-155852,66478.0,66478.0,2016,26.-27.03.2016,2016-0059-04,51. internationales Osterturnier (Beton),Weinheim,,7.0,,pass_verified,DMV_Teilnahmen_2015_2025_VOLLSTAENDIG
DMV-155853,27348.0,27348.0,2016,26.-27.03.2016,2016-0059-04,51. internationales Osterturnier (Beton),Weinheim,,8.0,,pass_verified,DMV_Teilnahmen_2015_2025_VOLLSTAENDIG
DMV-155854,66213.0,66213.0,2016,26.-27.03.2016,2016-0059-04,51. internationales Osterturnier (Beton),Weinheim,,11.0,,pass_verified,DMV_Teilnahmen_2015_2025_VOLLSTAENDIG
DMV-155855,66782.0,66782.0,2016,26.-27.03.2016,2016-0059-04,51. internationales Osterturnier (Beton),Weinheim,,12.0,,pass_verified,DMV_Teilnahmen_2015_2025_VOLLSTAENDIG
DMV-155856,548.0,548.0,2016,26.-27.03.2016,2016-0059-05,51. internationales Osterturnier (Beton),Weinheim,,1.0,,pass_verified,DMV_Teilnahmen_2015_2025_VOLLSTAENDIG
DMV-155857,28046.0,28046.0,2016,26.-27.03.2016,2016-0059-05,51. internationales Osterturnier (Beton),Weinheim,,2.0,,pass_verified,DMV_Teilnahmen_2015_2025_VOLLSTAENDIG
DMV-155858,37583.0,37583.0,2016,26.-27.03.2016,2016-0059-05,51. internationales Osterturnier (Beton),Weinheim,,3.0,,pass_verified,DMV_Teilnahmen_2015_2025_VOLLSTAENDIG
DMV-155859,33708.0,33708.0,2016,26.-27.03.2016,2016-0059-05,51. internationales Osterturnier (Beton),Weinheim,,4.0,,pass_verified,DMV_Teilnahmen_2015_2025_VOLLSTAENDIG
DMV-155860,41828.0,41828.0,2016,26.-27.03.2016,2016-0059-05,51. internationales Osterturnier (Beton),Weinheim,,5.0,,pass_verified,DMV_Teilnahmen_2015_2025_VOLLSTAENDIG
DMV-155861,35523.0,35523.0,2016,26.-27.03.2016,2016-0059-05,51. internationales Osterturnier (Beton),Weinheim,,6.0,,pass_verified,DMV_Teilnahmen_2015_2025_VOLLSTAENDIG
DMV-155862,,,2016,26.-27.03.2016,2016-0059-05,51. internationales Osterturnier (Beton),Weinheim,,7.0,,unresolved_identity,DMV_Teilnahmen_2015_2025_VOLLSTAENDIG
DMV-155863,,,2016,26.-27.03.2016,2016-0059-06,51. internationales Osterturnier (Beton),Weinheim,,1.0,,unresolved_identity,DMV_Teilnahmen_2015_2025_VOLLSTAENDIG
DMV-155864,37582.0,37582.0,2016,26.-27.03.2016,2016-0059-06,51. internationales Osterturnier (Beton),Weinheim,,3.0,,pass_verified,DMV_Teilnahmen_2015_2025_VOLLSTAENDIG
DMV-155865,65902.0,65902.0,2016,26.-27.03.2016,2016-0059-06,51. internationales Osterturnier (Beton),Weinheim,,5.0,,pass_verified,DMV_Teilnahmen_2015_2025_VOLLSTAENDIG
DMV-155866,66287.0,66287.0,2016,26.-27.03.2016,2016-0059-06,51. internationales Osterturnier (Beton),Weinheim,,7.0,,pass_verified,DMV_Teilnahmen_2015_2025_VOLLSTAENDIG
DMV-155867,,,2016,26.-27.03.2016,2016-0059-07,51. internationales Osterturnier (Beton),Weinheim,,1.0,,unresolved_identity,DMV_Teilnahmen_2015_2025_VOLLSTAENDIG
DMV-155868,6329.0,6329.0,2016,26.-27.03.2016,2016-0059-07,51. internationales Osterturnier (Beton),Weinheim,,2.0,,pass_verified,DMV_Teilnahmen_2015_2025_VOLLSTAENDIG
DMV-155869,4338.0,4338.0,2016,26.-27.03.2016,2016-0059-07,51. internationales Osterturnier (Beton),Weinheim,,3.0,,pass_verified,DMV_Teilnahmen_2015_2025_VOLLSTAENDIG
DMV-155870,3149.0,3149.0,2016,26.-27.03.2016,2016-0059-07,51. internationales Osterturnier (Beton),Weinheim,,4.0,,pass_verified,DMV_Teilnahmen_2015_2025_VOLLSTAENDIG
DMV-155871,18298.0,18298.0,2016,26.-27.03.2016,2016-0059-07,51. internationales Osterturnier (Beton),Weinheim,,5.0,,pass_verified,DMV_Teilnahmen_2015_2025_VOLLSTAENDIG
DMV-155872,,,2016,26.-27.03.2016,2016-0059-08,51. internationales Osterturnier (Beton),Weinheim,,3.0,,unresolved_identity,DMV_Teilnahmen_2015_2025_VOLLSTAENDIG
DMV-155873,43598.0,43598.0,2016,26.-27.03.2016,2016-0059-08,51. internationales Osterturnier (Beton),Weinheim,,4.0,,pass_verified,DMV_Teilnahmen_2015_2025_VOLLSTAENDIG
DMV-155874,40617.0,40617.0,2016,26.-27.03.2016,2016-0059-08,51. internationales Osterturnier (Beton),Weinheim,,5.0,,pass_verified,DMV_Teilnahmen_2015_2025_VOLLSTAENDIG
DMV-155875,26331.0,26331.0,2016,26.-27.03.2016,2016-0059-08,51. internationales Osterturnier (Beton),Weinheim,,6.0,,pass_verified,DMV_Teilnahmen_2015_2025_VOLLSTAENDIG
DMV-155876,45054.0,45054.0,2016,26.-27.03.2016,2016-0059-08,51. internationales Osterturnier (Beton),Weinheim,,8.0,,pass_verified,DMV_Teilnahmen_2015_2025_VOLLSTAENDIG
DMV-155877,23321.0,23321.0,2016,26.-27.03.2016,2016-0059-08,51. internationales Osterturnier (Beton),Weinheim,,9.0,,pass_verified,DMV_Teilnahmen_2015_2025_VOLLSTAENDIG
DMV-155878,29149.0,29149.0,2016,26.-27.03.2016,2016-0059-08,51. internationales Osterturnier (Beton),Weinheim,,10.0,,pass_verified,DMV_Teilnahmen_2015_2025_VOLLSTAENDIG
DMV-155879,40559.0,40559.0,2016,26.-27.03.2016,2016-0059-08,51. internationales Osterturnier (Beton),Weinheim,,12.0,,pass_verified,DMV_Teilnahmen_2015_2025_VOLLSTAENDIG
DMV-155880,26815.0,26815.0,2016,26.-27.03.2016,2016-0059-08,51. internationales Osterturnier (Beton),Weinheim,,13.0,,pass_verified,DMV_Teilnahmen_2015_2025_VOLLSTAENDIG
DMV-155881,25538.0,25538.0,2016,26.-27.03.2016,2016-0059-08,51. internationales Osterturnier (Beton),Weinheim,,17.0,,pass_verified,DMV_Teilnahmen_2015_2025_VOLLSTAENDIG
DMV-155882,38362.0,38362.0,2016,26.-27.03.2016,2016-0059-08,51. internationales Osterturnier (Beton),Weinheim,,18.0,,pass_verified,DMV_Teilnahmen_2015_2025_VOLLSTAENDIG
DMV-155883,65901.0,65901.0,2016,26.-27.03.2016,2016-0059-08,51. internationales Osterturnier (Beton),Weinheim,,19.0,,pass_verified,DMV_Teilnahmen_2015_2025_VOLLSTAENDIG
DMV-155884,35791.0,35791.0,2016,26.-27.03.2016,2016-0059-08,51. internationales Osterturnier (Beton),Weinheim,,21.0,,pass_verified,DMV_Teilnahmen_2015_2025_VOLLSTAENDIG
DMV-155885,6331.0,6331.0,2016,26.-27.03.2016,2016-0060-09,51. internationales Osterturnier (Miniaturgolf),Weinheim,,3.0,,pass_verified,DMV_Teilnahmen_2015_2025_VOLLSTAENDIG
DMV-155886,17490.0,17490.0,2016,26.-27.03.2016,2016-0060-09,51. internationales Osterturnier (Miniaturgolf),Weinheim,,2.0,,pass_verified,DMV_Teilnahmen_2015_2025_VOLLSTAENDIG
DMV-155887,,,2016,26.-27.03.2016,2016-0060-09,51. internationales Osterturnier (Miniaturgolf),Weinheim,,4.0,,unresolved_identity,DMV_Teilnahmen_2015_2025_VOLLSTAENDIG
DMV-155888,20690.0,20690.0,2016,26.-27.03.2016,2016-0060-09,51. internationales Osterturnier (Miniaturgolf),Weinheim,,6.0,,pass_verified,DMV_Teilnahmen_2015_2025_VOLLSTAENDIG
DMV-155889,548.0,548.0,2016,26.-27.03.2016,2016-0060-09,51. internationales Osterturnier (Miniaturgolf),Weinheim,,1.0,,pass_verified,DMV_Teilnahmen_2015_2025_VOLLSTAENDIG
DMV-155890,28046.0,28046.0,2016,26.-27.03.2016,2016-0060-09,51. internationales Osterturnier (Miniaturgolf),Weinheim,,2.0,,pass_verified,DMV_Teilnahmen_2015_2025_VOLLSTAENDIG
DMV-155891,35523.0,35523.0,2016,26.-27.03.2016,2016-0060-09,51. internationales Osterturnier (Miniaturgolf),Weinheim,,3.0,,pass_verified,DMV_Teilnahmen_2015_2025_VOLLSTAENDIG
DMV-155892,37583.0,37583.0,2016,26.-27.03.2016,2016-0060-09,51. internationales Osterturnier (Miniaturgolf),Weinheim,,4.0,,pass_verified,DMV_Teilnahmen_2015_2025_VOLLSTAENDIG
DMV-155893,37582.0,37582.0,2016,26.-27.03.2016,2016-0060-09,51. internationales Osterturnier (Miniaturgolf),Weinheim,,2.0,,pass_verified,DMV_Teilnahmen_2015_2025_VOLLSTAENDIG
DMV-155894,66783.0,66783.0,2016,26.-27.03.2016,2016-0060-05,51. internationales Osterturnier (Miniaturgolf),Weinheim,,3.0,,pass_verified,DMV_Teilnahmen_2015_2025_VOLLSTAENDIG
DMV-155895,4338.0,4338.0,2016,26.-27.03.2016,2016-0060-09,51. internationales Osterturnier (Miniaturgolf),Weinheim,,2.0,,pass_verified,DMV_Teilnahmen_2015_2025_VOLLSTAENDIG
DMV-155896,3149.0,3149.0,2016,26.-27.03.2016,2016-0060-09,51. internationales Osterturnier (Miniaturgolf),Weinheim,,4.0,,pass_verified,DMV_Teilnahmen_2015_2025_VOLLSTAENDIG
DMV-155897,6329.0,6329.0,2016,26.-27.03.2016,2016-0060-09,51. internationales Osterturnier (Miniaturgolf),Weinheim,,3.0,,pass_verified,DMV_Teilnahmen_2015_2025_VOLLSTAENDIG
DMV-155898,44416.0,44416.0,2016,26.-27.03.2016,2016-0060-09,51. internationales Osterturnier (Miniaturgolf),Weinheim,,1.0,,pass_verified,DMV_Teilnahmen_2015_2025_VOLLSTAENDIG
DMV-155899,45139.0,45139.0,2016,26.-27.03.2016,2016-0060-09,51. internationales Osterturnier (Miniaturgolf),Weinheim,,4.0,,pass_verified,DMV_Teilnahmen_2015_2025_VOLLSTAENDIG
DMV-155900,45426.0,45426.0,2016,26.-27.03.2016,2016-0060-09,51. internationales Osterturnier (Miniaturgolf),Weinheim,,3.0,,pass_verified,DMV_Teilnahmen_2015_2025_VOLLSTAENDIG
DMV-155901,66782.0,66782.0,2016,26.-27.03.2016,2016-0060-09,51. internationales Osterturnier (Miniaturgolf),Weinheim,,6.0,,pass_verified,DMV_Teilnahmen_2015_2025_VOLLSTAENDIG
DMV-155902,26331.0,26331.0,2016,26.-27.03.2016,2016-0060-09,51. internationales Osterturnier (Miniaturgolf),Weinheim,,3.0,,pass_verified,DMV_Teilnahmen_2015_2025_VOLLSTAENDIG
DMV-155903,45103.0,45103.0,2016,26.-27.03.2016,2016-0060-08,51. internationales Osterturnier (Miniaturgolf),Weinheim,,5.0,,pass_verified,DMV_Teilnahmen_2015_2025_VOLLSTAENDIG
DMV-155904,,,2016,26.-27.03.2016,2016-0060-08,51. internationales Osterturnier (Miniaturgolf),Weinheim,,8.0,,unresolved_identity,DMV_Teilnahmen_2015_2025_VOLLSTAENDIG
DMV-155905,65809.0,65809.0,2016,26.-27.03.2016,2016-0060-09,51. internationales Osterturnier (Miniaturgolf),Weinheim,,1.0,,pass_verified,DMV_Teilnahmen_2015_2025_VOLLSTAENDIG
DMV-155906,31332.0,31332.0,2016,06.03.2016,2016-0062-02,8. Turnier zum Frühlingserwachen,Ohlsbach,,1.0,,pass_verified,DMV_Teilnahmen_2015_2025_VOLLSTAENDIG
DMV-155907,34359.0,34359.0,2016,06.03.2016,2016-0062-02,8. Turnier zum Frühlingserwachen,Ohlsbach,,3.0,,pass_verified,DMV_Teilnahmen_2015_2025_VOLLSTAENDIG
DMV-155908,18249.0,18249.0,2016,06.03.2016,2016-0062-02,8. Turnier zum Frühlingserwachen,Ohlsbach,,5.0,,pass_verified,DMV_Teilnahmen_2015_2025_VOLLSTAENDIG
DMV-155909,34871.0,34871.0,2016,06.03.2016,2016-0062-02,8. Turnier zum Frühlingserwachen,Ohlsbach,,7.0,,pass_verified,DMV_Teilnahmen_2015_2025_VOLLSTAENDIG
DMV-155910,65902.0,65902.0,2016,06.03.2016,2016-0062-02,8. Turnier zum Frühlingserwachen,Ohlsbach,,8.0,,pass_verified,DMV_Teilnahmen_2015_2025_VOLLSTAENDIG
DMV-155911,40617.0,40617.0,2016,06.03.2016,2016-0062-02,8. Turnier zum Frühlingserwachen,Ohlsbach,,9.0,,pass_verified,DMV_Teilnahmen_2015_2025_VOLLSTAENDIG
DMV-155912,5040.0,5040.0,2016,06.03.2016,2016-0062-02,8. Turnier zum Frühlingserwachen,Ohlsbach,,10.0,,pass_verified,DMV_Teilnahmen_2015_2025_VOLLSTAENDIG
DMV-155913,28040.0,28040.0,2016,06.03.2016,2016-0062-02,8. Turnier zum Frühlingserwachen,Ohlsbach,,12.0,,pass_verified,DMV_Teilnahmen_2015_2025_VOLLSTAENDIG
DMV-155914,43350.0,43350.0,2016,06.03.2016,2016-0062-02,8. Turnier zum Frühlingserwachen,Ohlsbach,,13.0,,pass_verified,DMV_Teilnahmen_2015_2025_VOLLSTAENDIG
DMV-155915,28026.0,28026.0,2016,06.03.2016,2016-0062-02,8. Turnier zum Frühlingserwachen,Ohlsbach,,14.0,,pass_verified,DMV_Teilnahmen_2015_2025_VOLLSTAENDIG
DMV-155916,28046.0,28046.0,2016,06.03.2016,2016-0062-02,8. Turnier zum Frühlingserwachen,Ohlsbach,,15.0,,pass_verified,DMV_Teilnahmen_2015_2025_VOLLSTAENDIG
DMV-155917,,,2016,06.03.2016,2016-0062-02,8. Turnier zum Frühlingserwachen,Ohlsbach,,19.0,,unresolved_identity,DMV_Teilnahmen_2015_2025_VOLLSTAENDIG
DMV-155918,66123.0,66123.0,2016,06.03.2016,2016-0062-02,8. Turnier zum Frühlingserwachen,Ohlsbach,,21.0,,pass_verified,DMV_Teilnahmen_2015_2025_VOLLSTAENDIG
DMV-155919,47419.0,47419.0,2016,06.03.2016,2016-0062-02,8. Turnier zum Frühlingserwachen,Ohlsbach,,22.0,,pass_verified,DMV_Teilnahmen_2015_2025_VOLLSTAENDIG
DMV-155920,20690.0,20690.0,2016,06.03.2016,2016-0062-02,8. Turnier zum Frühlingserwachen,Ohlsbach,,24.0,,pass_verified,DMV_Teilnahmen_2015_2025_VOLLSTAENDIG
DMV-155921,37583.0,37583.0,2016,06.03.2016,2016-0062-02,8. Turnier zum Frühlingserwachen,Ohlsbach,,25.0,,pass_verified,DMV_Teilnahmen_2015_2025_VOLLSTAENDIG
DMV-155922,65894.0,65894.0,2016,06.03.2016,2016-0062-02,8. Turnier zum Frühlingserwachen,Ohlsbach,,26.0,,pass_verified,DMV_Teilnahmen_2015_2025_VOLLSTAENDIG
DMV-155923,66447.0,66447.0,2016,06.03.2016,2016-0062-02,8. Turnier zum Frühlingserwachen,Ohlsbach,,27.0,,pass_verified,DMV_Teilnahmen_2015_2025_VOLLSTAENDIG
DMV-155924,46684.0,46684.0,2016,06.03.2016,2016-0062-02,8. Turnier zum Frühlingserwachen,Ohlsbach,,28.0,,pass_verified,DMV_Teilnahmen_2015_2025_VOLLSTAENDIG
DMV-155925,37700.0,37700.0,2016,06.03.2016,2016-0062-02,8. Turnier zum Frühlingserwachen,Ohlsbach,,29.0,,pass_verified,DMV_Teilnahmen_2015_2025_VOLLSTAENDIG
DMV-155926,28041.0,28041.0,2016,06.03.2016,2016-0062-02,8. Turnier zum Frühlingserwachen,Ohlsbach,,30.0,,pass_verified,DMV_Teilnahmen_2015_2025_VOLLSTAENDIG
DMV-155927,29467.0,29467.0,2016,06.03.2016,2016-0062-02,8. Turnier zum Frühlingserwachen,Ohlsbach,,31.0,,pass_verified,DMV_Teilnahmen_2015_2025_VOLLSTAENDIG
DMV-155928,66505.0,66505.0,2016,06.03.2016,2016-0062-02,8. Turnier zum Frühlingserwachen,Ohlsbach,,32.0,,pass_verified,DMV_Teilnahmen_2015_2025_VOLLSTAENDIG
DMV-155929,65536.0,65536.0,2016,06.03.2016,2016-0062-03,8. Turnier zum Frühlingserwachen,Ohlsbach,,1.0,,pass_verified,DMV_Teilnahmen_2015_2025_VOLLSTAENDIG
DMV-155930,,,2016,06.03.2016,2016-0062-03,8. Turnier zum Frühlingserwachen,Ohlsbach,,2.0,,unresolved_identity,DMV_Teilnahmen_2015_2025_VOLLSTAENDIG
DMV-155931,37872.0,37872.0,2016,06.03.2016,2016-0063-03,5. Erzgebirgspokal,Eibenstock,,1.0,,pass_verified,DMV_Teilnahmen_2015_2025_VOLLSTAENDIG
DMV-155932,2283.0,2283.0,2016,06.03.2016,2016-0063-03,5. Erzgebirgspokal,Eibenstock,,2.0,,pass_verified,DMV_Teilnahmen_2015_2025_VOLLSTAENDIG
DMV-155933,36767.0,36767.0,2016,06.03.2016,2016-0063-03,5. Erzgebirgspokal,Eibenstock,,3.0,,pass_verified,DMV_Teilnahmen_2015_2025_VOLLSTAENDIG
DMV-155934,35538.0,35538.0,2016,06.03.2016,2016-0063-04,5. Erzgebirgspokal,Eibenstock,,1.0,,pass_verified,DMV_Teilnahmen_2015_2025_VOLLSTAENDIG
DMV-155935,34904.0,34904.0,2016,06.03.2016,2016-0063-04,5. Erzgebirgspokal,Eibenstock,,2.0,,pass_verified,DMV_Teilnahmen_2015_2025_VOLLSTAENDIG
DMV-155936,32627.0,32627.0,2016,06.03.2016,2016-0063-04,5. Erzgebirgspokal,Eibenstock,,3.0,,pass_verified,DMV_Teilnahmen_2015_2025_VOLLSTAENDIG
DMV-155937,31952.0,31952.0,2016,06.03.2016,2016-0063-04,5. Erzgebirgspokal,Eibenstock,,4.0,,pass_verified,DMV_Teilnahmen_2015_2025_VOLLSTAENDIG
DMV-155938,38180.0,38180.0,2016,06.03.2016,2016-0063-04,5. Erzgebirgspokal,Eibenstock,,5.0,,pass_verified,DMV_Teilnahmen_2015_2025_VOLLSTAENDIG
DMV-155939,37289.0,37289.0,2016,06.03.2016,2016-0063-04,5. Erzgebirgspokal,Eibenstock,,6.0,,pass_verified,DMV_Teilnahmen_2015_2025_VOLLSTAENDIG
DMV-155940,66648.0,66648.0,2016,06.03.2016,2016-0063-04,5. Erzgebirgspokal,Eibenstock,,7.0,,pass_verified,DMV_Teilnahmen_2015_2025_VOLLSTAENDIG
DMV-155941,66299.0,66299.0,2016,06.03.2016,2016-0063-04,5. Erzgebirgspokal,Eibenstock,,8.0,,pass_verified,DMV_Teilnahmen_2015_2025_VOLLSTAENDIG
DMV-155942,2083.0,2083.0,2016,06.03.2016,2016-0063-04,5. Erzgebirgspokal,Eibenstock,,9.0,,pass_verified,DMV_Teilnahmen_2015_2025_VOLLSTAENDIG
DMV-155943,66256.0,66256.0,2016,06.03.2016,2016-0063-04,5. Erzgebirgspokal,Eibenstock,,10.0,,pass_verified,DMV_Teilnahmen_2015_2025_VOLLSTAENDIG
DMV-155944,66620.0,66620.0,2016,06.03.2016,2016-0063-04,5. Erzgebirgspokal,Eibenstock,,11.0,,pass_verified,DMV_Teilnahmen_2015_2025_VOLLSTAENDIG
DMV-155945,66490.0,66490.0,2016,06.03.2016,2016-0063-04,5. Erzgebirgspokal,Eibenstock,,11.0,,pass_verified,DMV_Teilnahmen_2015_2025_VOLLSTAENDIG
DMV-155946,66697.0,66697.0,2016,06.03.2016,2016-0063-04,5. Erzgebirgspokal,Eibenstock,,13.0,,pass_verified,DMV_Teilnahmen_2015_2025_VOLLSTAENDIG
DMV-155947,27214.0,27214.0,2016,06.03.2016,2016-0063-05,5. Erzgebirgspokal,Eibenstock,,1.0,,pass_verified,DMV_Teilnahmen_2015_2025_VOLLSTAENDIG
DMV-155948,26787.0,26787.0,2016,06.03.2016,2016-0063-05,5. Erzgebirgspokal,Eibenstock,,2.0,,pass_verified,DMV_Teilnahmen_2015_2025_VOLLSTAENDIG
DMV-155949,30650.0,30650.0,2016,06.03.2016,2016-0063-05,5. Erzgebirgspokal,Eibenstock,,3.0,,pass_verified,DMV_Teilnahmen_2015_2025_VOLLSTAENDIG
DMV-155950,45943.0,45943.0,2016,06.03.2016,2016-0063-05,5. Erzgebirgspokal,Eibenstock,,4.0,,pass_verified,DMV_Teilnahmen_2015_2025_VOLLSTAENDIG
DMV-155951,32816.0,32816.0,2016,06.03.2016,2016-0063-05,5. Erzgebirgspokal,Eibenstock,,5.0,,pass_verified,DMV_Teilnahmen_2015_2025_VOLLSTAENDIG
DMV-155952,35706.0,35706.0,2016,06.03.2016,2016-0063-05,5. Erzgebirgspokal,Eibenstock,,6.0,,pass_verified,DMV_Teilnahmen_2015_2025_VOLLSTAENDIG
DMV-155953,1951.0,1951.0,2016,06.03.2016,2016-0063-05,5. Erzgebirgspokal,Eibenstock,,7.0,,pass_verified,DMV_Teilnahmen_2015_2025_VOLLSTAENDIG
DMV-155954,66263.0,66263.0,2016,06.03.2016,2016-0063-05,5. Erzgebirgspokal,Eibenstock,,8.0,,pass_verified,DMV_Teilnahmen_2015_2025_VOLLSTAENDIG
DMV-155955,38653.0,38653.0,2016,06.03.2016,2016-0063-05,5. Erzgebirgspokal,Eibenstock,,9.0,,pass_verified,DMV_Teilnahmen_2015_2025_VOLLSTAENDIG
DMV-155956,38620.0,38620.0,2016,06.03.2016,2016-0063-05,5. Erzgebirgspokal,Eibenstock,,10.0,,pass_verified,DMV_Teilnahmen_2015_2025_VOLLSTAENDIG
DMV-155957,38537.0,38537.0,2016,06.03.2016,2016-0063-05,5. Erzgebirgspokal,Eibenstock,,11.0,,pass_verified,DMV_Teilnahmen_2015_2025_VOLLSTAENDIG
DMV-155958,66805.0,66805.0,2016,06.03.2016,2016-0063-05,5. Erzgebirgspokal,Eibenstock,,12.0,,pass_verified,DMV_Teilnahmen_2015_2025_VOLLSTAENDIG
DMV-155959,65957.0,65957.0,2016,06.03.2016,2016-0063-05,5. Erzgebirgspokal,Eibenstock,,13.0,,pass_verified,DMV_Teilnahmen_2015_2025_VOLLSTAENDIG
DMV-155960,36914.0,36914.0,2016,06.03.2016,2016-0063-05,5. Erzgebirgspokal,Eibenstock,,14.0,,pass_verified,DMV_Teilnahmen_2015_2025_VOLLSTAENDIG
DMV-155961,38421.0,38421.0,2016,06.03.2016,2016-0063-05,5. Erzgebirgspokal,Eibenstock,,15.0,,pass_verified,DMV_Teilnahmen_2015_2025_VOLLSTAENDIG
DMV-155962,50402.0,50402.0,2016,06.03.2016,2016-0063-05,5. Erzgebirgspokal,Eibenstock,,16.0,,pass_verified,DMV_Teilnahmen_2015_2025_VOLLSTAENDIG
DMV-155963,38137.0,38137.0,2016,06.03.2016,2016-0063-05,5. Erzgebirgspokal,Eibenstock,,17.0,,pass_verified,DMV_Teilnahmen_2015_2025_VOLLSTAENDIG
DMV-155964,66850.0,66850.0,2016,06.03.2016,2016-0063-05,5. Erzgebirgspokal,Eibenstock,,18.0,,pass_verified,DMV_Teilnahmen_2015_2025_VOLLSTAENDIG
DMV-155965,38538.0,38538.0,2016,06.03.2016,2016-0063-05,5. Erzgebirgspokal,Eibenstock,,19.0,,pass_verified,DMV_Teilnahmen_2015_2025_VOLLSTAENDIG
DMV-155966,65873.0,65873.0,2016,06.03.2016,2016-0063-06,5. Erzgebirgspokal,Eibenstock,,1.0,,pass_verified,DMV_Teilnahmen_2015_2025_VOLLSTAENDIG
DMV-155967,38103.0,38103.0,2016,06.03.2016,2016-0063-06,5. Erzgebirgspokal,Eibenstock,,2.0,,pass_verified,DMV_Teilnahmen_2015_2025_VOLLSTAENDIG
DMV-155968,66619.0,66619.0,2016,06.03.2016,2016-0063-06,5. Erzgebirgspokal,Eibenstock,,3.0,,pass_verified,DMV_Teilnahmen_2015_2025_VOLLSTAENDIG
DMV-155969,66479.0,66479.0,2016,06.03.2016,2016-0063-06,5. Erzgebirgspokal,Eibenstock,,4.0,,pass_verified,DMV_Teilnahmen_2015_2025_VOLLSTAENDIG
DMV-155970,66412.0,66412.0,2016,06.03.2016,2016-0063-06,5. Erzgebirgspokal,Eibenstock,,6.0,,pass_verified,DMV_Teilnahmen_2015_2025_VOLLSTAENDIG
DMV-155971,5966.0,5966.0,2016,06.03.2016,2016-0063-07,5. Erzgebirgspokal,Eibenstock,,1.0,,pass_verified,DMV_Teilnahmen_2015_2025_VOLLSTAENDIG
DMV-155972,12064.0,12064.0,2016,06.03.2016,2016-0063-07,5. Erzgebirgspokal,Eibenstock,,2.0,,pass_verified,DMV_Teilnahmen_2015_2025_VOLLSTAENDIG
DMV-155973,33176.0,33176.0,2016,06.03.2016,2016-0063-07,5. Erzgebirgspokal,Eibenstock,,3.0,,pass_verified,DMV_Teilnahmen_2015_2025_VOLLSTAENDIG
DMV-155974,2284.0,2284.0,2016,06.03.2016,2016-0063-07,5. Erzgebirgspokal,Eibenstock,,3.0,,pass_verified,DMV_Teilnahmen_2015_2025_VOLLSTAENDIG
DMV-155975,37054.0,37054.0,2016,06.03.2016,2016-0063-07,5. Erzgebirgspokal,Eibenstock,,5.0,,pass_verified,DMV_Teilnahmen_2015_2025_VOLLSTAENDIG
DMV-155976,37630.0,37630.0,2016,06.03.2016,2016-0063-07,5. Erzgebirgspokal,Eibenstock,,6.0,,pass_verified,DMV_Teilnahmen_2015_2025_VOLLSTAENDIG
DMV-155977,37288.0,37288.0,2016,06.03.2016,2016-0063-07,5. Erzgebirgspokal,Eibenstock,,7.0,,pass_verified,DMV_Teilnahmen_2015_2025_VOLLSTAENDIG
DMV-155978,37290.0,37290.0,2016,06.03.2016,2016-0063-07,5. Erzgebirgspokal,Eibenstock,,8.0,,pass_verified,DMV_Teilnahmen_2015_2025_VOLLSTAENDIG
DMV-155979,38135.0,38135.0,2016,06.03.2016,2016-0063-08,5. Erzgebirgspokal,Eibenstock,,1.0,,pass_verified,DMV_Teilnahmen_2015_2025_VOLLSTAENDIG
DMV-155980,42074.0,42074.0,2016,06.03.2016,2016-0063-08,5. Erzgebirgspokal,Eibenstock,,2.0,,pass_verified,DMV_Teilnahmen_2015_2025_VOLLSTAENDIG
DMV-155981,66076.0,66076.0,2016,06.03.2016,2016-0063-08,5. Erzgebirgspokal,Eibenstock,,3.0,,pass_verified,DMV_Teilnahmen_2015_2025_VOLLSTAENDIG
DMV-155982,38102.0,38102.0,2016,06.03.2016,2016-0063-08,5. Erzgebirgspokal,Eibenstock,,4.0,,pass_verified,DMV_Teilnahmen_2015_2025_VOLLSTAENDIG
DMV-155983,66655.0,66655.0,2016,06.03.2016,2016-0063-08,5. Erzgebirgspokal,Eibenstock,,5.0,,pass_verified,DMV_Teilnahmen_2015_2025_VOLLSTAENDIG
DMV-155984,,,2016,06.03.2016,2016-0063-09,5. Erzgebirgspokal,Eibenstock,,1.0,,unresolved_identity,DMV_Teilnahmen_2015_2025_VOLLSTAENDIG
DMV-155985,35103.0,35103.0,2016,06.03.2016,2016-0063-09,5. Erzgebirgspokal,Eibenstock,,2.0,,pass_verified,DMV_Teilnahmen_2015_2025_VOLLSTAENDIG
DMV-155986,66148.0,66148.0,2016,06.03.2016,2016-0063-09,5. Erzgebirgspokal,Eibenstock,,3.0,,pass_verified,DMV_Teilnahmen_2015_2025_VOLLSTAENDIG
DMV-155987,33177.0,33177.0,2016,06.03.2016,2016-0063-09,5. Erzgebirgspokal,Eibenstock,,4.0,,pass_verified,DMV_Teilnahmen_2015_2025_VOLLSTAENDIG
DMV-155988,66753.0,66753.0,2016,06.03.2016,2016-0063-09,5. Erzgebirgspokal,Eibenstock,,5.0,,pass_verified,DMV_Teilnahmen_2015_2025_VOLLSTAENDIG
DMV-155989,44018.0,44018.0,2016,06.03.2016,2016-0063-09,5. Erzgebirgspokal,Eibenstock,,6.0,,pass_verified,DMV_Teilnahmen_2015_2025_VOLLSTAENDIG
DMV-155990,,,2016,06.03.2016,2016-0063-10,5. Erzgebirgspokal,Eibenstock,,1.0,,unresolved_identity,DMV_Teilnahmen_2015_2025_VOLLSTAENDIG
DMV-155991,66449.0,66449.0,2016,06.03.2016,2016-0063-11,5. Erzgebirgspokal,Eibenstock,,1.0,,pass_verified,DMV_Teilnahmen_2015_2025_VOLLSTAENDIG
DMV-155992,66804.0,66804.0,2016,06.03.2016,2016-0063-11,5. Erzgebirgspokal,Eibenstock,,2.0,,pass_verified,DMV_Teilnahmen_2015_2025_VOLLSTAENDIG
DMV-155993,66616.0,66616.0,2016,06.03.2016,2016-0063-11,5. Erzgebirgspokal,Eibenstock,,3.0,,pass_verified,DMV_Teilnahmen_2015_2025_VOLLSTAENDIG
DMV-155994,66857.0,66857.0,2016,06.03.2016,2016-0063-11,5. Erzgebirgspokal,Eibenstock,,4.0,,pass_verified,DMV_Teilnahmen_2015_2025_VOLLSTAENDIG
DMV-155995,66826.0,66826.0,2016,06.03.2016,2016-0063-11,5. Erzgebirgspokal,Eibenstock,,5.0,,pass_verified,DMV_Teilnahmen_2015_2025_VOLLSTAENDIG
DMV-155996,66698.0,66698.0,2016,06.03.2016,2016-0063-11,5. Erzgebirgspokal,Eibenstock,,6.0,,pass_verified,DMV_Teilnahmen_2015_2025_VOLLSTAENDIG
DMV-155997,,,2016,06.03.2016,2016-0063-12,5. Erzgebirgspokal,Eibenstock,,1.0,,unresolved_identity,DMV_Teilnahmen_2015_2025_VOLLSTAENDIG
DMV-155998,,,2019,02.-03.11.2019,2019-0002-08,Grand Prix 2019,Eibenstock,,6,,unresolved_no_pass,DMV_Teilnahmen_2015_2025_VOLLSTAENDIG
DMV-155999,,,2019,02.-03.11.2019,2019-0002-10,Grand Prix 2019,Eibenstock,,7,,unresolved_no_pass,DMV_Teilnahmen_2015_2025_VOLLSTAENDIG
DMV-156000,,,2019,03.10.2019,2019-0010-09,23. Zwei-Burgen-Turnier,Weinheim,,3,,unresolved_no_pass,DMV_Teilnahmen_2015_2025_VOLLSTAENDIG
DMV-156001,,,2019,03.10.2019,2019-0010-09,23. Zwei-Burgen-Turnier,Weinheim,,5,,unresolved_no_pass,DMV_Teilnahmen_2015_2025_VOLLSTAENDIG
DMV-156002,,,2019,21.-22.09.2019,2019-0011-06,4. Gerd Becker Gedächtnispokal,Büttgen,,28,,unresolved_no_pass,DMV_Teilnahmen_2015_2025_VOLLSTAENDIG
DMV-156003,,,2019,21.-22.09.2019,2019-0011-08,4. Gerd Becker Gedächtnispokal,Büttgen,,26,,unresolved_no_pass,DMV_Teilnahmen_2015_2025_VOLLSTAENDIG
DMV-156004,,,2019,29.09.2019,2019-0012-09,Rhein-Ruhr Jugendpokal,Herten,,6,,unresolved_no_pass,DMV_Teilnahmen_2015_2025_VOLLSTAENDIG
DMV-156005,,,2019,22.09.2019,2019-0013-04,1.Spieltag - Kombinationsrangliste der Schüler und Jugend im NBV 2019/2020,Nümbrecht,,10,,unresolved_no_pass,DMV_Teilnahmen_2015_2025_VOLLSTAENDIG
DMV-156006,,,2019,22.09.2019,2019-0014-03,3. GM-Hütter Sommer,Georgsmarienhütte,,16,,unresolved_no_pass,DMV_Teilnahmen_2015_2025_VOLLSTAENDIG
DMV-156007,,,2019,22.-24.08.2019,2019-0019-19,Deutsche Meisterschaften System Miniaturgolf,Cuxhaven-Sahlenburg,,,,unresolved_no_pass,DMV_Teilnahmen_2015_2025_VOLLSTAENDIG
DMV-156008,,,2019,10.-11.08.2019,2019-0023-05,Assindia-Pokal,Essen,,32,,unresolved_no_pass,DMV_Teilnahmen_2015_2025_VOLLSTAENDIG
DMV-156009,,,2019,10.-11.08.2019,2019-0023-07,Assindia-Pokal,Essen,,8,,unresolved_no_pass,DMV_Teilnahmen_2015_2025_VOLLSTAENDIG
DMV-156010,,,2019,10.-11.08.2019,2019-0024-03,29. Rebland-Turnier,Ohlsbach,,5,,unresolved_no_pass,DMV_Teilnahmen_2015_2025_VOLLSTAENDIG
DMV-156011,,,2019,10.-11.08.2019,2019-0024-03,29. Rebland-Turnier,Ohlsbach,,6,,unresolved_no_pass,DMV_Teilnahmen_2015_2025_VOLLSTAENDIG
DMV-156012,,,2019,10.-11.08.2019,2019-0024-03,29. Rebland-Turnier,Ohlsbach,,7,,unresolved_no_pass,DMV_Teilnahmen_2015_2025_VOLLSTAENDIG
DMV-156013,,,2019,28.07.2019,2019-0034-07,5. Spieltag 3. Bundesliga Süd Staffel 2,Tuttlingen,,30,,unresolved_no_pass,DMV_Teilnahmen_2015_2025_VOLLSTAENDIG
DMV-156014,,,2019,28.07.2019,2019-0036-03,5. Spieltag 2. Bundesliga Nord Staffel 1,Wesel,,24,,unresolved_no_pass,DMV_Teilnahmen_2015_2025_VOLLSTAENDIG
DMV-156015,,,2019,28.07.2019,2019-0036-03,5. Spieltag 2. Bundesliga Nord Staffel 1,Wesel,,27,,unresolved_no_pass,DMV_Teilnahmen_2015_2025_VOLLSTAENDIG
DMV-156016,,,2019,28.07.2019,2019-0036-03,5. Spieltag 2. Bundesliga Nord Staffel 1,Wesel,,35,,unresolved_no_pass,DMV_Teilnahmen_2015_2025_VOLLSTAENDIG
DMV-156017,,,2019,20.-21.07.2019,2019-0037-05,WDM Abt.1 2019,Wanne-Eickel  / Uerdingen,,6,,unresolved_no_pass,DMV_Teilnahmen_2015_2025_VOLLSTAENDIG
DMV-156018,,,2019,20.-21.07.2019,2019-0037-06,WDM Abt.1 2019,Wanne-Eickel  / Uerdingen,,5,,unresolved_no_pass,DMV_Teilnahmen_2015_2025_VOLLSTAENDIG
DMV-156019,,,2019,20.-21.07.2019,2019-0038-07,WDM Abt.1 2019,Wanne-Eickel  / Uerdingen,,3,,unresolved_no_pass,DMV_Teilnahmen_2015_2025_VOLLSTAENDIG
DMV-156020,,,2019,20.-21.07.2019,2019-0038-07,WDM Abt.1 2019,Wanne-Eickel  / Uerdingen,,7,,unresolved_no_pass,DMV_Teilnahmen_2015_2025_VOLLSTAENDIG
DMV-156021,,,2019,20.-21.07.2019,2019-0038-07,WDM Abt.1 2019,Wanne-Eickel  / Uerdingen,,9,,unresolved_no_pass,DMV_Teilnahmen_2015_2025_VOLLSTAENDIG
DMV-156022,,,2019,20.-21.07.2019,2019-0038-07,WDM Abt.1 2019,Wanne-Eickel  / Uerdingen,,,,unresolved_no_pass,DMV_Teilnahmen_2015_2025_VOLLSTAENDIG
DMV-156023,,,2019,20.-21.07.2019,2019-0038-07,WDM Abt.1 2019,Wanne-Eickel  / Uerdingen,,,,unresolved_no_pass,DMV_Teilnahmen_2015_2025_VOLLSTAENDIG
DMV-156024,,,2019,20.-21.07.2019,2019-0038-07,WDM Abt.1 2019,Wanne-Eickel  / Uerdingen,,,,unresolved_no_pass,DMV_Teilnahmen_2015_2025_VOLLSTAENDIG
DMV-156025,,,2019,20.-21.07.2019,2019-0038-07,WDM Abt.1 2019,Wanne-Eickel  / Uerdingen,,,,unresolved_no_pass,DMV_Teilnahmen_2015_2025_VOLLSTAENDIG
DMV-156026,,,2019,20.-21.07.2019,2019-0038-07,WDM Abt.1 2019,Wanne-Eickel  / Uerdingen,,,,unresolved_no_pass,DMV_Teilnahmen_2015_2025_VOLLSTAENDIG
DMV-156027,,,2019,20.-21.07.2019,2019-0038-07,WDM Abt.1 2019,Wanne-Eickel  / Uerdingen,,,,unresolved_no_pass,DMV_Teilnahmen_2015_2025_VOLLSTAENDIG
DMV-156028,,,2019,20.-21.07.2019,2019-0038-07,WDM Abt.1 2019,Wanne-Eickel  / Uerdingen,,,,unresolved_no_pass,DMV_Teilnahmen_2015_2025_VOLLSTAENDIG
DMV-156029,,,2019,20.-21.07.2019,2019-0038-07,WDM Abt.1 2019,Wanne-Eickel  / Uerdingen,,,,unresolved_no_pass,DMV_Teilnahmen_2015_2025_VOLLSTAENDIG
DMV-156030,,,2019,07.07.2019,2019-0042-06,7. Oveney Open,Felderbachtal,,2,,unresolved_no_pass,DMV_Teilnahmen_2015_2025_VOLLSTAENDIG
DMV-156031,,,2019,07.07.2019,2019-0042-10,7. Oveney Open,Felderbachtal,,2,,unresolved_no_pass,DMV_Teilnahmen_2015_2025_VOLLSTAENDIG
DMV-156032,,,2019,23.06.2019,2019-0043-11,3. Saale-Cup 2019,Hohenwarte,,2,,unresolved_no_pass,DMV_Teilnahmen_2015_2025_VOLLSTAENDIG
DMV-156033,,,2019,23.06.2019,2019-0043-11,3. Saale-Cup 2019,Hohenwarte,,3,,unresolved_no_pass,DMV_Teilnahmen_2015_2025_VOLLSTAENDIG
DMV-156034,,,2019,23.06.2019,2019-0043-11,3. Saale-Cup 2019,Hohenwarte,,4,,unresolved_no_pass,DMV_Teilnahmen_2015_2025_VOLLSTAENDIG
DMV-156035,,,2019,23.06.2019,2019-0043-11,3. Saale-Cup 2019,Hohenwarte,,5,,unresolved_no_pass,DMV_Teilnahmen_2015_2025_VOLLSTAENDIG
DMV-156036,,,2019,23.06.2019,2019-0043-11,3. Saale-Cup 2019,Hohenwarte,,6,,unresolved_no_pass,DMV_Teilnahmen_2015_2025_VOLLSTAENDIG
DMV-156037,,,2019,23.06.2019,2019-0043-11,3. Saale-Cup 2019,Hohenwarte,,7,,unresolved_no_pass,DMV_Teilnahmen_2015_2025_VOLLSTAENDIG
DMV-156038,,,2019,23.06.2019,2019-0043-12,3. Saale-Cup 2019,Hohenwarte,,1,,unresolved_no_pass,DMV_Teilnahmen_2015_2025_VOLLSTAENDIG
DMV-156039,,,2019,23.06.2019,2019-0043-12,3. Saale-Cup 2019,Hohenwarte,,,,unresolved_no_pass,DMV_Teilnahmen_2015_2025_VOLLSTAENDIG
DMV-156040,,,2019,23.06.2019,2019-0043-12,3. Saale-Cup 2019,Hohenwarte,,,,unresolved_no_pass,DMV_Teilnahmen_2015_2025_VOLLSTAENDIG
DMV-156041,,,2019,23.06.2019,2019-0043-12,3. Saale-Cup 2019,Hohenwarte,,,,unresolved_no_pass,DMV_Teilnahmen_2015_2025_VOLLSTAENDIG
DMV-156042,,,2019,23.06.2019,2019-0043-12,3. Saale-Cup 2019,Hohenwarte,,,,unresolved_no_pass,DMV_Teilnahmen_2015_2025_VOLLSTAENDIG
DMV-156043,,,2019,23.06.2019,2019-0043-12,3. Saale-Cup 2019,Hohenwarte,,,,unresolved_no_pass,DMV_Teilnahmen_2015_2025_VOLLSTAENDIG
DMV-156044,,,2019,23.06.2019,2019-0043-12,3. Saale-Cup 2019,Hohenwarte,,,,unresolved_no_pass,DMV_Teilnahmen_2015_2025_VOLLSTAENDIG
DMV-156045,,,2019,23.06.2019,2019-0043-12,3. Saale-Cup 2019,Hohenwarte,,,,unresolved_no_pass,DMV_Teilnahmen_2015_2025_VOLLSTAENDIG
DMV-156046,,,2019,23.06.2019,2019-0043-12,3. Saale-Cup 2019,Hohenwarte,,,,unresolved_no_pass,DMV_Teilnahmen_2015_2025_VOLLSTAENDIG
DMV-156047,,,2019,14.-16.06.2019,2019-0050-08,World Adventure Golf Masters 2019,Kungälv/SWE,,12,,unresolved_no_pass,DMV_Teilnahmen_2015_2025_VOLLSTAENDIG
DMV-156048,,,2019,14.-16.06.2019,2019-0050-08,World Adventure Golf Masters 2019,Kungälv/SWE,,16,,unresolved_no_pass,DMV_Teilnahmen_2015_2025_VOLLSTAENDIG
DMV-156049,,,2019,14.-16.06.2019,2019-0050-10,World Adventure Golf Masters 2019,Kungälv/SWE,,3,,unresolved_no_pass,DMV_Teilnahmen_2015_2025_VOLLSTAENDIG
DMV-156050,,,2019,09.06.2019,2019-0052-08,19. Hoferkopfturnier,Friedrichsthal,,12,,unresolved_no_pass,DMV_Teilnahmen_2015_2025_VOLLSTAENDIG
DMV-156051,,,2019,09.06.2019,2019-0052-08,19. Hoferkopfturnier,Friedrichsthal,,16,,unresolved_no_pass,DMV_Teilnahmen_2015_2025_VOLLSTAENDIG
DMV-156052,,,2019,31.05.- 02.06.2019,2019-0056-13,34. Elbe-Weser-Pokalturnier,Cuxhaven,,17,,unresolved_no_pass,DMV_Teilnahmen_2015_2025_VOLLSTAENDIG
DMV-156053,,,2019,26.05.2019,2019-0057-03,4. Spieltag der 1. Bundesliga Nord,Hamburg,,27,,unresolved_no_pass,DMV_Teilnahmen_2015_2025_VOLLSTAENDIG
DMV-156054,,,2019,26.05.2019,2019-0057-03,4. Spieltag der 1. Bundesliga Nord,Hamburg,,30,,unresolved_no_pass,DMV_Teilnahmen_2015_2025_VOLLSTAENDIG
DMV-156055,,,2019,26.05.2019,2019-0062-09,4. Meisterschaftsspiel Bezirksliga 4 NBV,Velbert- Langenb.,,7,,unresolved_no_pass,DMV_Teilnahmen_2015_2025_VOLLSTAENDIG
DMV-156056,,,2019,26.05.2019,2019-0062-09,4. Meisterschaftsspiel Bezirksliga 4 NBV,Velbert- Langenb.,,15,,unresolved_no_pass,DMV_Teilnahmen_2015_2025_VOLLSTAENDIG
DMV-156057,,,2019,12.05.2019,2019-0064-06,2. Wanderpokal des MGC Nümbrecht,Nümbrecht,,3,,unresolved_no_pass,DMV_Teilnahmen_2015_2025_VOLLSTAENDIG
DMV-156058,,,2019,12.05.2019,2019-0064-08,2. Wanderpokal des MGC Nümbrecht,Nümbrecht,,4,,unresolved_no_pass,DMV_Teilnahmen_2015_2025_VOLLSTAENDIG
DMV-156059,,,2019,05.05.2019,2019-0067-03,2. Spieltag 3. Bundesliga Nord Staffel 2,Bremen,,27,,unresolved_no_pass,DMV_Teilnahmen_2015_2025_VOLLSTAENDIG
DMV-156060,,,2019,05.05.2019,2019-0067-03,2. Spieltag 3. Bundesliga Nord Staffel 2,Bremen,,31,,unresolved_no_pass,DMV_Teilnahmen_2015_2025_VOLLSTAENDIG
DMV-156061,,,2019,05.05.2019,2019-0071-03,3. Spieltag der 1. Bundesliga Nord,Wanne-Eickel,,24,,unresolved_no_pass,DMV_Teilnahmen_2015_2025_VOLLSTAENDIG
DMV-156062,,,2019,05.05.2019,2019-0071-03,3. Spieltag der 1. Bundesliga Nord,Wanne-Eickel,,48,,unresolved_no_pass,DMV_Teilnahmen_2015_2025_VOLLSTAENDIG
DMV-156063,,,2019,05.05.2019,2019-0071-03,3. Spieltag der 1. Bundesliga Nord,Wanne-Eickel,,5,,unresolved_no_pass,DMV_Teilnahmen_2015_2025_VOLLSTAENDIG
DMV-156064,,,2019,05.05.2019,2019-0071-03,3. Spieltag der 1. Bundesliga Nord,Wanne-Eickel,,5,,unresolved_no_pass,DMV_Teilnahmen_2015_2025_VOLLSTAENDIG
DMV-156065,,,2019,05.05.2019,2019-0071-03,3. Spieltag der 1. Bundesliga Nord,Wanne-Eickel,,3,,unresolved_no_pass,DMV_Teilnahmen_2015_2025_VOLLSTAENDIG
DMV-156066,,,2019,05.05.2019,2019-0071-03,3. Spieltag der 1. Bundesliga Nord,Wanne-Eickel,,4,,unresolved_no_pass,DMV_Teilnahmen_2015_2025_VOLLSTAENDIG
DMV-156067,,,2019,05.05.2019,2019-0071-03,3. Spieltag der 1. Bundesliga Nord,Wanne-Eickel,,11,,unresolved_no_pass,DMV_Teilnahmen_2015_2025_VOLLSTAENDIG
DMV-156068,,,2019,05.05.2019,2019-0071-03,3. Spieltag der 1. Bundesliga Nord,Wanne-Eickel,,1,,unresolved_no_pass,DMV_Teilnahmen_2015_2025_VOLLSTAENDIG
DMV-156069,,,2019,05.05.2019,2019-0071-03,3. Spieltag der 1. Bundesliga Nord,Wanne-Eickel,,2,,unresolved_no_pass,DMV_Teilnahmen_2015_2025_VOLLSTAENDIG
DMV-156070,,,2019,05.05.2019,2019-0071-03,3. Spieltag der 1. Bundesliga Nord,Wanne-Eickel,,3,,unresolved_no_pass,DMV_Teilnahmen_2015_2025_VOLLSTAENDIG
DMV-156071,,,2019,05.05.2019,2019-0071-03,3. Spieltag der 1. Bundesliga Nord,Wanne-Eickel,,3,,unresolved_no_pass,DMV_Teilnahmen_2015_2025_VOLLSTAENDIG
DMV-156072,,,2019,05.05.2019,2019-0071-03,3. Spieltag der 1. Bundesliga Nord,Wanne-Eickel,,4,,unresolved_no_pass,DMV_Teilnahmen_2015_2025_VOLLSTAENDIG
DMV-156073,,,2019,05.05.2019,2019-0071-03,3. Spieltag der 1. Bundesliga Nord,Wanne-Eickel,,5,,unresolved_no_pass,DMV_Teilnahmen_2015_2025_VOLLSTAENDIG
DMV-156074,,,2019,05.05.2019,2019-0071-03,3. Spieltag der 1. Bundesliga Nord,Wanne-Eickel,,6,,unresolved_no_pass,DMV_Teilnahmen_2015_2025_VOLLSTAENDIG
DMV-156075,,,2019,05.05.2019,2019-0071-03,3. Spieltag der 1. Bundesliga Nord,Wanne-Eickel,,7,,unresolved_no_pass,DMV_Teilnahmen_2015_2025_VOLLSTAENDIG
DMV-156076,,,2019,05.05.2019,2019-0071-03,3. Spieltag der 1. Bundesliga Nord,Wanne-Eickel,,3,,unresolved_no_pass,DMV_Teilnahmen_2015_2025_VOLLSTAENDIG
DMV-156077,,,2019,20.-21.04.2019,2019-0076-06,54. Internationales Osterturnier,Weinheim,,10,,unresolved_no_pass,DMV_Teilnahmen_2015_2025_VOLLSTAENDIG
DMV-156078,,,2019,20.-21.04.2019,2019-0076-06,54. Internationales Osterturnier,Weinheim,,22,,unresolved_no_pass,DMV_Teilnahmen_2015_2025_VOLLSTAENDIG
DMV-156079,,,2019,20.-21.04.2019,2019-0076-10,54. Internationales Osterturnier,Weinheim,,2,,unresolved_no_pass,DMV_Teilnahmen_2015_2025_VOLLSTAENDIG
DMV-156080,,,2019,20.-21.04.2019,2019-0076-10,54. Internationales Osterturnier,Weinheim,,5,,unresolved_no_pass,DMV_Teilnahmen_2015_2025_VOLLSTAENDIG
DMV-156081,,,2019,20.-21.04.2019,2019-0076-11,54. Internationales Osterturnier,Weinheim,,5,,unresolved_no_pass,DMV_Teilnahmen_2015_2025_VOLLSTAENDIG
DMV-156082,,,2019,20.-21.04.2019,2019-0076-11,54. Internationales Osterturnier,Weinheim,,7,,unresolved_no_pass,DMV_Teilnahmen_2015_2025_VOLLSTAENDIG
DMV-156083,,,2019,20.-21.04.2019,2019-0076-11,54. Internationales Osterturnier,Weinheim,,10,,unresolved_no_pass,DMV_Teilnahmen_2015_2025_VOLLSTAENDIG
DMV-156084,,,2019,20.-21.04.2019,2019-0076-11,54. Internationales Osterturnier,Weinheim,,14,,unresolved_no_pass,DMV_Teilnahmen_2015_2025_VOLLSTAENDIG
DMV-156085,,,2019,14.04.2019,2019-0078-03,2. Spieltag der 1. Bundesliga Nord,Wanne-Eickel,,37,,unresolved_no_pass,DMV_Teilnahmen_2015_2025_VOLLSTAENDIG
DMV-156086,,,2019,14.04.2019,2019-0080-03,2. Spieltag 2. Bundesliga Nord Staffel 1,Bochum,,37,,unresolved_no_pass,DMV_Teilnahmen_2015_2025_VOLLSTAENDIG
DMV-156087,,,2019,31.03.2019,2019-0089-03,"3. Bundesliga Nord Staffel I, 1. Spieltag",Bad Godesberg,,26,,unresolved_no_pass,DMV_Teilnahmen_2015_2025_VOLLSTAENDIG
DMV-156088,,,2019,31.03.2019,2019-0089-03,"3. Bundesliga Nord Staffel I, 1. Spieltag",Bad Godesberg,,27,,unresolved_no_pass,DMV_Teilnahmen_2015_2025_VOLLSTAENDIG
DMV-156089,,,2019,31.03.2019,2019-0093-03,"1. Bundesliga Nord, 1. Spieltag",Wallenhorst,,40,,unresolved_no_pass,DMV_Teilnahmen_2015_2025_VOLLSTAENDIG
DMV-156090,,,2019,31.03.2019,2019-0093-03,"1. Bundesliga Nord, 1. Spieltag",Wallenhorst,,42,,unresolved_no_pass,DMV_Teilnahmen_2015_2025_VOLLSTAENDIG
DMV-156091,,,2019,31.03.2019,2019-0093-03,"1. Bundesliga Nord, 1. Spieltag",Wallenhorst,,45,,unresolved_no_pass,DMV_Teilnahmen_2015_2025_VOLLSTAENDIG
DMV-156092,,,2019,24.03.2019,2019-0095-03,Seniorenliga Baden,Ohlsbach,,25,,unresolved_no_pass,DMV_Teilnahmen_2015_2025_VOLLSTAENDIG
DMV-156093,,,2024,03.10.2024,2024-0018-12,28. Zwei-Burgen-Turnier,Weinheim,,5,,unresolved_no_pass,DMV_Teilnahmen_2015_2025_VOLLSTAENDIG
DMV-156094,,,2024,03.10.2024,2024-0018-12,28. Zwei-Burgen-Turnier,Weinheim,,7,,unresolved_no_pass,DMV_Teilnahmen_2015_2025_VOLLSTAENDIG
DMV-156095,,,2024,03.10.2024,2024-0018-12,28. Zwei-Burgen-Turnier,Weinheim,,9,,unresolved_no_pass,DMV_Teilnahmen_2015_2025_VOLLSTAENDIG
DMV-156096,,,2024,01.09.2024,2024-0050-04,55. Schloßberg Pokalturnier,Pegnitz,,12,,unresolved_no_pass,DMV_Teilnahmen_2015_2025_VOLLSTAENDIG
DMV-156097,,,2024,01.09.2024,2024-0052-05,43. Rheinau-Pokalturnier,Rheinau,,23,,unresolved_no_pass,DMV_Teilnahmen_2015_2025_VOLLSTAENDIG
DMV-156098,,,2024,01.09.2024,2024-0052-05,43. Rheinau-Pokalturnier,Rheinau,,24,,unresolved_no_pass,DMV_Teilnahmen_2015_2025_VOLLSTAENDIG
DMV-156099,,,2024,01.09.2024,2024-0052-05,43. Rheinau-Pokalturnier,Rheinau,,25,,unresolved_no_pass,DMV_Teilnahmen_2015_2025_VOLLSTAENDIG
DMV-156100,,,2024,01.09.2024,2024-0052-06,43. Rheinau-Pokalturnier,Rheinau,,3,,unresolved_no_pass,DMV_Teilnahmen_2015_2025_VOLLSTAENDIG
DMV-156101,,,2024,01.09.2024,2024-0052-06,43. Rheinau-Pokalturnier,Rheinau,,4,,unresolved_no_pass,DMV_Teilnahmen_2015_2025_VOLLSTAENDIG
DMV-156102,,,2024,08.-10.08.2024,2024-0066-10,68. Deutsche Meisterschaften System Beton,Herten,,,,unresolved_no_pass,DMV_Teilnahmen_2015_2025_VOLLSTAENDIG
DMV-156103,,,2024,08.-10.08.2024,2024-0066-10,68. Deutsche Meisterschaften System Beton,Herten,,,,unresolved_no_pass,DMV_Teilnahmen_2015_2025_VOLLSTAENDIG
DMV-156104,,,2024,08.-10.08.2024,2024-0066-10,68. Deutsche Meisterschaften System Beton,Herten,,,,unresolved_no_pass,DMV_Teilnahmen_2015_2025_VOLLSTAENDIG
DMV-156105,,,2024,08.-10.08.2024,2024-0066-10,68. Deutsche Meisterschaften System Beton,Herten,,,,unresolved_no_pass,DMV_Teilnahmen_2015_2025_VOLLSTAENDIG
DMV-156106,,,2024,08.-10.08.2024,2024-0066-10,68. Deutsche Meisterschaften System Beton,Herten,,,,unresolved_no_pass,DMV_Teilnahmen_2015_2025_VOLLSTAENDIG
DMV-156107,,,2024,08.-10.08.2024,2024-0066-10,68. Deutsche Meisterschaften System Beton,Herten,,,,unresolved_no_pass,DMV_Teilnahmen_2015_2025_VOLLSTAENDIG
DMV-156108,,,2024,08.-10.08.2024,2024-0066-10,68. Deutsche Meisterschaften System Beton,Herten,,,,unresolved_no_pass,DMV_Teilnahmen_2015_2025_VOLLSTAENDIG
DMV-156109,,,2024,21.07.2024,2024-0097-04,HochrheinCup,Waldshut,,30,,unresolved_no_pass,DMV_Teilnahmen_2015_2025_VOLLSTAENDIG
DMV-156110,,,2024,17.-19.07.2024,2024-0098-08,Deutsche Meisterschaften Allgemeine Klasse,Neutraubling,,,,unresolved_no_pass,DMV_Teilnahmen_2015_2025_VOLLSTAENDIG
DMV-156111,,,2024,17.-19.07.2024,2024-0098-08,Deutsche Meisterschaften Allgemeine Klasse,Neutraubling,,,,unresolved_no_pass,DMV_Teilnahmen_2015_2025_VOLLSTAENDIG
DMV-156112,,,2024,17.-19.07.2024,2024-0098-08,Deutsche Meisterschaften Allgemeine Klasse,Neutraubling,,,,unresolved_no_pass,DMV_Teilnahmen_2015_2025_VOLLSTAENDIG
DMV-156113,,,2024,17.-19.07.2024,2024-0098-08,Deutsche Meisterschaften Allgemeine Klasse,Neutraubling,,,,unresolved_no_pass,DMV_Teilnahmen_2015_2025_VOLLSTAENDIG
DMV-156114,,,2024,17.-19.07.2024,2024-0098-08,Deutsche Meisterschaften Allgemeine Klasse,Neutraubling,,,,unresolved_no_pass,DMV_Teilnahmen_2015_2025_VOLLSTAENDIG
DMV-156115,,,2024,17.-19.07.2024,2024-0098-08,Deutsche Meisterschaften Allgemeine Klasse,Neutraubling,,,,unresolved_no_pass,DMV_Teilnahmen_2015_2025_VOLLSTAENDIG
DMV-156116,,,2024,04.-06.07.2024,2024-0104-15,Deutsche Minigolf Jugend-Meisterschaften,Bildstock,,,,unresolved_no_pass,DMV_Teilnahmen_2015_2025_VOLLSTAENDIG
DMV-156117,,,2024,04.-06.07.2024,2024-0104-15,Deutsche Minigolf Jugend-Meisterschaften,Bildstock,,,,unresolved_no_pass,DMV_Teilnahmen_2015_2025_VOLLSTAENDIG
DMV-156118,,,2024,04.-06.07.2024,2024-0104-15,Deutsche Minigolf Jugend-Meisterschaften,Bildstock,,,,unresolved_no_pass,DMV_Teilnahmen_2015_2025_VOLLSTAENDIG
DMV-156119,,,2024,04.-06.07.2024,2024-0104-15,Deutsche Minigolf Jugend-Meisterschaften,Bildstock,,,,unresolved_no_pass,DMV_Teilnahmen_2015_2025_VOLLSTAENDIG
DMV-156120,,,2024,04.-06.07.2024,2024-0104-15,Deutsche Minigolf Jugend-Meisterschaften,Bildstock,,,,unresolved_no_pass,DMV_Teilnahmen_2015_2025_VOLLSTAENDIG
DMV-156121,,,2024,04.-06.07.2024,2024-0104-15,Deutsche Minigolf Jugend-Meisterschaften,Bildstock,,,,unresolved_no_pass,DMV_Teilnahmen_2015_2025_VOLLSTAENDIG
DMV-156122,,,2024,23.06.2024,2024-0106-09,Freundschaftsturnier des MGC Berg. Gladbach Gierath,Berg. Gladb. Gierath,,,,unresolved_no_pass,DMV_Teilnahmen_2015_2025_VOLLSTAENDIG
DMV-156123,,,2024,23.06.2024,2024-0106-09,Freundschaftsturnier des MGC Berg. Gladbach Gierath,Berg. Gladb. Gierath,,,,unresolved_no_pass,DMV_Teilnahmen_2015_2025_VOLLSTAENDIG
DMV-156124,,,2024,23.06.2024,2024-0106-09,Freundschaftsturnier des MGC Berg. Gladbach Gierath,Berg. Gladb. Gierath,,,,unresolved_no_pass,DMV_Teilnahmen_2015_2025_VOLLSTAENDIG
DMV-156125,,,2024,23.06.2024,2024-0106-09,Freundschaftsturnier des MGC Berg. Gladbach Gierath,Berg. Gladb. Gierath,,,,unresolved_no_pass,DMV_Teilnahmen_2015_2025_VOLLSTAENDIG
DMV-156126,,,2024,23.06.2024,2024-0106-09,Freundschaftsturnier des MGC Berg. Gladbach Gierath,Berg. Gladb. Gierath,,,,unresolved_no_pass,DMV_Teilnahmen_2015_2025_VOLLSTAENDIG
DMV-156127,,,2024,23.06.2024,2024-0106-09,Freundschaftsturnier des MGC Berg. Gladbach Gierath,Berg. Gladb. Gierath,,,,unresolved_no_pass,DMV_Teilnahmen_2015_2025_VOLLSTAENDIG
DMV-156128,,,2024,23.06.2024,2024-0106-09,Freundschaftsturnier des MGC Berg. Gladbach Gierath,Berg. Gladb. Gierath,,,,unresolved_no_pass,DMV_Teilnahmen_2015_2025_VOLLSTAENDIG
DMV-156129,,,2024,30.05.2024,2024-0134-04,Assindia-Pokal-Turnier,Essen,,12,,unresolved_no_pass,DMV_Teilnahmen_2015_2025_VOLLSTAENDIG
DMV-156130,,,2024,26.05.2024,2024-0136-04,3. Meisterschaftsspiel NBV Bezirksliga 2,Wanne-Eickel,,7,,unresolved_no_pass,DMV_Teilnahmen_2015_2025_VOLLSTAENDIG
DMV-156131,,,2024,04.-06.04.2024,2024-0197-09,Jugend-/U23-Länderpokal,Höchberg,,,,unresolved_no_pass,DMV_Teilnahmen_2015_2025_VOLLSTAENDIG
DMV-156132,,,2024,04.-06.04.2024,2024-0197-09,Jugend-/U23-Länderpokal,Höchberg,,,,unresolved_no_pass,DMV_Teilnahmen_2015_2025_VOLLSTAENDIG
DMV-156133,,,2024,04.-06.04.2024,2024-0197-09,Jugend-/U23-Länderpokal,Höchberg,,,,unresolved_no_pass,DMV_Teilnahmen_2015_2025_VOLLSTAENDIG
DMV-156134,,,2024,04.-06.04.2024,2024-0197-09,Jugend-/U23-Länderpokal,Höchberg,,,,unresolved_no_pass,DMV_Teilnahmen_2015_2025_VOLLSTAENDIG
DMV-156135,,,2024,04.-06.04.2024,2024-0197-09,Jugend-/U23-Länderpokal,Höchberg,,,,unresolved_no_pass,DMV_Teilnahmen_2015_2025_VOLLSTAENDIG
DMV-156136,,,2024,04.-06.04.2024,2024-0197-09,Jugend-/U23-Länderpokal,Höchberg,,,,unresolved_no_pass,DMV_Teilnahmen_2015_2025_VOLLSTAENDIG
DMV-156137,,,2024,04.-06.04.2024,2024-0197-09,Jugend-/U23-Länderpokal,Höchberg,,,,unresolved_no_pass,DMV_Teilnahmen_2015_2025_VOLLSTAENDIG
DMV-156138,,,2024,30.-31.03.2024,2024-0201-04,57. Internationales Osterturnier,Weinheim,,8,,unresolved_no_pass,DMV_Teilnahmen_2015_2025_VOLLSTAENDIG
DMV-156139,,,2024,30.-31.03.2024,2024-0201-08,57. Internationales Osterturnier,Weinheim,,4,,unresolved_no_pass,DMV_Teilnahmen_2015_2025_VOLLSTAENDIG
DMV-156140,,,2024,30.-31.03.2024,2024-0201-08,57. Internationales Osterturnier,Weinheim,,8,,unresolved_no_pass,DMV_Teilnahmen_2015_2025_VOLLSTAENDIG
DMV-156141,,,2024,30.-31.03.2024,2024-0201-10,57. Internationales Osterturnier,Weinheim,,6,,unresolved_no_pass,DMV_Teilnahmen_2015_2025_VOLLSTAENDIG
DMV-156142,,,2024,30.03.2024,2024-0203-04,18. OSTER-EInladungsturnier,Velbert,,15,,unresolved_no_pass,DMV_Teilnahmen_2015_2025_VOLLSTAENDIG
DMV-156143,,,2024,30.03.2024,2024-0203-04,18. OSTER-EInladungsturnier,Velbert,,21,,unresolved_no_pass,DMV_Teilnahmen_2015_2025_VOLLSTAENDIG
DMV-156144,,,2024,30.03.2024,2024-0203-08,18. OSTER-EInladungsturnier,Velbert,,12,,unresolved_no_pass,DMV_Teilnahmen_2015_2025_VOLLSTAENDIG
DMV-156145,,,2024,17.03.2024,2024-0206-05,14. Turnier zum Frühlingserwachen,Ohlsbach,,3,,unresolved_no_pass,DMV_Teilnahmen_2015_2025_VOLLSTAENDIG
DMV-156146,,,2024,17.03.2024,2024-0206-05,14. Turnier zum Frühlingserwachen,Ohlsbach,,7,,unresolved_no_pass,DMV_Teilnahmen_2015_2025_VOLLSTAENDIG
DMV-156147,,,2024,17.03.2024,2024-0206-05,14. Turnier zum Frühlingserwachen,Ohlsbach,,9,,unresolved_no_pass,DMV_Teilnahmen_2015_2025_VOLLSTAENDIG
DMV-156148,,,2024,17.03.2024,2024-0206-05,14. Turnier zum Frühlingserwachen,Ohlsbach,,15,,unresolved_no_pass,DMV_Teilnahmen_2015_2025_VOLLSTAENDIG
DMV-156149,,,2024,17.03.2024,2024-0206-05,14. Turnier zum Frühlingserwachen,Ohlsbach,,16,,unresolved_no_pass,DMV_Teilnahmen_2015_2025_VOLLSTAENDIG
DMV-156150,,,2024,17.03.2024,2024-0206-05,14. Turnier zum Frühlingserwachen,Ohlsbach,,19,,unresolved_no_pass,DMV_Teilnahmen_2015_2025_VOLLSTAENDIG
DMV-156151,,,2023,22.10.2023,2023-0006-04,5.  Josef Pecks Gedächtnisturnier,Kerpen,,12,,unresolved_no_pass,DMV_Teilnahmen_2015_2025_VOLLSTAENDIG
DMV-156152,,,2023,03.10.2023,2023-0011-11,27. Zwei-Burgen-Turnier,Weinheim,,2,,unresolved_no_pass,DMV_Teilnahmen_2015_2025_VOLLSTAENDIG
DMV-156153,,,2023,03.10.2023,2023-0011-11,27. Zwei-Burgen-Turnier,Weinheim,,4,,unresolved_no_pass,DMV_Teilnahmen_2015_2025_VOLLSTAENDIG
DMV-156154,,,2023,03.10.2023,2023-0011-11,27. Zwei-Burgen-Turnier,Weinheim,,6,,unresolved_no_pass,DMV_Teilnahmen_2015_2025_VOLLSTAENDIG
DMV-156155,,,2023,03.10.2023,2023-0011-11,27. Zwei-Burgen-Turnier,Weinheim,,9,,unresolved_no_pass,DMV_Teilnahmen_2015_2025_VOLLSTAENDIG
DMV-156156,,,2023,03.10.2023,2023-0011-11,27. Zwei-Burgen-Turnier,Weinheim,,9,,unresolved_no_pass,DMV_Teilnahmen_2015_2025_VOLLSTAENDIG
DMV-156157,,,2023,03.10.2023,2023-0011-11,27. Zwei-Burgen-Turnier,Weinheim,,11,,unresolved_no_pass,DMV_Teilnahmen_2015_2025_VOLLSTAENDIG
DMV-156158,,,2023,03.10.2023,2023-0011-11,27. Zwei-Burgen-Turnier,Weinheim,,14,,unresolved_no_pass,DMV_Teilnahmen_2015_2025_VOLLSTAENDIG
DMV-156159,,,2023,03.10.2023,2023-0012-04,9. Wassermühlen-Cup,Osnabrück,,24,,unresolved_no_pass,DMV_Teilnahmen_2015_2025_VOLLSTAENDIG
DMV-156160,,,2023,03.10.2023,2023-0012-05,9. Wassermühlen-Cup,Osnabrück,,19,,unresolved_no_pass,DMV_Teilnahmen_2015_2025_VOLLSTAENDIG
DMV-156161,,,2023,10.09.2023,2023-0033-04,42. Rheinau-Pokalturnier,Rheinau-Freistett,,9,,unresolved_no_pass,DMV_Teilnahmen_2015_2025_VOLLSTAENDIG
DMV-156162,,,2023,10.09.2023,2023-0033-05,42. Rheinau-Pokalturnier,Rheinau-Freistett,,16,,unresolved_no_pass,DMV_Teilnahmen_2015_2025_VOLLSTAENDIG
DMV-156163,,,2023,10.09.2023,2023-0033-05,42. Rheinau-Pokalturnier,Rheinau-Freistett,,18,,unresolved_no_pass,DMV_Teilnahmen_2015_2025_VOLLSTAENDIG
DMV-156164,,,2023,10.09.2023,2023-0033-05,42. Rheinau-Pokalturnier,Rheinau-Freistett,,19,,unresolved_no_pass,DMV_Teilnahmen_2015_2025_VOLLSTAENDIG
DMV-156165,,,2023,10.09.2023,2023-0033-05,42. Rheinau-Pokalturnier,Rheinau-Freistett,,21,,unresolved_no_pass,DMV_Teilnahmen_2015_2025_VOLLSTAENDIG
DMV-156166,,,2023,10.09.2023,2023-0034-06,50. Staffelseepokal Turnier,Murnau,,10,,unresolved_no_pass,DMV_Teilnahmen_2015_2025_VOLLSTAENDIG
DMV-156167,,,2023,10.09.2023,2023-0034-07,50. Staffelseepokal Turnier,Murnau,,20,,unresolved_no_pass,DMV_Teilnahmen_2015_2025_VOLLSTAENDIG
DMV-156168,,,2023,10.09.2023,2023-0034-07,50. Staffelseepokal Turnier,Murnau,,31,,unresolved_no_pass,DMV_Teilnahmen_2015_2025_VOLLSTAENDIG
DMV-156169,,,2023,10.09.2023,2023-0034-07,50. Staffelseepokal Turnier,Murnau,,36,,unresolved_no_pass,DMV_Teilnahmen_2015_2025_VOLLSTAENDIG
DMV-156170,,,2023,10.09.2023,2023-0035-04,Schlossbergpokal Pegnitz 2023,Pegnitz,,12,,unresolved_no_pass,DMV_Teilnahmen_2015_2025_VOLLSTAENDIG
DMV-156171,,,2023,27.08.2023,2023-0045-12,20. Fun-Sports-Cup 2023,Bamberg,,,,unresolved_no_pass,DMV_Teilnahmen_2015_2025_VOLLSTAENDIG
DMV-156172,,,2023,27.08.2023,2023-0045-12,20. Fun-Sports-Cup 2023,Bamberg,,,,unresolved_no_pass,DMV_Teilnahmen_2015_2025_VOLLSTAENDIG
DMV-156173,,,2023,27.08.2023,2023-0045-12,20. Fun-Sports-Cup 2023,Bamberg,,,,unresolved_no_pass,DMV_Teilnahmen_2015_2025_VOLLSTAENDIG
DMV-156174,,,2023,23.07.2023,2023-0074-04,Baggersee Cup,Ingolstadt,,14,,unresolved_no_pass,DMV_Teilnahmen_2015_2025_VOLLSTAENDIG
DMV-156175,,,2023,19.-21.07.2023,2023-0075-09,Deutsche Minigolf-Meisterschaften Allg. Klasse,Bad Münder,,,,unresolved_no_pass,DMV_Teilnahmen_2015_2025_VOLLSTAENDIG
DMV-156176,,,2023,19.-21.07.2023,2023-0075-09,Deutsche Minigolf-Meisterschaften Allg. Klasse,Bad Münder,,,,unresolved_no_pass,DMV_Teilnahmen_2015_2025_VOLLSTAENDIG
DMV-156177,,,2023,19.-21.07.2023,2023-0075-09,Deutsche Minigolf-Meisterschaften Allg. Klasse,Bad Münder,,,,unresolved_no_pass,DMV_Teilnahmen_2015_2025_VOLLSTAENDIG
DMV-156178,,,2023,19.-21.07.2023,2023-0075-09,Deutsche Minigolf-Meisterschaften Allg. Klasse,Bad Münder,,,,unresolved_no_pass,DMV_Teilnahmen_2015_2025_VOLLSTAENDIG
DMV-156179,,,2023,19.-21.07.2023,2023-0075-09,Deutsche Minigolf-Meisterschaften Allg. Klasse,Bad Münder,,,,unresolved_no_pass,DMV_Teilnahmen_2015_2025_VOLLSTAENDIG
DMV-156180,,,2023,19.-21.07.2023,2023-0075-09,Deutsche Minigolf-Meisterschaften Allg. Klasse,Bad Münder,,,,unresolved_no_pass,DMV_Teilnahmen_2015_2025_VOLLSTAENDIG
DMV-156181,,,2023,06.-08.07.2023,2023-0083-14,Deutsche Minigolf-Jugendmeisterschaften,Bad Münder,,,,unresolved_no_pass,DMV_Teilnahmen_2015_2025_VOLLSTAENDIG
DMV-156182,,,2023,06.-08.07.2023,2023-0083-14,Deutsche Minigolf-Jugendmeisterschaften,Bad Münder,,,,unresolved_no_pass,DMV_Teilnahmen_2015_2025_VOLLSTAENDIG
DMV-156183,,,2023,06.-08.07.2023,2023-0083-14,Deutsche Minigolf-Jugendmeisterschaften,Bad Münder,,,,unresolved_no_pass,DMV_Teilnahmen_2015_2025_VOLLSTAENDIG
DMV-156184,,,2023,06.-08.07.2023,2023-0083-14,Deutsche Minigolf-Jugendmeisterschaften,Bad Münder,,,,unresolved_no_pass,DMV_Teilnahmen_2015_2025_VOLLSTAENDIG
DMV-156185,,,2023,06.-08.07.2023,2023-0083-14,Deutsche Minigolf-Jugendmeisterschaften,Bad Münder,,,,unresolved_no_pass,DMV_Teilnahmen_2015_2025_VOLLSTAENDIG
DMV-156186,,,2023,06.-08.07.2023,2023-0083-14,Deutsche Minigolf-Jugendmeisterschaften,Bad Münder,,,,unresolved_no_pass,DMV_Teilnahmen_2015_2025_VOLLSTAENDIG
DMV-156187,,,2023,06.-08.07.2023,2023-0083-14,Deutsche Minigolf-Jugendmeisterschaften,Bad Münder,,,,unresolved_no_pass,DMV_Teilnahmen_2015_2025_VOLLSTAENDIG
DMV-156188,,,2023,02.07.2023,2023-0085-04,Jubiläumsturnier 40 Jahre MGF Hammer e.V.,Polling,,22,,unresolved_no_pass,DMV_Teilnahmen_2015_2025_VOLLSTAENDIG
DMV-156189,,,2023,04.06.2023,2023-0110-11,3. Spieltag der WBV-Rangliste,Bad Urach,,4,,unresolved_no_pass,DMV_Teilnahmen_2015_2025_VOLLSTAENDIG
DMV-156190,,,2023,04.06.2023,2023-0110-11,3. Spieltag der WBV-Rangliste,Bad Urach,,,,unresolved_no_pass,DMV_Teilnahmen_2015_2025_VOLLSTAENDIG
DMV-156191,,,2023,04.06.2023,2023-0110-11,3. Spieltag der WBV-Rangliste,Bad Urach,,,,unresolved_no_pass,DMV_Teilnahmen_2015_2025_VOLLSTAENDIG
DMV-156192,,,2023,04.06.2023,2023-0110-11,3. Spieltag der WBV-Rangliste,Bad Urach,,,,unresolved_no_pass,DMV_Teilnahmen_2015_2025_VOLLSTAENDIG
DMV-156193,,,2023,04.06.2023,2023-0110-11,3. Spieltag der WBV-Rangliste,Bad Urach,,,,unresolved_no_pass,DMV_Teilnahmen_2015_2025_VOLLSTAENDIG
DMV-156194,,,2023,04.06.2023,2023-0110-11,3. Spieltag der WBV-Rangliste,Bad Urach,,,,unresolved_no_pass,DMV_Teilnahmen_2015_2025_VOLLSTAENDIG
DMV-156195,,,2023,04.06.2023,2023-0110-11,3. Spieltag der WBV-Rangliste,Bad Urach,,,,unresolved_no_pass,DMV_Teilnahmen_2015_2025_VOLLSTAENDIG
DMV-156196,,,2023,04.06.2023,2023-0110-11,3. Spieltag der WBV-Rangliste,Bad Urach,,,,unresolved_no_pass,DMV_Teilnahmen_2015_2025_VOLLSTAENDIG
DMV-156197,,,2023,04.06.2023,2023-0110-11,3. Spieltag der WBV-Rangliste,Bad Urach,,,,unresolved_no_pass,DMV_Teilnahmen_2015_2025_VOLLSTAENDIG
DMV-156198,,,2023,04.06.2023,2023-0110-11,3. Spieltag der WBV-Rangliste,Bad Urach,,,,unresolved_no_pass,DMV_Teilnahmen_2015_2025_VOLLSTAENDIG
DMV-156199,,,2023,21.05.2023,2023-0122-10,Gemeinsamer LM-SpTag MRP-SaarMV Schriesheim,,,,,unresolved_no_pass,DMV_Teilnahmen_2015_2025_VOLLSTAENDIG
DMV-156200,,,2023,21.05.2023,2023-0122-10,Gemeinsamer LM-SpTag MRP-SaarMV Schriesheim,,,,,unresolved_no_pass,DMV_Teilnahmen_2015_2025_VOLLSTAENDIG
DMV-156201,,,2023,21.05.2023,2023-0122-10,Gemeinsamer LM-SpTag MRP-SaarMV Schriesheim,,,,,unresolved_no_pass,DMV_Teilnahmen_2015_2025_VOLLSTAENDIG
DMV-156202,,,2023,21.05.2023,2023-0122-10,Gemeinsamer LM-SpTag MRP-SaarMV Schriesheim,,,,,unresolved_no_pass,DMV_Teilnahmen_2015_2025_VOLLSTAENDIG
DMV-156203,,,2023,21.05.2023,2023-0122-10,Gemeinsamer LM-SpTag MRP-SaarMV Schriesheim,,,,,unresolved_no_pass,DMV_Teilnahmen_2015_2025_VOLLSTAENDIG
DMV-156204,,,2023,21.05.2023,2023-0122-10,Gemeinsamer LM-SpTag MRP-SaarMV Schriesheim,,,,,unresolved_no_pass,DMV_Teilnahmen_2015_2025_VOLLSTAENDIG
DMV-156205,,,2023,23.04.2023,2023-0160-07,11. Teppichpokal,Olching,,4,,unresolved_no_pass,DMV_Teilnahmen_2015_2025_VOLLSTAENDIG
DMV-156206,,,2023,23.04.2023,2023-0160-07,11. Teppichpokal,Olching,,7,,unresolved_no_pass,DMV_Teilnahmen_2015_2025_VOLLSTAENDIG
DMV-156207,,,2023,23.04.2023,2023-0160-08,11. Teppichpokal,Olching,,15,,unresolved_no_pass,DMV_Teilnahmen_2015_2025_VOLLSTAENDIG
DMV-156208,,,2023,23.04.2023,2023-0160-08,11. Teppichpokal,Olching,,23,,unresolved_no_pass,DMV_Teilnahmen_2015_2025_VOLLSTAENDIG
DMV-156209,,,2023,23.04.2023,2023-0160-08,11. Teppichpokal,Olching,,,,unresolved_no_pass,DMV_Teilnahmen_2015_2025_VOLLSTAENDIG
DMV-156210,,,2023,23.04.2023,2023-0160-08,11. Teppichpokal,Olching,,,,unresolved_no_pass,DMV_Teilnahmen_2015_2025_VOLLSTAENDIG
DMV-156211,,,2023,23.04.2023,2023-0160-08,11. Teppichpokal,Olching,,,,unresolved_no_pass,DMV_Teilnahmen_2015_2025_VOLLSTAENDIG
DMV-156212,,,2023,23.04.2023,2023-0160-08,11. Teppichpokal,Olching,,,,unresolved_no_pass,DMV_Teilnahmen_2015_2025_VOLLSTAENDIG
DMV-156213,,,2023,23.04.2023,2023-0160-08,11. Teppichpokal,Olching,,,,unresolved_no_pass,DMV_Teilnahmen_2015_2025_VOLLSTAENDIG
DMV-156214,,,2023,23.04.2023,2023-0160-08,11. Teppichpokal,Olching,,,,unresolved_no_pass,DMV_Teilnahmen_2015_2025_VOLLSTAENDIG
DMV-156215,,,2023,23.04.2023,2023-0160-08,11. Teppichpokal,Olching,,,,unresolved_no_pass,DMV_Teilnahmen_2015_2025_VOLLSTAENDIG
DMV-156216,,,2023,23.04.2023,2023-0160-08,11. Teppichpokal,Olching,,,,unresolved_no_pass,DMV_Teilnahmen_2015_2025_VOLLSTAENDIG
DMV-156217,,,2023,23.04.2023,2023-0160-08,11. Teppichpokal,Olching,,,,unresolved_no_pass,DMV_Teilnahmen_2015_2025_VOLLSTAENDIG
DMV-156218,,,2023,09.04.2023,2023-0164-08,41. Landshuter Krügerlturnier,Landshut,,3,,unresolved_no_pass,DMV_Teilnahmen_2015_2025_VOLLSTAENDIG
DMV-156219,,,2023,09.04.2023,2023-0164-08,41. Landshuter Krügerlturnier,Landshut,,1,,unresolved_no_pass,DMV_Teilnahmen_2015_2025_VOLLSTAENDIG
DMV-156220,,,2023,09.04.2023,2023-0164-08,41. Landshuter Krügerlturnier,Landshut,,2,,unresolved_no_pass,DMV_Teilnahmen_2015_2025_VOLLSTAENDIG
DMV-156221,,,2023,09.04.2023,2023-0164-08,41. Landshuter Krügerlturnier,Landshut,,3,,unresolved_no_pass,DMV_Teilnahmen_2015_2025_VOLLSTAENDIG
DMV-156222,,,2023,09.04.2023,2023-0164-08,41. Landshuter Krügerlturnier,Landshut,,4,,unresolved_no_pass,DMV_Teilnahmen_2015_2025_VOLLSTAENDIG
DMV-156223,,,2023,09.04.2023,2023-0164-08,41. Landshuter Krügerlturnier,Landshut,,6,,unresolved_no_pass,DMV_Teilnahmen_2015_2025_VOLLSTAENDIG
DMV-156224,,,2023,09.04.2023,2023-0164-08,41. Landshuter Krügerlturnier,Landshut,,2,,unresolved_no_pass,DMV_Teilnahmen_2015_2025_VOLLSTAENDIG
DMV-156225,,,2023,09.04.2023,2023-0164-08,41. Landshuter Krügerlturnier,Landshut,,1,,unresolved_no_pass,DMV_Teilnahmen_2015_2025_VOLLSTAENDIG
DMV-156226,,,2023,08.-09.04.2023,2023-0166-08,56. Internationales Osterturnier,Weinheim,,3,,unresolved_no_pass,DMV_Teilnahmen_2015_2025_VOLLSTAENDIG
DMV-156227,,,2023,08.-09.04.2023,2023-0166-08,56. Internationales Osterturnier,Weinheim,,4,,unresolved_no_pass,DMV_Teilnahmen_2015_2025_VOLLSTAENDIG
DMV-156228,,,2023,08.-09.04.2023,2023-0166-08,56. Internationales Osterturnier,Weinheim,,8,,unresolved_no_pass,DMV_Teilnahmen_2015_2025_VOLLSTAENDIG
DMV-156229,,,2023,08.04.2023,2023-0169-03,Oster EI.nladungsturnier,Hardenberg,,11,,unresolved_no_pass,DMV_Teilnahmen_2015_2025_VOLLSTAENDIG
DMV-156230,,,2023,08.04.2023,2023-0169-03,Oster EI.nladungsturnier,Hardenberg,,15,,unresolved_no_pass,DMV_Teilnahmen_2015_2025_VOLLSTAENDIG
DMV-156231,,,2023,08.04.2023,2023-0169-06,Oster EI.nladungsturnier,Hardenberg,,10,,unresolved_no_pass,DMV_Teilnahmen_2015_2025_VOLLSTAENDIG
DMV-156232,,,2023,19.03.2023,2023-0186-04,13. Ohlsbacher Turnier zum Frühlingserwachen,Ohlsbach,,2,,unresolved_no_pass,DMV_Teilnahmen_2015_2025_VOLLSTAENDIG
DMV-156233,,,2023,19.03.2023,2023-0186-04,13. Ohlsbacher Turnier zum Frühlingserwachen,Ohlsbach,,3,,unresolved_no_pass,DMV_Teilnahmen_2015_2025_VOLLSTAENDIG
DMV-156234,,,2023,19.03.2023,2023-0186-04,13. Ohlsbacher Turnier zum Frühlingserwachen,Ohlsbach,,5,,unresolved_no_pass,DMV_Teilnahmen_2015_2025_VOLLSTAENDIG
DMV-156235,,,2023,19.03.2023,2023-0186-04,13. Ohlsbacher Turnier zum Frühlingserwachen,Ohlsbach,,6,,unresolved_no_pass,DMV_Teilnahmen_2015_2025_VOLLSTAENDIG
DMV-156236,,,2023,19.03.2023,2023-0186-04,13. Ohlsbacher Turnier zum Frühlingserwachen,Ohlsbach,,10,,unresolved_no_pass,DMV_Teilnahmen_2015_2025_VOLLSTAENDIG
DMV-156237,,,2023,19.03.2023,2023-0186-04,13. Ohlsbacher Turnier zum Frühlingserwachen,Ohlsbach,,10,,unresolved_no_pass,DMV_Teilnahmen_2015_2025_VOLLSTAENDIG
DMV-156238,,,2023,19.03.2023,2023-0186-04,13. Ohlsbacher Turnier zum Frühlingserwachen,Ohlsbach,,20,,unresolved_no_pass,DMV_Teilnahmen_2015_2025_VOLLSTAENDIG
DMV-156239,,,2023,19.03.2023,2023-0186-04,13. Ohlsbacher Turnier zum Frühlingserwachen,Ohlsbach,,21,,unresolved_no_pass,DMV_Teilnahmen_2015_2025_VOLLSTAENDIG
DMV-156240,,,2023,19.03.2023,2023-0186-04,13. Ohlsbacher Turnier zum Frühlingserwachen,Ohlsbach,,23,,unresolved_no_pass,DMV_Teilnahmen_2015_2025_VOLLSTAENDIG
DMV-156241,,,2023,07.-08.01.2023,2023-0195-03,6. Halveraner Seniorencup 2023,Halver,,16,,unresolved_no_pass,DMV_Teilnahmen_2015_2025_VOLLSTAENDIG
DMV-156242,,,2022,23.10.2022,2022-0005-11,9. Wanderpokal des MGC Nümbrecht e. V.,Nümbrecht,,7,,unresolved_no_pass,DMV_Teilnahmen_2015_2025_VOLLSTAENDIG
DMV-156243,,,2022,03.10.2022,2022-0012-13,26. Zwei-Burgen-Turnier,Weinheim,,2,,unresolved_no_pass,DMV_Teilnahmen_2015_2025_VOLLSTAENDIG
DMV-156244,,,2022,03.10.2022,2022-0012-16,26. Zwei-Burgen-Turnier,Weinheim,,2,,unresolved_no_pass,DMV_Teilnahmen_2015_2025_VOLLSTAENDIG
DMV-156245,,,2022,03.10.2022,2022-0012-16,26. Zwei-Burgen-Turnier,Weinheim,,3,,unresolved_no_pass,DMV_Teilnahmen_2015_2025_VOLLSTAENDIG
DMV-156246,,,2022,03.10.2022,2022-0012-17,26. Zwei-Burgen-Turnier,Weinheim,,2,,unresolved_no_pass,DMV_Teilnahmen_2015_2025_VOLLSTAENDIG
DMV-156247,,,2022,02.10.2022,2022-0017-06,10. Teppichpokal,Olching,,4,,unresolved_no_pass,DMV_Teilnahmen_2015_2025_VOLLSTAENDIG
DMV-156248,,,2022,02.10.2022,2022-0017-06,10. Teppichpokal,Olching,,5,,unresolved_no_pass,DMV_Teilnahmen_2015_2025_VOLLSTAENDIG
DMV-156249,,,2022,02.10.2022,2022-0017-07,10. Teppichpokal,Olching,,7,,unresolved_no_pass,DMV_Teilnahmen_2015_2025_VOLLSTAENDIG
DMV-156250,,,2022,02.10.2022,2022-0017-07,10. Teppichpokal,Olching,,8,,unresolved_no_pass,DMV_Teilnahmen_2015_2025_VOLLSTAENDIG
DMV-156251,,,2022,02.10.2022,2022-0017-07,10. Teppichpokal,Olching,,2,,unresolved_no_pass,DMV_Teilnahmen_2015_2025_VOLLSTAENDIG
DMV-156252,,,2022,02.10.2022,2022-0017-07,10. Teppichpokal,Olching,,8,,unresolved_no_pass,DMV_Teilnahmen_2015_2025_VOLLSTAENDIG
DMV-156253,,,2022,02.10.2022,2022-0017-07,10. Teppichpokal,Olching,,10,,unresolved_no_pass,DMV_Teilnahmen_2015_2025_VOLLSTAENDIG
DMV-156254,,,2022,02.10.2022,2022-0017-07,10. Teppichpokal,Olching,,12,,unresolved_no_pass,DMV_Teilnahmen_2015_2025_VOLLSTAENDIG
DMV-156255,,,2022,02.10.2022,2022-0017-07,10. Teppichpokal,Olching,,17,,unresolved_no_pass,DMV_Teilnahmen_2015_2025_VOLLSTAENDIG
DMV-156256,,,2022,02.10.2022,2022-0017-07,10. Teppichpokal,Olching,,18,,unresolved_no_pass,DMV_Teilnahmen_2015_2025_VOLLSTAENDIG
DMV-156257,,,2022,02.10.2022,2022-0017-07,10. Teppichpokal,Olching,,20,,unresolved_no_pass,DMV_Teilnahmen_2015_2025_VOLLSTAENDIG
DMV-156258,,,2022,02.10.2022,2022-0017-07,10. Teppichpokal,Olching,,22,,unresolved_no_pass,DMV_Teilnahmen_2015_2025_VOLLSTAENDIG
DMV-156259,,,2022,02.10.2022,2022-0017-07,10. Teppichpokal,Olching,,25,,unresolved_no_pass,DMV_Teilnahmen_2015_2025_VOLLSTAENDIG
DMV-156260,,,2022,02.10.2022,2022-0017-07,10. Teppichpokal,Olching,,27,,unresolved_no_pass,DMV_Teilnahmen_2015_2025_VOLLSTAENDIG
DMV-156261,,,2022,02.10.2022,2022-0017-07,10. Teppichpokal,Olching,,29,,unresolved_no_pass,DMV_Teilnahmen_2015_2025_VOLLSTAENDIG
DMV-156262,,,2022,02.10.2022,2022-0017-07,10. Teppichpokal,Olching,,3,,unresolved_no_pass,DMV_Teilnahmen_2015_2025_VOLLSTAENDIG
DMV-156263,,,2022,02.10.2022,2022-0017-07,10. Teppichpokal,Olching,,5,,unresolved_no_pass,DMV_Teilnahmen_2015_2025_VOLLSTAENDIG
DMV-156264,,,2022,02.10.2022,2022-0017-07,10. Teppichpokal,Olching,,7,,unresolved_no_pass,DMV_Teilnahmen_2015_2025_VOLLSTAENDIG
DMV-156265,,,2022,02.10.2022,2022-0017-07,10. Teppichpokal,Olching,,8,,unresolved_no_pass,DMV_Teilnahmen_2015_2025_VOLLSTAENDIG
DMV-156266,,,2022,02.10.2022,2022-0017-07,10. Teppichpokal,Olching,,9,,unresolved_no_pass,DMV_Teilnahmen_2015_2025_VOLLSTAENDIG
DMV-156267,,,2022,02.10.2022,2022-0017-07,10. Teppichpokal,Olching,,11,,unresolved_no_pass,DMV_Teilnahmen_2015_2025_VOLLSTAENDIG
DMV-156268,,,2022,02.10.2022,2022-0017-07,10. Teppichpokal,Olching,,14,,unresolved_no_pass,DMV_Teilnahmen_2015_2025_VOLLSTAENDIG
DMV-156269,,,2022,02.10.2022,2022-0017-07,10. Teppichpokal,Olching,,15,,unresolved_no_pass,DMV_Teilnahmen_2015_2025_VOLLSTAENDIG
DMV-156270,,,2022,02.10.2022,2022-0017-07,10. Teppichpokal,Olching,,17,,unresolved_no_pass,DMV_Teilnahmen_2015_2025_VOLLSTAENDIG
DMV-156271,,,2022,02.10.2022,2022-0017-07,10. Teppichpokal,Olching,,18,,unresolved_no_pass,DMV_Teilnahmen_2015_2025_VOLLSTAENDIG
DMV-156272,,,2022,02.10.2022,2022-0017-07,10. Teppichpokal,Olching,,23,,unresolved_no_pass,DMV_Teilnahmen_2015_2025_VOLLSTAENDIG
DMV-156273,,,2022,02.10.2022,2022-0017-07,10. Teppichpokal,Olching,,24,,unresolved_no_pass,DMV_Teilnahmen_2015_2025_VOLLSTAENDIG
DMV-156274,,,2022,02.10.2022,2022-0017-07,10. Teppichpokal,Olching,,25,,unresolved_no_pass,DMV_Teilnahmen_2015_2025_VOLLSTAENDIG
DMV-156275,,,2022,02.10.2022,2022-0017-07,10. Teppichpokal,Olching,,26,,unresolved_no_pass,DMV_Teilnahmen_2015_2025_VOLLSTAENDIG
DMV-156276,,,2022,02.10.2022,2022-0017-07,10. Teppichpokal,Olching,,30,,unresolved_no_pass,DMV_Teilnahmen_2015_2025_VOLLSTAENDIG
DMV-156277,,,2022,02.10.2022,2022-0017-07,10. Teppichpokal,Olching,,33,,unresolved_no_pass,DMV_Teilnahmen_2015_2025_VOLLSTAENDIG
DMV-156278,,,2022,02.10.2022,2022-0017-07,10. Teppichpokal,Olching,,34,,unresolved_no_pass,DMV_Teilnahmen_2015_2025_VOLLSTAENDIG
DMV-156279,,,2022,02.10.2022,2022-0017-07,10. Teppichpokal,Olching,,36,,unresolved_no_pass,DMV_Teilnahmen_2015_2025_VOLLSTAENDIG
DMV-156280,,,2022,02.10.2022,2022-0017-07,10. Teppichpokal,Olching,,39,,unresolved_no_pass,DMV_Teilnahmen_2015_2025_VOLLSTAENDIG
DMV-156281,,,2022,02.10.2022,2022-0017-07,10. Teppichpokal,Olching,,46,,unresolved_no_pass,DMV_Teilnahmen_2015_2025_VOLLSTAENDIG
DMV-156282,,,2022,02.10.2022,2022-0017-07,10. Teppichpokal,Olching,,47,,unresolved_no_pass,DMV_Teilnahmen_2015_2025_VOLLSTAENDIG
DMV-156283,,,2022,02.10.2022,2022-0017-07,10. Teppichpokal,Olching,,48,,unresolved_no_pass,DMV_Teilnahmen_2015_2025_VOLLSTAENDIG
DMV-156284,,,2022,02.10.2022,2022-0017-07,10. Teppichpokal,Olching,,53,,unresolved_no_pass,DMV_Teilnahmen_2015_2025_VOLLSTAENDIG
DMV-156285,,,2022,25.09.2022,2022-0019-03,Rhein Main Turnier,Mainz,,2,,unresolved_no_pass,DMV_Teilnahmen_2015_2025_VOLLSTAENDIG
DMV-156286,,,2022,25.09.2022,2022-0019-03,Rhein Main Turnier,Mainz,,3,,unresolved_no_pass,DMV_Teilnahmen_2015_2025_VOLLSTAENDIG
DMV-156287,,,2022,25.09.2022,2022-0019-03,Rhein Main Turnier,Mainz,,4,,unresolved_no_pass,DMV_Teilnahmen_2015_2025_VOLLSTAENDIG
DMV-156288,,,2022,25.09.2022,2022-0019-03,Rhein Main Turnier,Mainz,,5,,unresolved_no_pass,DMV_Teilnahmen_2015_2025_VOLLSTAENDIG
DMV-156289,,,2022,25.09.2022,2022-0019-03,Rhein Main Turnier,Mainz,,6,,unresolved_no_pass,DMV_Teilnahmen_2015_2025_VOLLSTAENDIG
DMV-156290,,,2022,25.09.2022,2022-0019-03,Rhein Main Turnier,Mainz,,7,,unresolved_no_pass,DMV_Teilnahmen_2015_2025_VOLLSTAENDIG
DMV-156291,,,2022,25.09.2022,2022-0019-03,Rhein Main Turnier,Mainz,,8,,unresolved_no_pass,DMV_Teilnahmen_2015_2025_VOLLSTAENDIG
DMV-156292,,,2022,25.09.2022,2022-0019-03,Rhein Main Turnier,Mainz,,10,,unresolved_no_pass,DMV_Teilnahmen_2015_2025_VOLLSTAENDIG
DMV-156293,,,2022,25.09.2022,2022-0019-03,Rhein Main Turnier,Mainz,,11,,unresolved_no_pass,DMV_Teilnahmen_2015_2025_VOLLSTAENDIG
DMV-156294,,,2022,25.09.2022,2022-0019-03,Rhein Main Turnier,Mainz,,12,,unresolved_no_pass,DMV_Teilnahmen_2015_2025_VOLLSTAENDIG
DMV-156295,,,2022,25.09.2022,2022-0019-03,Rhein Main Turnier,Mainz,,13,,unresolved_no_pass,DMV_Teilnahmen_2015_2025_VOLLSTAENDIG
DMV-156296,,,2022,25.09.2022,2022-0019-03,Rhein Main Turnier,Mainz,,14,,unresolved_no_pass,DMV_Teilnahmen_2015_2025_VOLLSTAENDIG
DMV-156297,,,2022,25.09.2022,2022-0019-03,Rhein Main Turnier,Mainz,,15,,unresolved_no_pass,DMV_Teilnahmen_2015_2025_VOLLSTAENDIG
DMV-156298,,,2022,25.09.2022,2022-0019-04,Rhein Main Turnier,Mainz,,2,,unresolved_no_pass,DMV_Teilnahmen_2015_2025_VOLLSTAENDIG
DMV-156299,,,2022,25.09.2022,2022-0019-04,Rhein Main Turnier,Mainz,,3,,unresolved_no_pass,DMV_Teilnahmen_2015_2025_VOLLSTAENDIG
DMV-156300,,,2022,25.09.2022,2022-0019-04,Rhein Main Turnier,Mainz,,4,,unresolved_no_pass,DMV_Teilnahmen_2015_2025_VOLLSTAENDIG
DMV-156301,,,2022,25.09.2022,2022-0019-04,Rhein Main Turnier,Mainz,,5,,unresolved_no_pass,DMV_Teilnahmen_2015_2025_VOLLSTAENDIG
DMV-156302,,,2022,25.09.2022,2022-0019-04,Rhein Main Turnier,Mainz,,6,,unresolved_no_pass,DMV_Teilnahmen_2015_2025_VOLLSTAENDIG
DMV-156303,,,2022,25.09.2022,2022-0019-04,Rhein Main Turnier,Mainz,,7,,unresolved_no_pass,DMV_Teilnahmen_2015_2025_VOLLSTAENDIG
DMV-156304,,,2022,25.09.2022,2022-0019-04,Rhein Main Turnier,Mainz,,8,,unresolved_no_pass,DMV_Teilnahmen_2015_2025_VOLLSTAENDIG
DMV-156305,,,2022,25.09.2022,2022-0019-04,Rhein Main Turnier,Mainz,,9,,unresolved_no_pass,DMV_Teilnahmen_2015_2025_VOLLSTAENDIG
DMV-156306,,,2022,25.09.2022,2022-0019-04,Rhein Main Turnier,Mainz,,10,,unresolved_no_pass,DMV_Teilnahmen_2015_2025_VOLLSTAENDIG
DMV-156307,,,2022,25.09.2022,2022-0019-04,Rhein Main Turnier,Mainz,,11,,unresolved_no_pass,DMV_Teilnahmen_2015_2025_VOLLSTAENDIG
DMV-156308,,,2022,25.09.2022,2022-0019-04,Rhein Main Turnier,Mainz,,12,,unresolved_no_pass,DMV_Teilnahmen_2015_2025_VOLLSTAENDIG
DMV-156309,,,2022,25.09.2022,2022-0019-05,Rhein Main Turnier,Mainz,,2,,unresolved_no_pass,DMV_Teilnahmen_2015_2025_VOLLSTAENDIG
DMV-156310,,,2022,25.09.2022,2022-0019-05,Rhein Main Turnier,Mainz,,4,,unresolved_no_pass,DMV_Teilnahmen_2015_2025_VOLLSTAENDIG
DMV-156311,,,2022,25.09.2022,2022-0019-05,Rhein Main Turnier,Mainz,,6,,unresolved_no_pass,DMV_Teilnahmen_2015_2025_VOLLSTAENDIG
DMV-156312,,,2022,25.09.2022,2022-0019-05,Rhein Main Turnier,Mainz,,8,,unresolved_no_pass,DMV_Teilnahmen_2015_2025_VOLLSTAENDIG
DMV-156313,,,2022,25.09.2022,2022-0019-05,Rhein Main Turnier,Mainz,,11,,unresolved_no_pass,DMV_Teilnahmen_2015_2025_VOLLSTAENDIG
DMV-156314,,,2022,25.09.2022,2022-0019-05,Rhein Main Turnier,Mainz,,12,,unresolved_no_pass,DMV_Teilnahmen_2015_2025_VOLLSTAENDIG
DMV-156315,,,2022,25.09.2022,2022-0019-05,Rhein Main Turnier,Mainz,,13,,unresolved_no_pass,DMV_Teilnahmen_2015_2025_VOLLSTAENDIG
DMV-156316,,,2022,25.09.2022,2022-0019-05,Rhein Main Turnier,Mainz,,14,,unresolved_no_pass,DMV_Teilnahmen_2015_2025_VOLLSTAENDIG
DMV-156317,,,2022,25.09.2022,2022-0019-05,Rhein Main Turnier,Mainz,,15,,unresolved_no_pass,DMV_Teilnahmen_2015_2025_VOLLSTAENDIG
DMV-156318,,,2022,11.09.2022,2022-0034-03,1.Turnier - NBV Jugendrangliste 2023,,,6,,unresolved_no_pass,DMV_Teilnahmen_2015_2025_VOLLSTAENDIG
DMV-156319,,,2022,11.09.2022,2022-0035-07,49. Staffelseepokal Turnier Murnau (StaPo),Murnau,,5,,unresolved_no_pass,DMV_Teilnahmen_2015_2025_VOLLSTAENDIG
DMV-156320,,,2022,11.09.2022,2022-0035-08,49. Staffelseepokal Turnier Murnau (StaPo),Murnau,,5,,unresolved_no_pass,DMV_Teilnahmen_2015_2025_VOLLSTAENDIG
DMV-156321,,,2022,11.09.2022,2022-0035-09,49. Staffelseepokal Turnier Murnau (StaPo),Murnau,,6,,unresolved_no_pass,DMV_Teilnahmen_2015_2025_VOLLSTAENDIG
DMV-156322,,,2022,11.09.2022,2022-0035-09,49. Staffelseepokal Turnier Murnau (StaPo),Murnau,,16,,unresolved_no_pass,DMV_Teilnahmen_2015_2025_VOLLSTAENDIG
DMV-156323,,,2022,11.09.2022,2022-0035-10,49. Staffelseepokal Turnier Murnau (StaPo),Murnau,,8,,unresolved_no_pass,DMV_Teilnahmen_2015_2025_VOLLSTAENDIG
DMV-156324,,,2022,11.09.2022,2022-0035-10,49. Staffelseepokal Turnier Murnau (StaPo),Murnau,,11,,unresolved_no_pass,DMV_Teilnahmen_2015_2025_VOLLSTAENDIG
DMV-156325,,,2022,11.09.2022,2022-0035-10,49. Staffelseepokal Turnier Murnau (StaPo),Murnau,,14,,unresolved_no_pass,DMV_Teilnahmen_2015_2025_VOLLSTAENDIG
DMV-156326,,,2022,25.-27.08.2022,2022-0041-08,61. Deutsche Meisterschaften System Eternit,Gebhardshagen,,17,,unresolved_no_pass,DMV_Teilnahmen_2015_2025_VOLLSTAENDIG
DMV-156327,,,2022,21.08.2022,2022-0044-03,41. Rheinau-Pokalturnier,Rheinau,,14,,unresolved_no_pass,DMV_Teilnahmen_2015_2025_VOLLSTAENDIG
DMV-156328,,,2022,21.08.2022,2022-0044-03,41. Rheinau-Pokalturnier,Rheinau,,17,,unresolved_no_pass,DMV_Teilnahmen_2015_2025_VOLLSTAENDIG
DMV-156329,,,2022,21.08.2022,2022-0044-03,41. Rheinau-Pokalturnier,Rheinau,,18,,unresolved_no_pass,DMV_Teilnahmen_2015_2025_VOLLSTAENDIG
DMV-156330,,,2022,21.08.2022,2022-0044-03,41. Rheinau-Pokalturnier,Rheinau,,21,,unresolved_no_pass,DMV_Teilnahmen_2015_2025_VOLLSTAENDIG
DMV-156331,,,2022,21.08.2022,2022-0044-04,41. Rheinau-Pokalturnier,Rheinau,,5,,unresolved_no_pass,DMV_Teilnahmen_2015_2025_VOLLSTAENDIG
DMV-156332,,,2022,21.08.2022,2022-0044-04,41. Rheinau-Pokalturnier,Rheinau,,6,,unresolved_no_pass,DMV_Teilnahmen_2015_2025_VOLLSTAENDIG
DMV-156333,,,2022,21.08.2022,2022-0044-04,41. Rheinau-Pokalturnier,Rheinau,,8,,unresolved_no_pass,DMV_Teilnahmen_2015_2025_VOLLSTAENDIG
DMV-156334,,,2022,21.08.2022,2022-0044-05,41. Rheinau-Pokalturnier,Rheinau,,2,,unresolved_no_pass,DMV_Teilnahmen_2015_2025_VOLLSTAENDIG
DMV-156335,,,2022,14.08.2022,2022-0049-05,50 Jahre BGC Dormagen e. V.,Dormagen,,9,,unresolved_no_pass,DMV_Teilnahmen_2015_2025_VOLLSTAENDIG
DMV-156336,,,2022,14.08.2022,2022-0049-05,50 Jahre BGC Dormagen e. V.,Dormagen,,10,,unresolved_no_pass,DMV_Teilnahmen_2015_2025_VOLLSTAENDIG
DMV-156337,,,2022,13.-14.08.2022,2022-0051-03,32. Rebland-Turnier,Ohlsbach,,5,,unresolved_no_pass,DMV_Teilnahmen_2015_2025_VOLLSTAENDIG
DMV-156338,,,2022,13.-14.08.2022,2022-0051-03,32. Rebland-Turnier,Ohlsbach,,6,,unresolved_no_pass,DMV_Teilnahmen_2015_2025_VOLLSTAENDIG
DMV-156339,,,2022,13.-14.08.2022,2022-0051-03,32. Rebland-Turnier,Ohlsbach,,7,,unresolved_no_pass,DMV_Teilnahmen_2015_2025_VOLLSTAENDIG
DMV-156340,,,2022,13.-14.08.2022,2022-0051-05,32. Rebland-Turnier,Ohlsbach,,9,,unresolved_no_pass,DMV_Teilnahmen_2015_2025_VOLLSTAENDIG
DMV-156341,,,2022,30.-31.07.2022,2022-0063-07,Kurpark Cup,Hamm,,3,,unresolved_no_pass,DMV_Teilnahmen_2015_2025_VOLLSTAENDIG
DMV-156342,,,2022,24.07.2022,2022-0064-05,10. Kemnader See Open,Felderbachtal,,14,,unresolved_no_pass,DMV_Teilnahmen_2015_2025_VOLLSTAENDIG
DMV-156343,,,2022,24.07.2022,2022-0064-06,10. Kemnader See Open,Felderbachtal,,5,,unresolved_no_pass,DMV_Teilnahmen_2015_2025_VOLLSTAENDIG
DMV-156344,,,2022,16.-17.07.22,2022-0069-09,46. Monta-Pokalturnier,Essen,,13,,unresolved_no_pass,DMV_Teilnahmen_2015_2025_VOLLSTAENDIG
DMV-156345,,,2022,16.07.22,2022-0070-02,5. Hertener 24-Stunden-Cup,Herten,,17,,unresolved_no_pass,DMV_Teilnahmen_2015_2025_VOLLSTAENDIG
DMV-156346,,,2022,07-09.07.22,2022-0075-13,Deutsche Jugendmeisterschaften,Olching,,,,unresolved_no_pass,DMV_Teilnahmen_2015_2025_VOLLSTAENDIG
DMV-156347,,,2022,07-09.07.22,2022-0075-13,Deutsche Jugendmeisterschaften,Olching,,,,unresolved_no_pass,DMV_Teilnahmen_2015_2025_VOLLSTAENDIG
DMV-156348,,,2022,07-09.07.22,2022-0075-13,Deutsche Jugendmeisterschaften,Olching,,,,unresolved_no_pass,DMV_Teilnahmen_2015_2025_VOLLSTAENDIG
DMV-156349,,,2022,07-09.07.22,2022-0075-13,Deutsche Jugendmeisterschaften,Olching,,,,unresolved_no_pass,DMV_Teilnahmen_2015_2025_VOLLSTAENDIG
DMV-156350,,,2022,07-09.07.22,2022-0075-13,Deutsche Jugendmeisterschaften,Olching,,,,unresolved_no_pass,DMV_Teilnahmen_2015_2025_VOLLSTAENDIG
DMV-156351,,,2022,07-09.07.22,2022-0075-13,Deutsche Jugendmeisterschaften,Olching,,,,unresolved_no_pass,DMV_Teilnahmen_2015_2025_VOLLSTAENDIG
DMV-156352,,,2022,07-09.07.22,2022-0075-13,Deutsche Jugendmeisterschaften,Olching,,,,unresolved_no_pass,DMV_Teilnahmen_2015_2025_VOLLSTAENDIG
DMV-156353,,,2022,26.06.2022,2022-0080-07,2. Hildener Stadtpark Open 2022,Hilden,,16,,unresolved_no_pass,DMV_Teilnahmen_2015_2025_VOLLSTAENDIG
DMV-156354,,,2022,26.06.2022,2022-0080-07,2. Hildener Stadtpark Open 2022,Hilden,,17,,unresolved_no_pass,DMV_Teilnahmen_2015_2025_VOLLSTAENDIG
DMV-156355,,,2022,26.06.2022,2022-0080-07,2. Hildener Stadtpark Open 2022,Hilden,,,,unresolved_no_pass,DMV_Teilnahmen_2015_2025_VOLLSTAENDIG
DMV-156356,,,2022,26.06.2022,2022-0080-07,2. Hildener Stadtpark Open 2022,Hilden,,,,unresolved_no_pass,DMV_Teilnahmen_2015_2025_VOLLSTAENDIG
DMV-156357,,,2022,26.06.2022,2022-0080-07,2. Hildener Stadtpark Open 2022,Hilden,,,,unresolved_no_pass,DMV_Teilnahmen_2015_2025_VOLLSTAENDIG
DMV-156358,,,2022,26.06.2022,2022-0080-07,2. Hildener Stadtpark Open 2022,Hilden,,,,unresolved_no_pass,DMV_Teilnahmen_2015_2025_VOLLSTAENDIG
DMV-156359,,,2022,26.06.2022,2022-0080-07,2. Hildener Stadtpark Open 2022,Hilden,,,,unresolved_no_pass,DMV_Teilnahmen_2015_2025_VOLLSTAENDIG
DMV-156360,,,2022,26.06.2022,2022-0080-07,2. Hildener Stadtpark Open 2022,Hilden,,,,unresolved_no_pass,DMV_Teilnahmen_2015_2025_VOLLSTAENDIG
DMV-156361,,,2022,26.06.2022,2022-0080-07,2. Hildener Stadtpark Open 2022,Hilden,,,,unresolved_no_pass,DMV_Teilnahmen_2015_2025_VOLLSTAENDIG
DMV-156362,,,2022,26.06.2022,2022-0080-07,2. Hildener Stadtpark Open 2022,Hilden,,,,unresolved_no_pass,DMV_Teilnahmen_2015_2025_VOLLSTAENDIG
DMV-156363,,,2022,04.-05.06.2022,2022-0096-05,Hoferkopfturnier,Bildstock,,2,,unresolved_no_pass,DMV_Teilnahmen_2015_2025_VOLLSTAENDIG
DMV-156364,,,2022,04.-05.06.2022,2022-0096-05,Hoferkopfturnier,Bildstock,,3,,unresolved_no_pass,DMV_Teilnahmen_2015_2025_VOLLSTAENDIG
DMV-156365,,,2022,28.-29.05.2022,2022-0099-13,Assindia-Pokal,Essen,,10,,unresolved_no_pass,DMV_Teilnahmen_2015_2025_VOLLSTAENDIG
DMV-156366,,,2022,28.-29.05.2022,2022-0099-13,Assindia-Pokal,Essen,,15,,unresolved_no_pass,DMV_Teilnahmen_2015_2025_VOLLSTAENDIG
DMV-156367,,,2022,28.-29.05.2022,2022-0100-15,Badische Meisterschaften 2022,Hilzingen,,,,unresolved_no_pass,DMV_Teilnahmen_2015_2025_VOLLSTAENDIG
DMV-156368,,,2022,28.-29.05.2022,2022-0100-15,Badische Meisterschaften 2022,Hilzingen,,,,unresolved_no_pass,DMV_Teilnahmen_2015_2025_VOLLSTAENDIG
DMV-156369,,,2022,28.-29.05.2022,2022-0100-15,Badische Meisterschaften 2022,Hilzingen,,,,unresolved_no_pass,DMV_Teilnahmen_2015_2025_VOLLSTAENDIG
DMV-156370,,,2022,28.-29.05.2022,2022-0100-15,Badische Meisterschaften 2022,Hilzingen,,,,unresolved_no_pass,DMV_Teilnahmen_2015_2025_VOLLSTAENDIG
DMV-156371,,,2022,28.-29.05.2022,2022-0100-15,Badische Meisterschaften 2022,Hilzingen,,,,unresolved_no_pass,DMV_Teilnahmen_2015_2025_VOLLSTAENDIG
DMV-156372,,,2022,22.05.2022,2022-0102-12,8. Wanderpokal des MGC Nümbrecht e. V.,Nümbrecht,,4,,unresolved_no_pass,DMV_Teilnahmen_2015_2025_VOLLSTAENDIG
DMV-156373,,,2022,24.04.2022,2022-0131-06,MRP Landesmeisterschaft Senioren,Mainz,,,,unresolved_no_pass,DMV_Teilnahmen_2015_2025_VOLLSTAENDIG
DMV-156374,,,2022,24.04.2022,2022-0131-06,MRP Landesmeisterschaft Senioren,Mainz,,,,unresolved_no_pass,DMV_Teilnahmen_2015_2025_VOLLSTAENDIG
DMV-156375,,,2022,24.04.2022,2022-0131-06,MRP Landesmeisterschaft Senioren,Mainz,,,,unresolved_no_pass,DMV_Teilnahmen_2015_2025_VOLLSTAENDIG
DMV-156376,,,2022,24.04.2022,2022-0131-06,MRP Landesmeisterschaft Senioren,Mainz,,,,unresolved_no_pass,DMV_Teilnahmen_2015_2025_VOLLSTAENDIG
DMV-156377,,,2022,24.04.2022,2022-0131-06,MRP Landesmeisterschaft Senioren,Mainz,,,,unresolved_no_pass,DMV_Teilnahmen_2015_2025_VOLLSTAENDIG
DMV-156378,,,2022,24.04.2022,2022-0131-06,MRP Landesmeisterschaft Senioren,Mainz,,2,,unresolved_no_pass,DMV_Teilnahmen_2015_2025_VOLLSTAENDIG
DMV-156379,,,2022,24.04.2022,2022-0131-06,MRP Landesmeisterschaft Senioren,Mainz,,3,,unresolved_no_pass,DMV_Teilnahmen_2015_2025_VOLLSTAENDIG
DMV-156380,,,2022,24.04.2022,2022-0131-06,MRP Landesmeisterschaft Senioren,Mainz,,5,,unresolved_no_pass,DMV_Teilnahmen_2015_2025_VOLLSTAENDIG
DMV-156381,,,2022,24.04.2022,2022-0131-06,MRP Landesmeisterschaft Senioren,Mainz,,1,,unresolved_no_pass,DMV_Teilnahmen_2015_2025_VOLLSTAENDIG
DMV-156382,,,2022,24.04.2022,2022-0131-06,MRP Landesmeisterschaft Senioren,Mainz,,3,,unresolved_no_pass,DMV_Teilnahmen_2015_2025_VOLLSTAENDIG
DMV-156383,,,2022,24.04.2022,2022-0131-06,MRP Landesmeisterschaft Senioren,Mainz,,2,,unresolved_no_pass,DMV_Teilnahmen_2015_2025_VOLLSTAENDIG
DMV-156384,,,2022,24.04.2022,2022-0131-06,MRP Landesmeisterschaft Senioren,Mainz,,3,,unresolved_no_pass,DMV_Teilnahmen_2015_2025_VOLLSTAENDIG
DMV-156385,,,2022,24.04.2022,2022-0131-06,MRP Landesmeisterschaft Senioren,Mainz,,4,,unresolved_no_pass,DMV_Teilnahmen_2015_2025_VOLLSTAENDIG
DMV-156386,,,2022,24.04.2022,2022-0131-06,MRP Landesmeisterschaft Senioren,Mainz,,5,,unresolved_no_pass,DMV_Teilnahmen_2015_2025_VOLLSTAENDIG
DMV-156387,,,2022,24.04.2022,2022-0131-06,MRP Landesmeisterschaft Senioren,Mainz,,6,,unresolved_no_pass,DMV_Teilnahmen_2015_2025_VOLLSTAENDIG
DMV-156388,,,2022,24.04.2022,2022-0131-06,MRP Landesmeisterschaft Senioren,Mainz,,1,,unresolved_no_pass,DMV_Teilnahmen_2015_2025_VOLLSTAENDIG
DMV-156389,,,2022,24.04.2022,2022-0131-06,MRP Landesmeisterschaft Senioren,Mainz,,2,,unresolved_no_pass,DMV_Teilnahmen_2015_2025_VOLLSTAENDIG
DMV-156390,,,2022,24.04.2022,2022-0131-06,MRP Landesmeisterschaft Senioren,Mainz,,5,,unresolved_no_pass,DMV_Teilnahmen_2015_2025_VOLLSTAENDIG
DMV-156391,,,2022,24.04.2022,2022-0131-06,MRP Landesmeisterschaft Senioren,Mainz,,1,,unresolved_no_pass,DMV_Teilnahmen_2015_2025_VOLLSTAENDIG
DMV-156392,,,2022,24.04.2022,2022-0131-06,MRP Landesmeisterschaft Senioren,Mainz,,5,,unresolved_no_pass,DMV_Teilnahmen_2015_2025_VOLLSTAENDIG
DMV-156393,,,2022,24.04.2022,2022-0131-06,MRP Landesmeisterschaft Senioren,Mainz,,7,,unresolved_no_pass,DMV_Teilnahmen_2015_2025_VOLLSTAENDIG
DMV-156394,,,2022,16.-17.04.2022,2022-0135-08,55. Internationales Osterturnier (Kombi),Weinheim,,3,,unresolved_no_pass,DMV_Teilnahmen_2015_2025_VOLLSTAENDIG
DMV-156395,,,2022,16.-17.04.2022,2022-0135-08,55. Internationales Osterturnier (Kombi),Weinheim,,10,,unresolved_no_pass,DMV_Teilnahmen_2015_2025_VOLLSTAENDIG
DMV-156396,,,2022,16.-17.04.2022,2022-0135-09,55. Internationales Osterturnier (Kombi),Weinheim,,8,,unresolved_no_pass,DMV_Teilnahmen_2015_2025_VOLLSTAENDIG
DMV-156397,,,2022,16.-17.04.2022,2022-0135-10,55. Internationales Osterturnier (Kombi),Weinheim,,3,,unresolved_no_pass,DMV_Teilnahmen_2015_2025_VOLLSTAENDIG
DMV-156398,,,2022,16.-17.04.2022,2022-0135-10,55. Internationales Osterturnier (Kombi),Weinheim,,4,,unresolved_no_pass,DMV_Teilnahmen_2015_2025_VOLLSTAENDIG
DMV-156399,,,2022,16.-17.04.2022,2022-0135-10,55. Internationales Osterturnier (Kombi),Weinheim,,8,,unresolved_no_pass,DMV_Teilnahmen_2015_2025_VOLLSTAENDIG
DMV-156400,,,2022,16.-17.04.2022,2022-0135-10,55. Internationales Osterturnier (Kombi),Weinheim,,12,,unresolved_no_pass,DMV_Teilnahmen_2015_2025_VOLLSTAENDIG
DMV-156401,,,2022,16.-17.04.2022,2022-0135-11,55. Internationales Osterturnier (Kombi),Weinheim,,6,,unresolved_no_pass,DMV_Teilnahmen_2015_2025_VOLLSTAENDIG
DMV-156402,,,2022,16.-17.04.2022,2022-0135-11,55. Internationales Osterturnier (Kombi),Weinheim,,8,,unresolved_no_pass,DMV_Teilnahmen_2015_2025_VOLLSTAENDIG
DMV-156403,,,2022,16.-17.04.2022,2022-0135-12,55. Internationales Osterturnier (Kombi),Weinheim,,10,,unresolved_no_pass,DMV_Teilnahmen_2015_2025_VOLLSTAENDIG
DMV-156404,,,2022,16.04.2022,2022-0137-02,16. OSTER-EI.nladungsturnier,Velbert,,10,,unresolved_no_pass,DMV_Teilnahmen_2015_2025_VOLLSTAENDIG
DMV-156405,,,2022,16.04.2022,2022-0137-02,16. OSTER-EI.nladungsturnier,Velbert,,22,,unresolved_no_pass,DMV_Teilnahmen_2015_2025_VOLLSTAENDIG
DMV-156406,,,2022,16.04.2022,2022-0137-02,16. OSTER-EI.nladungsturnier,Velbert,,24,,unresolved_no_pass,DMV_Teilnahmen_2015_2025_VOLLSTAENDIG
DMV-156407,,,2022,16.04.2022,2022-0137-03,16. OSTER-EI.nladungsturnier,Velbert,,23,,unresolved_no_pass,DMV_Teilnahmen_2015_2025_VOLLSTAENDIG
DMV-156408,,,2022,16.04.2022,2022-0137-05,16. OSTER-EI.nladungsturnier,Velbert,,11,,unresolved_no_pass,DMV_Teilnahmen_2015_2025_VOLLSTAENDIG
DMV-156409,,,2022,16.04.2022,2022-0137-06,16. OSTER-EI.nladungsturnier,Velbert,,8,,unresolved_no_pass,DMV_Teilnahmen_2015_2025_VOLLSTAENDIG
DMV-156410,,,2022,16.04.2022,2022-0137-06,16. OSTER-EI.nladungsturnier,Velbert,,9,,unresolved_no_pass,DMV_Teilnahmen_2015_2025_VOLLSTAENDIG
DMV-156411,,,2022,16.04.2022,2022-0137-06,16. OSTER-EI.nladungsturnier,Velbert,,10,,unresolved_no_pass,DMV_Teilnahmen_2015_2025_VOLLSTAENDIG
DMV-156412,,,2022,03.04.2022,2022-0146-05,56. Siebengebirgsturnier,Bonn,,4,,unresolved_no_pass,DMV_Teilnahmen_2015_2025_VOLLSTAENDIG
DMV-156413,,,2022,20.03.2022,2022-0148-04,12. Ohlsbacher Turnier zum Frühlingserwachen,Ohlsbach,,2,,unresolved_no_pass,DMV_Teilnahmen_2015_2025_VOLLSTAENDIG
DMV-156414,,,2022,20.03.2022,2022-0148-04,12. Ohlsbacher Turnier zum Frühlingserwachen,Ohlsbach,,3,,unresolved_no_pass,DMV_Teilnahmen_2015_2025_VOLLSTAENDIG
DMV-156415,,,2022,20.03.2022,2022-0148-04,12. Ohlsbacher Turnier zum Frühlingserwachen,Ohlsbach,,5,,unresolved_no_pass,DMV_Teilnahmen_2015_2025_VOLLSTAENDIG
DMV-156416,,,2022,20.03.2022,2022-0148-04,12. Ohlsbacher Turnier zum Frühlingserwachen,Ohlsbach,,9,,unresolved_no_pass,DMV_Teilnahmen_2015_2025_VOLLSTAENDIG
DMV-156417,,,2022,20.03.2022,2022-0148-04,12. Ohlsbacher Turnier zum Frühlingserwachen,Ohlsbach,,10,,unresolved_no_pass,DMV_Teilnahmen_2015_2025_VOLLSTAENDIG
DMV-156418,,,2017,08.10.2017,2017-0002-10,BMW-Knopf-Trophy 2017,Schriesheim,,17,,unresolved_no_pass,DMV_Teilnahmen_2015_2025_VOLLSTAENDIG
DMV-156419,,,2017,08.10.2017,2017-0002-13,BMW-Knopf-Trophy 2017,Schriesheim,,,,unresolved_no_pass,DMV_Teilnahmen_2015_2025_VOLLSTAENDIG
DMV-156420,,,2017,08.10.2017,2017-0002-13,BMW-Knopf-Trophy 2017,Schriesheim,,,,unresolved_no_pass,DMV_Teilnahmen_2015_2025_VOLLSTAENDIG
DMV-156421,,,2017,08.10.2017,2017-0002-13,BMW-Knopf-Trophy 2017,Schriesheim,,,,unresolved_no_pass,DMV_Teilnahmen_2015_2025_VOLLSTAENDIG
DMV-156422,,,2017,08.10.2017,2017-0002-13,BMW-Knopf-Trophy 2017,Schriesheim,,,,unresolved_no_pass,DMV_Teilnahmen_2015_2025_VOLLSTAENDIG
DMV-156423,,,2017,08.10.2017,2017-0002-13,BMW-Knopf-Trophy 2017,Schriesheim,,,,unresolved_no_pass,DMV_Teilnahmen_2015_2025_VOLLSTAENDIG
DMV-156424,,,2017,08.10.2017,2017-0002-13,BMW-Knopf-Trophy 2017,Schriesheim,,,,unresolved_no_pass,DMV_Teilnahmen_2015_2025_VOLLSTAENDIG
DMV-156425,,,2017,08.10.2017,2017-0002-13,BMW-Knopf-Trophy 2017,Schriesheim,,,,unresolved_no_pass,DMV_Teilnahmen_2015_2025_VOLLSTAENDIG
DMV-156426,,,2017,03.09.2017,2017-0011-03,15. Fun-Sports-Cup,Bamberg,,3,,unresolved_no_pass,DMV_Teilnahmen_2015_2025_VOLLSTAENDIG
DMV-156427,,,2017,03.09.2017,2017-0011-04,15. Fun-Sports-Cup,Bamberg,,6,,unresolved_no_pass,DMV_Teilnahmen_2015_2025_VOLLSTAENDIG
DMV-156428,,,2017,31.08.-02.09.2017,2017-0013-09,Deutsche Meisterschaften System Eternit,Brunsbüttel,,1,,unresolved_no_pass,DMV_Teilnahmen_2015_2025_VOLLSTAENDIG
DMV-156429,,,2017,31.08.-02.09.2017,2017-0013-09,Deutsche Meisterschaften System Eternit,Brunsbüttel,,2,,unresolved_no_pass,DMV_Teilnahmen_2015_2025_VOLLSTAENDIG
DMV-156430,,,2017,20.08.2017,2017-0016-04,5. Spieltag der 2. Bundesliga Nord Staffel 1,Bad Münder,,28,,unresolved_no_pass,DMV_Teilnahmen_2015_2025_VOLLSTAENDIG
DMV-156431,,,2017,12.-13.08.2017,2017-0018-04,27. Rebland-Turnier,Ohlsbach,,3,,unresolved_no_pass,DMV_Teilnahmen_2015_2025_VOLLSTAENDIG
DMV-156432,,,2017,12.-13.08.2017,2017-0018-04,27. Rebland-Turnier,Ohlsbach,,4,,unresolved_no_pass,DMV_Teilnahmen_2015_2025_VOLLSTAENDIG
DMV-156433,,,2017,12.-13.08.2017,2017-0018-04,27. Rebland-Turnier,Ohlsbach,,11,,unresolved_no_pass,DMV_Teilnahmen_2015_2025_VOLLSTAENDIG
DMV-156434,,,2017,12.-13.08.2017,2017-0018-08,27. Rebland-Turnier,Ohlsbach,,14,,unresolved_no_pass,DMV_Teilnahmen_2015_2025_VOLLSTAENDIG
DMV-156435,,,2017,13.-15.07.2017,2017-0026-09,Deutsche Jugendmeisterschaften,Neheim-Hüsten,,,,unresolved_no_pass,DMV_Teilnahmen_2015_2025_VOLLSTAENDIG
DMV-156436,,,2017,13.-15.07.2017,2017-0026-09,Deutsche Jugendmeisterschaften,Neheim-Hüsten,,,,unresolved_no_pass,DMV_Teilnahmen_2015_2025_VOLLSTAENDIG
DMV-156437,,,2017,13.-15.07.2017,2017-0026-09,Deutsche Jugendmeisterschaften,Neheim-Hüsten,,,,unresolved_no_pass,DMV_Teilnahmen_2015_2025_VOLLSTAENDIG
DMV-156438,,,2017,13.-15.07.2017,2017-0026-09,Deutsche Jugendmeisterschaften,Neheim-Hüsten,,,,unresolved_no_pass,DMV_Teilnahmen_2015_2025_VOLLSTAENDIG
DMV-156439,,,2017,13.-15.07.2017,2017-0026-09,Deutsche Jugendmeisterschaften,Neheim-Hüsten,,,,unresolved_no_pass,DMV_Teilnahmen_2015_2025_VOLLSTAENDIG
DMV-156440,,,2017,13.-15.07.2017,2017-0026-09,Deutsche Jugendmeisterschaften,Neheim-Hüsten,,,,unresolved_no_pass,DMV_Teilnahmen_2015_2025_VOLLSTAENDIG
DMV-156441,,,2017,13.-15.07.2017,2017-0026-09,Deutsche Jugendmeisterschaften,Neheim-Hüsten,,,,unresolved_no_pass,DMV_Teilnahmen_2015_2025_VOLLSTAENDIG
DMV-156442,,,2017,13.-15.07.2017,2017-0026-09,Deutsche Jugendmeisterschaften,Neheim-Hüsten,,5,,unresolved_no_pass,DMV_Teilnahmen_2015_2025_VOLLSTAENDIG
DMV-156443,,,2017,13.-15.07.2017,2017-0026-09,Deutsche Jugendmeisterschaften,Neheim-Hüsten,,6,,unresolved_no_pass,DMV_Teilnahmen_2015_2025_VOLLSTAENDIG
DMV-156444,,,2017,13.-15.07.2017,2017-0026-09,Deutsche Jugendmeisterschaften,Neheim-Hüsten,,7,,unresolved_no_pass,DMV_Teilnahmen_2015_2025_VOLLSTAENDIG
DMV-156445,,,2017,13.-15.07.2017,2017-0026-09,Deutsche Jugendmeisterschaften,Neheim-Hüsten,,8,,unresolved_no_pass,DMV_Teilnahmen_2015_2025_VOLLSTAENDIG
DMV-156446,,,2017,13.-15.07.2017,2017-0026-09,Deutsche Jugendmeisterschaften,Neheim-Hüsten,,18,,unresolved_no_pass,DMV_Teilnahmen_2015_2025_VOLLSTAENDIG
DMV-156447,,,2017,13.-15.07.2017,2017-0026-09,Deutsche Jugendmeisterschaften,Neheim-Hüsten,,23,,unresolved_no_pass,DMV_Teilnahmen_2015_2025_VOLLSTAENDIG
DMV-156448,,,2017,08.-09.07.2017,2017-0029-11,8. Messecup - 15 Jahre MGW Rheinstetten,Rheinstetten,,2,,unresolved_no_pass,DMV_Teilnahmen_2015_2025_VOLLSTAENDIG
DMV-156449,,,2017,08.-09.07.2017,2017-0029-11,8. Messecup - 15 Jahre MGW Rheinstetten,Rheinstetten,,2,,unresolved_no_pass,DMV_Teilnahmen_2015_2025_VOLLSTAENDIG
DMV-156450,,,2017,08.-09.07.2017,2017-0029-11,8. Messecup - 15 Jahre MGW Rheinstetten,Rheinstetten,,8,,unresolved_no_pass,DMV_Teilnahmen_2015_2025_VOLLSTAENDIG
DMV-156451,,,2017,08.-09.07.2017,2017-0029-11,8. Messecup - 15 Jahre MGW Rheinstetten,Rheinstetten,,14,,unresolved_no_pass,DMV_Teilnahmen_2015_2025_VOLLSTAENDIG
DMV-156452,,,2017,08.-09.07.2017,2017-0029-11,8. Messecup - 15 Jahre MGW Rheinstetten,Rheinstetten,,15,,unresolved_no_pass,DMV_Teilnahmen_2015_2025_VOLLSTAENDIG
DMV-156453,,,2017,08.-09.07.2017,2017-0029-11,8. Messecup - 15 Jahre MGW Rheinstetten,Rheinstetten,,21,,unresolved_no_pass,DMV_Teilnahmen_2015_2025_VOLLSTAENDIG
DMV-156454,,,2017,08.-09.07.2017,2017-0029-11,8. Messecup - 15 Jahre MGW Rheinstetten,Rheinstetten,,,,unresolved_no_pass,DMV_Teilnahmen_2015_2025_VOLLSTAENDIG
DMV-156455,,,2017,08.-09.07.2017,2017-0029-11,8. Messecup - 15 Jahre MGW Rheinstetten,Rheinstetten,,,,unresolved_no_pass,DMV_Teilnahmen_2015_2025_VOLLSTAENDIG
DMV-156456,,,2017,08.-09.07.2017,2017-0029-11,8. Messecup - 15 Jahre MGW Rheinstetten,Rheinstetten,,,,unresolved_no_pass,DMV_Teilnahmen_2015_2025_VOLLSTAENDIG
DMV-156457,,,2017,08.-09.07.2017,2017-0029-11,8. Messecup - 15 Jahre MGW Rheinstetten,Rheinstetten,,,,unresolved_no_pass,DMV_Teilnahmen_2015_2025_VOLLSTAENDIG
DMV-156458,,,2017,08.-09.07.2017,2017-0029-11,8. Messecup - 15 Jahre MGW Rheinstetten,Rheinstetten,,,,unresolved_no_pass,DMV_Teilnahmen_2015_2025_VOLLSTAENDIG
DMV-156459,,,2017,08.-09.07.2017,2017-0029-11,8. Messecup - 15 Jahre MGW Rheinstetten,Rheinstetten,,,,unresolved_no_pass,DMV_Teilnahmen_2015_2025_VOLLSTAENDIG
DMV-156460,,,2017,08.-09.07.2017,2017-0029-11,8. Messecup - 15 Jahre MGW Rheinstetten,Rheinstetten,,,,unresolved_no_pass,DMV_Teilnahmen_2015_2025_VOLLSTAENDIG
DMV-156461,,,2017,08.-09.07.2017,2017-0029-11,8. Messecup - 15 Jahre MGW Rheinstetten,Rheinstetten,,,,unresolved_no_pass,DMV_Teilnahmen_2015_2025_VOLLSTAENDIG
DMV-156462,,,2017,11.06.2017,2017-0033-03,"1. Bundesliga Nord, 4. Spieltag",Bad Münder,,27,,unresolved_no_pass,DMV_Teilnahmen_2015_2025_VOLLSTAENDIG
DMV-156463,,,2017,11.06.2017,2017-0033-03,"1. Bundesliga Nord, 4. Spieltag",Bad Münder,,33,,unresolved_no_pass,DMV_Teilnahmen_2015_2025_VOLLSTAENDIG
DMV-156464,,,2017,11.06.2017,2017-0033-03,"1. Bundesliga Nord, 4. Spieltag",Bad Münder,,34,,unresolved_no_pass,DMV_Teilnahmen_2015_2025_VOLLSTAENDIG
DMV-156465,,,2017,26.-28.05.2017,2017-0041-12,33. Elbe-Weser-Pokalturnier,Cuxhaven,,28,,unresolved_no_pass,DMV_Teilnahmen_2015_2025_VOLLSTAENDIG
DMV-156466,,,2017,26.-28.05.2017,2017-0041-12,33. Elbe-Weser-Pokalturnier,Cuxhaven,,30,,unresolved_no_pass,DMV_Teilnahmen_2015_2025_VOLLSTAENDIG
DMV-156467,,,2017,26.-28.05.2017,2017-0041-12,33. Elbe-Weser-Pokalturnier,Cuxhaven,,31,,unresolved_no_pass,DMV_Teilnahmen_2015_2025_VOLLSTAENDIG
DMV-156468,,,2017,26.-28.05.2017,2017-0041-16,33. Elbe-Weser-Pokalturnier,Cuxhaven,,10,,unresolved_no_pass,DMV_Teilnahmen_2015_2025_VOLLSTAENDIG
DMV-156469,,,2017,26.-28.05.2017,2017-0041-17,33. Elbe-Weser-Pokalturnier,Cuxhaven,,10,,unresolved_no_pass,DMV_Teilnahmen_2015_2025_VOLLSTAENDIG
DMV-156470,,,2017,26.-28.05.2017,2017-0041-17,33. Elbe-Weser-Pokalturnier,Cuxhaven,,11,,unresolved_no_pass,DMV_Teilnahmen_2015_2025_VOLLSTAENDIG
DMV-156471,,,2017,26.-28.05.2017,2017-0041-17,33. Elbe-Weser-Pokalturnier,Cuxhaven,,19,,unresolved_no_pass,DMV_Teilnahmen_2015_2025_VOLLSTAENDIG
DMV-156472,,,2017,26.-28.05.2017,2017-0041-17,33. Elbe-Weser-Pokalturnier,Cuxhaven,,25,,unresolved_no_pass,DMV_Teilnahmen_2015_2025_VOLLSTAENDIG
DMV-156473,,,2017,26.-28.05.2017,2017-0041-17,33. Elbe-Weser-Pokalturnier,Cuxhaven,,2,,unresolved_no_pass,DMV_Teilnahmen_2015_2025_VOLLSTAENDIG
DMV-156474,,,2017,26.-28.05.2017,2017-0041-17,33. Elbe-Weser-Pokalturnier,Cuxhaven,,1,,unresolved_no_pass,DMV_Teilnahmen_2015_2025_VOLLSTAENDIG
DMV-156475,,,2017,26.-28.05.2017,2017-0041-17,33. Elbe-Weser-Pokalturnier,Cuxhaven,,2,,unresolved_no_pass,DMV_Teilnahmen_2015_2025_VOLLSTAENDIG
DMV-156476,,,2017,26.-28.05.2017,2017-0041-17,33. Elbe-Weser-Pokalturnier,Cuxhaven,,3,,unresolved_no_pass,DMV_Teilnahmen_2015_2025_VOLLSTAENDIG
DMV-156477,,,2017,26.-28.05.2017,2017-0041-17,33. Elbe-Weser-Pokalturnier,Cuxhaven,,8,,unresolved_no_pass,DMV_Teilnahmen_2015_2025_VOLLSTAENDIG
DMV-156478,,,2017,26.-28.05.2017,2017-0041-17,33. Elbe-Weser-Pokalturnier,Cuxhaven,,31,,unresolved_no_pass,DMV_Teilnahmen_2015_2025_VOLLSTAENDIG
DMV-156479,,,2017,30.04.2017,2017-0050-04,"2. Bundesliga Nord, Staffel I, 2. Spieltag",Wesel,,4,,unresolved_no_pass,DMV_Teilnahmen_2015_2025_VOLLSTAENDIG
DMV-156480,,,2017,30.04.2017,2017-0050-04,"2. Bundesliga Nord, Staffel I, 2. Spieltag",Wesel,,22,,unresolved_no_pass,DMV_Teilnahmen_2015_2025_VOLLSTAENDIG
DMV-156481,,,2017,30.04.2017,2017-0050-04,"2. Bundesliga Nord, Staffel I, 2. Spieltag",Wesel,,4,,unresolved_no_pass,DMV_Teilnahmen_2015_2025_VOLLSTAENDIG
DMV-156482,,,2017,30.04.2017,2017-0050-04,"2. Bundesliga Nord, Staffel I, 2. Spieltag",Wesel,,2,,unresolved_no_pass,DMV_Teilnahmen_2015_2025_VOLLSTAENDIG
DMV-156483,,,2017,30.04.2017,2017-0050-04,"2. Bundesliga Nord, Staffel I, 2. Spieltag",Wesel,,,,unresolved_no_pass,DMV_Teilnahmen_2015_2025_VOLLSTAENDIG
DMV-156484,,,2017,30.04.2017,2017-0050-04,"2. Bundesliga Nord, Staffel I, 2. Spieltag",Wesel,,,,unresolved_no_pass,DMV_Teilnahmen_2015_2025_VOLLSTAENDIG
DMV-156485,,,2017,30.04.2017,2017-0050-04,"2. Bundesliga Nord, Staffel I, 2. Spieltag",Wesel,,,,unresolved_no_pass,DMV_Teilnahmen_2015_2025_VOLLSTAENDIG
DMV-156486,,,2017,30.04.2017,2017-0050-04,"2. Bundesliga Nord, Staffel I, 2. Spieltag",Wesel,,,,unresolved_no_pass,DMV_Teilnahmen_2015_2025_VOLLSTAENDIG
DMV-156487,,,2017,30.04.2017,2017-0050-04,"2. Bundesliga Nord, Staffel I, 2. Spieltag",Wesel,,,,unresolved_no_pass,DMV_Teilnahmen_2015_2025_VOLLSTAENDIG
DMV-156488,,,2017,30.04.2017,2017-0050-04,"2. Bundesliga Nord, Staffel I, 2. Spieltag",Wesel,,,,unresolved_no_pass,DMV_Teilnahmen_2015_2025_VOLLSTAENDIG
DMV-156489,,,2017,30.04.2017,2017-0050-04,"2. Bundesliga Nord, Staffel I, 2. Spieltag",Wesel,,,,unresolved_no_pass,DMV_Teilnahmen_2015_2025_VOLLSTAENDIG
DMV-156490,,,2017,15.-16.04.2017,2017-0057-05,52. Internationales Osterturnier (Beton),Weinheim,,6,,unresolved_no_pass,DMV_Teilnahmen_2015_2025_VOLLSTAENDIG
DMV-156491,,,2017,15.-16.04.2017,2017-0057-05,52. Internationales Osterturnier (Beton),Weinheim,,7,,unresolved_no_pass,DMV_Teilnahmen_2015_2025_VOLLSTAENDIG
DMV-156492,,,2017,15.-16.04.2017,2017-0057-05,52. Internationales Osterturnier (Beton),Weinheim,,10,,unresolved_no_pass,DMV_Teilnahmen_2015_2025_VOLLSTAENDIG
DMV-156493,,,2017,15.-16.04.2017,2017-0057-05,52. Internationales Osterturnier (Beton),Weinheim,,14,,unresolved_no_pass,DMV_Teilnahmen_2015_2025_VOLLSTAENDIG
DMV-156494,,,2017,15.-16.04.2017,2017-0057-05,52. Internationales Osterturnier (Beton),Weinheim,,15,,unresolved_no_pass,DMV_Teilnahmen_2015_2025_VOLLSTAENDIG
DMV-156495,,,2017,15.-16.04.2017,2017-0057-05,52. Internationales Osterturnier (Beton),Weinheim,,19,,unresolved_no_pass,DMV_Teilnahmen_2015_2025_VOLLSTAENDIG
DMV-156496,,,2017,15.-16.04.2017,2017-0057-07,52. Internationales Osterturnier (Beton),Weinheim,,6,,unresolved_no_pass,DMV_Teilnahmen_2015_2025_VOLLSTAENDIG
DMV-156497,,,2017,15.-16.04.2017,2017-0057-09,52. Internationales Osterturnier (Beton),Weinheim,,12,,unresolved_no_pass,DMV_Teilnahmen_2015_2025_VOLLSTAENDIG
DMV-156498,,,2017,15.-16.04.2017,2017-0057-10,52. Internationales Osterturnier (Beton),Weinheim,,2,,unresolved_no_pass,DMV_Teilnahmen_2015_2025_VOLLSTAENDIG
DMV-156499,,,2017,15.-16.04.2017,2017-0057-10,52. Internationales Osterturnier (Beton),Weinheim,,5,,unresolved_no_pass,DMV_Teilnahmen_2015_2025_VOLLSTAENDIG
DMV-156500,,,2017,15.-16.04.2017,2017-0057-10,52. Internationales Osterturnier (Beton),Weinheim,,9,,unresolved_no_pass,DMV_Teilnahmen_2015_2025_VOLLSTAENDIG
DMV-156501,,,2017,15.-16.04.2017,2017-0057-11,52. Internationales Osterturnier (Beton),Weinheim,,5,,unresolved_no_pass,DMV_Teilnahmen_2015_2025_VOLLSTAENDIG
DMV-156502,,,2017,15.-16.04.2017,2017-0057-11,52. Internationales Osterturnier (Beton),Weinheim,,15,,unresolved_no_pass,DMV_Teilnahmen_2015_2025_VOLLSTAENDIG
DMV-156503,,,2017,15.-16.04.2017,2017-0058-11,52. Internationales Osterturnier (Miniaturgolf),Weinheim,,5,,unresolved_no_pass,DMV_Teilnahmen_2015_2025_VOLLSTAENDIG
DMV-156504,,,2017,15.-16.04.2017,2017-0058-11,52. Internationales Osterturnier (Miniaturgolf),Weinheim,,6,,unresolved_no_pass,DMV_Teilnahmen_2015_2025_VOLLSTAENDIG
DMV-156505,,,2017,15.-16.04.2017,2017-0058-11,52. Internationales Osterturnier (Miniaturgolf),Weinheim,,8,,unresolved_no_pass,DMV_Teilnahmen_2015_2025_VOLLSTAENDIG
DMV-156506,,,2017,15.-16.04.2017,2017-0058-11,52. Internationales Osterturnier (Miniaturgolf),Weinheim,,7,,unresolved_no_pass,DMV_Teilnahmen_2015_2025_VOLLSTAENDIG
DMV-156507,,,2017,15.-16.04.2017,2017-0058-11,52. Internationales Osterturnier (Miniaturgolf),Weinheim,,10,,unresolved_no_pass,DMV_Teilnahmen_2015_2025_VOLLSTAENDIG
DMV-156508,,,2017,15.-16.04.2017,2017-0058-11,52. Internationales Osterturnier (Miniaturgolf),Weinheim,,1,,unresolved_no_pass,DMV_Teilnahmen_2015_2025_VOLLSTAENDIG
DMV-156509,,,2017,15.-16.04.2017,2017-0058-11,52. Internationales Osterturnier (Miniaturgolf),Weinheim,,9,,unresolved_no_pass,DMV_Teilnahmen_2015_2025_VOLLSTAENDIG
DMV-156510,,,2017,15.-16.04.2017,2017-0058-11,52. Internationales Osterturnier (Miniaturgolf),Weinheim,,1,,unresolved_no_pass,DMV_Teilnahmen_2015_2025_VOLLSTAENDIG
DMV-156511,,,2017,15.-16.04.2017,2017-0058-11,52. Internationales Osterturnier (Miniaturgolf),Weinheim,,7,,unresolved_no_pass,DMV_Teilnahmen_2015_2025_VOLLSTAENDIG
DMV-156512,,,2017,15.-16.04.2017,2017-0058-11,52. Internationales Osterturnier (Miniaturgolf),Weinheim,,1,,unresolved_no_pass,DMV_Teilnahmen_2015_2025_VOLLSTAENDIG
DMV-156513,,,2017,15.-16.04.2017,2017-0058-11,52. Internationales Osterturnier (Miniaturgolf),Weinheim,,1,,unresolved_no_pass,DMV_Teilnahmen_2015_2025_VOLLSTAENDIG
DMV-156514,,,2017,15.-16.04.2017,2017-0058-11,52. Internationales Osterturnier (Miniaturgolf),Weinheim,,1,,unresolved_no_pass,DMV_Teilnahmen_2015_2025_VOLLSTAENDIG
DMV-156515,,,2017,15.-16.04.2017,2017-0058-11,52. Internationales Osterturnier (Miniaturgolf),Weinheim,,2,,unresolved_no_pass,DMV_Teilnahmen_2015_2025_VOLLSTAENDIG
DMV-156516,,,2017,15.-16.04.2017,2017-0058-11,52. Internationales Osterturnier (Miniaturgolf),Weinheim,,4,,unresolved_no_pass,DMV_Teilnahmen_2015_2025_VOLLSTAENDIG
DMV-156517,,,2017,19.03.2017,2017-0068-03,51. Siebengebirgsturnier,Bad Godesberg,,3,,unresolved_no_pass,DMV_Teilnahmen_2015_2025_VOLLSTAENDIG
DMV-156518,,,2017,19.03.2017,2017-0068-07,51. Siebengebirgsturnier,Bad Godesberg,,10,,unresolved_no_pass,DMV_Teilnahmen_2015_2025_VOLLSTAENDIG
DMV-156519,,,2017,19.03.2017,2017-0068-07,51. Siebengebirgsturnier,Bad Godesberg,,11,,unresolved_no_pass,DMV_Teilnahmen_2015_2025_VOLLSTAENDIG
DMV-156520,,,2017,05.03.2017,2017-0069-06,6. Erzgebirgspokal,Eibenstock,,3,,unresolved_no_pass,DMV_Teilnahmen_2015_2025_VOLLSTAENDIG
DMV-156521,,,2017,05.03.2017,2017-0069-08,6. Erzgebirgspokal,Eibenstock,,4,,unresolved_no_pass,DMV_Teilnahmen_2015_2025_VOLLSTAENDIG
DMV-156522,,,2017,05.03.2017,2017-0069-12,6. Erzgebirgspokal,Eibenstock,,2,,unresolved_no_pass,DMV_Teilnahmen_2015_2025_VOLLSTAENDIG
DMV-156523,,,2018,03.-04.11.2018,2018-0002-08,Grand Prix 2018,Eibenstock,,6,,unresolved_no_pass,DMV_Teilnahmen_2015_2025_VOLLSTAENDIG
DMV-156524,,,2018,03.-04.11.2018,2018-0002-09,Grand Prix 2018,Eibenstock,,60,,unresolved_no_pass,DMV_Teilnahmen_2015_2025_VOLLSTAENDIG
DMV-156525,,,2018,03.-04.11.2018,2018-0002-09,Grand Prix 2018,Eibenstock,,72,,unresolved_no_pass,DMV_Teilnahmen_2015_2025_VOLLSTAENDIG
DMV-156526,,,2018,03.-04.11.2018,2018-0002-09,Grand Prix 2018,Eibenstock,,82,,unresolved_no_pass,DMV_Teilnahmen_2015_2025_VOLLSTAENDIG
DMV-156527,,,2018,03.10.2018,2018-0008-06,22. Zwei-Burgen-Turnier,Weinheim,,3,,unresolved_no_pass,DMV_Teilnahmen_2015_2025_VOLLSTAENDIG
DMV-156528,,,2018,03.10.2018,2018-0008-06,22. Zwei-Burgen-Turnier,Weinheim,,4,,unresolved_no_pass,DMV_Teilnahmen_2015_2025_VOLLSTAENDIG
DMV-156529,,,2018,03.10.2018,2018-0008-06,22. Zwei-Burgen-Turnier,Weinheim,,5,,unresolved_no_pass,DMV_Teilnahmen_2015_2025_VOLLSTAENDIG
DMV-156530,,,2018,03.10.2018,2018-0008-06,22. Zwei-Burgen-Turnier,Weinheim,,6,,unresolved_no_pass,DMV_Teilnahmen_2015_2025_VOLLSTAENDIG
DMV-156531,,,2018,03.10.2018,2018-0008-06,22. Zwei-Burgen-Turnier,Weinheim,,8,,unresolved_no_pass,DMV_Teilnahmen_2015_2025_VOLLSTAENDIG
DMV-156532,,,2018,23.-25.08.2018,2018-0017-13,Deutsche Meisterschaften  System Beton,Bottrop,,13,,unresolved_no_pass,DMV_Teilnahmen_2015_2025_VOLLSTAENDIG
DMV-156533,,,2018,23.-25.08.2018,2018-0017-13,Deutsche Meisterschaften  System Beton,Bottrop,,14,,unresolved_no_pass,DMV_Teilnahmen_2015_2025_VOLLSTAENDIG
DMV-156534,,,2018,23.-25.08.2018,2018-0017-13,Deutsche Meisterschaften  System Beton,Bottrop,,22,,unresolved_no_pass,DMV_Teilnahmen_2015_2025_VOLLSTAENDIG
DMV-156535,,,2018,23.-25.08.2018,2018-0017-13,Deutsche Meisterschaften  System Beton,Bottrop,,24,,unresolved_no_pass,DMV_Teilnahmen_2015_2025_VOLLSTAENDIG
DMV-156536,,,2018,23.-25.08.2018,2018-0017-14,Deutsche Meisterschaften  System Beton,Bottrop,,6,,unresolved_no_pass,DMV_Teilnahmen_2015_2025_VOLLSTAENDIG
DMV-156537,,,2018,23.-25.08.2018,2018-0017-15,Deutsche Meisterschaften  System Beton,Bottrop,,18,,unresolved_no_pass,DMV_Teilnahmen_2015_2025_VOLLSTAENDIG
DMV-156538,,,2018,23.-25.08.2018,2018-0017-16,Deutsche Meisterschaften  System Beton,Bottrop,,2,,unresolved_no_pass,DMV_Teilnahmen_2015_2025_VOLLSTAENDIG
DMV-156539,,,2018,23.-25.08.2018,2018-0017-17,Deutsche Meisterschaften  System Beton,Bottrop,,11,,unresolved_no_pass,DMV_Teilnahmen_2015_2025_VOLLSTAENDIG
DMV-156540,,,2018,23.-25.08.2018,2018-0017-17,Deutsche Meisterschaften  System Beton,Bottrop,,14,,unresolved_no_pass,DMV_Teilnahmen_2015_2025_VOLLSTAENDIG
DMV-156541,,,2018,23.-25.08.2018,2018-0017-17,Deutsche Meisterschaften  System Beton,Bottrop,,15,,unresolved_no_pass,DMV_Teilnahmen_2015_2025_VOLLSTAENDIG
DMV-156542,,,2018,23.-25.08.2018,2018-0017-17,Deutsche Meisterschaften  System Beton,Bottrop,,30,,unresolved_no_pass,DMV_Teilnahmen_2015_2025_VOLLSTAENDIG
DMV-156543,,,2018,23.-25.08.2018,2018-0017-18,Deutsche Meisterschaften  System Beton,Bottrop,,6,,unresolved_no_pass,DMV_Teilnahmen_2015_2025_VOLLSTAENDIG
DMV-156544,,,2018,11.-12.08.2018,2018-0022-04,28. Rebland-Turnier,Ohlsbach,,3,,unresolved_no_pass,DMV_Teilnahmen_2015_2025_VOLLSTAENDIG
DMV-156545,,,2018,11.-12.08.2018,2018-0022-04,28. Rebland-Turnier,Ohlsbach,,4,,unresolved_no_pass,DMV_Teilnahmen_2015_2025_VOLLSTAENDIG
DMV-156546,,,2018,10.06.2018,2018-0036-04,4. Spieltag der 1. Bundesliga Nord,Bad Münder,,38,,unresolved_no_pass,DMV_Teilnahmen_2015_2025_VOLLSTAENDIG
DMV-156547,,,2018,10.06.2018,2018-0036-04,4. Spieltag der 1. Bundesliga Nord,Bad Münder,,40,,unresolved_no_pass,DMV_Teilnahmen_2015_2025_VOLLSTAENDIG
DMV-156548,,,2018,10.06.2018,2018-0038-05,4. Spieltag der 2. Bundesliga Nord Staffel 1,Bochum,,35,,unresolved_no_pass,DMV_Teilnahmen_2015_2025_VOLLSTAENDIG
DMV-156549,,,2018,10.06.2018,2018-0038-05,4. Spieltag der 2. Bundesliga Nord Staffel 1,Bochum,,7,,unresolved_no_pass,DMV_Teilnahmen_2015_2025_VOLLSTAENDIG
DMV-156550,,,2018,10.06.2018,2018-0038-05,4. Spieltag der 2. Bundesliga Nord Staffel 1,Bochum,,1,,unresolved_no_pass,DMV_Teilnahmen_2015_2025_VOLLSTAENDIG
DMV-156551,,,2018,10.06.2018,2018-0038-05,4. Spieltag der 2. Bundesliga Nord Staffel 1,Bochum,,4,,unresolved_no_pass,DMV_Teilnahmen_2015_2025_VOLLSTAENDIG
DMV-156552,,,2018,10.06.2018,2018-0038-05,4. Spieltag der 2. Bundesliga Nord Staffel 1,Bochum,,1,,unresolved_no_pass,DMV_Teilnahmen_2015_2025_VOLLSTAENDIG
DMV-156553,,,2018,27.05.2018,2018-0043-04,3. Spieltag der 1. Bundesliga Nord,Witten,,14,,unresolved_no_pass,DMV_Teilnahmen_2015_2025_VOLLSTAENDIG
DMV-156554,,,2018,27.05.2018,2018-0043-04,3. Spieltag der 1. Bundesliga Nord,Witten,,15,,unresolved_no_pass,DMV_Teilnahmen_2015_2025_VOLLSTAENDIG
DMV-156555,,,2018,27.05.2018,2018-0045-05,3. Spieltag der 2. Bundesliga Nord Staffel 1,Wesel,,26,,unresolved_no_pass,DMV_Teilnahmen_2015_2025_VOLLSTAENDIG
DMV-156556,,,2018,20.05.2018,2018-0048-04,34. Sieben-Kelten-Turnier,Metzingen,,3,,unresolved_no_pass,DMV_Teilnahmen_2015_2025_VOLLSTAENDIG
DMV-156557,,,2018,20.05.2018,2018-0048-04,34. Sieben-Kelten-Turnier,Metzingen,,7,,unresolved_no_pass,DMV_Teilnahmen_2015_2025_VOLLSTAENDIG
DMV-156558,,,2018,20.05.2018,2018-0048-05,34. Sieben-Kelten-Turnier,Metzingen,,3,,unresolved_no_pass,DMV_Teilnahmen_2015_2025_VOLLSTAENDIG
DMV-156559,,,2018,29.04.2018,2018-0052-03,2. Spieltag der 1. Bundesliga Nord,Büttgen,,42,,unresolved_no_pass,DMV_Teilnahmen_2015_2025_VOLLSTAENDIG
DMV-156560,,,2018,29.04.2018,2018-0052-03,2. Spieltag der 1. Bundesliga Nord,Büttgen,,44,,unresolved_no_pass,DMV_Teilnahmen_2015_2025_VOLLSTAENDIG
DMV-156561,,,2018,29.04.2018,2018-0052-03,2. Spieltag der 1. Bundesliga Nord,Büttgen,,47,,unresolved_no_pass,DMV_Teilnahmen_2015_2025_VOLLSTAENDIG
DMV-156562,,,2018,29.04.2018,2018-0053-03,2. Spieltag der 1. Bundesliga Süd,Künzell,,40,,unresolved_no_pass,DMV_Teilnahmen_2015_2025_VOLLSTAENDIG
DMV-156563,,,2018,29.04.2018,2018-0054-04,2. Spieltag der 2. Bundesliga Nord Staffel 1,Kerpen,,31,,unresolved_no_pass,DMV_Teilnahmen_2015_2025_VOLLSTAENDIG
DMV-156564,,,2018,15.04.2018,2018-0063-04,1. Spieltag der 2. Bundesliga Nord,Büttgen,,24,,unresolved_no_pass,DMV_Teilnahmen_2015_2025_VOLLSTAENDIG
DMV-156565,,,2018,15.04.2018,2018-0065-03,1. Spieltag der 1. Bundesliga Nord,Bremen,,12,,unresolved_no_pass,DMV_Teilnahmen_2015_2025_VOLLSTAENDIG
DMV-156566,,,2018,15.04.2018,2018-0065-03,1. Spieltag der 1. Bundesliga Nord,Bremen,,17,,unresolved_no_pass,DMV_Teilnahmen_2015_2025_VOLLSTAENDIG
DMV-156567,,,2018,15.04.2018,2018-0065-03,1. Spieltag der 1. Bundesliga Nord,Bremen,,22,,unresolved_no_pass,DMV_Teilnahmen_2015_2025_VOLLSTAENDIG
DMV-156568,,,2018,15.04.2018,2018-0065-03,1. Spieltag der 1. Bundesliga Nord,Bremen,,31,,unresolved_no_pass,DMV_Teilnahmen_2015_2025_VOLLSTAENDIG
DMV-156569,,,2018,15.04.2018,2018-0065-03,1. Spieltag der 1. Bundesliga Nord,Bremen,,31,,unresolved_no_pass,DMV_Teilnahmen_2015_2025_VOLLSTAENDIG
DMV-156570,,,2018,15.04.2018,2018-0065-03,1. Spieltag der 1. Bundesliga Nord,Bremen,,44,,unresolved_no_pass,DMV_Teilnahmen_2015_2025_VOLLSTAENDIG
DMV-156571,,,2018,15.04.2018,2018-0065-03,1. Spieltag der 1. Bundesliga Nord,Bremen,,46,,unresolved_no_pass,DMV_Teilnahmen_2015_2025_VOLLSTAENDIG
DMV-156572,,,2018,15.04.2018,2018-0065-03,1. Spieltag der 1. Bundesliga Nord,Bremen,,,,unresolved_no_pass,DMV_Teilnahmen_2015_2025_VOLLSTAENDIG
DMV-156573,,,2018,15.04.2018,2018-0065-03,1. Spieltag der 1. Bundesliga Nord,Bremen,,,,unresolved_no_pass,DMV_Teilnahmen_2015_2025_VOLLSTAENDIG
DMV-156574,,,2018,15.04.2018,2018-0065-03,1. Spieltag der 1. Bundesliga Nord,Bremen,,,,unresolved_no_pass,DMV_Teilnahmen_2015_2025_VOLLSTAENDIG
DMV-156575,,,2018,15.04.2018,2018-0065-03,1. Spieltag der 1. Bundesliga Nord,Bremen,,,,unresolved_no_pass,DMV_Teilnahmen_2015_2025_VOLLSTAENDIG
DMV-156576,,,2018,15.04.2018,2018-0065-03,1. Spieltag der 1. Bundesliga Nord,Bremen,,,,unresolved_no_pass,DMV_Teilnahmen_2015_2025_VOLLSTAENDIG
DMV-156577,,,2018,15.04.2018,2018-0065-03,1. Spieltag der 1. Bundesliga Nord,Bremen,,,,unresolved_no_pass,DMV_Teilnahmen_2015_2025_VOLLSTAENDIG
DMV-156578,,,2018,15.04.2018,2018-0065-03,1. Spieltag der 1. Bundesliga Nord,Bremen,,,,unresolved_no_pass,DMV_Teilnahmen_2015_2025_VOLLSTAENDIG
DMV-156579,,,2018,15.04.2018,2018-0065-03,1. Spieltag der 1. Bundesliga Nord,Bremen,,10,,unresolved_no_pass,DMV_Teilnahmen_2015_2025_VOLLSTAENDIG
DMV-156580,,,2018,15.04.2018,2018-0065-03,1. Spieltag der 1. Bundesliga Nord,Bremen,,2,,unresolved_no_pass,DMV_Teilnahmen_2015_2025_VOLLSTAENDIG
DMV-156581,,,2018,30.03. - 01.04.2018,2018-0069-10,53 . Internationales Osterturnier,Weinheim,,6,,unresolved_no_pass,DMV_Teilnahmen_2015_2025_VOLLSTAENDIG
DMV-156582,,,2018,30.03. - 01.04.2018,2018-0069-10,53 . Internationales Osterturnier,Weinheim,,8,,unresolved_no_pass,DMV_Teilnahmen_2015_2025_VOLLSTAENDIG
DMV-156583,,,2018,30.03. - 01.04.2018,2018-0068-08,53 . Internationales Osterturnier,Weinheim,,19,,unresolved_no_pass,DMV_Teilnahmen_2015_2025_VOLLSTAENDIG
DMV-156584,,,2018,30.03. - 01.04.2018,2018-0069-06,53 . Internationales Osterturnier,Weinheim,,4,,unresolved_no_pass,DMV_Teilnahmen_2015_2025_VOLLSTAENDIG
DMV-156585,,,2015,07.-08.11.2015,2015-0001-07,Grand Prix 2015,Eibenstock,,4,,unresolved_no_pass,DMV_Teilnahmen_2015_2025_VOLLSTAENDIG
DMV-156586,,,2015,07.-08.11.2015,2015-0001-07,Grand Prix 2015,Eibenstock,,9,,unresolved_no_pass,DMV_Teilnahmen_2015_2025_VOLLSTAENDIG
DMV-156587,,,2015,03.10.2015,2015-0004-13,19. Zwei-Burgen-Turnier,Weinheim,,4,,unresolved_no_pass,DMV_Teilnahmen_2015_2025_VOLLSTAENDIG
DMV-156588,,,2015,03.10.2015,2015-0004-14,19. Zwei-Burgen-Turnier,Weinheim,,3,,unresolved_no_pass,DMV_Teilnahmen_2015_2025_VOLLSTAENDIG
DMV-156589,,,2015,08.-09.08.2015,2015-0008-03,25. Rebland-Turnier,Ohlsbach,,3,,unresolved_no_pass,DMV_Teilnahmen_2015_2025_VOLLSTAENDIG
DMV-156590,,,2015,08.-09.08.2015,2015-0008-03,25. Rebland-Turnier,Ohlsbach,,5,,unresolved_no_pass,DMV_Teilnahmen_2015_2025_VOLLSTAENDIG
DMV-156591,,,2015,08.-09.08.2015,2015-0008-10,25. Rebland-Turnier,Ohlsbach,,4,,unresolved_no_pass,DMV_Teilnahmen_2015_2025_VOLLSTAENDIG
DMV-156592,,,2015,08.-09.08.2015,2015-0008-10,25. Rebland-Turnier,Ohlsbach,,6,,unresolved_no_pass,DMV_Teilnahmen_2015_2025_VOLLSTAENDIG
DMV-156593,,,2015,08.-09.08.2015,2015-0008-10,25. Rebland-Turnier,Ohlsbach,,9,,unresolved_no_pass,DMV_Teilnahmen_2015_2025_VOLLSTAENDIG
DMV-156594,,,2015,08.-09.08.2015,2015-0008-10,25. Rebland-Turnier,Ohlsbach,,10,,unresolved_no_pass,DMV_Teilnahmen_2015_2025_VOLLSTAENDIG
DMV-156595,,,2015,08.-09.08.2015,2015-0008-10,25. Rebland-Turnier,Ohlsbach,,11,,unresolved_no_pass,DMV_Teilnahmen_2015_2025_VOLLSTAENDIG
DMV-156596,,,2015,08.-09.08.2015,2015-0008-10,25. Rebland-Turnier,Ohlsbach,,16,,unresolved_no_pass,DMV_Teilnahmen_2015_2025_VOLLSTAENDIG
DMV-156597,,,2015,08.-09.08.2015,2015-0008-10,25. Rebland-Turnier,Ohlsbach,,17,,unresolved_no_pass,DMV_Teilnahmen_2015_2025_VOLLSTAENDIG
DMV-156598,,,2015,08.-09.08.2015,2015-0008-10,25. Rebland-Turnier,Ohlsbach,,18,,unresolved_no_pass,DMV_Teilnahmen_2015_2025_VOLLSTAENDIG
DMV-156599,,,2015,08.-09.08.2015,2015-0008-10,25. Rebland-Turnier,Ohlsbach,,25,,unresolved_no_pass,DMV_Teilnahmen_2015_2025_VOLLSTAENDIG
DMV-156600,,,2015,08.-09.08.2015,2015-0008-10,25. Rebland-Turnier,Ohlsbach,,27,,unresolved_no_pass,DMV_Teilnahmen_2015_2025_VOLLSTAENDIG
DMV-156601,,,2015,08.-09.08.2015,2015-0008-10,25. Rebland-Turnier,Ohlsbach,,40,,unresolved_no_pass,DMV_Teilnahmen_2015_2025_VOLLSTAENDIG
DMV-156602,,,2015,05.07.2015,2015-0010-09,7. Messecup,Rheinstetten,,5,,unresolved_no_pass,DMV_Teilnahmen_2015_2025_VOLLSTAENDIG
DMV-156603,,,2015,15.-17.05.2015,2015-0014-06,32. Elbe-Weser-Pokalturnier,Cuxhaven,,8,,unresolved_no_pass,DMV_Teilnahmen_2015_2025_VOLLSTAENDIG
DMV-156604,,,2015,15.-17.05.2015,2015-0014-12,32. Elbe-Weser-Pokalturnier,Cuxhaven,,25,,unresolved_no_pass,DMV_Teilnahmen_2015_2025_VOLLSTAENDIG
DMV-156605,,,2015,04.-05.04.2015,2015-0023-03,50. internationales Osterturnier (Beton) 50. internationales Osterturnier (Miniaturgolf) 50. internationales Osterturnier (Kombi),Weinheim,,6,,unresolved_no_pass,DMV_Teilnahmen_2015_2025_VOLLSTAENDIG
DMV-156606,,,2015,04.-05.04.2015,2015-0023-03,50. internationales Osterturnier (Beton) 50. internationales Osterturnier (Miniaturgolf) 50. internationales Osterturnier (Kombi),Weinheim,,3,,unresolved_no_pass,DMV_Teilnahmen_2015_2025_VOLLSTAENDIG
DMV-156607,,,2015,04.-05.04.2015,2015-0023-03,50. internationales Osterturnier (Beton) 50. internationales Osterturnier (Miniaturgolf) 50. internationales Osterturnier (Kombi),Weinheim,,13,,unresolved_no_pass,DMV_Teilnahmen_2015_2025_VOLLSTAENDIG
DMV-156608,,,2015,04.-05.04.2015,2015-0023-03,50. internationales Osterturnier (Beton) 50. internationales Osterturnier (Miniaturgolf) 50. internationales Osterturnier (Kombi),Weinheim,,9,,unresolved_no_pass,DMV_Teilnahmen_2015_2025_VOLLSTAENDIG
DMV-156609,,,2015,04.-05.04.2015,2015-0023-05,50. internationales Osterturnier (Beton) 50. internationales Osterturnier (Miniaturgolf) 50. internationales Osterturnier (Kombi),Weinheim,,8,,unresolved_no_pass,DMV_Teilnahmen_2015_2025_VOLLSTAENDIG
DMV-156610,,,2015,04.-05.04.2015,2015-0023-05,50. internationales Osterturnier (Beton) 50. internationales Osterturnier (Miniaturgolf) 50. internationales Osterturnier (Kombi),Weinheim,,9,,unresolved_no_pass,DMV_Teilnahmen_2015_2025_VOLLSTAENDIG
DMV-156611,,,2015,04.-05.04.2015,2015-0023-05,50. internationales Osterturnier (Beton) 50. internationales Osterturnier (Miniaturgolf) 50. internationales Osterturnier (Kombi),Weinheim,,10,,unresolved_no_pass,DMV_Teilnahmen_2015_2025_VOLLSTAENDIG
DMV-156612,,,2015,04.-05.04.2015,2015-0023-05,50. internationales Osterturnier (Beton) 50. internationales Osterturnier (Miniaturgolf) 50. internationales Osterturnier (Kombi),Weinheim,,6,,unresolved_no_pass,DMV_Teilnahmen_2015_2025_VOLLSTAENDIG
DMV-156613,,,2015,04.-05.04.2015,2015-0023-08,50. internationales Osterturnier (Beton) 50. internationales Osterturnier (Miniaturgolf) 50. internationales Osterturnier (Kombi),Weinheim,,3,,unresolved_no_pass,DMV_Teilnahmen_2015_2025_VOLLSTAENDIG
DMV-156614,,,2015,08.03.2015,2015-0028-03,7. Ohlsbacher Turnier zum Frühlingserwachen,Ohlsbach,,43,,unresolved_no_pass,DMV_Teilnahmen_2015_2025_VOLLSTAENDIG
DMV-156615,,,2015,08.03.2015,2015-0028-04,7. Ohlsbacher Turnier zum Frühlingserwachen,Ohlsbach,,6,,unresolved_no_pass,DMV_Teilnahmen_2015_2025_VOLLSTAENDIG
DMV-156616,,,2015,08.03.2015,2015-0028-04,7. Ohlsbacher Turnier zum Frühlingserwachen,Ohlsbach,,7,,unresolved_no_pass,DMV_Teilnahmen_2015_2025_VOLLSTAENDIG
DMV-156617,,,2015,08.03.2015,2015-0028-04,7. Ohlsbacher Turnier zum Frühlingserwachen,Ohlsbach,,8,,unresolved_no_pass,DMV_Teilnahmen_2015_2025_VOLLSTAENDIG
DMV-156618,,,2015,08.03.2015,2015-0028-04,7. Ohlsbacher Turnier zum Frühlingserwachen,Ohlsbach,,9,,unresolved_no_pass,DMV_Teilnahmen_2015_2025_VOLLSTAENDIG
DMV-156619,,,2015,08.03.2015,2015-0028-04,7. Ohlsbacher Turnier zum Frühlingserwachen,Ohlsbach,,10,,unresolved_no_pass,DMV_Teilnahmen_2015_2025_VOLLSTAENDIG
DMV-156620,,,2015,08.03.2015,2015-0028-04,7. Ohlsbacher Turnier zum Frühlingserwachen,Ohlsbach,,11,,unresolved_no_pass,DMV_Teilnahmen_2015_2025_VOLLSTAENDIG
DMV-156621,,,2015,08.03.2015,2015-0028-04,7. Ohlsbacher Turnier zum Frühlingserwachen,Ohlsbach,,12,,unresolved_no_pass,DMV_Teilnahmen_2015_2025_VOLLSTAENDIG
DMV-156622,,,2015,08.03.2015,2015-0028-04,7. Ohlsbacher Turnier zum Frühlingserwachen,Ohlsbach,,13,,unresolved_no_pass,DMV_Teilnahmen_2015_2025_VOLLSTAENDIG
DMV-156623,,,2025,03.10.2025,2025-0018-06,29. Zwei-Burgen-Turnier,Weinheim,,7,,unresolved_no_pass,DMV_Teilnahmen_2015_2025_VOLLSTAENDIG
DMV-156624,,,2025,03.10.2025,2025-0018-06,29. Zwei-Burgen-Turnier,Weinheim,,9,,unresolved_no_pass,DMV_Teilnahmen_2015_2025_VOLLSTAENDIG
DMV-156625,,,2025,21.09.2025,2025-0029-08,Staffelsee Pokal Turnier,Murnau,,13,,unresolved_no_pass,DMV_Teilnahmen_2015_2025_VOLLSTAENDIG
DMV-156626,,,2025,24.08.2025,2025-0063-05,44. Rheinau-Pokalturnier,Rheinau,,3,,unresolved_no_pass,DMV_Teilnahmen_2015_2025_VOLLSTAENDIG
DMV-156627,,,2025,24.08.2025,2025-0063-05,44. Rheinau-Pokalturnier,Rheinau,,6,,unresolved_no_pass,DMV_Teilnahmen_2015_2025_VOLLSTAENDIG
DMV-156628,,,2025,24.08.2025,2025-0063-05,44. Rheinau-Pokalturnier,Rheinau,,7,,unresolved_no_pass,DMV_Teilnahmen_2015_2025_VOLLSTAENDIG
DMV-156629,,,2025,24.08.2025,2025-0063-05,44. Rheinau-Pokalturnier,Rheinau,,9,,unresolved_no_pass,DMV_Teilnahmen_2015_2025_VOLLSTAENDIG
DMV-156630,,,2025,09.-10.08.2025,2025-0073-06,35. Rebland-Turnier,Ohlsbach,,12,,unresolved_no_pass,DMV_Teilnahmen_2015_2025_VOLLSTAENDIG
DMV-156631,,,2025,09.-10.08.2025,2025-0073-10,35. Rebland-Turnier,Ohlsbach,,,,unresolved_no_pass,DMV_Teilnahmen_2015_2025_VOLLSTAENDIG
DMV-156632,,,2025,09.-10.08.2025,2025-0073-10,35. Rebland-Turnier,Ohlsbach,,,,unresolved_no_pass,DMV_Teilnahmen_2015_2025_VOLLSTAENDIG
DMV-156633,,,2025,09.-10.08.2025,2025-0073-10,35. Rebland-Turnier,Ohlsbach,,,,unresolved_no_pass,DMV_Teilnahmen_2015_2025_VOLLSTAENDIG
DMV-156634,,,2025,09.-10.08.2025,2025-0073-10,35. Rebland-Turnier,Ohlsbach,,,,unresolved_no_pass,DMV_Teilnahmen_2015_2025_VOLLSTAENDIG
DMV-156635,,,2025,09.-10.08.2025,2025-0073-10,35. Rebland-Turnier,Ohlsbach,,,,unresolved_no_pass,DMV_Teilnahmen_2015_2025_VOLLSTAENDIG
DMV-156636,,,2025,09.-10.08.2025,2025-0073-10,35. Rebland-Turnier,Ohlsbach,,,,unresolved_no_pass,DMV_Teilnahmen_2015_2025_VOLLSTAENDIG
DMV-156637,,,2025,09.-10.08.2025,2025-0073-10,35. Rebland-Turnier,Ohlsbach,,,,unresolved_no_pass,DMV_Teilnahmen_2015_2025_VOLLSTAENDIG
DMV-156638,,,2025,20.07.2025,2025-0108-09,13. EDEKA-Cup der Minigolfwölfe Rheinstetten,Rheinstetten,,9,,unresolved_no_pass,DMV_Teilnahmen_2015_2025_VOLLSTAENDIG
DMV-156639,,,2025,16.-19.07.2025,2025-0114-09,26. Deutsche Minigolf-Meisterschaften,Hilzingen,,,,unresolved_no_pass,DMV_Teilnahmen_2015_2025_VOLLSTAENDIG
DMV-156640,,,2025,16.-19.07.2025,2025-0114-09,26. Deutsche Minigolf-Meisterschaften,Hilzingen,,,,unresolved_no_pass,DMV_Teilnahmen_2015_2025_VOLLSTAENDIG
DMV-156641,,,2025,16.-19.07.2025,2025-0114-09,26. Deutsche Minigolf-Meisterschaften,Hilzingen,,,,unresolved_no_pass,DMV_Teilnahmen_2015_2025_VOLLSTAENDIG
DMV-156642,,,2025,16.-19.07.2025,2025-0114-09,26. Deutsche Minigolf-Meisterschaften,Hilzingen,,,,unresolved_no_pass,DMV_Teilnahmen_2015_2025_VOLLSTAENDIG
DMV-156643,,,2025,16.-19.07.2025,2025-0114-09,26. Deutsche Minigolf-Meisterschaften,Hilzingen,,,,unresolved_no_pass,DMV_Teilnahmen_2015_2025_VOLLSTAENDIG
DMV-156644,,,2025,16.-19.07.2025,2025-0114-09,26. Deutsche Minigolf-Meisterschaften,Hilzingen,,,,unresolved_no_pass,DMV_Teilnahmen_2015_2025_VOLLSTAENDIG
DMV-156645,,,2025,16.-19.07.2025,2025-0114-09,26. Deutsche Minigolf-Meisterschaften,Hilzingen,,,,unresolved_no_pass,DMV_Teilnahmen_2015_2025_VOLLSTAENDIG
DMV-156646,,,2025,13.07.2025,2025-0117-07,Baggerseecup,Ingolstadt,,21,,unresolved_no_pass,DMV_Teilnahmen_2015_2025_VOLLSTAENDIG
DMV-156647,,,2025,03.-05.07.2025,2025-0124-19,Deutsche Minigolf-Jugendmeisterschaften 2025,Herne,,,,unresolved_no_pass,DMV_Teilnahmen_2015_2025_VOLLSTAENDIG
DMV-156648,,,2025,03.-05.07.2025,2025-0124-19,Deutsche Minigolf-Jugendmeisterschaften 2025,Herne,,,,unresolved_no_pass,DMV_Teilnahmen_2015_2025_VOLLSTAENDIG
DMV-156649,,,2025,03.-05.07.2025,2025-0124-19,Deutsche Minigolf-Jugendmeisterschaften 2025,Herne,,,,unresolved_no_pass,DMV_Teilnahmen_2015_2025_VOLLSTAENDIG
DMV-156650,,,2025,03.-05.07.2025,2025-0124-19,Deutsche Minigolf-Jugendmeisterschaften 2025,Herne,,,,unresolved_no_pass,DMV_Teilnahmen_2015_2025_VOLLSTAENDIG
DMV-156651,,,2025,03.-05.07.2025,2025-0124-19,Deutsche Minigolf-Jugendmeisterschaften 2025,Herne,,,,unresolved_no_pass,DMV_Teilnahmen_2015_2025_VOLLSTAENDIG
DMV-156652,,,2025,03.-05.07.2025,2025-0124-19,Deutsche Minigolf-Jugendmeisterschaften 2025,Herne,,,,unresolved_no_pass,DMV_Teilnahmen_2015_2025_VOLLSTAENDIG
DMV-156653,,,2025,29.06.2025,2025-0128-12,Jubiläumsturnier 60 Jahre MGC Sulzfeld,Sulzfeld,,5,,unresolved_no_pass,DMV_Teilnahmen_2015_2025_VOLLSTAENDIG
DMV-156654,,,2025,29.06.2025,2025-0129-08,12. Kurparkcup,Hamm,,,,unresolved_no_pass,DMV_Teilnahmen_2015_2025_VOLLSTAENDIG
DMV-156655,,,2025,29.06.2025,2025-0129-08,12. Kurparkcup,Hamm,,,,unresolved_no_pass,DMV_Teilnahmen_2015_2025_VOLLSTAENDIG
DMV-156656,,,2025,29.06.2025,2025-0129-08,12. Kurparkcup,Hamm,,,,unresolved_no_pass,DMV_Teilnahmen_2015_2025_VOLLSTAENDIG
DMV-156657,,,2025,29.06.2025,2025-0129-08,12. Kurparkcup,Hamm,,,,unresolved_no_pass,DMV_Teilnahmen_2015_2025_VOLLSTAENDIG
DMV-156658,,,2025,29.06.2025,2025-0129-08,12. Kurparkcup,Hamm,,,,unresolved_no_pass,DMV_Teilnahmen_2015_2025_VOLLSTAENDIG
DMV-156659,,,2025,29.06.2025,2025-0129-08,12. Kurparkcup,Hamm,,,,unresolved_no_pass,DMV_Teilnahmen_2015_2025_VOLLSTAENDIG
DMV-156660,,,2025,29.06.2025,2025-0129-08,12. Kurparkcup,Hamm,,,,unresolved_no_pass,DMV_Teilnahmen_2015_2025_VOLLSTAENDIG
DMV-156661,,,2025,29.06.2025,2025-0129-08,12. Kurparkcup,Hamm,,,,unresolved_no_pass,DMV_Teilnahmen_2015_2025_VOLLSTAENDIG
DMV-156662,,,2025,18.-20.06.2025,2025-0133-18,Bayerische Minigolfmeisterschaft 2025,Ingolstadt,,,,unresolved_no_pass,DMV_Teilnahmen_2015_2025_VOLLSTAENDIG
DMV-156663,,,2025,18.-20.06.2025,2025-0133-18,Bayerische Minigolfmeisterschaft 2025,Ingolstadt,,,,unresolved_no_pass,DMV_Teilnahmen_2015_2025_VOLLSTAENDIG
DMV-156664,,,2025,18.-20.06.2025,2025-0133-18,Bayerische Minigolfmeisterschaft 2025,Ingolstadt,,,,unresolved_no_pass,DMV_Teilnahmen_2015_2025_VOLLSTAENDIG
DMV-156665,,,2025,18.-20.06.2025,2025-0133-18,Bayerische Minigolfmeisterschaft 2025,Ingolstadt,,,,unresolved_no_pass,DMV_Teilnahmen_2015_2025_VOLLSTAENDIG
DMV-156666,,,2025,18.-20.06.2025,2025-0133-18,Bayerische Minigolfmeisterschaft 2025,Ingolstadt,,,,unresolved_no_pass,DMV_Teilnahmen_2015_2025_VOLLSTAENDIG
DMV-156667,,,2025,18.-20.06.2025,2025-0133-18,Bayerische Minigolfmeisterschaft 2025,Ingolstadt,,,,unresolved_no_pass,DMV_Teilnahmen_2015_2025_VOLLSTAENDIG
DMV-156668,,,2025,18.-20.06.2025,2025-0133-18,Bayerische Minigolfmeisterschaft 2025,Ingolstadt,,,,unresolved_no_pass,DMV_Teilnahmen_2015_2025_VOLLSTAENDIG
DMV-156669,,,2025,07.-08.06.2025,2025-0153-08,Pfingstturnier beim MSK Neheim-Hüsten e.V.,Arnsberg,,23,,unresolved_no_pass,DMV_Teilnahmen_2015_2025_VOLLSTAENDIG
DMV-156670,,,2025,07.-08.06.2025,2025-0153-08,Pfingstturnier beim MSK Neheim-Hüsten e.V.,Arnsberg,,28,,unresolved_no_pass,DMV_Teilnahmen_2015_2025_VOLLSTAENDIG
DMV-156671,,,2025,07.-08.06.2025,2025-0153-08,Pfingstturnier beim MSK Neheim-Hüsten e.V.,Arnsberg,,35,,unresolved_no_pass,DMV_Teilnahmen_2015_2025_VOLLSTAENDIG
DMV-156672,,,2025,07.-08.06.2025,2025-0153-08,Pfingstturnier beim MSK Neheim-Hüsten e.V.,Arnsberg,,16,,unresolved_no_pass,DMV_Teilnahmen_2015_2025_VOLLSTAENDIG
DMV-156673,,,2025,31.05.-01.06.2025,2025-0159-07,3. German Adventuregolf Masters 2025,Winterberg,,47,,unresolved_no_pass,DMV_Teilnahmen_2015_2025_VOLLSTAENDIG
DMV-156674,,,2025,31.05.-01.06.2025,2025-0159-07,3. German Adventuregolf Masters 2025,Winterberg,,60,,unresolved_no_pass,DMV_Teilnahmen_2015_2025_VOLLSTAENDIG
DMV-156675,,,2025,06.04.2025,2025-0224-04,1. Spieltag der MRP Landesliga,Mainz,,5,,unresolved_no_pass,DMV_Teilnahmen_2015_2025_VOLLSTAENDIG
DMV-156676,,,2025,﻿16.03.2025 ﻿,2025-0240-04,﻿15. Ohlsbacher Turnier zum Frühlingserwachen ﻿,Ohlsbach,,2,,unresolved_no_pass,DMV_Teilnahmen_2015_2025_VOLLSTAENDIG
DMV-156677,,,2025,﻿16.03.2025 ﻿,2025-0240-04,﻿15. Ohlsbacher Turnier zum Frühlingserwachen ﻿,Ohlsbach,,8,,unresolved_no_pass,DMV_Teilnahmen_2015_2025_VOLLSTAENDIG
DMV-156678,,,2025,﻿16.03.2025 ﻿,2025-0240-04,﻿15. Ohlsbacher Turnier zum Frühlingserwachen ﻿,Ohlsbach,,9,,unresolved_no_pass,DMV_Teilnahmen_2015_2025_VOLLSTAENDIG
DMV-156679,,,2025,﻿16.03.2025 ﻿,2025-0240-04,﻿15. Ohlsbacher Turnier zum Frühlingserwachen ﻿,Ohlsbach,,12,,unresolved_no_pass,DMV_Teilnahmen_2015_2025_VOLLSTAENDIG
DMV-156680,,,2025,﻿16.03.2025 ﻿,2025-0240-04,﻿15. Ohlsbacher Turnier zum Frühlingserwachen ﻿,Ohlsbach,,14,,unresolved_no_pass,DMV_Teilnahmen_2015_2025_VOLLSTAENDIG
DMV-156681,,,2025,﻿08.-09.03.2025 ﻿,2025-0242-03,﻿24 Stunden Marathon Děčín ﻿,﻿Děčín ﻿,,6,,unresolved_no_pass,DMV_Teilnahmen_2015_2025_VOLLSTAENDIG
DMV-156682,,,2025,﻿08.-09.03.2025 ﻿,2025-0242-03,﻿24 Stunden Marathon Děčín ﻿,﻿Děčín ﻿,,24,,unresolved_no_pass,DMV_Teilnahmen_2015_2025_VOLLSTAENDIG
DMV-156683,,,2025,﻿08.-09.03.2025 ﻿,2025-0242-03,﻿24 Stunden Marathon Děčín ﻿,﻿Děčín ﻿,,28,,unresolved_no_pass,DMV_Teilnahmen_2015_2025_VOLLSTAENDIG
DMV-156684,,,2016,05.-06.11.2016,2016-0001-02,Grand Prix 2016,Eibenstock,,5,,unresolved_no_pass,DMV_Teilnahmen_2015_2025_VOLLSTAENDIG
DMV-156685,,,2016,05.-06.11.2016,2016-0001-02,Grand Prix 2016,Eibenstock,,10,,unresolved_no_pass,DMV_Teilnahmen_2015_2025_VOLLSTAENDIG
DMV-156686,,,2016,05.-06.11.2016,2016-0001-08,Grand Prix 2016,Eibenstock,,6,,unresolved_no_pass,DMV_Teilnahmen_2015_2025_VOLLSTAENDIG
DMV-156687,,,2016,09.10.2016,2016-0003-08,BMW Knopf Trophy 2016,Schriesheim,,10,,unresolved_no_pass,DMV_Teilnahmen_2015_2025_VOLLSTAENDIG
DMV-156688,,,2016,09.10.2016,2016-0003-08,BMW Knopf Trophy 2016,Schriesheim,,12,,unresolved_no_pass,DMV_Teilnahmen_2015_2025_VOLLSTAENDIG
DMV-156689,,,2016,09.10.2016,2016-0003-09,BMW Knopf Trophy 2016,Schriesheim,,14,,unresolved_no_pass,DMV_Teilnahmen_2015_2025_VOLLSTAENDIG
DMV-156690,,,2016,09.10.2016,2016-0003-10,BMW Knopf Trophy 2016,Schriesheim,,3,,unresolved_no_pass,DMV_Teilnahmen_2015_2025_VOLLSTAENDIG
DMV-156691,,,2016,09.10.2016,2016-0003-10,BMW Knopf Trophy 2016,Schriesheim,,5,,unresolved_no_pass,DMV_Teilnahmen_2015_2025_VOLLSTAENDIG
DMV-156692,,,2016,18.-20.08.2016,2016-0011-03,61. Deutsche Meisterschaften System Beton,Traben-Trarbach,,20,,unresolved_no_pass,DMV_Teilnahmen_2015_2025_VOLLSTAENDIG
DMV-156693,,,2016,18.-20.08.2016,2016-0011-05,61. Deutsche Meisterschaften System Beton,Traben-Trarbach,,15,,unresolved_no_pass,DMV_Teilnahmen_2015_2025_VOLLSTAENDIG
DMV-156694,,,2016,18.-20.08.2016,2016-0011-08,61. Deutsche Meisterschaften System Beton,Traben-Trarbach,,28,,unresolved_no_pass,DMV_Teilnahmen_2015_2025_VOLLSTAENDIG
DMV-156695,,,2016,18.-20.08.2016,2016-0011-09,61. Deutsche Meisterschaften System Beton,Traben-Trarbach,,8,,unresolved_no_pass,DMV_Teilnahmen_2015_2025_VOLLSTAENDIG
DMV-156696,,,2016,18.-20.08.2016,2016-0012-03,57. Deutsche Meisterschaften System Eternit,Mannheim,,2,,unresolved_no_pass,DMV_Teilnahmen_2015_2025_VOLLSTAENDIG
DMV-156697,,,2016,13.-14.08.2016,2016-0018-03,26. Rebland-Turnier,Ohlsbach,,2,,unresolved_no_pass,DMV_Teilnahmen_2015_2025_VOLLSTAENDIG
DMV-156698,,,2016,13.-14.08.2016,2016-0018-03,26. Rebland-Turnier,Ohlsbach,,3,,unresolved_no_pass,DMV_Teilnahmen_2015_2025_VOLLSTAENDIG
DMV-156699,,,2016,13.-14.08.2016,2016-0018-03,26. Rebland-Turnier,Ohlsbach,,5,,unresolved_no_pass,DMV_Teilnahmen_2015_2025_VOLLSTAENDIG
DMV-156700,,,2016,13.-14.08.2016,2016-0018-03,26. Rebland-Turnier,Ohlsbach,,7,,unresolved_no_pass,DMV_Teilnahmen_2015_2025_VOLLSTAENDIG
DMV-156701,,,2016,07.08.2016,2016-0019-10,"NBV-Landesliga Staffel I, 5. Spieltag",Kaarst,,7,,unresolved_no_pass,DMV_Teilnahmen_2015_2025_VOLLSTAENDIG
DMV-156702,,,2016,07.08.2016,2016-0019-10,"NBV-Landesliga Staffel I, 5. Spieltag",Kaarst,,24,,unresolved_no_pass,DMV_Teilnahmen_2015_2025_VOLLSTAENDIG
DMV-156703,,,2016,07.08.2016,2016-0019-10,"NBV-Landesliga Staffel I, 5. Spieltag",Kaarst,,4,,unresolved_no_pass,DMV_Teilnahmen_2015_2025_VOLLSTAENDIG
DMV-156704,,,2016,21.-23.07.2016,2016-0025-12,Deutsche Minigolf-Jugendmeisterschaften,Weinheim,,,,unresolved_no_pass,DMV_Teilnahmen_2015_2025_VOLLSTAENDIG
DMV-156705,,,2016,21.-23.07.2016,2016-0025-12,Deutsche Minigolf-Jugendmeisterschaften,Weinheim,,,,unresolved_no_pass,DMV_Teilnahmen_2015_2025_VOLLSTAENDIG
DMV-156706,,,2016,21.-23.07.2016,2016-0025-12,Deutsche Minigolf-Jugendmeisterschaften,Weinheim,,,,unresolved_no_pass,DMV_Teilnahmen_2015_2025_VOLLSTAENDIG
DMV-156707,,,2016,21.-23.07.2016,2016-0025-12,Deutsche Minigolf-Jugendmeisterschaften,Weinheim,,,,unresolved_no_pass,DMV_Teilnahmen_2015_2025_VOLLSTAENDIG
DMV-156708,,,2016,21.-23.07.2016,2016-0025-12,Deutsche Minigolf-Jugendmeisterschaften,Weinheim,,,,unresolved_no_pass,DMV_Teilnahmen_2015_2025_VOLLSTAENDIG
DMV-156709,,,2016,21.-23.07.2016,2016-0025-12,Deutsche Minigolf-Jugendmeisterschaften,Weinheim,,,,unresolved_no_pass,DMV_Teilnahmen_2015_2025_VOLLSTAENDIG
DMV-156710,,,2016,21.-23.07.2016,2016-0025-12,Deutsche Minigolf-Jugendmeisterschaften,Weinheim,,,,unresolved_no_pass,DMV_Teilnahmen_2015_2025_VOLLSTAENDIG
DMV-156711,,,2016,21.-23.07.2016,2016-0025-12,Deutsche Minigolf-Jugendmeisterschaften,Weinheim,,3,,unresolved_no_pass,DMV_Teilnahmen_2015_2025_VOLLSTAENDIG
DMV-156712,,,2016,21.-23.07.2016,2016-0025-12,Deutsche Minigolf-Jugendmeisterschaften,Weinheim,,4,,unresolved_no_pass,DMV_Teilnahmen_2015_2025_VOLLSTAENDIG
DMV-156713,,,2016,21.-23.07.2016,2016-0025-12,Deutsche Minigolf-Jugendmeisterschaften,Weinheim,,7,,unresolved_no_pass,DMV_Teilnahmen_2015_2025_VOLLSTAENDIG
DMV-156714,,,2016,21.-23.07.2016,2016-0025-12,Deutsche Minigolf-Jugendmeisterschaften,Weinheim,,8,,unresolved_no_pass,DMV_Teilnahmen_2015_2025_VOLLSTAENDIG
DMV-156715,,,2016,21.-23.07.2016,2016-0025-12,Deutsche Minigolf-Jugendmeisterschaften,Weinheim,,14,,unresolved_no_pass,DMV_Teilnahmen_2015_2025_VOLLSTAENDIG
DMV-156716,,,2016,21.-23.07.2016,2016-0025-12,Deutsche Minigolf-Jugendmeisterschaften,Weinheim,,15,,unresolved_no_pass,DMV_Teilnahmen_2015_2025_VOLLSTAENDIG
DMV-156717,,,2016,21.-23.07.2016,2016-0025-12,Deutsche Minigolf-Jugendmeisterschaften,Weinheim,,23,,unresolved_no_pass,DMV_Teilnahmen_2015_2025_VOLLSTAENDIG
DMV-156718,,,2016,21.-23.07.2016,2016-0025-12,Deutsche Minigolf-Jugendmeisterschaften,Weinheim,,28,,unresolved_no_pass,DMV_Teilnahmen_2015_2025_VOLLSTAENDIG
DMV-156719,,,2016,05.06.2016,2016-0039-03,"MVBN-Verbandsliga Süd, 3. Punktspiel",Gebhardshagen,,18,,unresolved_no_pass,DMV_Teilnahmen_2015_2025_VOLLSTAENDIG
DMV-156720,,,2016,05.06.2016,2016-0039-03,"MVBN-Verbandsliga Süd, 3. Punktspiel",Gebhardshagen,,1,,unresolved_no_pass,DMV_Teilnahmen_2015_2025_VOLLSTAENDIG
DMV-156721,,,2016,05.06.2016,2016-0039-03,"MVBN-Verbandsliga Süd, 3. Punktspiel",Gebhardshagen,,12,,unresolved_no_pass,DMV_Teilnahmen_2015_2025_VOLLSTAENDIG
DMV-156722,,,2016,05.06.2016,2016-0039-03,"MVBN-Verbandsliga Süd, 3. Punktspiel",Gebhardshagen,,2,,unresolved_no_pass,DMV_Teilnahmen_2015_2025_VOLLSTAENDIG
DMV-156723,,,2016,05.06.2016,2016-0039-03,"MVBN-Verbandsliga Süd, 3. Punktspiel",Gebhardshagen,,10,,unresolved_no_pass,DMV_Teilnahmen_2015_2025_VOLLSTAENDIG
DMV-156724,,,2016,22.05.2016,2016-0043-11,"1. Bundesliga Nord, 2. Spieltag",Dormagen,,4,,unresolved_no_pass,DMV_Teilnahmen_2015_2025_VOLLSTAENDIG
DMV-156725,,,2016,22.05.2016,2016-0046-10,"NBV-Landesliga Staffel 1, 2. Spieltag",Kerpen,,4,,unresolved_no_pass,DMV_Teilnahmen_2015_2025_VOLLSTAENDIG
DMV-156726,,,2016,22.05.2016,2016-0046-10,"NBV-Landesliga Staffel 1, 2. Spieltag",Kerpen,,1,,unresolved_no_pass,DMV_Teilnahmen_2015_2025_VOLLSTAENDIG
DMV-156727,,,2016,17.04.2016,2016-0054-03,1. Spieltag 1. Bundesliga Nord,Kerpen,,17,,unresolved_no_pass,DMV_Teilnahmen_2015_2025_VOLLSTAENDIG
DMV-156728,,,2016,17.04.2016,2016-0054-04,1. Spieltag 1. Bundesliga Nord,Kerpen,,3,,unresolved_no_pass,DMV_Teilnahmen_2015_2025_VOLLSTAENDIG
DMV-156729,,,2016,26.-27.03.2016,2016-0059-06,51. internationales Osterturnier (Beton),Weinheim,,2,,unresolved_no_pass,DMV_Teilnahmen_2015_2025_VOLLSTAENDIG
DMV-156730,,,2016,26.-27.03.2016,2016-0059-06,51. internationales Osterturnier (Beton),Weinheim,,6,,unresolved_no_pass,DMV_Teilnahmen_2015_2025_VOLLSTAENDIG
DMV-156731,,,2016,26.-27.03.2016,2016-0059-08,51. internationales Osterturnier (Beton),Weinheim,,7,,unresolved_no_pass,DMV_Teilnahmen_2015_2025_VOLLSTAENDIG
DMV-156732,,,2016,26.-27.03.2016,2016-0059-08,51. internationales Osterturnier (Beton),Weinheim,,15,,unresolved_no_pass,DMV_Teilnahmen_2015_2025_VOLLSTAENDIG
DMV-156733,,,2016,26.-27.03.2016,2016-0059-08,51. internationales Osterturnier (Beton),Weinheim,,16,,unresolved_no_pass,DMV_Teilnahmen_2015_2025_VOLLSTAENDIG
DMV-156734,,,2016,26.-27.03.2016,2016-0059-08,51. internationales Osterturnier (Beton),Weinheim,,20,,unresolved_no_pass,DMV_Teilnahmen_2015_2025_VOLLSTAENDIG
DMV-156735,,,2016,26.-27.03.2016,2016-0059-08,51. internationales Osterturnier (Beton),Weinheim,,22,,unresolved_no_pass,DMV_Teilnahmen_2015_2025_VOLLSTAENDIG
DMV-156736,,,2016,26.-27.03.2016,2016-0060-09,51. internationales Osterturnier (Miniaturgolf),Weinheim,,1,,unresolved_no_pass,DMV_Teilnahmen_2015_2025_VOLLSTAENDIG
DMV-156737,,,2016,26.-27.03.2016,2016-0060-09,51. internationales Osterturnier (Miniaturgolf),Weinheim,,1,,unresolved_no_pass,DMV_Teilnahmen_2015_2025_VOLLSTAENDIG
DMV-156738,,,2016,26.-27.03.2016,2016-0060-09,51. internationales Osterturnier (Miniaturgolf),Weinheim,,2,,unresolved_no_pass,DMV_Teilnahmen_2015_2025_VOLLSTAENDIG
DMV-156739,,,2016,26.-27.03.2016,2016-0060-09,51. internationales Osterturnier (Miniaturgolf),Weinheim,,4,,unresolved_no_pass,DMV_Teilnahmen_2015_2025_VOLLSTAENDIG
DMV-156740,,,2016,26.-27.03.2016,2016-0060-09,51. internationales Osterturnier (Miniaturgolf),Weinheim,,2,,unresolved_no_pass,DMV_Teilnahmen_2015_2025_VOLLSTAENDIG
DMV-156741,,,2016,26.-27.03.2016,2016-0060-09,51. internationales Osterturnier (Miniaturgolf),Weinheim,,7,,unresolved_no_pass,DMV_Teilnahmen_2015_2025_VOLLSTAENDIG
DMV-156742,,,2016,26.-27.03.2016,2016-0060-09,51. internationales Osterturnier (Miniaturgolf),Weinheim,,6,,unresolved_no_pass,DMV_Teilnahmen_2015_2025_VOLLSTAENDIG
DMV-156743,,,2016,06.03.2016,2016-0062-03,8. Turnier zum Frühlingserwachen,Ohlsbach,,3,,unresolved_no_pass,DMV_Teilnahmen_2015_2025_VOLLSTAENDIG
DMV-156744,,,2016,06.03.2016,2016-0062-03,8. Turnier zum Frühlingserwachen,Ohlsbach,,4,,unresolved_no_pass,DMV_Teilnahmen_2015_2025_VOLLSTAENDIG
