tournament_id,date,tournament_name,location,source_code
2015-0001-03,07.-08.11.2015,Grand Prix 2015,Eibenstock,2015-0001-03
2015-0001-04,07.-08.11.2015,Grand Prix 2015,Eibenstock,2015-0001-04
2015-0001-05,07.-08.11.2015,Grand Prix 2015,Eibenstock,2015-0001-05
2015-0001-06,07.-08.11.2015,Grand Prix 2015,Eibenstock,2015-0001-06
2015-0001-07,07.-08.11.2015,Grand Prix 2015,Eibenstock,2015-0001-07
2015-0001-08,07.-08.11.2015,Grand Prix 2015,Eibenstock,2015-0001-08
2015-0001-09,07.-08.11.2015,Grand Prix 2015,Eibenstock,2015-0001-09
2015-0001-10,07.-08.11.2015,Grand Prix 2015,Eibenstock,2015-0001-10
2015-0001-11,07.-08.11.2015,Grand Prix 2015,Eibenstock,2015-0001-11
2015-0004-02,03.10.2015,19. Zwei-Burgen-Turnier,Weinheim,2015-0004-02
2015-0004-03,03.10.2015,19. Zwei-Burgen-Turnier,Weinheim,2015-0004-03
2015-0004-04,03.10.2015,19. Zwei-Burgen-Turnier,Weinheim,2015-0004-04
2015-0004-05,03.10.2015,19. Zwei-Burgen-Turnier,Weinheim,2015-0004-05
2015-0004-06,03.10.2015,19. Zwei-Burgen-Turnier,Weinheim,2015-0004-06
2015-0004-07,03.10.2015,19. Zwei-Burgen-Turnier,Weinheim,2015-0004-07
2015-0004-08,03.10.2015,19. Zwei-Burgen-Turnier,Weinheim,2015-0004-08
2015-0004-09,03.10.2015,19. Zwei-Burgen-Turnier,Weinheim,2015-0004-09
2015-0004-10,03.10.2015,19. Zwei-Burgen-Turnier,Weinheim,2015-0004-10
2015-0004-11,03.10.2015,19. Zwei-Burgen-Turnier,Weinheim,2015-0004-11
2015-0004-12,03.10.2015,19. Zwei-Burgen-Turnier,Weinheim,2015-0004-12
2015-0004-13,03.10.2015,19. Zwei-Burgen-Turnier,Weinheim,2015-0004-13
2015-0004-14,03.10.2015,19. Zwei-Burgen-Turnier,Weinheim,2015-0004-14
2015-0005-03,26.-27.09.2015,8. Heven-Cup 2015,Witten-Heven,2015-0005-03
2015-0005-04,26.-27.09.2015,8. Heven-Cup 2015,Witten-Heven,2015-0005-04
2015-0005-05,26.-27.09.2015,8. Heven-Cup 2015,Witten-Heven,2015-0005-05
2015-0005-06,26.-27.09.2015,8. Heven-Cup 2015,Witten-Heven,2015-0005-06
2015-0005-07,26.-27.09.2015,8. Heven-Cup 2015,Witten-Heven,2015-0005-07
2015-0005-08,26.-27.09.2015,8. Heven-Cup 2015,Witten-Heven,2015-0005-08
2015-0005-09,26.-27.09.2015,8. Heven-Cup 2015,Witten-Heven,2015-0005-09
2015-0005-10,26.-27.09.2015,8. Heven-Cup 2015,Witten-Heven,2015-0005-10
2015-0006-03,19.-20.09.2015,6. Hamburger Minigolf Open,HH-Niendorf,2015-0006-03
2015-0006-04,19.-20.09.2015,6. Hamburger Minigolf Open,HH-Niendorf,2015-0006-04
2015-0006-05,19.-20.09.2015,6. Hamburger Minigolf Open,HH-Niendorf,2015-0006-05
2015-0006-06,19.-20.09.2015,6. Hamburger Minigolf Open,HH-Niendorf,2015-0006-06
2015-0006-07,19.-20.09.2015,6. Hamburger Minigolf Open,HH-Niendorf,2015-0006-07
2015-0006-08,19.-20.09.2015,6. Hamburger Minigolf Open,HH-Niendorf,2015-0006-08
2015-0006-09,19.-20.09.2015,6. Hamburger Minigolf Open,HH-Niendorf,2015-0006-09
2015-0008-03,08.-09.08.2015,25. Rebland-Turnier,Ohlsbach,2015-0008-03
2015-0008-05,08.-09.08.2015,25. Rebland-Turnier,Ohlsbach,2015-0008-05
2015-0008-06,08.-09.08.2015,25. Rebland-Turnier,Ohlsbach,2015-0008-06
2015-0008-07,08.-09.08.2015,25. Rebland-Turnier,Ohlsbach,2015-0008-07
2015-0008-08,08.-09.08.2015,25. Rebland-Turnier,Ohlsbach,2015-0008-08
2015-0008-09,08.-09.08.2015,25. Rebland-Turnier,Ohlsbach,2015-0008-09
2015-0008-10,08.-09.08.2015,25. Rebland-Turnier,Ohlsbach,2015-0008-10
2015-0010-09,05.07.2015,7. Messecup,Rheinstetten,2015-0010-09
2015-0014-03,15.-17.05.2015,32. Elbe-Weser-Pokalturnier,Cuxhaven,2015-0014-03
2015-0014-04,15.-17.05.2015,32. Elbe-Weser-Pokalturnier,Cuxhaven,2015-0014-04
2015-0014-05,15.-17.05.2015,32. Elbe-Weser-Pokalturnier,Cuxhaven,2015-0014-05
2015-0014-06,15.-17.05.2015,32. Elbe-Weser-Pokalturnier,Cuxhaven,2015-0014-06
2015-0014-08,15.-17.05.2015,32. Elbe-Weser-Pokalturnier,Cuxhaven,2015-0014-08
2015-0014-09,15.-17.05.2015,32. Elbe-Weser-Pokalturnier,Cuxhaven,2015-0014-09
2015-0014-10,15.-17.05.2015,32. Elbe-Weser-Pokalturnier,Cuxhaven,2015-0014-10
2015-0014-11,15.-17.05.2015,32. Elbe-Weser-Pokalturnier,Cuxhaven,2015-0014-11
2015-0014-12,15.-17.05.2015,32. Elbe-Weser-Pokalturnier,Cuxhaven,2015-0014-12
2015-0022-03,04.-05.04.2015,50. internationales Osterturnier (Beton) 50. internationales Osterturnier (Miniaturgolf) 50. internationales Osterturnier (Kombi),Weinheim,2015-0022-03
2015-0022-04,04.-05.04.2015,50. internationales Osterturnier (Beton) 50. internationales Osterturnier (Miniaturgolf) 50. internationales Osterturnier (Kombi),Weinheim,2015-0022-04
2015-0022-05,04.-05.04.2015,50. internationales Osterturnier (Beton) 50. internationales Osterturnier (Miniaturgolf) 50. internationales Osterturnier (Kombi),Weinheim,2015-0022-05
2015-0022-06,04.-05.04.2015,50. internationales Osterturnier (Beton) 50. internationales Osterturnier (Miniaturgolf) 50. internationales Osterturnier (Kombi),Weinheim,2015-0022-06
2015-0022-07,04.-05.04.2015,50. internationales Osterturnier (Beton) 50. internationales Osterturnier (Miniaturgolf) 50. internationales Osterturnier (Kombi),Weinheim,2015-0022-07
2015-0022-08,04.-05.04.2015,50. internationales Osterturnier (Beton) 50. internationales Osterturnier (Miniaturgolf) 50. internationales Osterturnier (Kombi),Weinheim,2015-0022-08
2015-0022-09,04.-05.04.2015,50. internationales Osterturnier (Beton) 50. internationales Osterturnier (Miniaturgolf) 50. internationales Osterturnier (Kombi),Weinheim,2015-0022-09
2015-0023-03,04.-05.04.2015,50. internationales Osterturnier (Beton) 50. internationales Osterturnier (Miniaturgolf) 50. internationales Osterturnier (Kombi),Weinheim,2015-0023-03
2015-0023-04,04.-05.04.2015,50. internationales Osterturnier (Beton) 50. internationales Osterturnier (Miniaturgolf) 50. internationales Osterturnier (Kombi),Weinheim,2015-0023-04
2015-0023-05,04.-05.04.2015,50. internationales Osterturnier (Beton) 50. internationales Osterturnier (Miniaturgolf) 50. internationales Osterturnier (Kombi),Weinheim,2015-0023-05
2015-0023-06,04.-05.04.2015,50. internationales Osterturnier (Beton) 50. internationales Osterturnier (Miniaturgolf) 50. internationales Osterturnier (Kombi),Weinheim,2015-0023-06
2015-0023-07,04.-05.04.2015,50. internationales Osterturnier (Beton) 50. internationales Osterturnier (Miniaturgolf) 50. internationales Osterturnier (Kombi),Weinheim,2015-0023-07
2015-0023-08,04.-05.04.2015,50. internationales Osterturnier (Beton) 50. internationales Osterturnier (Miniaturgolf) 50. internationales Osterturnier (Kombi),Weinheim,2015-0023-08
2015-0023-09,04.-05.04.2015,50. internationales Osterturnier (Beton) 50. internationales Osterturnier (Miniaturgolf) 50. internationales Osterturnier (Kombi),Weinheim,2015-0023-09
2015-0028-03,08.03.2015,7. Ohlsbacher Turnier zum Frühlingserwachen,Ohlsbach,2015-0028-03
2015-0028-04,08.03.2015,7. Ohlsbacher Turnier zum Frühlingserwachen,Ohlsbach,2015-0028-04
2015-0029-04,18.01.2015,Südwestdeutsche Jugendmeisterschaften,Mannheim,2015-0029-04
2015-01-18-Mannheim_Sandhofen_Halle,2015-01-18,Südwestdeutsche Jugendmeisterschaften,Mannheim,2015-01-18-Mannheim_Sandhofen_Halle
2015-07-05-Bad_Bocklet,2015-07-05,7. Messecup,Rheinstetten,2015-07-05-Bad_Bocklet
2015-07-05-Rheinstetten,2015-07-05,7. Messecup,Rheinstetten,2015-07-05-Rheinstetten
2015-07-05-Wolnzach,2015-07-05,7. Messecup,Rheinstetten,2015-07-05-Wolnzach
2015-08-09-Heilbronn,2015-08-09,25. Rebland-Turnier,Ohlsbach,2015-08-09-Heilbronn
2015-08-09-Illertissen,2015-08-09,25. Rebland-Turnier,Ohlsbach,2015-08-09-Illertissen
2015-08-09-Landshut,2015-08-09,25. Rebland-Turnier,Ohlsbach,2015-08-09-Landshut
2015-08-09-Lichtenfels,2015-08-09,25. Rebland-Turnier,Ohlsbach,2015-08-09-Lichtenfels
2016-0001-02,05.-06.11.2016,Grand Prix 2016,Eibenstock,2016-0001-02
2016-0001-03,05.-06.11.2016,Grand Prix 2016,Eibenstock,2016-0001-03
2016-0001-04,05.-06.11.2016,Grand Prix 2016,Eibenstock,2016-0001-04
2016-0001-05,05.-06.11.2016,Grand Prix 2016,Eibenstock,2016-0001-05
2016-0001-06,05.-06.11.2016,Grand Prix 2016,Eibenstock,2016-0001-06
2016-0001-07,05.-06.11.2016,Grand Prix 2016,Eibenstock,2016-0001-07
2016-0001-08,05.-06.11.2016,Grand Prix 2016,Eibenstock,2016-0001-08
2016-0001-09,05.-06.11.2016,Grand Prix 2016,Eibenstock,2016-0001-09
2016-0001-10,05.-06.11.2016,Grand Prix 2016,Eibenstock,2016-0001-10
2016-0001-11,05.-06.11.2016,Grand Prix 2016,Eibenstock,2016-0001-11
2016-0002-03,29.-30.10.2017,29. Erftpokal 2016,Paffendorf,2016-0002-03
2016-0002-04,29.-30.10.2017,29. Erftpokal 2016,Paffendorf,2016-0002-04
2016-0002-05,29.-30.10.2017,29. Erftpokal 2016,Paffendorf,2016-0002-05
2016-0002-06,29.-30.10.2017,29. Erftpokal 2016,Paffendorf,2016-0002-06
2016-0002-07,29.-30.10.2017,29. Erftpokal 2016,Paffendorf,2016-0002-07
2016-0002-08,29.-30.10.2017,29. Erftpokal 2016,Paffendorf,2016-0002-08
2016-0002-09,29.-30.10.2017,29. Erftpokal 2016,Paffendorf,2016-0002-09
2016-0003-07,09.10.2016,BMW Knopf Trophy 2016,Schriesheim,2016-0003-07
2016-0003-08,09.10.2016,BMW Knopf Trophy 2016,Schriesheim,2016-0003-08
2016-0003-09,09.10.2016,BMW Knopf Trophy 2016,Schriesheim,2016-0003-09
2016-0003-10,09.10.2016,BMW Knopf Trophy 2016,Schriesheim,2016-0003-10
2016-0007-03,17.-18.09.2016,Heven-Cup 2016,Witten,2016-0007-03
2016-0007-04,17.-18.09.2016,Heven-Cup 2016,Witten,2016-0007-04
2016-0007-05,17.-18.09.2016,Heven-Cup 2016,Witten,2016-0007-05
2016-0007-06,17.-18.09.2016,Heven-Cup 2016,Witten,2016-0007-06
2016-0007-07,17.-18.09.2016,Heven-Cup 2016,Witten,2016-0007-07
2016-0007-08,17.-18.09.2016,Heven-Cup 2016,Witten,2016-0007-08
2016-0011-03,18.-20.08.2016,61. Deutsche Meisterschaften System Beton,Traben-Trarbach,2016-0011-03
2016-0011-04,18.-20.08.2016,61. Deutsche Meisterschaften System Beton,Traben-Trarbach,2016-0011-04
2016-0011-05,18.-20.08.2016,61. Deutsche Meisterschaften System Beton,Traben-Trarbach,2016-0011-05
2016-0011-06,18.-20.08.2016,61. Deutsche Meisterschaften System Beton,Traben-Trarbach,2016-0011-06
2016-0011-07,18.-20.08.2016,61. Deutsche Meisterschaften System Beton,Traben-Trarbach,2016-0011-07
2016-0011-08,18.-20.08.2016,61. Deutsche Meisterschaften System Beton,Traben-Trarbach,2016-0011-08
2016-0011-09,18.-20.08.2016,61. Deutsche Meisterschaften System Beton,Traben-Trarbach,2016-0011-09
2016-0012-03,18.-20.08.2016,57. Deutsche Meisterschaften System Eternit,Mannheim,2016-0012-03
2016-0012-04,18.-20.08.2016,57. Deutsche Meisterschaften System Eternit,Mannheim,2016-0012-04
2016-0012-05,18.-20.08.2016,57. Deutsche Meisterschaften System Eternit,Mannheim,2016-0012-05
2016-0012-06,18.-20.08.2016,57. Deutsche Meisterschaften System Eternit,Mannheim,2016-0012-06
2016-0012-07,18.-20.08.2016,57. Deutsche Meisterschaften System Eternit,Mannheim,2016-0012-07
2016-0012-08,18.-20.08.2016,57. Deutsche Meisterschaften System Eternit,Mannheim,2016-0012-08
2016-0012-09,18.-20.08.2016,57. Deutsche Meisterschaften System Eternit,Mannheim,2016-0012-09
2016-0013-03,18.-20.08.2016,54. Deutsche Meisterschaften System Cobigolf,Rauschenberg,2016-0013-03
2016-0013-04,18.-20.08.2016,54. Deutsche Meisterschaften System Cobigolf,Rauschenberg,2016-0013-04
2016-0013-05,18.-20.08.2016,54. Deutsche Meisterschaften System Cobigolf,Rauschenberg,2016-0013-05
2016-0013-06,18.-20.08.2016,54. Deutsche Meisterschaften System Cobigolf,Rauschenberg,2016-0013-06
2016-0013-07,18.-20.08.2016,54. Deutsche Meisterschaften System Cobigolf,Rauschenberg,2016-0013-07
2016-0013-08,18.-20.08.2016,54. Deutsche Meisterschaften System Cobigolf,Rauschenberg,2016-0013-08
2016-0013-09,18.-20.08.2016,54. Deutsche Meisterschaften System Cobigolf,Rauschenberg,2016-0013-09
2016-0013-10,18.-20.08.2016,54. Deutsche Meisterschaften System Cobigolf,Rauschenberg,2016-0013-10
2016-0013-11,18.-20.08.2016,54. Deutsche Meisterschaften System Cobigolf,Rauschenberg,2016-0013-11
2016-0018-03,13.-14.08.2016,26. Rebland-Turnier,Ohlsbach,2016-0018-03
2016-0018-04,13.-14.08.2016,26. Rebland-Turnier,Ohlsbach,2016-0018-04
2016-0018-05,13.-14.08.2016,26. Rebland-Turnier,Ohlsbach,2016-0018-05
2016-0018-06,13.-14.08.2016,26. Rebland-Turnier,Ohlsbach,2016-0018-06
2016-0018-07,13.-14.08.2016,26. Rebland-Turnier,Ohlsbach,2016-0018-07
2016-0018-08,13.-14.08.2016,26. Rebland-Turnier,Ohlsbach,2016-0018-08
2016-0018-09,13.-14.08.2016,26. Rebland-Turnier,Ohlsbach,2016-0018-09
2016-0018-10,13.-14.08.2016,26. Rebland-Turnier,Ohlsbach,2016-0018-10
2016-0019-07,07.08.2016,"NBV-Landesliga Staffel I, 5. Spieltag",Kaarst,2016-0019-07
2016-0019-09,07.08.2016,"NBV-Landesliga Staffel I, 5. Spieltag",Kaarst,2016-0019-09
2016-0019-10,07.08.2016,"NBV-Landesliga Staffel I, 5. Spieltag",Kaarst,2016-0019-10
2016-0024-10,21.-23.07.2016,Deutsche Minigolf-Jugendmeisterschaften,Weinheim,2016-0024-10
2016-0024-11,21.-23.07.2016,Deutsche Minigolf-Jugendmeisterschaften,Weinheim,2016-0024-11
2016-0024-12,21.-23.07.2016,Deutsche Minigolf-Jugendmeisterschaften,Weinheim,2016-0024-12
2016-0024-13,21.-23.07.2016,Deutsche Minigolf-Jugendmeisterschaften,Weinheim,2016-0024-13
2016-0025-09,21.-23.07.2016,Deutsche Minigolf-Jugendmeisterschaften,Weinheim,2016-0025-09
2016-0025-10,21.-23.07.2016,Deutsche Minigolf-Jugendmeisterschaften,Weinheim,2016-0025-10
2016-0025-11,21.-23.07.2016,Deutsche Minigolf-Jugendmeisterschaften,Weinheim,2016-0025-11
2016-0025-12,21.-23.07.2016,Deutsche Minigolf-Jugendmeisterschaften,Weinheim,2016-0025-12
2016-0037-03,05.06.2016,"NBV-Landesliga I, 3. Spieltag",Lüdenscheid,2016-0037-03
2016-0037-07,05.06.2016,"NBV-Landesliga I, 3. Spieltag",Lüdenscheid,2016-0037-07
2016-0037-09,05.06.2016,"NBV-Landesliga I, 3. Spieltag",Lüdenscheid,2016-0037-09
2016-0038-07,05.06.2016,"NBV-Berzirksliga Staffel VII, 3. Spieltag",Castrop-Rauxel,2016-0038-07
2016-0038-09,05.06.2016,"NBV-Berzirksliga Staffel VII, 3. Spieltag",Castrop-Rauxel,2016-0038-09
2016-0039-03,05.06.2016,"MVBN-Verbandsliga Süd, 3. Punktspiel",Gebhardshagen,2016-0039-03
2016-0042-04,29.05.2016,MRP-Jugendliga/A-Rangliste,Mainz,2016-0042-04
2016-0043-07,22.05.2016,"1. Bundesliga Nord, 2. Spieltag",Dormagen,2016-0043-07
2016-0043-10,22.05.2016,"1. Bundesliga Nord, 2. Spieltag",Dormagen,2016-0043-10
2016-0043-11,22.05.2016,"1. Bundesliga Nord, 2. Spieltag",Dormagen,2016-0043-11
2016-0043-12,22.05.2016,"1. Bundesliga Nord, 2. Spieltag",Dormagen,2016-0043-12
2016-0046-09,22.05.2016,"NBV-Landesliga Staffel 1, 2. Spieltag",Kerpen,2016-0046-09
2016-0046-10,22.05.2016,"NBV-Landesliga Staffel 1, 2. Spieltag",Kerpen,2016-0046-10
2016-0050-04,01.05.2016,MRP - Seniorenliga/A-Rangliste,Mainz,2016-0050-04
2016-0050-07,01.05.2016,MRP - Seniorenliga/A-Rangliste,Mainz,2016-0050-07
2016-0054-03,17.04.2016,1. Spieltag 1. Bundesliga Nord,Kerpen,2016-0054-03
2016-0054-04,17.04.2016,1. Spieltag 1. Bundesliga Nord,Kerpen,2016-0054-04
2016-0054-05,17.04.2016,1. Spieltag 1. Bundesliga Nord,Kerpen,2016-0054-05
2016-0054-08,17.04.2016,1. Spieltag 1. Bundesliga Nord,Kerpen,2016-0054-08
2016-0055-03,10.04.2016,"NBV-Landesliga Staffel 1, 1. Spieltag",Hardenberg,2016-0055-03
2016-0055-07,10.04.2016,"NBV-Landesliga Staffel 1, 1. Spieltag",Hardenberg,2016-0055-07
2016-0057-06,10.04.2016,2. Spieltag Jugendrangliste BBS / MRP,Weinheim,2016-0057-06
2016-0059-03,26.-27.03.2016,51. internationales Osterturnier (Beton),Weinheim,2016-0059-03
2016-0059-04,26.-27.03.2016,51. internationales Osterturnier (Beton),Weinheim,2016-0059-04
2016-0059-05,26.-27.03.2016,51. internationales Osterturnier (Beton),Weinheim,2016-0059-05
2016-0059-06,26.-27.03.2016,51. internationales Osterturnier (Beton),Weinheim,2016-0059-06
2016-0059-07,26.-27.03.2016,51. internationales Osterturnier (Beton),Weinheim,2016-0059-07
2016-0059-08,26.-27.03.2016,51. internationales Osterturnier (Beton),Weinheim,2016-0059-08
2016-0060-05,26.-27.03.2016,51. internationales Osterturnier (Miniaturgolf),Weinheim,2016-0060-05
2016-0060-08,26.-27.03.2016,51. internationales Osterturnier (Miniaturgolf),Weinheim,2016-0060-08
2016-0060-09,26.-27.03.2016,51. internationales Osterturnier (Miniaturgolf),Weinheim,2016-0060-09
2016-0062-02,06.03.2016,8. Turnier zum Frühlingserwachen,Ohlsbach,2016-0062-02
2016-0062-03,06.03.2016,8. Turnier zum Frühlingserwachen,Ohlsbach,2016-0062-03
2016-0063-03,06.03.2016,5. Erzgebirgspokal,Eibenstock,2016-0063-03
2016-0063-04,06.03.2016,5. Erzgebirgspokal,Eibenstock,2016-0063-04
2016-0063-05,06.03.2016,5. Erzgebirgspokal,Eibenstock,2016-0063-05
2016-0063-06,06.03.2016,5. Erzgebirgspokal,Eibenstock,2016-0063-06
2016-0063-07,06.03.2016,5. Erzgebirgspokal,Eibenstock,2016-0063-07
2016-0063-08,06.03.2016,5. Erzgebirgspokal,Eibenstock,2016-0063-08
2016-0063-09,06.03.2016,5. Erzgebirgspokal,Eibenstock,2016-0063-09
2016-0063-10,06.03.2016,5. Erzgebirgspokal,Eibenstock,2016-0063-10
2016-0063-11,06.03.2016,5. Erzgebirgspokal,Eibenstock,2016-0063-11
2016-0063-12,06.03.2016,5. Erzgebirgspokal,Eibenstock,2016-0063-12
2016-03-27-Bad_Homburg_Kirdorf,2016-03-27,51. internationales Osterturnier (Beton),Weinheim,2016-03-27-Bad_Homburg_Kirdorf
2016-04-10-Arheilgen2,2016-04-10,2. Spieltag Jugendrangliste BBS / MRP,Weinheim,2016-04-10-Arheilgen2
2016-04-10-Bildstock,2016-04-10,2. Spieltag Jugendrangliste BBS / MRP,Weinheim,2016-04-10-Bildstock
2016-04-10-Mönchengladbach,2016-04-10,2. Spieltag Jugendrangliste BBS / MRP,Weinheim,2016-04-10-Mönchengladbach
2016-04-10-Sindelfingen,2016-04-10,2. Spieltag Jugendrangliste BBS / MRP,Weinheim,2016-04-10-Sindelfingen
2016-04-10-Velbert_Hardenberg,2016-04-10,"NBV-Landesliga Staffel 1, 1. Spieltag",Hardenberg,2016-04-10-Velbert_Hardenberg
2016-04-10-Weinheim,2016-04-10,2. Spieltag Jugendrangliste BBS / MRP,Weinheim,2016-04-10-Weinheim
2016-04-17-Kerpen,2016-04-17,1. Spieltag 1. Bundesliga Nord,Kerpen,2016-04-17-Kerpen
2016-05-01-Mainz_Hartenberg,2016-05-01,MRP - Seniorenliga/A-Rangliste,Mainz,2016-05-01-Mainz_Hartenberg
2016-05-01-Mainz_Hartenberg2,2016-05-01,MRP - Seniorenliga/A-Rangliste,Mainz,2016-05-01-Mainz_Hartenberg2
2016-05-22-Castrop,2016-05-22,"3. Bundesliga Nord Staffel 1, 2. Spieltag",Castrop-Rauxel,2016-05-22-Castrop
2016-05-22-Dormagen_Hackenbroich,2016-05-22,"1. Bundesliga Nord, 2. Spieltag",Dormagen,2016-05-22-Dormagen_Hackenbroich
2016-05-22-Homburg_Stadtpark,2016-05-22,"NBV-Landesliga Staffel 1, 2. Spieltag",Kerpen,2016-05-22-Homburg_Stadtpark
2016-05-22-Kerpen,2016-05-22,"NBV-Landesliga Staffel 1, 2. Spieltag",Kerpen,2016-05-22-Kerpen
2016-05-22-Ladenburg,2016-05-22,"NBV-Landesliga Staffel 1, 2. Spieltag",Kerpen,2016-05-22-Ladenburg
2016-05-22-Mannheim,2016-05-22,"NBV-Landesliga Staffel 1, 2. Spieltag",Kerpen,2016-05-22-Mannheim
2016-05-22-Sulzfeld,2016-05-22,"NBV-Landesliga Staffel 1, 2. Spieltag",Kerpen,2016-05-22-Sulzfeld
2016-05-29-Mainz_Hartenberg,2016-05-29,MRP-Jugendliga/A-Rangliste,Mainz,2016-05-29-Mainz_Hartenberg
2016-05-29-Mainz_Hartenberg2,2016-05-29,MRP-Jugendliga/A-Rangliste,Mainz,2016-05-29-Mainz_Hartenberg2
2016-06-05-Bad_Bocklet,2016-06-05,"MVBN-Verbandsliga Süd, 3. Punktspiel",Gebhardshagen,2016-06-05-Bad_Bocklet
2016-06-05-Bad_Feilnbach,2016-06-05,"MVBN-Verbandsliga Süd, 3. Punktspiel",Gebhardshagen,2016-06-05-Bad_Feilnbach
2016-06-05-Bamberg,2016-06-05,"MVBN-Verbandsliga Süd, 3. Punktspiel",Gebhardshagen,2016-06-05-Bamberg
2016-06-05-Castrop,2016-06-05,"NBV-Berzirksliga Staffel VII, 3. Spieltag",Castrop-Rauxel,2016-06-05-Castrop
2016-06-05-Gebhardshagen,2016-06-05,"MVBN-Verbandsliga Süd, 3. Punktspiel",Gebhardshagen,2016-06-05-Gebhardshagen
2016-06-05-Karlsfeld,2016-06-05,"MVBN-Verbandsliga Süd, 3. Punktspiel",Gebhardshagen,2016-06-05-Karlsfeld
2016-06-05-Landshut,2016-06-05,"MVBN-Verbandsliga Süd, 3. Punktspiel",Gebhardshagen,2016-06-05-Landshut
2016-06-05-Lüdenscheid,2016-06-05,"NBV-Landesliga I, 3. Spieltag",Lüdenscheid,2016-06-05-Lüdenscheid
2016-06-05-Mitterteich,2016-06-05,"MVBN-Verbandsliga Süd, 3. Punktspiel",Gebhardshagen,2016-06-05-Mitterteich
2016-06-05-Murnau_See,2016-06-05,"MVBN-Verbandsliga Süd, 3. Punktspiel",Gebhardshagen,2016-06-05-Murnau_See
2016-06-05-Pegnitz,2016-06-05,"MVBN-Verbandsliga Süd, 3. Punktspiel",Gebhardshagen,2016-06-05-Pegnitz
2016-06-05-Schwaikheim,2016-06-05,"MVBN-Verbandsliga Süd, 3. Punktspiel",Gebhardshagen,2016-06-05-Schwaikheim
2016-06-19-Bochum_Stadtpark,2016-06-19,"3. Bundesliga Nord Staffel I, 3. Spieltag",Bochum,2016-06-19-Bochum_Stadtpark
2016-07-23-Kerpen,2016-07-23,Deutsche Minigolf-Jugendmeisterschaften,Weinheim,2016-07-23-Kerpen
2016-08-07-Dormagen_Hackenbroich,2016-08-07,"NBV-Landesliga Staffel I, 5. Spieltag",Kaarst,2016-08-07-Dormagen_Hackenbroich
2016-08-07-Höchberg,2016-08-07,"NBV-Landesliga Staffel I, 5. Spieltag",Kaarst,2016-08-07-Höchberg
2016-08-07-Kaarst,2016-08-07,"NBV-Landesliga Staffel I, 5. Spieltag",Kaarst,2016-08-07-Kaarst
2016-08-07-Kerpen,2016-08-07,"NBV-Landesliga Staffel I, 5. Spieltag",Kaarst,2016-08-07-Kerpen
2016-08-07-Straßlach,2016-08-07,"NBV-Landesliga Staffel I, 5. Spieltag",Kaarst,2016-08-07-Straßlach
2016-08-07-Witten_Herbede,2016-08-07,"NBV-Landesliga Staffel I, 5. Spieltag",Kaarst,2016-08-07-Witten_Herbede
2016-10-09-Schriesheim,2016-10-09,BMW Knopf Trophy 2016,Schriesheim,2016-10-09-Schriesheim
2017-0001-03,21.10.-22.10.2017,30. Erftpokal,Bergheim,2017-0001-03
2017-0001-04,21.10.-22.10.2017,30. Erftpokal,Bergheim,2017-0001-04
2017-0001-05,21.10.-22.10.2017,30. Erftpokal,Bergheim,2017-0001-05
2017-0001-06,21.10.-22.10.2017,30. Erftpokal,Bergheim,2017-0001-06
2017-0001-07,21.10.-22.10.2017,30. Erftpokal,Bergheim,2017-0001-07
2017-0001-08,21.10.-22.10.2017,30. Erftpokal,Bergheim,2017-0001-08
2017-0002-05,08.10.2017,BMW-Knopf-Trophy 2017,Schriesheim,2017-0002-05
2017-0002-10,08.10.2017,BMW-Knopf-Trophy 2017,Schriesheim,2017-0002-10
2017-0002-13,08.10.2017,BMW-Knopf-Trophy 2017,Schriesheim,2017-0002-13
2017-0007-03,17.09.2017,Großer Preis von Dormagen,Dormagen,2017-0007-03
2017-0007-04,17.09.2017,Großer Preis von Dormagen,Dormagen,2017-0007-04
2017-0007-05,17.09.2017,Großer Preis von Dormagen,Dormagen,2017-0007-05
2017-0007-06,17.09.2017,Großer Preis von Dormagen,Dormagen,2017-0007-06
2017-0009-03,09.09.-10.09.2017,50. Westdeutsche Meisterschaften im System Sterngolf,Ennepetal,2017-0009-03
2017-0009-04,09.09.-10.09.2017,50. Westdeutsche Meisterschaften im System Sterngolf,Ennepetal,2017-0009-04
2017-0009-05,09.09.-10.09.2017,50. Westdeutsche Meisterschaften im System Sterngolf,Ennepetal,2017-0009-05
2017-0009-06,09.09.-10.09.2017,50. Westdeutsche Meisterschaften im System Sterngolf,Ennepetal,2017-0009-06
2017-0009-07,09.09.-10.09.2017,50. Westdeutsche Meisterschaften im System Sterngolf,Ennepetal,2017-0009-07
2017-0009-08,09.09.-10.09.2017,50. Westdeutsche Meisterschaften im System Sterngolf,Ennepetal,2017-0009-08
2017-0009-09,09.09.-10.09.2017,50. Westdeutsche Meisterschaften im System Sterngolf,Ennepetal,2017-0009-09
2017-0009-10,09.09.-10.09.2017,50. Westdeutsche Meisterschaften im System Sterngolf,Ennepetal,2017-0009-10
2017-0009-11,09.09.-10.09.2017,50. Westdeutsche Meisterschaften im System Sterngolf,Ennepetal,2017-0009-11
2017-0011-03,03.09.2017,15. Fun-Sports-Cup,Bamberg,2017-0011-03
2017-0011-04,03.09.2017,15. Fun-Sports-Cup,Bamberg,2017-0011-04
2017-0011-05,03.09.2017,15. Fun-Sports-Cup,Bamberg,2017-0011-05
2017-0012-03,31.08.-02.09.2017,Deutsche Meisterschaften System Cobigolf,Groß-Umstadt,2017-0012-03
2017-0012-04,31.08.-02.09.2017,Deutsche Meisterschaften System Cobigolf,Groß-Umstadt,2017-0012-04
2017-0012-06,31.08.-02.09.2017,Deutsche Meisterschaften System Cobigolf,Groß-Umstadt,2017-0012-06
2017-0012-07,31.08.-02.09.2017,Deutsche Meisterschaften System Cobigolf,Groß-Umstadt,2017-0012-07
2017-0012-08,31.08.-02.09.2017,Deutsche Meisterschaften System Cobigolf,Groß-Umstadt,2017-0012-08
2017-0012-09,31.08.-02.09.2017,Deutsche Meisterschaften System Cobigolf,Groß-Umstadt,2017-0012-09
2017-0012-10,31.08.-02.09.2017,Deutsche Meisterschaften System Cobigolf,Groß-Umstadt,2017-0012-10
2017-0012-11,31.08.-02.09.2017,Deutsche Meisterschaften System Cobigolf,Groß-Umstadt,2017-0012-11
2017-0013-03,31.08.-02.09.2017,Deutsche Meisterschaften System Eternit,Brunsbüttel,2017-0013-03
2017-0013-04,31.08.-02.09.2017,Deutsche Meisterschaften System Eternit,Brunsbüttel,2017-0013-04
2017-0013-05,31.08.-02.09.2017,Deutsche Meisterschaften System Eternit,Brunsbüttel,2017-0013-05
2017-0013-06,31.08.-02.09.2017,Deutsche Meisterschaften System Eternit,Brunsbüttel,2017-0013-06
2017-0013-07,31.08.-02.09.2017,Deutsche Meisterschaften System Eternit,Brunsbüttel,2017-0013-07
2017-0013-08,31.08.-02.09.2017,Deutsche Meisterschaften System Eternit,Brunsbüttel,2017-0013-08
2017-0013-09,31.08.-02.09.2017,Deutsche Meisterschaften System Eternit,Brunsbüttel,2017-0013-09
2017-0016-04,20.08.2017,5. Spieltag der 2. Bundesliga Nord Staffel 1,Bad Münder,2017-0016-04
2017-0017-05,20.08.2017,5. Spieltag der NBV Landesliga Staffel 2,Velberg-Langenberg,2017-0017-05
2017-0017-10,20.08.2017,5. Spieltag der NBV Landesliga Staffel 2,Velberg-Langenberg,2017-0017-10
2017-0018-03,12.-13.08.2017,27. Rebland-Turnier,Ohlsbach,2017-0018-03
2017-0018-04,12.-13.08.2017,27. Rebland-Turnier,Ohlsbach,2017-0018-04
2017-0018-05,12.-13.08.2017,27. Rebland-Turnier,Ohlsbach,2017-0018-05
2017-0018-06,12.-13.08.2017,27. Rebland-Turnier,Ohlsbach,2017-0018-06
2017-0018-07,12.-13.08.2017,27. Rebland-Turnier,Ohlsbach,2017-0018-07
2017-0018-08,12.-13.08.2017,27. Rebland-Turnier,Ohlsbach,2017-0018-08
2017-0018-09,12.-13.08.2017,27. Rebland-Turnier,Ohlsbach,2017-0018-09
2017-0018-10,12.-13.08.2017,27. Rebland-Turnier,Ohlsbach,2017-0018-10
2017-0019-03,05.-06.08.2017,Nord-Ostsee-Pokal,Brunsbüttel,2017-0019-03
2017-0019-04,05.-06.08.2017,Nord-Ostsee-Pokal,Brunsbüttel,2017-0019-04
2017-0019-05,05.-06.08.2017,Nord-Ostsee-Pokal,Brunsbüttel,2017-0019-05
2017-0019-06,05.-06.08.2017,Nord-Ostsee-Pokal,Brunsbüttel,2017-0019-06
2017-0019-07,05.-06.08.2017,Nord-Ostsee-Pokal,Brunsbüttel,2017-0019-07
2017-0019-08,05.-06.08.2017,Nord-Ostsee-Pokal,Brunsbüttel,2017-0019-08
2017-0025-06,13.-15.07.2017,Deutsche Jugendmeisterschaften,Neheim-Hüsten,2017-0025-06
2017-0025-07,13.-15.07.2017,Deutsche Jugendmeisterschaften,Neheim-Hüsten,2017-0025-07
2017-0025-08,13.-15.07.2017,Deutsche Jugendmeisterschaften,Neheim-Hüsten,2017-0025-08
2017-0025-09,13.-15.07.2017,Deutsche Jugendmeisterschaften,Neheim-Hüsten,2017-0025-09
2017-0026-09,13.-15.07.2017,Deutsche Jugendmeisterschaften,Neheim-Hüsten,2017-0026-09
2017-0029-04,08.-09.07.2017,8. Messecup - 15 Jahre MGW Rheinstetten,Rheinstetten,2017-0029-04
2017-0029-06,08.-09.07.2017,8. Messecup - 15 Jahre MGW Rheinstetten,Rheinstetten,2017-0029-06
2017-0029-07,08.-09.07.2017,8. Messecup - 15 Jahre MGW Rheinstetten,Rheinstetten,2017-0029-07
2017-0029-08,08.-09.07.2017,8. Messecup - 15 Jahre MGW Rheinstetten,Rheinstetten,2017-0029-08
2017-0029-10,08.-09.07.2017,8. Messecup - 15 Jahre MGW Rheinstetten,Rheinstetten,2017-0029-10
2017-0029-11,08.-09.07.2017,8. Messecup - 15 Jahre MGW Rheinstetten,Rheinstetten,2017-0029-11
2017-0032-10,18.06.2017,1. Saale-Cup des PTSV Hof,Hohenwarte,2017-0032-10
2017-0033-03,11.06.2017,"1. Bundesliga Nord, 4. Spieltag",Bad Münder,2017-0033-03
2017-0037-02,11.06.2017,"3. Bundesliga Nord, Staffel I, 4. Spieltag",Bochum,2017-0037-02
2017-0040-03,04.06.2017,33. Sieben-Kelten-Turnier,Metzingen,2017-0040-03
2017-0040-04,04.06.2017,33. Sieben-Kelten-Turnier,Metzingen,2017-0040-04
2017-0040-05,04.06.2017,33. Sieben-Kelten-Turnier,Metzingen,2017-0040-05
2017-0040-06,04.06.2017,33. Sieben-Kelten-Turnier,Metzingen,2017-0040-06
2017-0040-07,04.06.2017,33. Sieben-Kelten-Turnier,Metzingen,2017-0040-07
2017-0040-08,04.06.2017,33. Sieben-Kelten-Turnier,Metzingen,2017-0040-08
2017-0041-10,26.-28.05.2017,33. Elbe-Weser-Pokalturnier,Cuxhaven,2017-0041-10
2017-0041-11,26.-28.05.2017,33. Elbe-Weser-Pokalturnier,Cuxhaven,2017-0041-11
2017-0041-12,26.-28.05.2017,33. Elbe-Weser-Pokalturnier,Cuxhaven,2017-0041-12
2017-0041-13,26.-28.05.2017,33. Elbe-Weser-Pokalturnier,Cuxhaven,2017-0041-13
2017-0041-14,26.-28.05.2017,33. Elbe-Weser-Pokalturnier,Cuxhaven,2017-0041-14
2017-0041-15,26.-28.05.2017,33. Elbe-Weser-Pokalturnier,Cuxhaven,2017-0041-15
2017-0041-16,26.-28.05.2017,33. Elbe-Weser-Pokalturnier,Cuxhaven,2017-0041-16
2017-0041-17,26.-28.05.2017,33. Elbe-Weser-Pokalturnier,Cuxhaven,2017-0041-17
2017-0046-04,14.05.2017,"2. Bundesliga Nord, Staffel I, 3. Spieltag",Kerpen,2017-0046-04
2017-0050-04,30.04.2017,"2. Bundesliga Nord, Staffel I, 2. Spieltag",Wesel,2017-0050-04
2017-0057-05,15.-16.04.2017,52. Internationales Osterturnier (Beton),Weinheim,2017-0057-05
2017-0057-06,15.-16.04.2017,52. Internationales Osterturnier (Beton),Weinheim,2017-0057-06
2017-0057-07,15.-16.04.2017,52. Internationales Osterturnier (Beton),Weinheim,2017-0057-07
2017-0057-08,15.-16.04.2017,52. Internationales Osterturnier (Beton),Weinheim,2017-0057-08
2017-0057-09,15.-16.04.2017,52. Internationales Osterturnier (Beton),Weinheim,2017-0057-09
2017-0057-10,15.-16.04.2017,52. Internationales Osterturnier (Beton),Weinheim,2017-0057-10
2017-0057-11,15.-16.04.2017,52. Internationales Osterturnier (Beton),Weinheim,2017-0057-11
2017-0058-05,15.-16.04.2017,52. Internationales Osterturnier (Miniaturgolf),Weinheim,2017-0058-05
2017-0058-09,15.-16.04.2017,52. Internationales Osterturnier (Miniaturgolf),Weinheim,2017-0058-09
2017-0058-11,15.-16.04.2017,52. Internationales Osterturnier (Miniaturgolf),Weinheim,2017-0058-11
2017-0062-04,02.04.2017,"2. Bundesliga Nord, Staffel II, 1. Spieltag",Büttgen,2017-0062-04
2017-0063-06,02.04.2017,"NBV-Verbandsliga, 1. Spieltag",Mönchengladbach,2017-0063-06
2017-0063-09,02.04.2017,"NBV-Verbandsliga, 1. Spieltag",Mönchengladbach,2017-0063-09
2017-0064-05,02.04.2017,"NBV-Landesliga 1, 1. Spieltag",Paffendorf,2017-0064-05
2017-0068-03,19.03.2017,51. Siebengebirgsturnier,Bad Godesberg,2017-0068-03
2017-0068-07,19.03.2017,51. Siebengebirgsturnier,Bad Godesberg,2017-0068-07
2017-0069-02,05.03.2017,6. Erzgebirgspokal,Eibenstock,2017-0069-02
2017-0069-03,05.03.2017,6. Erzgebirgspokal,Eibenstock,2017-0069-03
2017-0069-04,05.03.2017,6. Erzgebirgspokal,Eibenstock,2017-0069-04
2017-0069-05,05.03.2017,6. Erzgebirgspokal,Eibenstock,2017-0069-05
2017-0069-06,05.03.2017,6. Erzgebirgspokal,Eibenstock,2017-0069-06
2017-0069-07,05.03.2017,6. Erzgebirgspokal,Eibenstock,2017-0069-07
2017-0069-08,05.03.2017,6. Erzgebirgspokal,Eibenstock,2017-0069-08
2017-0069-09,05.03.2017,6. Erzgebirgspokal,Eibenstock,2017-0069-09
2017-0069-10,05.03.2017,6. Erzgebirgspokal,Eibenstock,2017-0069-10
2017-0069-11,05.03.2017,6. Erzgebirgspokal,Eibenstock,2017-0069-11
2017-0069-12,05.03.2017,6. Erzgebirgspokal,Eibenstock,2017-0069-12
2017-03-19-Bad_Godesberg,2017-03-19,51. Siebengebirgsturnier,Bad Godesberg,2017-03-19-Bad_Godesberg
2017-04-02-Kaarst,2017-04-02,"2. Bundesliga Nord, Staffel II, 1. Spieltag",Büttgen,2017-04-02-Kaarst
2017-04-02-Mönchengladbach,2017-04-02,"NBV-Verbandsliga, 1. Spieltag",Mönchengladbach,2017-04-02-Mönchengladbach
2017-04-02-Paffendorf,2017-04-02,"NBV-Landesliga 1, 1. Spieltag",Paffendorf,2017-04-02-Paffendorf
2017-04-30-Bad_Berneck,2017-04-30,"2. Bundesliga Nord, Staffel I, 2. Spieltag",Wesel,2017-04-30-Bad_Berneck
2017-04-30-Bad_Homburg_Hirschgarten,2017-04-30,"2. Bundesliga Nord, Staffel I, 2. Spieltag",Wesel,2017-04-30-Bad_Homburg_Hirschgarten
2017-04-30-Bad_Kreuznach,2017-04-30,"2. Bundesliga Nord, Staffel I, 2. Spieltag",Wesel,2017-04-30-Bad_Kreuznach
2017-04-30-Bensheim,2017-04-30,"2. Bundesliga Nord, Staffel I, 2. Spieltag",Wesel,2017-04-30-Bensheim
2017-04-30-Berlin_Lankwitz,2017-04-30,"2. Bundesliga Nord, Staffel I, 2. Spieltag",Wesel,2017-04-30-Berlin_Lankwitz
2017-04-30-Berlin_Tegel_Adelheidallee,2017-04-30,"2. Bundesliga Nord, Staffel I, 2. Spieltag",Wesel,2017-04-30-Berlin_Tegel_Adelheidallee
2017-04-30-Cuxhaven,2017-04-30,"2. Bundesliga Nord, Staffel I, 2. Spieltag",Wesel,2017-04-30-Cuxhaven
2017-04-30-Göttingen_Schillerwiese,2017-04-30,"2. Bundesliga Nord, Staffel I, 2. Spieltag",Wesel,2017-04-30-Göttingen_Schillerwiese
2017-04-30-Ilvesheim,2017-04-30,"2. Bundesliga Nord, Staffel I, 2. Spieltag",Wesel,2017-04-30-Ilvesheim
2017-04-30-Kaarst,2017-04-30,"2. Bundesliga Nord, Staffel I, 2. Spieltag",Wesel,2017-04-30-Kaarst
2017-04-30-Karlshagen,2017-04-30,"2. Bundesliga Nord, Staffel I, 2. Spieltag",Wesel,2017-04-30-Karlshagen
2017-04-30-Landshut,2017-04-30,"2. Bundesliga Nord, Staffel I, 2. Spieltag",Wesel,2017-04-30-Landshut
2017-04-30-Ludwigshafen,2017-04-30,"2. Bundesliga Nord, Staffel I, 2. Spieltag",Wesel,2017-04-30-Ludwigshafen
2017-04-30-Lüdenscheid,2017-04-30,"2. Bundesliga Nord, Staffel I, 2. Spieltag",Wesel,2017-04-30-Lüdenscheid
2017-04-30-Lüttringhausen,2017-04-30,"2. Bundesliga Nord, Staffel I, 2. Spieltag",Wesel,2017-04-30-Lüttringhausen
2017-04-30-Mainz_Hartenberg,2017-04-30,"2. Bundesliga Nord, Staffel I, 2. Spieltag",Wesel,2017-04-30-Mainz_Hartenberg
2017-04-30-Neutraubling,2017-04-30,"2. Bundesliga Nord, Staffel I, 2. Spieltag",Wesel,2017-04-30-Neutraubling
2017-04-30-Wesel,2017-04-30,"2. Bundesliga Nord, Staffel I, 2. Spieltag",Wesel,2017-04-30-Wesel
2017-04-30-Würzburg_Löwenbrücke,2017-04-30,"2. Bundesliga Nord, Staffel I, 2. Spieltag",Wesel,2017-04-30-Würzburg_Löwenbrücke
2017-05-14-Kerpen,2017-05-14,"2. Bundesliga Nord, Staffel I, 3. Spieltag",Kerpen,2017-05-14-Kerpen
2017-06-04-Metzingen,2017-06-04,33. Sieben-Kelten-Turnier,Metzingen,2017-06-04-Metzingen
2017-06-11-Bad_Münder,2017-06-11,"1. Bundesliga Nord, 4. Spieltag",Bad Münder,2017-06-11-Bad_Münder
2017-06-11-Bochum_Stadtpark,2017-06-11,"3. Bundesliga Nord, Staffel I, 4. Spieltag",Bochum,2017-06-11-Bochum_Stadtpark
2017-06-18-Hohenwarte,2017-06-18,1. Saale-Cup des PTSV Hof,Hohenwarte,2017-06-18-Hohenwarte
2017-07-09-Wolnzach,2017-07-09,8. Messecup - 15 Jahre MGW Rheinstetten,Rheinstetten,2017-07-09-Wolnzach
2017-08-20-Bad_Münder,2017-08-20,5. Spieltag der 2. Bundesliga Nord Staffel 1,Bad Münder,2017-08-20-Bad_Münder
2017-08-20-Velbert_Langenberg,2017-08-20,5. Spieltag der NBV Landesliga Staffel 2,Velberg-Langenberg,2017-08-20-Velbert_Langenberg
2017-09-03-Bamberg,2017-09-03,15. Fun-Sports-Cup,Bamberg,2017-09-03-Bamberg
2017-10-08-Schriesheim,2017-10-08,BMW-Knopf-Trophy 2017,Schriesheim,2017-10-08-Schriesheim
2018-0002-02,03.-04.11.2018,Grand Prix 2018,Eibenstock,2018-0002-02
2018-0002-03,03.-04.11.2018,Grand Prix 2018,Eibenstock,2018-0002-03
2018-0002-04,03.-04.11.2018,Grand Prix 2018,Eibenstock,2018-0002-04
2018-0002-05,03.-04.11.2018,Grand Prix 2018,Eibenstock,2018-0002-05
2018-0002-06,03.-04.11.2018,Grand Prix 2018,Eibenstock,2018-0002-06
2018-0002-07,03.-04.11.2018,Grand Prix 2018,Eibenstock,2018-0002-07
2018-0002-08,03.-04.11.2018,Grand Prix 2018,Eibenstock,2018-0002-08
2018-0002-09,03.-04.11.2018,Grand Prix 2018,Eibenstock,2018-0002-09
2018-0008-05,03.10.2018,22. Zwei-Burgen-Turnier,Weinheim,2018-0008-05
2018-0008-06,03.10.2018,22. Zwei-Burgen-Turnier,Weinheim,2018-0008-06
2018-0008-07,03.10.2018,22. Zwei-Burgen-Turnier,Weinheim,2018-0008-07
2018-0008-08,03.10.2018,22. Zwei-Burgen-Turnier,Weinheim,2018-0008-08
2018-0008-09,03.10.2018,22. Zwei-Burgen-Turnier,Weinheim,2018-0008-09
2018-0008-10,03.10.2018,22. Zwei-Burgen-Turnier,Weinheim,2018-0008-10
2018-0008-11,03.10.2018,22. Zwei-Burgen-Turnier,Weinheim,2018-0008-11
2018-0008-12,03.10.2018,22. Zwei-Burgen-Turnier,Weinheim,2018-0008-12
2018-0008-13,03.10.2018,22. Zwei-Burgen-Turnier,Weinheim,2018-0008-13
2018-0008-14,03.10.2018,22. Zwei-Burgen-Turnier,Weinheim,2018-0008-14
2018-0009-10,30.09.2018,BMW Knopf Trophy 2018,Schriesheim,2018-0009-10
2018-0010-03,22.-23.09.2018,Gerd Becker Gedächtnispokal 2018,Kaarst,2018-0010-03
2018-0010-04,22.-23.09.2018,Gerd Becker Gedächtnispokal 2018,Kaarst,2018-0010-04
2018-0010-05,22.-23.09.2018,Gerd Becker Gedächtnispokal 2018,Kaarst,2018-0010-05
2018-0010-06,22.-23.09.2018,Gerd Becker Gedächtnispokal 2018,Kaarst,2018-0010-06
2018-0010-07,22.-23.09.2018,Gerd Becker Gedächtnispokal 2018,Kaarst,2018-0010-07
2018-0010-08,22.-23.09.2018,Gerd Becker Gedächtnispokal 2018,Kaarst,2018-0010-08
2018-0010-09,22.-23.09.2018,Gerd Becker Gedächtnispokal 2018,Kaarst,2018-0010-09
2018-0011-02,16.09.2018,53. Rhein-Main-Turnier,Mainz,2018-0011-02
2018-0011-03,16.09.2018,53. Rhein-Main-Turnier,Mainz,2018-0011-03
2018-0013-05,09.09.2018,"5. Spieltag 3. Bundesliga Nord, Staffel 2",Künsebeck,2018-0013-05
2018-0014-05,09.09.2018,"6. Spieltag 2. Bundesliga Nord, Staffel 1",Arnsberg-Neheim,2018-0014-05
2018-0015-03,01.-02.09.2018,Westdeutsche Meisterschaften  System Sterngolf,Wermelskirchen,2018-0015-03
2018-0015-04,01.-02.09.2018,Westdeutsche Meisterschaften  System Sterngolf,Wermelskirchen,2018-0015-04
2018-0015-05,01.-02.09.2018,Westdeutsche Meisterschaften  System Sterngolf,Wermelskirchen,2018-0015-05
2018-0015-06,01.-02.09.2018,Westdeutsche Meisterschaften  System Sterngolf,Wermelskirchen,2018-0015-06
2018-0015-07,01.-02.09.2018,Westdeutsche Meisterschaften  System Sterngolf,Wermelskirchen,2018-0015-07
2018-0015-08,01.-02.09.2018,Westdeutsche Meisterschaften  System Sterngolf,Wermelskirchen,2018-0015-08
2018-0015-09,01.-02.09.2018,Westdeutsche Meisterschaften  System Sterngolf,Wermelskirchen,2018-0015-09
2018-0015-10,01.-02.09.2018,Westdeutsche Meisterschaften  System Sterngolf,Wermelskirchen,2018-0015-10
2018-0015-11,01.-02.09.2018,Westdeutsche Meisterschaften  System Sterngolf,Wermelskirchen,2018-0015-11
2018-0016-04,30.08.-01.09.2018,Deutsche Meisterschaften  System Eternit,Oberkochen,2018-0016-04
2018-0016-05,30.08.-01.09.2018,Deutsche Meisterschaften  System Eternit,Oberkochen,2018-0016-05
2018-0016-06,30.08.-01.09.2018,Deutsche Meisterschaften  System Eternit,Oberkochen,2018-0016-06
2018-0016-07,30.08.-01.09.2018,Deutsche Meisterschaften  System Eternit,Oberkochen,2018-0016-07
2018-0016-08,30.08.-01.09.2018,Deutsche Meisterschaften  System Eternit,Oberkochen,2018-0016-08
2018-0016-09,30.08.-01.09.2018,Deutsche Meisterschaften  System Eternit,Oberkochen,2018-0016-09
2018-0016-10,30.08.-01.09.2018,Deutsche Meisterschaften  System Eternit,Oberkochen,2018-0016-10
2018-0017-12,23.-25.08.2018,Deutsche Meisterschaften  System Beton,Bottrop,2018-0017-12
2018-0017-13,23.-25.08.2018,Deutsche Meisterschaften  System Beton,Bottrop,2018-0017-13
2018-0017-14,23.-25.08.2018,Deutsche Meisterschaften  System Beton,Bottrop,2018-0017-14
2018-0017-15,23.-25.08.2018,Deutsche Meisterschaften  System Beton,Bottrop,2018-0017-15
2018-0017-16,23.-25.08.2018,Deutsche Meisterschaften  System Beton,Bottrop,2018-0017-16
2018-0017-17,23.-25.08.2018,Deutsche Meisterschaften  System Beton,Bottrop,2018-0017-17
2018-0017-18,23.-25.08.2018,Deutsche Meisterschaften  System Beton,Bottrop,2018-0017-18
2018-0020-06,19.08.2018,21. Amperpokal 2018	MSK Olching,Olching,2018-0020-06
2018-0020-10,19.08.2018,21. Amperpokal 2018	MSK Olching,Olching,2018-0020-10
2018-0021-03,15.-18.08.2018,Deutsche Meisterschaften  System Cobigolf,Grötzingen,2018-0021-03
2018-0021-04,15.-18.08.2018,Deutsche Meisterschaften  System Cobigolf,Grötzingen,2018-0021-04
2018-0021-05,15.-18.08.2018,Deutsche Meisterschaften  System Cobigolf,Grötzingen,2018-0021-05
2018-0021-06,15.-18.08.2018,Deutsche Meisterschaften  System Cobigolf,Grötzingen,2018-0021-06
2018-0021-07,15.-18.08.2018,Deutsche Meisterschaften  System Cobigolf,Grötzingen,2018-0021-07
2018-0021-08,15.-18.08.2018,Deutsche Meisterschaften  System Cobigolf,Grötzingen,2018-0021-08
2018-0021-09,15.-18.08.2018,Deutsche Meisterschaften  System Cobigolf,Grötzingen,2018-0021-09
2018-0021-10,15.-18.08.2018,Deutsche Meisterschaften  System Cobigolf,Grötzingen,2018-0021-10
2018-0021-11,15.-18.08.2018,Deutsche Meisterschaften  System Cobigolf,Grötzingen,2018-0021-11
2018-0022-03,11.-12.08.2018,28. Rebland-Turnier,Ohlsbach,2018-0022-03
2018-0022-04,11.-12.08.2018,28. Rebland-Turnier,Ohlsbach,2018-0022-04
2018-0022-05,11.-12.08.2018,28. Rebland-Turnier,Ohlsbach,2018-0022-05
2018-0022-06,11.-12.08.2018,28. Rebland-Turnier,Ohlsbach,2018-0022-06
2018-0022-07,11.-12.08.2018,28. Rebland-Turnier,Ohlsbach,2018-0022-07
2018-0022-08,11.-12.08.2018,28. Rebland-Turnier,Ohlsbach,2018-0022-08
2018-0022-09,11.-12.08.2018,28. Rebland-Turnier,Ohlsbach,2018-0022-09
2018-0022-10,11.-12.08.2018,28. Rebland-Turnier,Ohlsbach,2018-0022-10
2018-0036-04,10.06.2018,4. Spieltag der 1. Bundesliga Nord,Bad Münder,2018-0036-04
2018-0038-05,10.06.2018,4. Spieltag der 2. Bundesliga Nord Staffel 1,Bochum,2018-0038-05
2018-0043-04,27.05.2018,3. Spieltag der 1. Bundesliga Nord,Witten,2018-0043-04
2018-0045-05,27.05.2018,3. Spieltag der 2. Bundesliga Nord Staffel 1,Wesel,2018-0045-05
2018-0046-06,27.05.2018,3. Spieltag der 3. Bundesliga Süd Staffel 2,Tuttlingen,2018-0046-06
2018-0048-04,20.05.2018,34. Sieben-Kelten-Turnier,Metzingen,2018-0048-04
2018-0048-05,20.05.2018,34. Sieben-Kelten-Turnier,Metzingen,2018-0048-05
2018-0052-03,29.04.2018,2. Spieltag der 1. Bundesliga Nord,Büttgen,2018-0052-03
2018-0053-03,29.04.2018,2. Spieltag der 1. Bundesliga Süd,Künzell,2018-0053-03
2018-0054-04,29.04.2018,2. Spieltag der 2. Bundesliga Nord Staffel 1,Kerpen,2018-0054-04
2018-0055-03,29.04.2018,2. Spieltag der 3. Bundesliga Süd Staffel 2,Ohlsbach,2018-0055-03
2018-0057-03,22.04.2018,BBS-Senioren-Landesliga,Rheinau-Freistett,2018-0057-03
2018-0061-03,15.04.2018,1. Spieltag der 3. Bundesliga Nord Staffel 1,Bad Godesberg,2018-0061-03
2018-0063-04,15.04.2018,1. Spieltag der 2. Bundesliga Nord,Büttgen,2018-0063-04
2018-0065-03,15.04.2018,1. Spieltag der 1. Bundesliga Nord,Bremen,2018-0065-03
2018-0068-05,30.03. - 01.04.2018,53 . Internationales Osterturnier,Weinheim,2018-0068-05
2018-0068-06,30.03. - 01.04.2018,53 . Internationales Osterturnier,Weinheim,2018-0068-06
2018-0068-07,30.03. - 01.04.2018,53 . Internationales Osterturnier,Weinheim,2018-0068-07
2018-0068-08,30.03. - 01.04.2018,53 . Internationales Osterturnier,Weinheim,2018-0068-08
2018-0068-09,30.03. - 01.04.2018,53 . Internationales Osterturnier,Weinheim,2018-0068-09
2018-0068-11,30.03. - 01.04.2018,53 . Internationales Osterturnier,Weinheim,2018-0068-11
2018-0069-05,30.03. - 01.04.2018,53 . Internationales Osterturnier,Weinheim,2018-0069-05
2018-0069-06,30.03. - 01.04.2018,53 . Internationales Osterturnier,Weinheim,2018-0069-06
2018-0069-07,30.03. - 01.04.2018,53 . Internationales Osterturnier,Weinheim,2018-0069-07
2018-0069-08,30.03. - 01.04.2018,53 . Internationales Osterturnier,Weinheim,2018-0069-08
2018-0069-09,30.03. - 01.04.2018,53 . Internationales Osterturnier,Weinheim,2018-0069-09
2018-0069-10,30.03. - 01.04.2018,53 . Internationales Osterturnier,Weinheim,2018-0069-10
2018-0069-11,30.03. - 01.04.2018,53 . Internationales Osterturnier,Weinheim,2018-0069-11
2018-0073-04,18.03.2018,52. Siebengebirgsturnier,Bad Godesberg,2018-0073-04
2018-0073-07,18.03.2018,52. Siebengebirgsturnier,Bad Godesberg,2018-0073-07
2018-0073-08,18.03.2018,52. Siebengebirgsturnier,Bad Godesberg,2018-0073-08
2018-03-18-Bad_Godesberg,2018-03-18,52. Siebengebirgsturnier,Bad Godesberg,2018-03-18-Bad_Godesberg
2018-04-15-Bad_Godesberg,2018-04-15,1. Spieltag der 3. Bundesliga Nord Staffel 1,Bad Godesberg,2018-04-15-Bad_Godesberg
2018-04-15-Bensheim,2018-04-15,1. Spieltag der 1. Bundesliga Nord,Bremen,2018-04-15-Bensheim
2018-04-15-Berlin_Marienfelde,2018-04-15,1. Spieltag der 1. Bundesliga Nord,Bremen,2018-04-15-Berlin_Marienfelde
2018-04-15-Bremen_Vahr,2018-04-15,1. Spieltag der 1. Bundesliga Nord,Bremen,2018-04-15-Bremen_Vahr
2018-04-15-Büttgen,2018-04-15,1. Spieltag der 2. Bundesliga Nord,Büttgen,2018-04-15-Büttgen
2018-04-15-Gebhardshagen,2018-04-15,1. Spieltag der 1. Bundesliga Nord,Bremen,2018-04-15-Gebhardshagen
2018-04-15-Gevelsberg,2018-04-15,1. Spieltag der 1. Bundesliga Nord,Bremen,2018-04-15-Gevelsberg
2018-04-15-Göttingen_Grone,2018-04-15,1. Spieltag der 1. Bundesliga Nord,Bremen,2018-04-15-Göttingen_Grone
2018-04-15-Halver_Halle,2018-04-15,NBV Verbandsliga 2018,Halver,2018-04-15-Halver_Halle
2018-04-15-Ilvesheim,2018-04-15,1. Spieltag der 1. Bundesliga Nord,Bremen,2018-04-15-Ilvesheim
2018-04-15-Ladenburg,2018-04-15,1. Spieltag der 1. Bundesliga Nord,Bremen,2018-04-15-Ladenburg
2018-04-15-Ludwigshafen,2018-04-15,1. Spieltag der 1. Bundesliga Nord,Bremen,2018-04-15-Ludwigshafen
2018-04-15-Mannheim_Sandhofen,2018-04-15,1. Spieltag der 1. Bundesliga Nord,Bremen,2018-04-15-Mannheim_Sandhofen
2018-04-15-Neheim_Hüsten,2018-04-15,1. Spieltag der 1. Bundesliga Nord,Bremen,2018-04-15-Neheim_Hüsten
2018-04-15-Neutraubling,2018-04-15,1. Spieltag der 1. Bundesliga Nord,Bremen,2018-04-15-Neutraubling
2018-04-15-Olching,2018-04-15,1. Spieltag der 1. Bundesliga Nord,Bremen,2018-04-15-Olching
2018-04-15-Salzgitter,2018-04-15,1. Spieltag der 1. Bundesliga Nord,Bremen,2018-04-15-Salzgitter
2018-04-15-Wallenhorst_Rulle,2018-04-15,1. Spieltag der 1. Bundesliga Nord,Bremen,2018-04-15-Wallenhorst_Rulle
2018-04-15-Weinheim,2018-04-15,1. Spieltag der 1. Bundesliga Nord,Bremen,2018-04-15-Weinheim
2018-04-15-Würzburg_Löwenbrücke,2018-04-15,1. Spieltag der 1. Bundesliga Nord,Bremen,2018-04-15-Würzburg_Löwenbrücke
2018-04-22-Rheinau_Freistett,2018-04-22,BBS-Senioren-Landesliga,Rheinau-Freistett,2018-04-22-Rheinau_Freistett
2018-04-29-Büttgen,2018-04-29,2. Spieltag der 1. Bundesliga Nord,Büttgen,2018-04-29-Büttgen
2018-04-29-Kerpen,2018-04-29,2. Spieltag der 2. Bundesliga Nord Staffel 1,Kerpen,2018-04-29-Kerpen
2018-04-29-Künzell,2018-04-29,2. Spieltag der 1. Bundesliga Süd,Künzell,2018-04-29-Künzell
2018-04-29-Ohlsbach,2018-04-29,2. Spieltag der 3. Bundesliga Süd Staffel 2,Ohlsbach,2018-04-29-Ohlsbach
2018-05-06-Mönchengladbach,2018-05-06,2. Spieltag der NBV Verbandsliga,Mönchengladbach,2018-05-06-Mönchengladbach
2018-05-20-Metzingen,2018-05-20,34. Sieben-Kelten-Turnier,Metzingen,2018-05-20-Metzingen
2018-05-27-Büttgen,2018-05-27,NBV Verbandsliga - 3.Spieltag in Büttgen,Büttgen,2018-05-27-Büttgen
2018-05-27-Tuttlingen,2018-05-27,3. Spieltag der 3. Bundesliga Süd Staffel 2,Tuttlingen,2018-05-27-Tuttlingen
2018-05-27-Wesel,2018-05-27,3. Spieltag der 2. Bundesliga Nord Staffel 1,Wesel,2018-05-27-Wesel
2018-05-27-Witten_Herbede2,2018-05-27,3. Spieltag der 1. Bundesliga Nord,Witten,2018-05-27-Witten_Herbede2
2018-06-10-Bad_Berneck,2018-06-10,4. Spieltag der 2. Bundesliga Nord Staffel 1,Bochum,2018-06-10-Bad_Berneck
2018-06-10-Bad_Bocklet,2018-06-10,4. Spieltag der 2. Bundesliga Nord Staffel 1,Bochum,2018-06-10-Bad_Bocklet
2018-06-10-Bad_Münder,2018-06-10,4. Spieltag der 1. Bundesliga Nord,Bad Münder,2018-06-10-Bad_Münder
2018-06-10-Bochum_Stadtpark,2018-06-10,4. Spieltag der 2. Bundesliga Nord Staffel 1,Bochum,2018-06-10-Bochum_Stadtpark
2018-06-10-Garmisch_Partenkirchen,2018-06-10,4. Spieltag der 2. Bundesliga Nord Staffel 1,Bochum,2018-06-10-Garmisch_Partenkirchen
2018-06-10-Ingolstadt_Auwaldsee,2018-06-10,4. Spieltag der 2. Bundesliga Nord Staffel 1,Bochum,2018-06-10-Ingolstadt_Auwaldsee
2018-06-10-Karlsfeld,2018-06-10,4. Spieltag der 2. Bundesliga Nord Staffel 1,Bochum,2018-06-10-Karlsfeld
2018-06-10-Landshut,2018-06-10,4. Spieltag der 2. Bundesliga Nord Staffel 1,Bochum,2018-06-10-Landshut
2018-06-10-Lichtenfels,2018-06-10,4. Spieltag der 2. Bundesliga Nord Staffel 1,Bochum,2018-06-10-Lichtenfels
2018-06-10-Ostheim,2018-06-10,4. Spieltag der 2. Bundesliga Nord Staffel 1,Bochum,2018-06-10-Ostheim
2018-06-10-Süßen,2018-06-10,4. Spieltag der 2. Bundesliga Nord Staffel 1,Bochum,2018-06-10-Süßen
2018-06-24-Hohenwarte,2018-06-24,2. Saale-Cup 2018,Hof,2018-06-24-Hohenwarte
2018-08-19-Olching,2018-08-19,21. Amperpokal 2018	MSK Olching,Olching,2018-08-19-Olching
2018-09-09-Künsebeck,2018-09-09,"5. Spieltag 3. Bundesliga Nord, Staffel 2",Künsebeck,2018-09-09-Künsebeck
2018-09-09-Neheim_Hüsten,2018-09-09,"6. Spieltag 2. Bundesliga Nord, Staffel 1",Arnsberg-Neheim,2018-09-09-Neheim_Hüsten
2018-09-16-Mainz_Hartenberg,2018-09-16,53. Rhein-Main-Turnier,Mainz,2018-09-16-Mainz_Hartenberg
2018-09-30-Schriesheim,2018-09-30,BMW Knopf Trophy 2018,Schriesheim,2018-09-30-Schriesheim
2019-0002-03,02.-03.11.2019,Grand Prix 2019,Eibenstock,2019-0002-03
2019-0002-04,02.-03.11.2019,Grand Prix 2019,Eibenstock,2019-0002-04
2019-0002-05,02.-03.11.2019,Grand Prix 2019,Eibenstock,2019-0002-05
2019-0002-06,02.-03.11.2019,Grand Prix 2019,Eibenstock,2019-0002-06
2019-0002-07,02.-03.11.2019,Grand Prix 2019,Eibenstock,2019-0002-07
2019-0002-08,02.-03.11.2019,Grand Prix 2019,Eibenstock,2019-0002-08
2019-0002-09,02.-03.11.2019,Grand Prix 2019,Eibenstock,2019-0002-09
2019-0002-10,02.-03.11.2019,Grand Prix 2019,Eibenstock,2019-0002-10
2019-0007-05,06.10.2019,3. Wanderpokal des MGC Nümbrecht,Nümbrecht,2019-0007-05
2019-0007-07,06.10.2019,3. Wanderpokal des MGC Nümbrecht,Nümbrecht,2019-0007-07
2019-0007-08,06.10.2019,3. Wanderpokal des MGC Nümbrecht,Nümbrecht,2019-0007-08
2019-0007-09,06.10.2019,3. Wanderpokal des MGC Nümbrecht,Nümbrecht,2019-0007-09
2019-0007-12,06.10.2019,3. Wanderpokal des MGC Nümbrecht,Nümbrecht,2019-0007-12
2019-0010-05,03.10.2019,23. Zwei-Burgen-Turnier,Weinheim,2019-0010-05
2019-0010-06,03.10.2019,23. Zwei-Burgen-Turnier,Weinheim,2019-0010-06
2019-0010-07,03.10.2019,23. Zwei-Burgen-Turnier,Weinheim,2019-0010-07
2019-0010-08,03.10.2019,23. Zwei-Burgen-Turnier,Weinheim,2019-0010-08
2019-0010-09,03.10.2019,23. Zwei-Burgen-Turnier,Weinheim,2019-0010-09
2019-0010-10,03.10.2019,23. Zwei-Burgen-Turnier,Weinheim,2019-0010-10
2019-0010-11,03.10.2019,23. Zwei-Burgen-Turnier,Weinheim,2019-0010-11
2019-0010-12,03.10.2019,23. Zwei-Burgen-Turnier,Weinheim,2019-0010-12
2019-0010-13,03.10.2019,23. Zwei-Burgen-Turnier,Weinheim,2019-0010-13
2019-0010-14,03.10.2019,23. Zwei-Burgen-Turnier,Weinheim,2019-0010-14
2019-0011-03,21.-22.09.2019,4. Gerd Becker Gedächtnispokal,Büttgen,2019-0011-03
2019-0011-04,21.-22.09.2019,4. Gerd Becker Gedächtnispokal,Büttgen,2019-0011-04
2019-0011-05,21.-22.09.2019,4. Gerd Becker Gedächtnispokal,Büttgen,2019-0011-05
2019-0011-06,21.-22.09.2019,4. Gerd Becker Gedächtnispokal,Büttgen,2019-0011-06
2019-0011-07,21.-22.09.2019,4. Gerd Becker Gedächtnispokal,Büttgen,2019-0011-07
2019-0011-08,21.-22.09.2019,4. Gerd Becker Gedächtnispokal,Büttgen,2019-0011-08
2019-0012-07,29.09.2019,Rhein-Ruhr Jugendpokal,Herten,2019-0012-07
2019-0012-09,29.09.2019,Rhein-Ruhr Jugendpokal,Herten,2019-0012-09
2019-0013-04,22.09.2019,1.Spieltag - Kombinationsrangliste der Schüler und Jugend im NBV 2019/2020,Nümbrecht,2019-0013-04
2019-0013-05,22.09.2019,1.Spieltag - Kombinationsrangliste der Schüler und Jugend im NBV 2019/2020,Nümbrecht,2019-0013-05
2019-0013-06,22.09.2019,1.Spieltag - Kombinationsrangliste der Schüler und Jugend im NBV 2019/2020,Nümbrecht,2019-0013-06
2019-0014-03,22.09.2019,3. GM-Hütter Sommer,Georgsmarienhütte,2019-0014-03
2019-0014-04,22.09.2019,3. GM-Hütter Sommer,Georgsmarienhütte,2019-0014-04
2019-0014-05,22.09.2019,3. GM-Hütter Sommer,Georgsmarienhütte,2019-0014-05
2019-0014-06,22.09.2019,3. GM-Hütter Sommer,Georgsmarienhütte,2019-0014-06
2019-0014-07,22.09.2019,3. GM-Hütter Sommer,Georgsmarienhütte,2019-0014-07
2019-0014-09,22.09.2019,3. GM-Hütter Sommer,Georgsmarienhütte,2019-0014-09
2019-0015-09,22.09.2019,9. Messecup der MGW Rheinstetten 02,Rheinstetten,2019-0015-09
2019-0016-05,08.09.2019,"5. Spieltag 3. Bundesliga Nord, Staffel 2",Künsebeck,2019-0016-05
2019-0018-07,28.-31.08.2019,Deutsche Meisterschaften System Beton,Künzell,2019-0018-07
2019-0018-08,28.-31.08.2019,Deutsche Meisterschaften System Beton,Künzell,2019-0018-08
2019-0018-09,28.-31.08.2019,Deutsche Meisterschaften System Beton,Künzell,2019-0018-09
2019-0018-10,28.-31.08.2019,Deutsche Meisterschaften System Beton,Künzell,2019-0018-10
2019-0018-11,28.-31.08.2019,Deutsche Meisterschaften System Beton,Künzell,2019-0018-11
2019-0018-12,28.-31.08.2019,Deutsche Meisterschaften System Beton,Künzell,2019-0018-12
2019-0018-13,28.-31.08.2019,Deutsche Meisterschaften System Beton,Künzell,2019-0018-13
2019-0019-13,22.-24.08.2019,Deutsche Meisterschaften System Miniaturgolf,Cuxhaven-Sahlenburg,2019-0019-13
2019-0019-14,22.-24.08.2019,Deutsche Meisterschaften System Miniaturgolf,Cuxhaven-Sahlenburg,2019-0019-14
2019-0019-15,22.-24.08.2019,Deutsche Meisterschaften System Miniaturgolf,Cuxhaven-Sahlenburg,2019-0019-15
2019-0019-16,22.-24.08.2019,Deutsche Meisterschaften System Miniaturgolf,Cuxhaven-Sahlenburg,2019-0019-16
2019-0019-17,22.-24.08.2019,Deutsche Meisterschaften System Miniaturgolf,Cuxhaven-Sahlenburg,2019-0019-17
2019-0019-18,22.-24.08.2019,Deutsche Meisterschaften System Miniaturgolf,Cuxhaven-Sahlenburg,2019-0019-18
2019-0019-19,22.-24.08.2019,Deutsche Meisterschaften System Miniaturgolf,Cuxhaven-Sahlenburg,2019-0019-19
2019-0021-03,15.-17.08.2019,Deutsche Meisterschaften System Cobigolf,Essen,2019-0021-03
2019-0021-04,15.-17.08.2019,Deutsche Meisterschaften System Cobigolf,Essen,2019-0021-04
2019-0021-05,15.-17.08.2019,Deutsche Meisterschaften System Cobigolf,Essen,2019-0021-05
2019-0021-06,15.-17.08.2019,Deutsche Meisterschaften System Cobigolf,Essen,2019-0021-06
2019-0021-07,15.-17.08.2019,Deutsche Meisterschaften System Cobigolf,Essen,2019-0021-07
2019-0021-08,15.-17.08.2019,Deutsche Meisterschaften System Cobigolf,Essen,2019-0021-08
2019-0021-09,15.-17.08.2019,Deutsche Meisterschaften System Cobigolf,Essen,2019-0021-09
2019-0021-10,15.-17.08.2019,Deutsche Meisterschaften System Cobigolf,Essen,2019-0021-10
2019-0021-11,15.-17.08.2019,Deutsche Meisterschaften System Cobigolf,Essen,2019-0021-11
2019-0021-12,15.-17.08.2019,Deutsche Meisterschaften System Cobigolf,Essen,2019-0021-12
2019-0022-05,11.08.2019,7. Oachkatzl-Cup,Landshut,2019-0022-05
2019-0023-03,10.-11.08.2019,Assindia-Pokal,Essen,2019-0023-03
2019-0023-04,10.-11.08.2019,Assindia-Pokal,Essen,2019-0023-04
2019-0023-05,10.-11.08.2019,Assindia-Pokal,Essen,2019-0023-05
2019-0023-06,10.-11.08.2019,Assindia-Pokal,Essen,2019-0023-06
2019-0023-07,10.-11.08.2019,Assindia-Pokal,Essen,2019-0023-07
2019-0023-08,10.-11.08.2019,Assindia-Pokal,Essen,2019-0023-08
2019-0023-09,10.-11.08.2019,Assindia-Pokal,Essen,2019-0023-09
2019-0023-10,10.-11.08.2019,Assindia-Pokal,Essen,2019-0023-10
2019-0024-03,10.-11.08.2019,29. Rebland-Turnier,Ohlsbach,2019-0024-03
2019-0024-04,10.-11.08.2019,29. Rebland-Turnier,Ohlsbach,2019-0024-04
2019-0024-05,10.-11.08.2019,29. Rebland-Turnier,Ohlsbach,2019-0024-05
2019-0024-06,10.-11.08.2019,29. Rebland-Turnier,Ohlsbach,2019-0024-06
2019-0024-07,10.-11.08.2019,29. Rebland-Turnier,Ohlsbach,2019-0024-07
2019-0024-08,10.-11.08.2019,29. Rebland-Turnier,Ohlsbach,2019-0024-08
2019-0024-09,10.-11.08.2019,29. Rebland-Turnier,Ohlsbach,2019-0024-09
2019-0024-10,10.-11.08.2019,29. Rebland-Turnier,Ohlsbach,2019-0024-10
2019-0030-08,04.08.2019,5. Spieltag der Bezirksliga 4,Wanne-Eickel,2019-0030-08
2019-0030-09,04.08.2019,5. Spieltag der Bezirksliga 4,Wanne-Eickel,2019-0030-09
2019-0034-07,28.07.2019,5. Spieltag 3. Bundesliga Süd Staffel 2,Tuttlingen,2019-0034-07
2019-0036-03,28.07.2019,5. Spieltag 2. Bundesliga Nord Staffel 1,Wesel,2019-0036-03
2019-0037-05,20.-21.07.2019,WDM Abt.1 2019,Wanne-Eickel  / Uerdingen,2019-0037-05
2019-0037-06,20.-21.07.2019,WDM Abt.1 2019,Wanne-Eickel  / Uerdingen,2019-0037-06
2019-0037-07,20.-21.07.2019,WDM Abt.1 2019,Wanne-Eickel  / Uerdingen,2019-0037-07
2019-0038-03,20.-21.07.2019,WDM Abt.1 2019,Wanne-Eickel  / Uerdingen,2019-0038-03
2019-0038-04,20.-21.07.2019,WDM Abt.1 2019,Wanne-Eickel  / Uerdingen,2019-0038-04
2019-0038-05,20.-21.07.2019,WDM Abt.1 2019,Wanne-Eickel  / Uerdingen,2019-0038-05
2019-0038-06,20.-21.07.2019,WDM Abt.1 2019,Wanne-Eickel  / Uerdingen,2019-0038-06
2019-0038-07,20.-21.07.2019,WDM Abt.1 2019,Wanne-Eickel  / Uerdingen,2019-0038-07
2019-0042-03,07.07.2019,7. Oveney Open,Felderbachtal,2019-0042-03
2019-0042-04,07.07.2019,7. Oveney Open,Felderbachtal,2019-0042-04
2019-0042-05,07.07.2019,7. Oveney Open,Felderbachtal,2019-0042-05
2019-0042-06,07.07.2019,7. Oveney Open,Felderbachtal,2019-0042-06
2019-0042-07,07.07.2019,7. Oveney Open,Felderbachtal,2019-0042-07
2019-0042-08,07.07.2019,7. Oveney Open,Felderbachtal,2019-0042-08
2019-0042-10,07.07.2019,7. Oveney Open,Felderbachtal,2019-0042-10
2019-0043-11,23.06.2019,3. Saale-Cup 2019,Hohenwarte,2019-0043-11
2019-0043-12,23.06.2019,3. Saale-Cup 2019,Hohenwarte,2019-0043-12
2019-0050-03,14.-16.06.2019,World Adventure Golf Masters 2019,Kungälv/SWE,2019-0050-03
2019-0050-04,14.-16.06.2019,World Adventure Golf Masters 2019,Kungälv/SWE,2019-0050-04
2019-0050-05,14.-16.06.2019,World Adventure Golf Masters 2019,Kungälv/SWE,2019-0050-05
2019-0050-06,14.-16.06.2019,World Adventure Golf Masters 2019,Kungälv/SWE,2019-0050-06
2019-0050-07,14.-16.06.2019,World Adventure Golf Masters 2019,Kungälv/SWE,2019-0050-07
2019-0050-08,14.-16.06.2019,World Adventure Golf Masters 2019,Kungälv/SWE,2019-0050-08
2019-0050-09,14.-16.06.2019,World Adventure Golf Masters 2019,Kungälv/SWE,2019-0050-09
2019-0050-10,14.-16.06.2019,World Adventure Golf Masters 2019,Kungälv/SWE,2019-0050-10
2019-0052-08,09.06.2019,19. Hoferkopfturnier,Friedrichsthal,2019-0052-08
2019-0052-09,09.06.2019,19. Hoferkopfturnier,Friedrichsthal,2019-0052-09
2019-0053-05,09.06.2019,35. Sieben-Keltern-Turnier,Metzingen,2019-0053-05
2019-0053-06,09.06.2019,35. Sieben-Keltern-Turnier,Metzingen,2019-0053-06
2019-0053-07,09.06.2019,35. Sieben-Keltern-Turnier,Metzingen,2019-0053-07
2019-0053-09,09.06.2019,35. Sieben-Keltern-Turnier,Metzingen,2019-0053-09
2019-0056-10,31.05.- 02.06.2019,34. Elbe-Weser-Pokalturnier,Cuxhaven,2019-0056-10
2019-0056-11,31.05.- 02.06.2019,34. Elbe-Weser-Pokalturnier,Cuxhaven,2019-0056-11
2019-0056-12,31.05.- 02.06.2019,34. Elbe-Weser-Pokalturnier,Cuxhaven,2019-0056-12
2019-0056-13,31.05.- 02.06.2019,34. Elbe-Weser-Pokalturnier,Cuxhaven,2019-0056-13
2019-0056-14,31.05.- 02.06.2019,34. Elbe-Weser-Pokalturnier,Cuxhaven,2019-0056-14
2019-0056-15,31.05.- 02.06.2019,34. Elbe-Weser-Pokalturnier,Cuxhaven,2019-0056-15
2019-0056-16,31.05.- 02.06.2019,34. Elbe-Weser-Pokalturnier,Cuxhaven,2019-0056-16
2019-0056-17,31.05.- 02.06.2019,34. Elbe-Weser-Pokalturnier,Cuxhaven,2019-0056-17
2019-0057-03,26.05.2019,4. Spieltag der 1. Bundesliga Nord,Hamburg,2019-0057-03
2019-0059-02,26.05.2019,4. Spieltag 2. Bundesliga Nord Staffel 1,Velbert-Hardenb.,2019-0059-02
2019-0062-08,26.05.2019,4. Meisterschaftsspiel Bezirksliga 4 NBV,Velbert- Langenb.,2019-0062-08
2019-0062-09,26.05.2019,4. Meisterschaftsspiel Bezirksliga 4 NBV,Velbert- Langenb.,2019-0062-09
2019-0064-06,12.05.2019,2. Wanderpokal des MGC Nümbrecht,Nümbrecht,2019-0064-06
2019-0064-08,12.05.2019,2. Wanderpokal des MGC Nümbrecht,Nümbrecht,2019-0064-08
2019-0064-09,12.05.2019,2. Wanderpokal des MGC Nümbrecht,Nümbrecht,2019-0064-09
2019-0064-10,12.05.2019,2. Wanderpokal des MGC Nümbrecht,Nümbrecht,2019-0064-10
2019-0064-11,12.05.2019,2. Wanderpokal des MGC Nümbrecht,Nümbrecht,2019-0064-11
2019-0064-12,12.05.2019,2. Wanderpokal des MGC Nümbrecht,Nümbrecht,2019-0064-12
2019-0065-03,05.05.2019,Punktspiel Verbandsliga BBS,BBS,2019-0065-03
2019-0066-07,05.05.2019,3. Spieltag Bezirksliga 4 im NBV,Büttgen,2019-0066-07
2019-0066-08,05.05.2019,3. Spieltag Bezirksliga 4 im NBV,Büttgen,2019-0066-08
2019-0067-03,05.05.2019,2. Spieltag 3. Bundesliga Nord Staffel 2,Bremen,2019-0067-03
2019-0069-03,05.05.2019,3. Spieltag 2. Bundesliga Nord Staffel 1,Kerpen,2019-0069-03
2019-0071-03,05.05.2019,3. Spieltag der 1. Bundesliga Nord,Wanne-Eickel,2019-0071-03
2019-0076-05,20.-21.04.2019,54. Internationales Osterturnier,Weinheim,2019-0076-05
2019-0076-06,20.-21.04.2019,54. Internationales Osterturnier,Weinheim,2019-0076-06
2019-0076-07,20.-21.04.2019,54. Internationales Osterturnier,Weinheim,2019-0076-07
2019-0076-08,20.-21.04.2019,54. Internationales Osterturnier,Weinheim,2019-0076-08
2019-0076-10,20.-21.04.2019,54. Internationales Osterturnier,Weinheim,2019-0076-10
2019-0076-11,20.-21.04.2019,54. Internationales Osterturnier,Weinheim,2019-0076-11
2019-0077-05,20.-21.04.2019,54. Internationales Osterturnier,Weinheim,2019-0077-05
2019-0077-06,20.-21.04.2019,54. Internationales Osterturnier,Weinheim,2019-0077-06
2019-0077-08,20.-21.04.2019,54. Internationales Osterturnier,Weinheim,2019-0077-08
2019-0077-10,20.-21.04.2019,54. Internationales Osterturnier,Weinheim,2019-0077-10
2019-0078-03,14.04.2019,2. Spieltag der 1. Bundesliga Nord,Wanne-Eickel,2019-0078-03
2019-0080-03,14.04.2019,2. Spieltag 2. Bundesliga Nord Staffel 1,Bochum,2019-0080-03
2019-0082-04,14.04.2019,2. Spieltag 3. Bundesliga Nord Staffel 1,Bottrop,2019-0082-04
2019-0082-07,14.04.2019,2. Spieltag 3. Bundesliga Nord Staffel 1,Bottrop,2019-0082-07
2019-0082-08,14.04.2019,2. Spieltag 3. Bundesliga Nord Staffel 1,Bottrop,2019-0082-08
2019-0085-03,14.04.2019,Verbandsliga Allgemeine Klasse Baden,Ohlsbach,2019-0085-03
2019-0086-08,14.04.2019,2. Spieltag der Bezirksliga 4,Rheinhausen,2019-0086-08
2019-0086-09,14.04.2019,2. Spieltag der Bezirksliga 4,Rheinhausen,2019-0086-09
2019-0089-03,31.03.2019,"3. Bundesliga Nord Staffel I, 1. Spieltag",Bad Godesberg,2019-0089-03
2019-0091-05,31.03.2019,"2. Bundesliga Nord Staffel I, 1. Spieltag",Wanne-Eickel,2019-0091-05
2019-0093-03,31.03.2019,"1. Bundesliga Nord, 1. Spieltag",Wallenhorst,2019-0093-03
2019-0095-03,24.03.2019,Seniorenliga Baden,Ohlsbach,2019-0095-03
2019-0096-02,17.03.2019,A-Rangliste und Seniorenliga MRP,Mannheim-Sandhofen,2019-0096-02
2019-0097-03,17.03.2019,53. Siebengebirgsturnier,Bad Godesberg,2019-0097-03
2019-0097-06,17.03.2019,53. Siebengebirgsturnier,Bad Godesberg,2019-0097-06
2019-0098-02,10.03.2019,8. Erzgebirgspokal,Eibenstock,2019-0098-02
2019-0098-03,10.03.2019,8. Erzgebirgspokal,Eibenstock,2019-0098-03
2019-0098-04,10.03.2019,8. Erzgebirgspokal,Eibenstock,2019-0098-04
2019-0098-05,10.03.2019,8. Erzgebirgspokal,Eibenstock,2019-0098-05
2019-0098-06,10.03.2019,8. Erzgebirgspokal,Eibenstock,2019-0098-06
2019-0098-07,10.03.2019,8. Erzgebirgspokal,Eibenstock,2019-0098-07
2019-0098-08,10.03.2019,8. Erzgebirgspokal,Eibenstock,2019-0098-08
2019-0098-09,10.03.2019,8. Erzgebirgspokal,Eibenstock,2019-0098-09
2019-0098-10,10.03.2019,8. Erzgebirgspokal,Eibenstock,2019-0098-10
2019-0098-11,10.03.2019,8. Erzgebirgspokal,Eibenstock,2019-0098-11
2019-03-17-Bad_Godesberg,2019-03-17,53. Siebengebirgsturnier,Bad Godesberg,2019-03-17-Bad_Godesberg
2019-03-17-Mannheim_Sandhofen_Halle,2019-03-17,A-Rangliste und Seniorenliga MRP,Mannheim-Sandhofen,2019-03-17-Mannheim_Sandhofen_Halle
2019-03-24-Mainz_Hartenberg,2019-03-24,MRP Rangliste Senioren,MRP,2019-03-24-Mainz_Hartenberg
2019-03-24-Ohlsbach,2019-03-24,Seniorenliga Baden,Ohlsbach,2019-03-24-Ohlsbach
2019-03-31-Bad_Godesberg,2019-03-31,"3. Bundesliga Nord Staffel I, 1. Spieltag",Bad Godesberg,2019-03-31-Bad_Godesberg
2019-03-31-Herne,2019-03-31,"2. Bundesliga Nord Staffel I, 1. Spieltag",Wanne-Eickel,2019-03-31-Herne
2019-03-31-Wallenhorst_Rulle,2019-03-31,"1. Bundesliga Nord, 1. Spieltag",Wallenhorst,2019-03-31-Wallenhorst_Rulle
2019-04-07-Mainz_Hartenberg,2019-04-07,MRP-Rangliste (Jugend/Allg. Klasse),Mainz,2019-04-07-Mainz_Hartenberg
2019-04-07-Mannheim,2019-04-07,MRP -Seniorenliga,Mannheim,2019-04-07-Mannheim
2019-04-14-Bochum_Stadtpark,2019-04-14,2. Spieltag 2. Bundesliga Nord Staffel 1,Bochum,2019-04-14-Bochum_Stadtpark
2019-04-14-Bottrop_Overbeckshof,2019-04-14,2. Spieltag 3. Bundesliga Nord Staffel 1,Bottrop,2019-04-14-Bottrop_Overbeckshof
2019-04-14-Duisburg_Rheinhausen,2019-04-14,2. Spieltag der Bezirksliga 4,Rheinhausen,2019-04-14-Duisburg_Rheinhausen
2019-04-14-Herne,2019-04-14,2. Spieltag der 1. Bundesliga Nord,Wanne-Eickel,2019-04-14-Herne
2019-04-14-Nümbrecht,2019-04-14,2. Spieltag NBV Kombi-Ligen u. 4.Kreisliga,Nümbrecht,2019-04-14-Nümbrecht
2019-04-14-Ohlsbach,2019-04-14,Verbandsliga Allgemeine Klasse Baden,Ohlsbach,2019-04-14-Ohlsbach
2019-05-05-Bad_Bodendorf,2019-05-05,3. Spieltag der 1. Bundesliga Nord,Wanne-Eickel,2019-05-05-Bad_Bodendorf
2019-05-05-Bad_Homburg_Hirschgarten,2019-05-05,3. Spieltag der 1. Bundesliga Nord,Wanne-Eickel,2019-05-05-Bad_Homburg_Hirschgarten
2019-05-05-Bensheim,2019-05-05,3. Spieltag der 1. Bundesliga Nord,Wanne-Eickel,2019-05-05-Bensheim
2019-05-05-Bremen_Vahr,2019-05-05,2. Spieltag 3. Bundesliga Nord Staffel 2,Bremen,2019-05-05-Bremen_Vahr
2019-05-05-Büttgen,2019-05-05,3. Spieltag Bezirksliga 4 im NBV,Büttgen,2019-05-05-Büttgen
2019-05-05-Gladbeck,2019-05-05,3. Spieltag der 1. Bundesliga Nord,Wanne-Eickel,2019-05-05-Gladbeck
2019-05-05-Grötzingen,2019-05-05,3. Spieltag der 1. Bundesliga Nord,Wanne-Eickel,2019-05-05-Grötzingen
2019-05-05-Ilvesheim,2019-05-05,Punktspiel Verbandsliga BBS,BBS,2019-05-05-Ilvesheim
2019-05-05-Kerpen,2019-05-05,3. Spieltag 2. Bundesliga Nord Staffel 1,Kerpen,2019-05-05-Kerpen
2019-05-05-Landshut,2019-05-05,3. Spieltag der 1. Bundesliga Nord,Wanne-Eickel,2019-05-05-Landshut
2019-05-05-Ludwigshafen,2019-05-05,3. Spieltag der 1. Bundesliga Nord,Wanne-Eickel,2019-05-05-Ludwigshafen
2019-05-05-Mönchengladbach,2019-05-05,3. Spieltag der 1. Bundesliga Nord,Wanne-Eickel,2019-05-05-Mönchengladbach
2019-05-05-Nierstein,2019-05-05,3. Spieltag der 1. Bundesliga Nord,Wanne-Eickel,2019-05-05-Nierstein
2019-05-05-Northeim,2019-05-05,3. Spieltag der 1. Bundesliga Nord,Wanne-Eickel,2019-05-05-Northeim
2019-05-05-Olching,2019-05-05,3. Spieltag der 1. Bundesliga Nord,Wanne-Eickel,2019-05-05-Olching
2019-05-05-Pegnitz,2019-05-05,3. Spieltag der 1. Bundesliga Nord,Wanne-Eickel,2019-05-05-Pegnitz
2019-05-05-Remseck,2019-05-05,3. Spieltag der 1. Bundesliga Nord,Wanne-Eickel,2019-05-05-Remseck
2019-05-05-Wanne_Eickel,2019-05-05,3. Spieltag der 1. Bundesliga Nord,Wanne-Eickel,2019-05-05-Wanne_Eickel
2019-05-05-Wolfsburg,2019-05-05,3. Spieltag der 1. Bundesliga Nord,Wanne-Eickel,2019-05-05-Wolfsburg
2019-05-05-Wolnzach,2019-05-05,3. Spieltag der 1. Bundesliga Nord,Wanne-Eickel,2019-05-05-Wolnzach
2019-05-26-Berlin_Marienfelde,2019-05-26,4. Meisterschaftsspiel Bezirksliga 4 NBV,Velbert- Langenb.,2019-05-26-Berlin_Marienfelde
2019-05-26-Hamburg_Rahlstedt,2019-05-26,4. Spieltag der 1. Bundesliga Nord,Hamburg,2019-05-26-Hamburg_Rahlstedt
2019-05-26-Hardenberg,2019-05-26,4. Spieltag 2. Bundesliga Nord Staffel 1,Velbert-Hardenb.,2019-05-26-Hardenberg
2019-05-26-Illertissen,2019-05-26,4. Meisterschaftsspiel Bezirksliga 4 NBV,Velbert- Langenb.,2019-05-26-Illertissen
2019-05-26-Inzlingen,2019-05-26,4. Meisterschaftsspiel Bezirksliga 4 NBV,Velbert- Langenb.,2019-05-26-Inzlingen
2019-05-26-Kiel_West,2019-05-26,4. Meisterschaftsspiel Bezirksliga 4 NBV,Velbert- Langenb.,2019-05-26-Kiel_West
2019-05-26-Metzingen,2019-05-26,4. Meisterschaftsspiel Bezirksliga 4 NBV,Velbert- Langenb.,2019-05-26-Metzingen
2019-05-26-Murnau_See,2019-05-26,4. Meisterschaftsspiel Bezirksliga 4 NBV,Velbert- Langenb.,2019-05-26-Murnau_See
2019-05-26-Niederstetten,2019-05-26,4. Meisterschaftsspiel Bezirksliga 4 NBV,Velbert- Langenb.,2019-05-26-Niederstetten
2019-05-26-Olching,2019-05-26,4. Meisterschaftsspiel Bezirksliga 4 NBV,Velbert- Langenb.,2019-05-26-Olching
2019-05-26-Salzgitter,2019-05-26,4. Meisterschaftsspiel Bezirksliga 4 NBV,Velbert- Langenb.,2019-05-26-Salzgitter
2019-05-26-Velbert_Langenberg,2019-05-26,4. Meisterschaftsspiel Bezirksliga 4 NBV,Velbert- Langenb.,2019-05-26-Velbert_Langenberg
2019-05-26-Vellmar,2019-05-26,4. Meisterschaftsspiel Bezirksliga 4 NBV,Velbert- Langenb.,2019-05-26-Vellmar
2019-05-26-Wesel,2019-05-26,4. Meisterschaftsspiel Bezirksliga 4 NBV,Velbert- Langenb.,2019-05-26-Wesel
2019-05-26-Witten_Herbede,2019-05-26,4. Meisterschaftsspiel Bezirksliga 4 NBV,Velbert- Langenb.,2019-05-26-Witten_Herbede
2019-06-09-Bildstock,2019-06-09,19. Hoferkopfturnier,Friedrichsthal,2019-06-09-Bildstock
2019-06-09-Metzingen,2019-06-09,35. Sieben-Keltern-Turnier,Metzingen,2019-06-09-Metzingen
2019-06-16-Dudweiler,2019-06-16,World Adventure Golf Masters 2019,Kungälv/SWE,2019-06-16-Dudweiler
2019-06-23-Bad_Feilnbach,2019-06-23,3. Saale-Cup 2019,Hohenwarte,2019-06-23-Bad_Feilnbach
2019-06-23-Hohenwarte,2019-06-23,3. Saale-Cup 2019,Hohenwarte,2019-06-23-Hohenwarte
2019-07-21-Elmshorn,2019-07-21,WDM Abt.1 2019,Wanne-Eickel  / Uerdingen,2019-07-21-Elmshorn
2019-07-21-Mitterteich,2019-07-21,WDM Abt.1 2019,Wanne-Eickel  / Uerdingen,2019-07-21-Mitterteich
2019-07-28-Tuttlingen,2019-07-28,5. Spieltag 3. Bundesliga Süd Staffel 2,Tuttlingen,2019-07-28-Tuttlingen
2019-07-28-Wesel,2019-07-28,5. Spieltag 2. Bundesliga Nord Staffel 1,Wesel,2019-07-28-Wesel
2019-08-04-Höchberg,2019-08-04,27. Höchberger Krackenturnier,Höchberg,2019-08-04-Höchberg
2019-08-04-Wanne_Eickel,2019-08-04,5. Spieltag der Bezirksliga 4,Wanne-Eickel,2019-08-04-Wanne_Eickel
2019-08-11-Landshut,2019-08-11,7. Oachkatzl-Cup,Landshut,2019-08-11-Landshut
2019-09-08-Künsebeck,2019-09-08,"5. Spieltag 3. Bundesliga Nord, Staffel 2",Künsebeck,2019-09-08-Künsebeck
2019-09-08-Neheim_Hüsten,2019-09-08,"5. Spieltag 3. Bundesliga Nord, Staffel 2",Künsebeck,2019-09-08-Neheim_Hüsten
2019-09-22-Nümbrecht,2019-09-22,1.Spieltag - Kombinationsrangliste der Schüler und Jugend im NBV 2019/2020,Nümbrecht,2019-09-22-Nümbrecht
2019-09-22-Rheinstetten,2019-09-22,9. Messecup der MGW Rheinstetten 02,Rheinstetten,2019-09-22-Rheinstetten
2019-09-29-Herten,2019-09-29,Rhein-Ruhr Jugendpokal,Herten,2019-09-29-Herten
2022-0001-02,17.-18.12.2022,Adventsturnier des SSC Halver 2022,Halver,2022-0001-02
2022-0001-03,17.-18.12.2022,Adventsturnier des SSC Halver 2022,Halver,2022-0001-03
2022-0001-04,17.-18.12.2022,Adventsturnier des SSC Halver 2022,Halver,2022-0001-04
2022-0001-05,17.-18.12.2022,Adventsturnier des SSC Halver 2022,Halver,2022-0001-05
2022-0001-06,17.-18.12.2022,Adventsturnier des SSC Halver 2022,Halver,2022-0001-06
2022-0001-07,17.-18.12.2022,Adventsturnier des SSC Halver 2022,Halver,2022-0001-07
2022-0001-08,17.-18.12.2022,Adventsturnier des SSC Halver 2022,Halver,2022-0001-08
2022-0001-09,17.-18.12.2022,Adventsturnier des SSC Halver 2022,Halver,2022-0001-09
2022-0001-10,17.-18.12.2022,Adventsturnier des SSC Halver 2022,Halver,2022-0001-10
2022-0001-11,17.-18.12.2022,Adventsturnier des SSC Halver 2022,Halver,2022-0001-11
2022-0001-12,17.-18.12.2022,Adventsturnier des SSC Halver 2022,Halver,2022-0001-12
2022-0003-03,05.-06.11.2022,Grand Prix-Turnier,Eibenstock,2022-0003-03
2022-0003-04,05.-06.11.2022,Grand Prix-Turnier,Eibenstock,2022-0003-04
2022-0003-05,05.-06.11.2022,Grand Prix-Turnier,Eibenstock,2022-0003-05
2022-0003-06,05.-06.11.2022,Grand Prix-Turnier,Eibenstock,2022-0003-06
2022-0003-07,05.-06.11.2022,Grand Prix-Turnier,Eibenstock,2022-0003-07
2022-0003-08,05.-06.11.2022,Grand Prix-Turnier,Eibenstock,2022-0003-08
2022-0003-09,05.-06.11.2022,Grand Prix-Turnier,Eibenstock,2022-0003-09
2022-0004-02,05.-06.11.2022,7. Hallenmeisterschaft 2022,Halver,2022-0004-02
2022-0004-03,05.-06.11.2022,7. Hallenmeisterschaft 2022,Halver,2022-0004-03
2022-0004-04,05.-06.11.2022,7. Hallenmeisterschaft 2022,Halver,2022-0004-04
2022-0004-05,05.-06.11.2022,7. Hallenmeisterschaft 2022,Halver,2022-0004-05
2022-0004-06,05.-06.11.2022,7. Hallenmeisterschaft 2022,Halver,2022-0004-06
2022-0004-07,05.-06.11.2022,7. Hallenmeisterschaft 2022,Halver,2022-0004-07
2022-0004-08,05.-06.11.2022,7. Hallenmeisterschaft 2022,Halver,2022-0004-08
2022-0004-09,05.-06.11.2022,7. Hallenmeisterschaft 2022,Halver,2022-0004-09
2022-0004-10,05.-06.11.2022,7. Hallenmeisterschaft 2022,Halver,2022-0004-10
2022-0004-11,05.-06.11.2022,7. Hallenmeisterschaft 2022,Halver,2022-0004-11
2022-0005-05,23.10.2022,9. Wanderpokal des MGC Nümbrecht e. V.,Nümbrecht,2022-0005-05
2022-0005-06,23.10.2022,9. Wanderpokal des MGC Nümbrecht e. V.,Nümbrecht,2022-0005-06
2022-0005-07,23.10.2022,9. Wanderpokal des MGC Nümbrecht e. V.,Nümbrecht,2022-0005-07
2022-0005-08,23.10.2022,9. Wanderpokal des MGC Nümbrecht e. V.,Nümbrecht,2022-0005-08
2022-0005-09,23.10.2022,9. Wanderpokal des MGC Nümbrecht e. V.,Nümbrecht,2022-0005-09
2022-0005-10,23.10.2022,9. Wanderpokal des MGC Nümbrecht e. V.,Nümbrecht,2022-0005-10
2022-0005-11,23.10.2022,9. Wanderpokal des MGC Nümbrecht e. V.,Nümbrecht,2022-0005-11
2022-0006-04,16.10.2022,Rhein-Ruhr-Jugendpokal 2022,Herten,2022-0006-04
2022-0008-02,15.-16.10.2022,7. Halleneröffnungsturnier Halver 2022,Halver,2022-0008-02
2022-0008-03,15.-16.10.2022,7. Halleneröffnungsturnier Halver 2022,Halver,2022-0008-03
2022-0008-04,15.-16.10.2022,7. Halleneröffnungsturnier Halver 2022,Halver,2022-0008-04
2022-0008-05,15.-16.10.2022,7. Halleneröffnungsturnier Halver 2022,Halver,2022-0008-05
2022-0008-06,15.-16.10.2022,7. Halleneröffnungsturnier Halver 2022,Halver,2022-0008-06
2022-0008-07,15.-16.10.2022,7. Halleneröffnungsturnier Halver 2022,Halver,2022-0008-07
2022-0008-08,15.-16.10.2022,7. Halleneröffnungsturnier Halver 2022,Halver,2022-0008-08
2022-0008-09,15.-16.10.2022,7. Halleneröffnungsturnier Halver 2022,Halver,2022-0008-09
2022-0011-03,03.10.2022,8.Wassermühlencup,Osnabrück,2022-0011-03
2022-0011-04,03.10.2022,8.Wassermühlencup,Osnabrück,2022-0011-04
2022-0011-05,03.10.2022,8.Wassermühlencup,Osnabrück,2022-0011-05
2022-0011-06,03.10.2022,8.Wassermühlencup,Osnabrück,2022-0011-06
2022-0011-07,03.10.2022,8.Wassermühlencup,Osnabrück,2022-0011-07
2022-0011-08,03.10.2022,8.Wassermühlencup,Osnabrück,2022-0011-08
2022-0011-09,03.10.2022,8.Wassermühlencup,Osnabrück,2022-0011-09
2022-0012-09,03.10.2022,26. Zwei-Burgen-Turnier,Weinheim,2022-0012-09
2022-0012-10,03.10.2022,26. Zwei-Burgen-Turnier,Weinheim,2022-0012-10
2022-0012-11,03.10.2022,26. Zwei-Burgen-Turnier,Weinheim,2022-0012-11
2022-0012-12,03.10.2022,26. Zwei-Burgen-Turnier,Weinheim,2022-0012-12
2022-0012-13,03.10.2022,26. Zwei-Burgen-Turnier,Weinheim,2022-0012-13
2022-0012-14,03.10.2022,26. Zwei-Burgen-Turnier,Weinheim,2022-0012-14
2022-0012-15,03.10.2022,26. Zwei-Burgen-Turnier,Weinheim,2022-0012-15
2022-0012-16,03.10.2022,26. Zwei-Burgen-Turnier,Weinheim,2022-0012-16
2022-0012-17,03.10.2022,26. Zwei-Burgen-Turnier,Weinheim,2022-0012-17
2022-0013-04,03.10.2022,18. Hirschgarten - Bembelturnier,Bad Homburg,2022-0013-04
2022-0013-05,03.10.2022,18. Hirschgarten - Bembelturnier,Bad Homburg,2022-0013-05
2022-0017-05,02.10.2022,10. Teppichpokal,Olching,2022-0017-05
2022-0017-06,02.10.2022,10. Teppichpokal,Olching,2022-0017-06
2022-0017-07,02.10.2022,10. Teppichpokal,Olching,2022-0017-07
2022-0019-03,25.09.2022,Rhein Main Turnier,Mainz,2022-0019-03
2022-0019-04,25.09.2022,Rhein Main Turnier,Mainz,2022-0019-04
2022-0019-05,25.09.2022,Rhein Main Turnier,Mainz,2022-0019-05
2022-0022-03,24.-25.09.2022,7. Gerd Becker Gedächtnispokal 2022,Kaarst,2022-0022-03
2022-0022-04,24.-25.09.2022,7. Gerd Becker Gedächtnispokal 2022,Kaarst,2022-0022-04
2022-0022-05,24.-25.09.2022,7. Gerd Becker Gedächtnispokal 2022,Kaarst,2022-0022-05
2022-0022-06,24.-25.09.2022,7. Gerd Becker Gedächtnispokal 2022,Kaarst,2022-0022-06
2022-0022-07,24.-25.09.2022,7. Gerd Becker Gedächtnispokal 2022,Kaarst,2022-0022-07
2022-0022-08,24.-25.09.2022,7. Gerd Becker Gedächtnispokal 2022,Kaarst,2022-0022-08
2022-0022-09,24.-25.09.2022,7. Gerd Becker Gedächtnispokal 2022,Kaarst,2022-0022-09
2022-0022-10,24.-25.09.2022,7. Gerd Becker Gedächtnispokal 2022,Kaarst,2022-0022-10
2022-0022-11,24.-25.09.2022,7. Gerd Becker Gedächtnispokal 2022,Kaarst,2022-0022-11
2022-0022-12,24.-25.09.2022,7. Gerd Becker Gedächtnispokal 2022,Kaarst,2022-0022-12
2022-0024-08,18.09.2022,5. Spieltag Landesliga WBV,Unterschneidheim,2022-0024-08
2022-0025-04,18.09.2022,Verbandsliga Kooperation MRP-SaarMV,Ludwigshafen,2022-0025-04
2022-0027-11,18.09.2022,4. Spieltag der 3. Bundesliga Süd Staffel 2,Inzlingen,2022-0027-11
2022-0034-03,11.09.2022,1.Turnier - NBV Jugendrangliste 2023,,2022-0034-03
2022-0034-04,11.09.2022,1.Turnier - NBV Jugendrangliste 2023,,2022-0034-04
2022-0035-07,11.09.2022,49. Staffelseepokal Turnier Murnau (StaPo),Murnau,2022-0035-07
2022-0035-08,11.09.2022,49. Staffelseepokal Turnier Murnau (StaPo),Murnau,2022-0035-08
2022-0035-09,11.09.2022,49. Staffelseepokal Turnier Murnau (StaPo),Murnau,2022-0035-09
2022-0035-10,11.09.2022,49. Staffelseepokal Turnier Murnau (StaPo),Murnau,2022-0035-10
2022-0036-02,10.-11.09.2022,54. Marathon Bad Salzuflen,Bad Salzuflen,2022-0036-02
2022-0036-03,10.-11.09.2022,54. Marathon Bad Salzuflen,Bad Salzuflen,2022-0036-03
2022-0036-04,10.-11.09.2022,54. Marathon Bad Salzuflen,Bad Salzuflen,2022-0036-04
2022-0036-05,10.-11.09.2022,54. Marathon Bad Salzuflen,Bad Salzuflen,2022-0036-05
2022-0036-06,10.-11.09.2022,54. Marathon Bad Salzuflen,Bad Salzuflen,2022-0036-06
2022-0036-07,10.-11.09.2022,54. Marathon Bad Salzuflen,Bad Salzuflen,2022-0036-07
2022-0036-08,10.-11.09.2022,54. Marathon Bad Salzuflen,Bad Salzuflen,2022-0036-08
2022-0036-09,10.-11.09.2022,54. Marathon Bad Salzuflen,Bad Salzuflen,2022-0036-09
2022-0037-02,10.-11.09.2022,Hessische Einzelmeisterschaft (HEM) 2022,Darmstadt,2022-0037-02
2022-0037-03,10.-11.09.2022,Hessische Einzelmeisterschaft (HEM) 2022,Darmstadt,2022-0037-03
2022-0037-04,10.-11.09.2022,Hessische Einzelmeisterschaft (HEM) 2022,Darmstadt,2022-0037-04
2022-0037-05,10.-11.09.2022,Hessische Einzelmeisterschaft (HEM) 2022,Darmstadt,2022-0037-05
2022-0037-07,10.-11.09.2022,Hessische Einzelmeisterschaft (HEM) 2022,Darmstadt,2022-0037-07
2022-0037-08,10.-11.09.2022,Hessische Einzelmeisterschaft (HEM) 2022,Darmstadt,2022-0037-08
2022-0037-09,10.-11.09.2022,Hessische Einzelmeisterschaft (HEM) 2022,Darmstadt,2022-0037-09
2022-0037-10,10.-11.09.2022,Hessische Einzelmeisterschaft (HEM) 2022,Darmstadt,2022-0037-10
2022-0038-04,28.08.2022,30. Kohlenpott-Cup 2022,Bochum,2022-0038-04
2022-0038-06,28.08.2022,30. Kohlenpott-Cup 2022,Bochum,2022-0038-06
2022-0039-06,28.08.2022,19. Fun-Sports-Cup,Bamberg,2022-0039-06
2022-0040-03,25.-28.08.2022,55. Westdeutsche Meisterschaften System Sterngolf,Köln,2022-0040-03
2022-0040-04,25.-28.08.2022,55. Westdeutsche Meisterschaften System Sterngolf,Köln,2022-0040-04
2022-0040-05,25.-28.08.2022,55. Westdeutsche Meisterschaften System Sterngolf,Köln,2022-0040-05
2022-0040-06,25.-28.08.2022,55. Westdeutsche Meisterschaften System Sterngolf,Köln,2022-0040-06
2022-0040-07,25.-28.08.2022,55. Westdeutsche Meisterschaften System Sterngolf,Köln,2022-0040-07
2022-0040-08,25.-28.08.2022,55. Westdeutsche Meisterschaften System Sterngolf,Köln,2022-0040-08
2022-0040-09,25.-28.08.2022,55. Westdeutsche Meisterschaften System Sterngolf,Köln,2022-0040-09
2022-0041-03,25.-27.08.2022,61. Deutsche Meisterschaften System Eternit,Gebhardshagen,2022-0041-03
2022-0041-04,25.-27.08.2022,61. Deutsche Meisterschaften System Eternit,Gebhardshagen,2022-0041-04
2022-0041-05,25.-27.08.2022,61. Deutsche Meisterschaften System Eternit,Gebhardshagen,2022-0041-05
2022-0041-06,25.-27.08.2022,61. Deutsche Meisterschaften System Eternit,Gebhardshagen,2022-0041-06
2022-0041-07,25.-27.08.2022,61. Deutsche Meisterschaften System Eternit,Gebhardshagen,2022-0041-07
2022-0041-08,25.-27.08.2022,61. Deutsche Meisterschaften System Eternit,Gebhardshagen,2022-0041-08
2022-0041-09,25.-27.08.2022,61. Deutsche Meisterschaften System Eternit,Gebhardshagen,2022-0041-09
2022-0044-03,21.08.2022,41. Rheinau-Pokalturnier,Rheinau,2022-0044-03
2022-0044-04,21.08.2022,41. Rheinau-Pokalturnier,Rheinau,2022-0044-04
2022-0044-05,21.08.2022,41. Rheinau-Pokalturnier,Rheinau,2022-0044-05
2022-0044-06,21.08.2022,41. Rheinau-Pokalturnier,Rheinau,2022-0044-06
2022-0044-08,21.08.2022,41. Rheinau-Pokalturnier,Rheinau,2022-0044-08
2022-0046-03,21.08.2022,25. Amperpokal,Olching,2022-0046-03
2022-0046-05,21.08.2022,25. Amperpokal,Olching,2022-0046-05
2022-0046-07,21.08.2022,25. Amperpokal,Olching,2022-0046-07
2022-0046-08,21.08.2022,25. Amperpokal,Olching,2022-0046-08
2022-0046-09,21.08.2022,25. Amperpokal,Olching,2022-0046-09
2022-0047-04,18.-20.08.2022,Deutsche Meisterschaften System Cobigolf,Groß-Umstadt,2022-0047-04
2022-0047-05,18.-20.08.2022,Deutsche Meisterschaften System Cobigolf,Groß-Umstadt,2022-0047-05
2022-0047-06,18.-20.08.2022,Deutsche Meisterschaften System Cobigolf,Groß-Umstadt,2022-0047-06
2022-0047-07,18.-20.08.2022,Deutsche Meisterschaften System Cobigolf,Groß-Umstadt,2022-0047-07
2022-0047-08,18.-20.08.2022,Deutsche Meisterschaften System Cobigolf,Groß-Umstadt,2022-0047-08
2022-0047-09,18.-20.08.2022,Deutsche Meisterschaften System Cobigolf,Groß-Umstadt,2022-0047-09
2022-0047-10,18.-20.08.2022,Deutsche Meisterschaften System Cobigolf,Groß-Umstadt,2022-0047-10
2022-0047-11,18.-20.08.2022,Deutsche Meisterschaften System Cobigolf,Groß-Umstadt,2022-0047-11
2022-0047-12,18.-20.08.2022,Deutsche Meisterschaften System Cobigolf,Groß-Umstadt,2022-0047-12
2022-0049-03,14.08.2022,50 Jahre BGC Dormagen e. V.,Dormagen,2022-0049-03
2022-0049-04,14.08.2022,50 Jahre BGC Dormagen e. V.,Dormagen,2022-0049-04
2022-0049-05,14.08.2022,50 Jahre BGC Dormagen e. V.,Dormagen,2022-0049-05
2022-0049-06,14.08.2022,50 Jahre BGC Dormagen e. V.,Dormagen,2022-0049-06
2022-0049-07,14.08.2022,50 Jahre BGC Dormagen e. V.,Dormagen,2022-0049-07
2022-0049-08,14.08.2022,50 Jahre BGC Dormagen e. V.,Dormagen,2022-0049-08
2022-0049-09,14.08.2022,50 Jahre BGC Dormagen e. V.,Dormagen,2022-0049-09
2022-0050-03,13.-14.08.2022,Weininselpokal,Groß-Umstadt,2022-0050-03
2022-0050-04,13.-14.08.2022,Weininselpokal,Groß-Umstadt,2022-0050-04
2022-0050-05,13.-14.08.2022,Weininselpokal,Groß-Umstadt,2022-0050-05
2022-0050-06,13.-14.08.2022,Weininselpokal,Groß-Umstadt,2022-0050-06
2022-0050-07,13.-14.08.2022,Weininselpokal,Groß-Umstadt,2022-0050-07
2022-0050-08,13.-14.08.2022,Weininselpokal,Groß-Umstadt,2022-0050-08
2022-0050-09,13.-14.08.2022,Weininselpokal,Groß-Umstadt,2022-0050-09
2022-0050-10,13.-14.08.2022,Weininselpokal,Groß-Umstadt,2022-0050-10
2022-0051-03,13.-14.08.2022,32. Rebland-Turnier,Ohlsbach,2022-0051-03
2022-0051-04,13.-14.08.2022,32. Rebland-Turnier,Ohlsbach,2022-0051-04
2022-0051-05,13.-14.08.2022,32. Rebland-Turnier,Ohlsbach,2022-0051-05
2022-0051-06,13.-14.08.2022,32. Rebland-Turnier,Ohlsbach,2022-0051-06
2022-0051-07,13.-14.08.2022,32. Rebland-Turnier,Ohlsbach,2022-0051-07
2022-0051-08,13.-14.08.2022,32. Rebland-Turnier,Ohlsbach,2022-0051-08
2022-0051-09,13.-14.08.2022,32. Rebland-Turnier,Ohlsbach,2022-0051-09
2022-0057-04,11.-13.08.2022,66. Deutsche Meisterschaften System Beton,Neheim,2022-0057-04
2022-0057-05,11.-13.08.2022,66. Deutsche Meisterschaften System Beton,Neheim,2022-0057-05
2022-0057-06,11.-13.08.2022,66. Deutsche Meisterschaften System Beton,Neheim,2022-0057-06
2022-0057-07,11.-13.08.2022,66. Deutsche Meisterschaften System Beton,Neheim,2022-0057-07
2022-0057-08,11.-13.08.2022,66. Deutsche Meisterschaften System Beton,Neheim,2022-0057-08
2022-0057-09,11.-13.08.2022,66. Deutsche Meisterschaften System Beton,Neheim,2022-0057-09
2022-0057-10,11.-13.08.2022,66. Deutsche Meisterschaften System Beton,Neheim,2022-0057-10
2022-0059-05,07.08.2022,10.Oachkatzl-Cup,Landshut,2022-0059-05
2022-0060-03,06.-07.08.2022,3.Udo-Manz & Emil-Schilling-Gedächtnisturnier,Mannheim,2022-0060-03
2022-0060-04,06.-07.08.2022,3.Udo-Manz & Emil-Schilling-Gedächtnisturnier,Mannheim,2022-0060-04
2022-0060-05,06.-07.08.2022,3.Udo-Manz & Emil-Schilling-Gedächtnisturnier,Mannheim,2022-0060-05
2022-0060-06,06.-07.08.2022,3.Udo-Manz & Emil-Schilling-Gedächtnisturnier,Mannheim,2022-0060-06
2022-0060-07,06.-07.08.2022,3.Udo-Manz & Emil-Schilling-Gedächtnisturnier,Mannheim,2022-0060-07
2022-0060-08,06.-07.08.2022,3.Udo-Manz & Emil-Schilling-Gedächtnisturnier,Mannheim,2022-0060-08
2022-0060-09,06.-07.08.2022,3.Udo-Manz & Emil-Schilling-Gedächtnisturnier,Mannheim,2022-0060-09
2022-0062-03,31.07.2022,4. Josef Pecks Gedächtnisturnier,Kerpen,2022-0062-03
2022-0062-05,31.07.2022,4. Josef Pecks Gedächtnisturnier,Kerpen,2022-0062-05
2022-0063-07,30.-31.07.2022,Kurpark Cup,Hamm,2022-0063-07
2022-0063-08,30.-31.07.2022,Kurpark Cup,Hamm,2022-0063-08
2022-0063-09,30.-31.07.2022,Kurpark Cup,Hamm,2022-0063-09
2022-0063-10,30.-31.07.2022,Kurpark Cup,Hamm,2022-0063-10
2022-0063-11,30.-31.07.2022,Kurpark Cup,Hamm,2022-0063-11
2022-0064-03,24.07.2022,10. Kemnader See Open,Felderbachtal,2022-0064-03
2022-0064-04,24.07.2022,10. Kemnader See Open,Felderbachtal,2022-0064-04
2022-0064-05,24.07.2022,10. Kemnader See Open,Felderbachtal,2022-0064-05
2022-0064-06,24.07.2022,10. Kemnader See Open,Felderbachtal,2022-0064-06
2022-0064-07,24.07.2022,10. Kemnader See Open,Felderbachtal,2022-0064-07
2022-0064-08,24.07.2022,10. Kemnader See Open,Felderbachtal,2022-0064-08
2022-0064-09,24.07.2022,10. Kemnader See Open,Felderbachtal,2022-0064-09
2022-0065-03,24.07.22,Wanner Triangle-Cup,Herne,2022-0065-03
2022-0065-04,24.07.22,Wanner Triangle-Cup,Herne,2022-0065-04
2022-0065-05,24.07.22,Wanner Triangle-Cup,Herne,2022-0065-05
2022-0065-06,24.07.22,Wanner Triangle-Cup,Herne,2022-0065-06
2022-0065-07,24.07.22,Wanner Triangle-Cup,Herne,2022-0065-07
2022-0066-10,20.-23.07.2022,Deutsche Minigolf Meisterschaften 2022,Schriesheim,2022-0066-10
2022-0066-11,20.-23.07.2022,Deutsche Minigolf Meisterschaften 2022,Schriesheim,2022-0066-11
2022-0068-03,17.07.22,Bernd Kottemer Gedächtnisturnier,Magdeburg,2022-0068-03
2022-0068-04,17.07.22,Bernd Kottemer Gedächtnisturnier,Magdeburg,2022-0068-04
2022-0068-05,17.07.22,Bernd Kottemer Gedächtnisturnier,Magdeburg,2022-0068-05
2022-0068-06,17.07.22,Bernd Kottemer Gedächtnisturnier,Magdeburg,2022-0068-06
2022-0068-07,17.07.22,Bernd Kottemer Gedächtnisturnier,Magdeburg,2022-0068-07
2022-0069-08,16.-17.07.22,46. Monta-Pokalturnier,Essen,2022-0069-08
2022-0069-09,16.-17.07.22,46. Monta-Pokalturnier,Essen,2022-0069-09
2022-0069-10,16.-17.07.22,46. Monta-Pokalturnier,Essen,2022-0069-10
2022-0069-11,16.-17.07.22,46. Monta-Pokalturnier,Essen,2022-0069-11
2022-0069-12,16.-17.07.22,46. Monta-Pokalturnier,Essen,2022-0069-12
2022-0070-02,16.07.22,5. Hertener 24-Stunden-Cup,Herten,2022-0070-02
2022-0071-03,09.-10.07.22,31. Malerdorf-Pokal Turnier,Grötzingen,2022-0071-03
2022-0071-04,09.-10.07.22,31. Malerdorf-Pokal Turnier,Grötzingen,2022-0071-04
2022-0071-05,09.-10.07.22,31. Malerdorf-Pokal Turnier,Grötzingen,2022-0071-05
2022-0071-06,09.-10.07.22,31. Malerdorf-Pokal Turnier,Grötzingen,2022-0071-06
2022-0071-07,09.-10.07.22,31. Malerdorf-Pokal Turnier,Grötzingen,2022-0071-07
2022-0071-08,09.-10.07.22,31. Malerdorf-Pokal Turnier,Grötzingen,2022-0071-08
2022-0071-09,09.-10.07.22,31. Malerdorf-Pokal Turnier,Grötzingen,2022-0071-09
2022-0071-10,09.-10.07.22,31. Malerdorf-Pokal Turnier,Grötzingen,2022-0071-10
2022-0072-03,09.-10.07.22,WDM der Abt. 1- Senioren,Bottrop,2022-0072-03
2022-0072-04,09.-10.07.22,WDM der Abt. 1- Senioren,Bottrop,2022-0072-04
2022-0072-05,09.-10.07.22,WDM der Abt. 1- Senioren,Bottrop,2022-0072-05
2022-0072-06,09.-10.07.22,WDM der Abt. 1- Senioren,Bottrop,2022-0072-06
2022-0073-03,09.-10.07.22,Westdeutsche Meisterschaft -Beton- allgemeine Klasse,Neheim,2022-0073-03
2022-0073-04,09.-10.07.22,Westdeutsche Meisterschaft -Beton- allgemeine Klasse,Neheim,2022-0073-04
2022-0073-05,09.-10.07.22,Westdeutsche Meisterschaft -Beton- allgemeine Klasse,Neheim,2022-0073-05
2022-0075-07,07-09.07.22,Deutsche Jugendmeisterschaften,Olching,2022-0075-07
2022-0075-09,07-09.07.22,Deutsche Jugendmeisterschaften,Olching,2022-0075-09
2022-0075-11,07-09.07.22,Deutsche Jugendmeisterschaften,Olching,2022-0075-11
2022-0075-13,07-09.07.22,Deutsche Jugendmeisterschaften,Olching,2022-0075-13
2022-0080-04,26.06.2022,2. Hildener Stadtpark Open 2022,Hilden,2022-0080-04
2022-0080-05,26.06.2022,2. Hildener Stadtpark Open 2022,Hilden,2022-0080-05
2022-0080-06,26.06.2022,2. Hildener Stadtpark Open 2022,Hilden,2022-0080-06
2022-0080-07,26.06.2022,2. Hildener Stadtpark Open 2022,Hilden,2022-0080-07
2022-0088-03,12.06.2022,3. Spieltag der 3. Bundesliga Süd Staffel 2,Ohlsbach,2022-0088-03
2022-0090-05,12.06.2022,2. Spieltag der 3. Bundesliga Nord Staffel 2,Kassel-Vellmar,2022-0090-05
2022-0095-05,05.06.2022,37. Sieben-Keltern-Turnier,Metzingen,2022-0095-05
2022-0095-06,05.06.2022,37. Sieben-Keltern-Turnier,Metzingen,2022-0095-06
2022-0095-07,05.06.2022,37. Sieben-Keltern-Turnier,Metzingen,2022-0095-07
2022-0096-03,04.-05.06.2022,Hoferkopfturnier,Bildstock,2022-0096-03
2022-0096-04,04.-05.06.2022,Hoferkopfturnier,Bildstock,2022-0096-04
2022-0096-05,04.-05.06.2022,Hoferkopfturnier,Bildstock,2022-0096-05
2022-0096-06,04.-05.06.2022,Hoferkopfturnier,Bildstock,2022-0096-06
2022-0096-07,04.-05.06.2022,Hoferkopfturnier,Bildstock,2022-0096-07
2022-0096-08,04.-05.06.2022,Hoferkopfturnier,Bildstock,2022-0096-08
2022-0096-10,04.-05.06.2022,Hoferkopfturnier,Bildstock,2022-0096-10
2022-0096-11,04.-05.06.2022,Hoferkopfturnier,Bildstock,2022-0096-11
2022-0096-12,04.-05.06.2022,Hoferkopfturnier,Bildstock,2022-0096-12
2022-0099-07,28.-29.05.2022,Assindia-Pokal,Essen,2022-0099-07
2022-0099-08,28.-29.05.2022,Assindia-Pokal,Essen,2022-0099-08
2022-0099-09,28.-29.05.2022,Assindia-Pokal,Essen,2022-0099-09
2022-0099-10,28.-29.05.2022,Assindia-Pokal,Essen,2022-0099-10
2022-0099-11,28.-29.05.2022,Assindia-Pokal,Essen,2022-0099-11
2022-0099-12,28.-29.05.2022,Assindia-Pokal,Essen,2022-0099-12
2022-0099-13,28.-29.05.2022,Assindia-Pokal,Essen,2022-0099-13
2022-0100-15,28.-29.05.2022,Badische Meisterschaften 2022,Hilzingen,2022-0100-15
2022-0102-07,22.05.2022,8. Wanderpokal des MGC Nümbrecht e. V.,Nümbrecht,2022-0102-07
2022-0102-12,22.05.2022,8. Wanderpokal des MGC Nümbrecht e. V.,Nümbrecht,2022-0102-12
2022-0103-03,22.05.2022,3. Spieltag der WBV-Rangliste,Ulm,2022-0103-03
2022-0104-07,21.-22.05.2022,Bayerische Mannschaftsmeisterschaften für Senioren- und Damenmannschaften,Kelheim,2022-0104-07
2022-0111-05,15.05.2022,1. Spieltag der 3. Bundesliga Nord Staffel 2,Arnsberg,2022-0111-05
2022-0112-05,15.05.2022,1. Spieltag der 3. Bundesliga Nord Staffel 1,Hilden,2022-0112-05
2022-0118-03,08.05.2022,2. Spieltag der WBV-Rangliste,Bad Wurzach,2022-0118-03
2022-0119-03,08.05.2022,8. Grundela Turnier,Ansbach,2022-0119-03
2022-0131-03,24.04.2022,MRP Landesmeisterschaft Senioren,Mainz,2022-0131-03
2022-0131-04,24.04.2022,MRP Landesmeisterschaft Senioren,Mainz,2022-0131-04
2022-0131-05,24.04.2022,MRP Landesmeisterschaft Senioren,Mainz,2022-0131-05
2022-0131-06,24.04.2022,MRP Landesmeisterschaft Senioren,Mainz,2022-0131-06
2022-0135-06,16.-17.04.2022,55. Internationales Osterturnier (Kombi),Weinheim,2022-0135-06
2022-0135-07,16.-17.04.2022,55. Internationales Osterturnier (Kombi),Weinheim,2022-0135-07
2022-0135-08,16.-17.04.2022,55. Internationales Osterturnier (Kombi),Weinheim,2022-0135-08
2022-0135-09,16.-17.04.2022,55. Internationales Osterturnier (Kombi),Weinheim,2022-0135-09
2022-0135-10,16.-17.04.2022,55. Internationales Osterturnier (Kombi),Weinheim,2022-0135-10
2022-0135-11,16.-17.04.2022,55. Internationales Osterturnier (Kombi),Weinheim,2022-0135-11
2022-0135-12,16.-17.04.2022,55. Internationales Osterturnier (Kombi),Weinheim,2022-0135-12
2022-0136-07,16.-17.04.2022,55. Internationales Osterturnier (Kombi),Weinheim,2022-0136-07
2022-0136-08,16.-17.04.2022,55. Internationales Osterturnier (Kombi),Weinheim,2022-0136-08
2022-0136-10,16.-17.04.2022,55. Internationales Osterturnier (Kombi),Weinheim,2022-0136-10
2022-0136-11,16.-17.04.2022,55. Internationales Osterturnier (Kombi),Weinheim,2022-0136-11
2022-0137-02,16.04.2022,16. OSTER-EI.nladungsturnier,Velbert,2022-0137-02
2022-0137-03,16.04.2022,16. OSTER-EI.nladungsturnier,Velbert,2022-0137-03
2022-0137-04,16.04.2022,16. OSTER-EI.nladungsturnier,Velbert,2022-0137-04
2022-0137-05,16.04.2022,16. OSTER-EI.nladungsturnier,Velbert,2022-0137-05
2022-0137-06,16.04.2022,16. OSTER-EI.nladungsturnier,Velbert,2022-0137-06
2022-0137-07,16.04.2022,16. OSTER-EI.nladungsturnier,Velbert,2022-0137-07
2022-0137-08,16.04.2022,16. OSTER-EI.nladungsturnier,Velbert,2022-0137-08
2022-0137-09,16.04.2022,16. OSTER-EI.nladungsturnier,Velbert,2022-0137-09
2022-0145-05,03.04.2022,WBV - Rangliste,Renseck,2022-0145-05
2022-0145-09,03.04.2022,WBV - Rangliste,Renseck,2022-0145-09
2022-0146-05,03.04.2022,56. Siebengebirgsturnier,Bonn,2022-0146-05
2022-0146-06,03.04.2022,56. Siebengebirgsturnier,Bonn,2022-0146-06
2022-0146-07,03.04.2022,56. Siebengebirgsturnier,Bonn,2022-0146-07
2022-0147-02,20.03.2022,10. Erzgebirgspokal,Eibenstock,2022-0147-02
2022-0147-03,20.03.2022,10. Erzgebirgspokal,Eibenstock,2022-0147-03
2022-0147-04,20.03.2022,10. Erzgebirgspokal,Eibenstock,2022-0147-04
2022-0147-05,20.03.2022,10. Erzgebirgspokal,Eibenstock,2022-0147-05
2022-0147-06,20.03.2022,10. Erzgebirgspokal,Eibenstock,2022-0147-06
2022-0147-07,20.03.2022,10. Erzgebirgspokal,Eibenstock,2022-0147-07
2022-0147-08,20.03.2022,10. Erzgebirgspokal,Eibenstock,2022-0147-08
2022-0147-09,20.03.2022,10. Erzgebirgspokal,Eibenstock,2022-0147-09
2022-0148-03,20.03.2022,12. Ohlsbacher Turnier zum Frühlingserwachen,Ohlsbach,2022-0148-03
2022-0148-04,20.03.2022,12. Ohlsbacher Turnier zum Frühlingserwachen,Ohlsbach,2022-0148-04
2022-04-03-Bad_Godesberg,2022-04-03,56. Siebengebirgsturnier,Bonn,2022-04-03-Bad_Godesberg
2022-04-03-Nierstein,2022-04-03,MRP Landesmeisterschaft,Nierstein,2022-04-03-Nierstein
2022-04-03-Remseck,2022-04-03,WBV - Rangliste,Renseck,2022-04-03-Remseck
2022-04-10-Rodalben,2022-04-10,Verbandsliga Kooperation MRP-SaarMV,Rodalben,2022-04-10-Rodalben
2022-05-01-Ansbach,2022-05-01,Landesligaspieltag NW,Ansbach,2022-05-01-Ansbach
2022-05-01-Bliesen,2022-05-01,2. Spieltag Verbandsliga Kooperation MRP-SaarMV,Bliesen,2022-05-01-Bliesen
2022-05-01-Wesseling,2022-05-01,2. Spieltag NBV-Kreisliga 3,Bad Bodendorf,2022-05-01-Wesseling
2022-05-08-Ansbach,2022-05-08,8. Grundela Turnier,Ansbach,2022-05-08-Ansbach
2022-05-08-Bad_Wurzach,2022-05-08,2. Spieltag der WBV-Rangliste,Bad Wurzach,2022-05-08-Bad_Wurzach
2022-05-08-Mainz_Hartenberg,2022-05-08,MRP Landesmeisterschaft,Mainz,2022-05-08-Mainz_Hartenberg
2022-05-15-Hilden,2022-05-15,1. Spieltag der 3. Bundesliga Nord Staffel 1,Hilden,2022-05-15-Hilden
2022-05-15-Mannheim,2022-05-15,Verbandsliga Kooperation MRP-SaarMV,Mannheim,2022-05-15-Mannheim
2022-05-15-Neheim_Hüsten,2022-05-15,1. Spieltag der 3. Bundesliga Nord Staffel 2,Arnsberg,2022-05-15-Neheim_Hüsten
2022-05-22-Nümbrecht,2022-05-22,8. Wanderpokal des MGC Nümbrecht e. V.,Nümbrecht,2022-05-22-Nümbrecht
2022-05-22-Ulm,2022-05-22,3. Spieltag der WBV-Rangliste,Ulm,2022-05-22-Ulm
2022-06-05-Metzingen,2022-06-05,37. Sieben-Keltern-Turnier,Metzingen,2022-06-05-Metzingen
2022-06-12-Bildstock,2022-06-12,4. Spieltag Verbandsliga Koop. MRP-SaarMV,Bildstock,2022-06-12-Bildstock
2022-06-12-Ohlsbach,2022-06-12,3. Spieltag der 3. Bundesliga Süd Staffel 2,Ohlsbach,2022-06-12-Ohlsbach
2022-06-12-Ulm,2022-06-12,3. Spieltag der 3. Bundesliga Süd Staffel 1,Ulm,2022-06-12-Ulm
2022-06-12-Vellmar,2022-06-12,2. Spieltag der 3. Bundesliga Nord Staffel 2,Kassel-Vellmar,2022-06-12-Vellmar
2022-07-23-Schriesheim,2022-07-23,Deutsche Minigolf Meisterschaften 2022,Schriesheim,2022-07-23-Schriesheim
2022-07-23-Schriesheim2,2022-07-23,Deutsche Minigolf Meisterschaften 2022,Schriesheim,2022-07-23-Schriesheim2
2022-07-31-Kerpen,2022-07-31,4. Josef Pecks Gedächtnisturnier,Kerpen,2022-07-31-Kerpen
2022-07-31-Rodalben,2022-07-31,9.Dieter Boltze Gedächtnisturnier,Rodalben,2022-07-31-Rodalben
2022-08-07-Höchberg,2022-08-07,30. Höchberger Krackenturnier,Höchberg,2022-08-07-Höchberg
2022-08-07-Landshut,2022-08-07,10.Oachkatzl-Cup,Landshut,2022-08-07-Landshut
2022-08-14-Wertheim,2022-08-14,Wertheimer Kanne 2022,Wertheim,2022-08-14-Wertheim
2022-08-21-Olching,2022-08-21,25. Amperpokal,Olching,2022-08-21-Olching
2022-08-28-Bamberg,2022-08-28,19. Fun-Sports-Cup,Bamberg,2022-08-28-Bamberg
2022-08-28-Bochum_Langendreer,2022-08-28,30. Kohlenpott-Cup 2022,Bochum,2022-08-28-Bochum_Langendreer
2022-09-11-Marl,2022-09-11,1.Turnier - NBV Jugendrangliste 2023,,2022-09-11-Marl
2022-09-11-Murnau_See,2022-09-11,49. Staffelseepokal Turnier Murnau (StaPo),Murnau,2022-09-11-Murnau_See
2022-09-18-Bad_Godesberg,2022-09-18,4. Spieltag der 3. Bundesliga Nord Staffel 1,Bad Godesberg,2022-09-18-Bad_Godesberg
2022-09-18-Inzlingen,2022-09-18,4. Spieltag der 3. Bundesliga Süd Staffel 2,Inzlingen,2022-09-18-Inzlingen
2022-09-18-Kiel,2022-09-18,5. Spieltag der 2. Bundesliga Nord Staffel 2,Kiel,2022-09-18-Kiel
2022-09-18-Ludwigshafen,2022-09-18,Verbandsliga Kooperation MRP-SaarMV,Ludwigshafen,2022-09-18-Ludwigshafen
2022-09-18-Mainz_Hartenberg,2022-09-18,6. Spieltag der 2. Bundesliga Süd Staffel 1,Mainz,2022-09-18-Mainz_Hartenberg
2022-09-25-Mainz_Hartenberg,2022-09-25,Rhein Main Turnier,Mainz,2022-09-25-Mainz_Hartenberg
2022-09-25-Würzburg_Löwenbrücke,2022-09-25,15. Löwenbrückenpokal,Würzburg,2022-09-25-Würzburg_Löwenbrücke
2022-10-02-Olching,2022-10-02,10. Teppichpokal,Olching,2022-10-02-Olching
2022-10-03-Bad_Homburg_Hirschgarten,2022-10-03,18. Hirschgarten - Bembelturnier,Bad Homburg,2022-10-03-Bad_Homburg_Hirschgarten
2022-10-16-Bildstock,2022-10-16,Villinger-Park-Turnier,Bildstock,2022-10-16-Bildstock
2022-10-16-Herten,2022-10-16,Rhein-Ruhr-Jugendpokal 2022,Herten,2022-10-16-Herten
2023-0001-08,16.-17.12.2023,6. Adventsturnier des SSC Halver 2023,Halver,2023-0001-08
2023-0001-09,16.-17.12.2023,6. Adventsturnier des SSC Halver 2023,Halver,2023-0001-09
2023-0003-02,11.-12.11.2023,Grand Prix 2023,Eibenstock,2023-0003-02
2023-0003-03,11.-12.11.2023,Grand Prix 2023,Eibenstock,2023-0003-03
2023-0003-04,11.-12.11.2023,Grand Prix 2023,Eibenstock,2023-0003-04
2023-0003-05,11.-12.11.2023,Grand Prix 2023,Eibenstock,2023-0003-05
2023-0003-06,11.-12.11.2023,Grand Prix 2023,Eibenstock,2023-0003-06
2023-0003-07,11.-12.11.2023,Grand Prix 2023,Eibenstock,2023-0003-07
2023-0004-04,04.-05.11.2023,8. Hallenmeisterschaft 2023 Halver,Halver,2023-0004-04
2023-0004-05,04.-05.11.2023,8. Hallenmeisterschaft 2023 Halver,Halver,2023-0004-05
2023-0004-06,04.-05.11.2023,8. Hallenmeisterschaft 2023 Halver,Halver,2023-0004-06
2023-0004-07,04.-05.11.2023,8. Hallenmeisterschaft 2023 Halver,Halver,2023-0004-07
2023-0004-08,04.-05.11.2023,8. Hallenmeisterschaft 2023 Halver,Halver,2023-0004-08
2023-0004-09,04.-05.11.2023,8. Hallenmeisterschaft 2023 Halver,Halver,2023-0004-09
2023-0004-10,04.-05.11.2023,8. Hallenmeisterschaft 2023 Halver,Halver,2023-0004-10
2023-0005-05,29.10.2023,11. Wanderpokal,Nümbrecht,2023-0005-05
2023-0005-06,29.10.2023,11. Wanderpokal,Nümbrecht,2023-0005-06
2023-0005-07,29.10.2023,11. Wanderpokal,Nümbrecht,2023-0005-07
2023-0005-08,29.10.2023,11. Wanderpokal,Nümbrecht,2023-0005-08
2023-0005-09,29.10.2023,11. Wanderpokal,Nümbrecht,2023-0005-09
2023-0005-10,29.10.2023,11. Wanderpokal,Nümbrecht,2023-0005-10
2023-0005-12,29.10.2023,11. Wanderpokal,Nümbrecht,2023-0005-12
2023-0005-13,29.10.2023,11. Wanderpokal,Nümbrecht,2023-0005-13
2023-0006-04,22.10.2023,5.  Josef Pecks Gedächtnisturnier,Kerpen,2023-0006-04
2023-0009-03,14.-15.10.2023,8. Hallen Eröffnungsturnier Halver,Halver,2023-0009-03
2023-0009-04,14.-15.10.2023,8. Hallen Eröffnungsturnier Halver,Halver,2023-0009-04
2023-0009-05,14.-15.10.2023,8. Hallen Eröffnungsturnier Halver,Halver,2023-0009-05
2023-0009-06,14.-15.10.2023,8. Hallen Eröffnungsturnier Halver,Halver,2023-0009-06
2023-0009-07,14.-15.10.2023,8. Hallen Eröffnungsturnier Halver,Halver,2023-0009-07
2023-0009-08,14.-15.10.2023,8. Hallen Eröffnungsturnier Halver,Halver,2023-0009-08
2023-0011-04,03.10.2023,27. Zwei-Burgen-Turnier,Weinheim,2023-0011-04
2023-0011-05,03.10.2023,27. Zwei-Burgen-Turnier,Weinheim,2023-0011-05
2023-0011-06,03.10.2023,27. Zwei-Burgen-Turnier,Weinheim,2023-0011-06
2023-0011-07,03.10.2023,27. Zwei-Burgen-Turnier,Weinheim,2023-0011-07
2023-0011-08,03.10.2023,27. Zwei-Burgen-Turnier,Weinheim,2023-0011-08
2023-0011-09,03.10.2023,27. Zwei-Burgen-Turnier,Weinheim,2023-0011-09
2023-0011-10,03.10.2023,27. Zwei-Burgen-Turnier,Weinheim,2023-0011-10
2023-0011-11,03.10.2023,27. Zwei-Burgen-Turnier,Weinheim,2023-0011-11
2023-0011-12,03.10.2023,27. Zwei-Burgen-Turnier,Weinheim,2023-0011-12
2023-0011-13,03.10.2023,27. Zwei-Burgen-Turnier,Weinheim,2023-0011-13
2023-0011-14,03.10.2023,27. Zwei-Burgen-Turnier,Weinheim,2023-0011-14
2023-0012-04,03.10.2023,9. Wassermühlen-Cup,Osnabrück,2023-0012-04
2023-0012-05,03.10.2023,9. Wassermühlen-Cup,Osnabrück,2023-0012-05
2023-0012-06,03.10.2023,9. Wassermühlen-Cup,Osnabrück,2023-0012-06
2023-0014-06,01.10.2023,Abschlussturnier,Kelheim,2023-0014-06
2023-0014-08,01.10.2023,Abschlussturnier,Kelheim,2023-0014-08
2023-0015-03,30.09.-01.10.2023,1. Fritz Lierenfeld - Gedächtnispokal,Dormagen,2023-0015-03
2023-0015-06,30.09.-01.10.2023,1. Fritz Lierenfeld - Gedächtnispokal,Dormagen,2023-0015-06
2023-0015-07,30.09.-01.10.2023,1. Fritz Lierenfeld - Gedächtnispokal,Dormagen,2023-0015-07
2023-0015-08,30.09.-01.10.2023,1. Fritz Lierenfeld - Gedächtnispokal,Dormagen,2023-0015-08
2023-0015-09,30.09.-01.10.2023,1. Fritz Lierenfeld - Gedächtnispokal,Dormagen,2023-0015-09
2023-0015-11,30.09.-01.10.2023,1. Fritz Lierenfeld - Gedächtnispokal,Dormagen,2023-0015-11
2023-0015-12,30.09.-01.10.2023,1. Fritz Lierenfeld - Gedächtnispokal,Dormagen,2023-0015-12
2023-0017-04,23.-24.09.2023,1. German Adventuregolf Masters,Winterberg,2023-0017-04
2023-0017-06,23.-24.09.2023,1. German Adventuregolf Masters,Winterberg,2023-0017-06
2023-0017-09,23.-24.09.2023,1. German Adventuregolf Masters,Winterberg,2023-0017-09
2023-0018-04,23.-24.09.2023,8. Gerd Becker Gedächtnispokal 2023,Kaarst,2023-0018-04
2023-0018-05,23.-24.09.2023,8. Gerd Becker Gedächtnispokal 2023,Kaarst,2023-0018-05
2023-0018-06,23.-24.09.2023,8. Gerd Becker Gedächtnispokal 2023,Kaarst,2023-0018-06
2023-0018-07,23.-24.09.2023,8. Gerd Becker Gedächtnispokal 2023,Kaarst,2023-0018-07
2023-0018-08,23.-24.09.2023,8. Gerd Becker Gedächtnispokal 2023,Kaarst,2023-0018-08
2023-0018-09,23.-24.09.2023,8. Gerd Becker Gedächtnispokal 2023,Kaarst,2023-0018-09
2023-0018-10,23.-24.09.2023,8. Gerd Becker Gedächtnispokal 2023,Kaarst,2023-0018-10
2023-0018-11,23.-24.09.2023,8. Gerd Becker Gedächtnispokal 2023,Kaarst,2023-0018-11
2023-0019-03,23.-24.09.2023,Jubiläumsturnier des 1. Essener CGC,Essen,2023-0019-03
2023-0019-04,23.-24.09.2023,Jubiläumsturnier des 1. Essener CGC,Essen,2023-0019-04
2023-0019-05,23.-24.09.2023,Jubiläumsturnier des 1. Essener CGC,Essen,2023-0019-05
2023-0019-06,23.-24.09.2023,Jubiläumsturnier des 1. Essener CGC,Essen,2023-0019-06
2023-0019-07,23.-24.09.2023,Jubiläumsturnier des 1. Essener CGC,Essen,2023-0019-07
2023-0019-08,23.-24.09.2023,Jubiläumsturnier des 1. Essener CGC,Essen,2023-0019-08
2023-0019-09,23.-24.09.2023,Jubiläumsturnier des 1. Essener CGC,Essen,2023-0019-09
2023-0020-06,17.09.2023,4. Spieltag Kreisliga 3 NBV,Kerpen,2023-0020-06
2023-0029-04,16.09.2023,23. Deutsche Schwerhörigen Meisterschaft,Kassel,2023-0029-04
2023-0030-05,16.09.2023,7. Weininsel-Pokal,﻿Groß-Umstadt ﻿,2023-0030-05
2023-0030-06,16.09.2023,7. Weininsel-Pokal,﻿Groß-Umstadt ﻿,2023-0030-06
2023-0030-07,16.09.2023,7. Weininsel-Pokal,﻿Groß-Umstadt ﻿,2023-0030-07
2023-0030-08,16.09.2023,7. Weininsel-Pokal,﻿Groß-Umstadt ﻿,2023-0030-08
2023-0030-09,16.09.2023,7. Weininsel-Pokal,﻿Groß-Umstadt ﻿,2023-0030-09
2023-0030-10,16.09.2023,7. Weininsel-Pokal,﻿Groß-Umstadt ﻿,2023-0030-10
2023-0031-05,10.09.2023,Freundschaftsturnier 2023 BGC Bergisch Gladbach Gierath,Köln,2023-0031-05
2023-0033-04,10.09.2023,42. Rheinau-Pokalturnier,Rheinau-Freistett,2023-0033-04
2023-0033-05,10.09.2023,42. Rheinau-Pokalturnier,Rheinau-Freistett,2023-0033-05
2023-0033-06,10.09.2023,42. Rheinau-Pokalturnier,Rheinau-Freistett,2023-0033-06
2023-0033-07,10.09.2023,42. Rheinau-Pokalturnier,Rheinau-Freistett,2023-0033-07
2023-0034-06,10.09.2023,50. Staffelseepokal Turnier,Murnau,2023-0034-06
2023-0034-07,10.09.2023,50. Staffelseepokal Turnier,Murnau,2023-0034-07
2023-0034-09,10.09.2023,50. Staffelseepokal Turnier,Murnau,2023-0034-09
2023-0034-12,10.09.2023,50. Staffelseepokal Turnier,Murnau,2023-0034-12
2023-0035-04,10.09.2023,Schlossbergpokal Pegnitz 2023,Pegnitz,2023-0035-04
2023-0036-03,09.-10.09.2023,55. Marathonturnier Bad Salzuflen,Bad Salzuflen,2023-0036-03
2023-0036-04,09.-10.09.2023,55. Marathonturnier Bad Salzuflen,Bad Salzuflen,2023-0036-04
2023-0036-05,09.-10.09.2023,55. Marathonturnier Bad Salzuflen,Bad Salzuflen,2023-0036-05
2023-0036-06,09.-10.09.2023,55. Marathonturnier Bad Salzuflen,Bad Salzuflen,2023-0036-06
2023-0036-07,09.-10.09.2023,55. Marathonturnier Bad Salzuflen,Bad Salzuflen,2023-0036-07
2023-0036-08,09.-10.09.2023,55. Marathonturnier Bad Salzuflen,Bad Salzuflen,2023-0036-08
2023-0038-06,03.09.2023,50. Gemeindepokal Ilvesheim,Ilvesheim,2023-0038-06
2023-0038-07,03.09.2023,50. Gemeindepokal Ilvesheim,Ilvesheim,2023-0038-07
2023-0038-08,03.09.2023,50. Gemeindepokal Ilvesheim,Ilvesheim,2023-0038-08
2023-0038-09,03.09.2023,50. Gemeindepokal Ilvesheim,Ilvesheim,2023-0038-09
2023-0038-10,03.09.2023,50. Gemeindepokal Ilvesheim,Ilvesheim,2023-0038-10
2023-0038-11,03.09.2023,50. Gemeindepokal Ilvesheim,Ilvesheim,2023-0038-11
2023-0038-12,03.09.2023,50. Gemeindepokal Ilvesheim,Ilvesheim,2023-0038-12
2023-0038-13,03.09.2023,50. Gemeindepokal Ilvesheim,Ilvesheim,2023-0038-13
2023-0038-14,03.09.2023,50. Gemeindepokal Ilvesheim,Ilvesheim,2023-0038-14
2023-0039-05,03.09.2023,22. Pokalturnier des CGC Illertal Kellmünz,Bad Wörishofen,2023-0039-05
2023-0039-06,03.09.2023,22. Pokalturnier des CGC Illertal Kellmünz,Bad Wörishofen,2023-0039-06
2023-0039-07,03.09.2023,22. Pokalturnier des CGC Illertal Kellmünz,Bad Wörishofen,2023-0039-07
2023-0039-08,03.09.2023,22. Pokalturnier des CGC Illertal Kellmünz,Bad Wörishofen,2023-0039-08
2023-0039-09,03.09.2023,22. Pokalturnier des CGC Illertal Kellmünz,Bad Wörishofen,2023-0039-09
2023-0039-10,03.09.2023,22. Pokalturnier des CGC Illertal Kellmünz,Bad Wörishofen,2023-0039-10
2023-0039-11,03.09.2023,22. Pokalturnier des CGC Illertal Kellmünz,Bad Wörishofen,2023-0039-11
2023-0040-07,03.09.2023,57. Siebengebirgsturnier,Bonn,2023-0040-07
2023-0040-08,03.09.2023,57. Siebengebirgsturnier,Bonn,2023-0040-08
2023-0040-09,03.09.2023,57. Siebengebirgsturnier,Bonn,2023-0040-09
2023-0041-04,03.09.2023,59. Syburg-Cup,Lünen,2023-0041-04
2023-0041-05,03.09.2023,59. Syburg-Cup,Lünen,2023-0041-05
2023-0041-06,03.09.2023,59. Syburg-Cup,Lünen,2023-0041-06
2023-0041-07,03.09.2023,59. Syburg-Cup,Lünen,2023-0041-07
2023-0041-08,03.09.2023,59. Syburg-Cup,Lünen,2023-0041-08
2023-0041-09,03.09.2023,59. Syburg-Cup,Lünen,2023-0041-09
2023-0041-10,03.09.2023,59. Syburg-Cup,Lünen,2023-0041-10
2023-0041-11,03.09.2023,59. Syburg-Cup,Lünen,2023-0041-11
2023-0041-12,03.09.2023,59. Syburg-Cup,Lünen,2023-0041-12
2023-0042-04,02.-03.09.2023,Spandauer Havelpokal,Berlin,2023-0042-04
2023-0042-05,02.-03.09.2023,Spandauer Havelpokal,Berlin,2023-0042-05
2023-0042-06,02.-03.09.2023,Spandauer Havelpokal,Berlin,2023-0042-06
2023-0042-07,02.-03.09.2023,Spandauer Havelpokal,Berlin,2023-0042-07
2023-0042-08,02.-03.09.2023,Spandauer Havelpokal,Berlin,2023-0042-08
2023-0042-09,02.-03.09.2023,Spandauer Havelpokal,Berlin,2023-0042-09
2023-0043-04,02.-03.09.2023,56. Westdeutsche Meisterschaften System Sterngolf,Wermelskirchen,2023-0043-04
2023-0043-05,02.-03.09.2023,56. Westdeutsche Meisterschaften System Sterngolf,Wermelskirchen,2023-0043-05
2023-0043-06,02.-03.09.2023,56. Westdeutsche Meisterschaften System Sterngolf,Wermelskirchen,2023-0043-06
2023-0043-07,02.-03.09.2023,56. Westdeutsche Meisterschaften System Sterngolf,Wermelskirchen,2023-0043-07
2023-0043-08,02.-03.09.2023,56. Westdeutsche Meisterschaften System Sterngolf,Wermelskirchen,2023-0043-08
2023-0043-09,02.-03.09.2023,56. Westdeutsche Meisterschaften System Sterngolf,Wermelskirchen,2023-0043-09
2023-0043-10,02.-03.09.2023,56. Westdeutsche Meisterschaften System Sterngolf,Wermelskirchen,2023-0043-10
2023-0043-11,02.-03.09.2023,56. Westdeutsche Meisterschaften System Sterngolf,Wermelskirchen,2023-0043-11
2023-0044-04,27.08.2023,31. Kohlenpott-Cup,Bochum,2023-0044-04
2023-0044-05,27.08.2023,31. Kohlenpott-Cup,Bochum,2023-0044-05
2023-0044-06,27.08.2023,31. Kohlenpott-Cup,Bochum,2023-0044-06
2023-0044-07,27.08.2023,31. Kohlenpott-Cup,Bochum,2023-0044-07
2023-0044-08,27.08.2023,31. Kohlenpott-Cup,Bochum,2023-0044-08
2023-0044-09,27.08.2023,31. Kohlenpott-Cup,Bochum,2023-0044-09
2023-0044-10,27.08.2023,31. Kohlenpott-Cup,Bochum,2023-0044-10
2023-0045-05,27.08.2023,20. Fun-Sports-Cup 2023,Bamberg,2023-0045-05
2023-0045-09,27.08.2023,20. Fun-Sports-Cup 2023,Bamberg,2023-0045-09
2023-0045-12,27.08.2023,20. Fun-Sports-Cup 2023,Bamberg,2023-0045-12
2023-0048-04,20.08.2023,26. Amperpokal,Olching,2023-0048-04
2023-0048-05,20.08.2023,26. Amperpokal,Olching,2023-0048-05
2023-0048-06,20.08.2023,26. Amperpokal,Olching,2023-0048-06
2023-0048-07,20.08.2023,26. Amperpokal,Olching,2023-0048-07
2023-0049-04,19.-20.08.2023,4. Udo Manz & Emil Schilling Gedächtnisturnier,Mannheim,2023-0049-04
2023-0049-05,19.-20.08.2023,4. Udo Manz & Emil Schilling Gedächtnisturnier,Mannheim,2023-0049-05
2023-0049-06,19.-20.08.2023,4. Udo Manz & Emil Schilling Gedächtnisturnier,Mannheim,2023-0049-06
2023-0049-07,19.-20.08.2023,4. Udo Manz & Emil Schilling Gedächtnisturnier,Mannheim,2023-0049-07
2023-0049-08,19.-20.08.2023,4. Udo Manz & Emil Schilling Gedächtnisturnier,Mannheim,2023-0049-08
2023-0049-09,19.-20.08.2023,4. Udo Manz & Emil Schilling Gedächtnisturnier,Mannheim,2023-0049-09
2023-0050-05,17.-19.08.2023,Deutsche Meisterschaften System Cobigolf,Hamm,2023-0050-05
2023-0050-06,17.-19.08.2023,Deutsche Meisterschaften System Cobigolf,Hamm,2023-0050-06
2023-0050-07,17.-19.08.2023,Deutsche Meisterschaften System Cobigolf,Hamm,2023-0050-07
2023-0050-08,17.-19.08.2023,Deutsche Meisterschaften System Cobigolf,Hamm,2023-0050-08
2023-0050-09,17.-19.08.2023,Deutsche Meisterschaften System Cobigolf,Hamm,2023-0050-09
2023-0050-10,17.-19.08.2023,Deutsche Meisterschaften System Cobigolf,Hamm,2023-0050-10
2023-0050-11,17.-19.08.2023,Deutsche Meisterschaften System Cobigolf,Hamm,2023-0050-11
2023-0050-12,17.-19.08.2023,Deutsche Meisterschaften System Cobigolf,Hamm,2023-0050-12
2023-0050-13,17.-19.08.2023,Deutsche Meisterschaften System Cobigolf,Hamm,2023-0050-13
2023-0050-14,17.-19.08.2023,Deutsche Meisterschaften System Cobigolf,Hamm,2023-0050-14
2023-0051-06,12.-13.08.2023,Kurpark-Cup,Hamm,2023-0051-06
2023-0051-07,12.-13.08.2023,Kurpark-Cup,Hamm,2023-0051-07
2023-0051-08,12.-13.08.2023,Kurpark-Cup,Hamm,2023-0051-08
2023-0051-09,12.-13.08.2023,Kurpark-Cup,Hamm,2023-0051-09
2023-0051-10,12.-13.08.2023,Kurpark-Cup,Hamm,2023-0051-10
2023-0051-11,12.-13.08.2023,Kurpark-Cup,Hamm,2023-0051-11
2023-0051-12,12.-13.08.2023,Kurpark-Cup,Hamm,2023-0051-12
2023-0051-13,12.-13.08.2023,Kurpark-Cup,Hamm,2023-0051-13
2023-0051-14,12.-13.08.2023,Kurpark-Cup,Hamm,2023-0051-14
2023-0051-15,12.-13.08.2023,Kurpark-Cup,Hamm,2023-0051-15
2023-0052-03,12.-13.08.2023,33. Rebland-Turnier in Ohlsbach,Ohlsbach,2023-0052-03
2023-0052-04,12.-13.08.2023,33. Rebland-Turnier in Ohlsbach,Ohlsbach,2023-0052-04
2023-0052-05,12.-13.08.2023,33. Rebland-Turnier in Ohlsbach,Ohlsbach,2023-0052-05
2023-0052-06,12.-13.08.2023,33. Rebland-Turnier in Ohlsbach,Ohlsbach,2023-0052-06
2023-0052-07,12.-13.08.2023,33. Rebland-Turnier in Ohlsbach,Ohlsbach,2023-0052-07
2023-0052-08,12.-13.08.2023,33. Rebland-Turnier in Ohlsbach,Ohlsbach,2023-0052-08
2023-0052-09,12.-13.08.2023,33. Rebland-Turnier in Ohlsbach,Ohlsbach,2023-0052-09
2023-0053-04,10.-12.08.2023,Deutsche Meisterschaften System Miniaturgolf,Schriesheim,2023-0053-04
2023-0053-05,10.-12.08.2023,Deutsche Meisterschaften System Miniaturgolf,Schriesheim,2023-0053-05
2023-0053-06,10.-12.08.2023,Deutsche Meisterschaften System Miniaturgolf,Schriesheim,2023-0053-06
2023-0053-07,10.-12.08.2023,Deutsche Meisterschaften System Miniaturgolf,Schriesheim,2023-0053-07
2023-0053-08,10.-12.08.2023,Deutsche Meisterschaften System Miniaturgolf,Schriesheim,2023-0053-08
2023-0053-09,10.-12.08.2023,Deutsche Meisterschaften System Miniaturgolf,Schriesheim,2023-0053-09
2023-0053-10,10.-12.08.2023,Deutsche Meisterschaften System Miniaturgolf,Schriesheim,2023-0053-10
2023-0059-05,06.08.2023,Rhein-Mai-Turnier,Mainz,2023-0059-05
2023-0060-04,06.08.2023,Dinkelbergcup,Inzlingen,2023-0060-04
2023-0060-05,06.08.2023,Dinkelbergcup,Inzlingen,2023-0060-05
2023-0060-06,06.08.2023,Dinkelbergcup,Inzlingen,2023-0060-06
2023-0060-07,06.08.2023,Dinkelbergcup,Inzlingen,2023-0060-07
2023-0060-08,06.08.2023,Dinkelbergcup,Inzlingen,2023-0060-08
2023-0062-07,06.08.2023,11. Oachkatzl-Cup,Landshut,2023-0062-07
2023-0063-06,30.07.2023,5.Spieltag der NBV Bezirksliga Staffel 2,Felderbachtal,2023-0063-06
2023-0064-04,30.07.2023,5. Spieltag der Landesliga 1,Essen,2023-0064-04
2023-0066-08,30.07.2023,4. Spieltag der Landesliga WBV,Ingelfingen,2023-0066-08
2023-0067-05,30.07.2023,5. Spieltag der NBV Bezirksliga 1,Köln,2023-0067-05
2023-0070-03,30.07.2023,5. Spieltag 3. Bundesliga Süd Staffel 2,Ohlsbach,2023-0070-03
2023-0073-04,30.07.2023,5. Spieltag der 2. Bundesliga Nord Staffel 1,Kerpen,2023-0073-04
2023-0074-04,23.07.2023,Baggersee Cup,Ingolstadt,2023-0074-04
2023-0074-06,23.07.2023,Baggersee Cup,Ingolstadt,2023-0074-06
2023-0075-08,19.-21.07.2023,Deutsche Minigolf-Meisterschaften Allg. Klasse,Bad Münder,2023-0075-08
2023-0075-09,19.-21.07.2023,Deutsche Minigolf-Meisterschaften Allg. Klasse,Bad Münder,2023-0075-09
2023-0077-04,16.07.2023,Sauerland-Cup 2023,Brilon,2023-0077-04
2023-0079-03,16.07.2023,11. Kemnader See Open,Felderbachtal,2023-0079-03
2023-0079-04,16.07.2023,11. Kemnader See Open,Felderbachtal,2023-0079-04
2023-0079-05,16.07.2023,11. Kemnader See Open,Felderbachtal,2023-0079-05
2023-0079-06,16.07.2023,11. Kemnader See Open,Felderbachtal,2023-0079-06
2023-0079-07,16.07.2023,11. Kemnader See Open,Felderbachtal,2023-0079-07
2023-0079-08,16.07.2023,11. Kemnader See Open,Felderbachtal,2023-0079-08
2023-0079-09,16.07.2023,11. Kemnader See Open,Felderbachtal,2023-0079-09
2023-0079-10,16.07.2023,11. Kemnader See Open,Felderbachtal,2023-0079-10
2023-0079-11,16.07.2023,11. Kemnader See Open,Felderbachtal,2023-0079-11
2023-0080-04,16.07.2023,11. Messecup der MGW Rheinstetten 02,Rheinstetten,2023-0080-04
2023-0080-05,16.07.2023,11. Messecup der MGW Rheinstetten 02,Rheinstetten,2023-0080-05
2023-0080-06,16.07.2023,11. Messecup der MGW Rheinstetten 02,Rheinstetten,2023-0080-06
2023-0080-07,16.07.2023,11. Messecup der MGW Rheinstetten 02,Rheinstetten,2023-0080-07
2023-0080-08,16.07.2023,11. Messecup der MGW Rheinstetten 02,Rheinstetten,2023-0080-08
2023-0080-09,16.07.2023,11. Messecup der MGW Rheinstetten 02,Rheinstetten,2023-0080-09
2023-0080-10,16.07.2023,11. Messecup der MGW Rheinstetten 02,Rheinstetten,2023-0080-10
2023-0081-04,08.-09.07.2023,32. Malerdorf Pokal-Turnier,Grötzingen,2023-0081-04
2023-0081-06,08.-09.07.2023,32. Malerdorf Pokal-Turnier,Grötzingen,2023-0081-06
2023-0081-07,08.-09.07.2023,32. Malerdorf Pokal-Turnier,Grötzingen,2023-0081-07
2023-0081-08,08.-09.07.2023,32. Malerdorf Pokal-Turnier,Grötzingen,2023-0081-08
2023-0081-09,08.-09.07.2023,32. Malerdorf Pokal-Turnier,Grötzingen,2023-0081-09
2023-0081-10,08.-09.07.2023,32. Malerdorf Pokal-Turnier,Grötzingen,2023-0081-10
2023-0081-11,08.-09.07.2023,32. Malerdorf Pokal-Turnier,Grötzingen,2023-0081-11
2023-0081-12,08.-09.07.2023,32. Malerdorf Pokal-Turnier,Grötzingen,2023-0081-12
2023-0082-04,08.-09.07.2023,Westdeutsche Meisterschaft System-Beton,Herten,2023-0082-04
2023-0082-05,08.-09.07.2023,Westdeutsche Meisterschaft System-Beton,Herten,2023-0082-05
2023-0082-06,08.-09.07.2023,Westdeutsche Meisterschaft System-Beton,Herten,2023-0082-06
2023-0082-07,08.-09.07.2023,Westdeutsche Meisterschaft System-Beton,Herten,2023-0082-07
2023-0082-08,08.-09.07.2023,Westdeutsche Meisterschaft System-Beton,Herten,2023-0082-08
2023-0082-09,08.-09.07.2023,Westdeutsche Meisterschaft System-Beton,Herten,2023-0082-09
2023-0082-10,08.-09.07.2023,Westdeutsche Meisterschaft System-Beton,Herten,2023-0082-10
2023-0082-11,08.-09.07.2023,Westdeutsche Meisterschaft System-Beton,Herten,2023-0082-11
2023-0083-08,06.-08.07.2023,Deutsche Minigolf-Jugendmeisterschaften,Bad Münder,2023-0083-08
2023-0083-10,06.-08.07.2023,Deutsche Minigolf-Jugendmeisterschaften,Bad Münder,2023-0083-10
2023-0083-12,06.-08.07.2023,Deutsche Minigolf-Jugendmeisterschaften,Bad Münder,2023-0083-12
2023-0083-14,06.-08.07.2023,Deutsche Minigolf-Jugendmeisterschaften,Bad Münder,2023-0083-14
2023-0085-04,02.07.2023,Jubiläumsturnier 40 Jahre MGF Hammer e.V.,Polling,2023-0085-04
2023-0085-06,02.07.2023,Jubiläumsturnier 40 Jahre MGF Hammer e.V.,Polling,2023-0085-06
2023-0085-07,02.07.2023,Jubiläumsturnier 40 Jahre MGF Hammer e.V.,Polling,2023-0085-07
2023-0085-08,02.07.2023,Jubiläumsturnier 40 Jahre MGF Hammer e.V.,Polling,2023-0085-08
2023-0086-04,02.07.2023,16. Backumer Tal Cup 2023,Herten,2023-0086-04
2023-0086-05,02.07.2023,16. Backumer Tal Cup 2023,Herten,2023-0086-05
2023-0086-06,02.07.2023,16. Backumer Tal Cup 2023,Herten,2023-0086-06
2023-0086-07,02.07.2023,16. Backumer Tal Cup 2023,Herten,2023-0086-07
2023-0086-08,02.07.2023,16. Backumer Tal Cup 2023,Herten,2023-0086-08
2023-0086-09,02.07.2023,16. Backumer Tal Cup 2023,Herten,2023-0086-09
2023-0086-10,02.07.2023,16. Backumer Tal Cup 2023,Herten,2023-0086-10
2023-0086-11,02.07.2023,16. Backumer Tal Cup 2023,Herten,2023-0086-11
2023-0088-06,01.-02.07.2023,47. Monta-Pokal-Turnier,Essen,2023-0088-06
2023-0088-07,01.-02.07.2023,47. Monta-Pokal-Turnier,Essen,2023-0088-07
2023-0088-08,01.-02.07.2023,47. Monta-Pokal-Turnier,Essen,2023-0088-08
2023-0088-09,01.-02.07.2023,47. Monta-Pokal-Turnier,Essen,2023-0088-09
2023-0088-10,01.-02.07.2023,47. Monta-Pokal-Turnier,Essen,2023-0088-10
2023-0088-11,01.-02.07.2023,47. Monta-Pokal-Turnier,Essen,2023-0088-11
2023-0088-12,01.-02.07.2023,47. Monta-Pokal-Turnier,Essen,2023-0088-12
2023-0089-04,01.-02.07.2023,50 Jahre  BGSV Bad Homburg v.d.H. e.V. Stephan-Preißmann-Gedächtnisturnier,Bad Homburg,2023-0089-04
2023-0089-05,01.-02.07.2023,50 Jahre  BGSV Bad Homburg v.d.H. e.V. Stephan-Preißmann-Gedächtnisturnier,Bad Homburg,2023-0089-05
2023-0089-06,01.-02.07.2023,50 Jahre  BGSV Bad Homburg v.d.H. e.V. Stephan-Preißmann-Gedächtnisturnier,Bad Homburg,2023-0089-06
2023-0089-07,01.-02.07.2023,50 Jahre  BGSV Bad Homburg v.d.H. e.V. Stephan-Preißmann-Gedächtnisturnier,Bad Homburg,2023-0089-07
2023-0089-08,01.-02.07.2023,50 Jahre  BGSV Bad Homburg v.d.H. e.V. Stephan-Preißmann-Gedächtnisturnier,Bad Homburg,2023-0089-08
2023-0089-09,01.-02.07.2023,50 Jahre  BGSV Bad Homburg v.d.H. e.V. Stephan-Preißmann-Gedächtnisturnier,Bad Homburg,2023-0089-09
2023-0089-10,01.-02.07.2023,50 Jahre  BGSV Bad Homburg v.d.H. e.V. Stephan-Preißmann-Gedächtnisturnier,Bad Homburg,2023-0089-10
2023-0089-11,01.-02.07.2023,50 Jahre  BGSV Bad Homburg v.d.H. e.V. Stephan-Preißmann-Gedächtnisturnier,Bad Homburg,2023-0089-11
2023-0090-08,24.06.2023,Gladbeck Cup 2023,Gladbeck,2023-0090-08
2023-0094-03,11.06.2023,4. Spieltag der Kreisliga Staffel 4,Dormagen,2023-0094-03
2023-0095-05,11.06.2023,4.Spieltag der NBV Bezirksliga 2,Hardenberg,2023-0095-05
2023-0095-08,11.06.2023,4.Spieltag der NBV Bezirksliga 2,Hardenberg,2023-0095-08
2023-0096-05,11.06.2023,4. Spieltag der NBV Bezirksliga 1,Köln,2023-0096-05
2023-0098-09,11.06.2023,3. Spieltag der Landesliga WBV,Heilbronn,2023-0098-09
2023-01-15-Halver_Halle,2023-01-15,2. Turnier der NBV-Jugendrangliste 2023,Halver,2023-01-15-Halver_Halle
2023-0103-08,11.06.2023,4. Spieltag der 3. Bundesliga Süd Staffel 2,Tuttlingen,2023-0103-08
2023-0110-04,04.06.2023,3. Spieltag der WBV-Rangliste,Bad Urach,2023-0110-04
2023-0110-11,04.06.2023,3. Spieltag der WBV-Rangliste,Bad Urach,2023-0110-11
2023-0114-04,29.05.2023,3. Hildener Stadtpark Open,Hilden,2023-0114-04
2023-0114-05,29.05.2023,3. Hildener Stadtpark Open,Hilden,2023-0114-05
2023-0114-06,29.05.2023,3. Hildener Stadtpark Open,Hilden,2023-0114-06
2023-0114-07,29.05.2023,3. Hildener Stadtpark Open,Hilden,2023-0114-07
2023-0115-05,28.05.2023,38. Sieben-Keltern-Turnier,Metzingen,2023-0115-05
2023-0115-06,28.05.2023,38. Sieben-Keltern-Turnier,Metzingen,2023-0115-06
2023-0115-08,28.05.2023,38. Sieben-Keltern-Turnier,Metzingen,2023-0115-08
2023-0116-04,28.05.2023,23. Hoferkopfturnier,Bildstock,2023-0116-04
2023-0116-05,28.05.2023,23. Hoferkopfturnier,Bildstock,2023-0116-05
2023-0116-06,28.05.2023,23. Hoferkopfturnier,Bildstock,2023-0116-06
2023-0116-07,28.05.2023,23. Hoferkopfturnier,Bildstock,2023-0116-07
2023-0116-08,28.05.2023,23. Hoferkopfturnier,Bildstock,2023-0116-08
2023-0116-09,28.05.2023,23. Hoferkopfturnier,Bildstock,2023-0116-09
2023-0116-10,28.05.2023,23. Hoferkopfturnier,Bildstock,2023-0116-10
2023-0119-10,19.-21.05.2023,"35. Elbe-Weser-Pokalturnier - 60 Jahre MC ""Möve"" Cuxhaven-Sahlenburg",Cuxhaven,2023-0119-10
2023-0119-11,19.-21.05.2023,"35. Elbe-Weser-Pokalturnier - 60 Jahre MC ""Möve"" Cuxhaven-Sahlenburg",Cuxhaven,2023-0119-11
2023-0119-12,19.-21.05.2023,"35. Elbe-Weser-Pokalturnier - 60 Jahre MC ""Möve"" Cuxhaven-Sahlenburg",Cuxhaven,2023-0119-12
2023-0119-13,19.-21.05.2023,"35. Elbe-Weser-Pokalturnier - 60 Jahre MC ""Möve"" Cuxhaven-Sahlenburg",Cuxhaven,2023-0119-13
2023-0119-14,19.-21.05.2023,"35. Elbe-Weser-Pokalturnier - 60 Jahre MC ""Möve"" Cuxhaven-Sahlenburg",Cuxhaven,2023-0119-14
2023-0119-15,19.-21.05.2023,"35. Elbe-Weser-Pokalturnier - 60 Jahre MC ""Möve"" Cuxhaven-Sahlenburg",Cuxhaven,2023-0119-15
2023-0119-16,19.-21.05.2023,"35. Elbe-Weser-Pokalturnier - 60 Jahre MC ""Möve"" Cuxhaven-Sahlenburg",Cuxhaven,2023-0119-16
2023-0119-17,19.-21.05.2023,"35. Elbe-Weser-Pokalturnier - 60 Jahre MC ""Möve"" Cuxhaven-Sahlenburg",Cuxhaven,2023-0119-17
2023-0119-18,19.-21.05.2023,"35. Elbe-Weser-Pokalturnier - 60 Jahre MC ""Möve"" Cuxhaven-Sahlenburg",Cuxhaven,2023-0119-18
2023-0120-05,21.05.2023,10. Wanderpokal & 5 Jahre MGC Nümbrecht e.V.,Nümbrecht,2023-0120-05
2023-0120-06,21.05.2023,10. Wanderpokal & 5 Jahre MGC Nümbrecht e.V.,Nümbrecht,2023-0120-06
2023-0120-07,21.05.2023,10. Wanderpokal & 5 Jahre MGC Nümbrecht e.V.,Nümbrecht,2023-0120-07
2023-0120-08,21.05.2023,10. Wanderpokal & 5 Jahre MGC Nümbrecht e.V.,Nümbrecht,2023-0120-08
2023-0120-09,21.05.2023,10. Wanderpokal & 5 Jahre MGC Nümbrecht e.V.,Nümbrecht,2023-0120-09
2023-0120-11,21.05.2023,10. Wanderpokal & 5 Jahre MGC Nümbrecht e.V.,Nümbrecht,2023-0120-11
2023-0120-12,21.05.2023,10. Wanderpokal & 5 Jahre MGC Nümbrecht e.V.,Nümbrecht,2023-0120-12
2023-0120-13,21.05.2023,10. Wanderpokal & 5 Jahre MGC Nümbrecht e.V.,Nümbrecht,2023-0120-13
2023-0121-04,21.05.2023,Assindia-Pokal,Essen,2023-0121-04
2023-0121-05,21.05.2023,Assindia-Pokal,Essen,2023-0121-05
2023-0121-06,21.05.2023,Assindia-Pokal,Essen,2023-0121-06
2023-0121-07,21.05.2023,Assindia-Pokal,Essen,2023-0121-07
2023-0121-08,21.05.2023,Assindia-Pokal,Essen,2023-0121-08
2023-0121-09,21.05.2023,Assindia-Pokal,Essen,2023-0121-09
2023-0121-10,21.05.2023,Assindia-Pokal,Essen,2023-0121-10
2023-0122-10,21.05.2023,Gemeinsamer LM-SpTag MRP-SaarMV Schriesheim,,2023-0122-10
2023-0128-04,14.05.2023,3.Spieltag der NBV Bezirksliga  Staffel 2,Witten,2023-0128-04
2023-0128-07,14.05.2023,3.Spieltag der NBV Bezirksliga  Staffel 2,Witten,2023-0128-07
2023-0129-05,14.05.2023,3. Spieltag der NBV Bezirksliga Staffel 1,Kerpen,2023-0129-05
2023-0135-04,14.05.2023,3. Spieltag 2. Bundesliga Nord Staffel 1,Bochum,2023-0135-04
2023-0138-04,07.05.2023,WBV Rangliste,Bad Wurzach,2023-0138-04
2023-0140-05,07.05.2023,9. Grundela Turnier,Ansbach,2023-0140-05
2023-0143-04,30.04.2023,"Gemeinsame VL von MRP-SaarMV, 1.SpTag",Ludwigshafen,2023-0143-04
2023-0144-05,30.04.2023,2 Spieltag der NBV Bezirksliga Staffel 2,Herscheid,2023-0144-05
2023-0144-08,30.04.2023,2 Spieltag der NBV Bezirksliga Staffel 2,Herscheid,2023-0144-08
2023-0145-04,30.04.2023,2. Spieltag der NBV Bezirksliga Staffel 1,Bonn,2023-0145-04
2023-0149-07,30.04.2023,2. Spieltag der 3. Bundesliga Süd Staffel 2,Inzlingen,2023-0149-07
2023-0154-03,30.04.2023,2. Spieltag der 2. Bundesliga Nord Staffel 1,Hardenberg,2023-0154-03
2023-0157-04,23.04.2025,Gemeinsamer LM-SpTag MRP-SaarMV,Bildstock,2023-0157-04
2023-0157-05,23.04.2025,Gemeinsamer LM-SpTag MRP-SaarMV,Bildstock,2023-0157-05
2023-0157-06,23.04.2025,Gemeinsamer LM-SpTag MRP-SaarMV,Bildstock,2023-0157-06
2023-0157-07,23.04.2025,Gemeinsamer LM-SpTag MRP-SaarMV,Bildstock,2023-0157-07
2023-0157-08,23.04.2025,Gemeinsamer LM-SpTag MRP-SaarMV,Bildstock,2023-0157-08
2023-0157-09,23.04.2025,Gemeinsamer LM-SpTag MRP-SaarMV,Bildstock,2023-0157-09
2023-0157-10,23.04.2025,Gemeinsamer LM-SpTag MRP-SaarMV,Bildstock,2023-0157-10
2023-0160-04,23.04.2023,11. Teppichpokal,Olching,2023-0160-04
2023-0160-05,23.04.2023,11. Teppichpokal,Olching,2023-0160-05
2023-0160-06,23.04.2023,11. Teppichpokal,Olching,2023-0160-06
2023-0160-07,23.04.2023,11. Teppichpokal,Olching,2023-0160-07
2023-0160-08,23.04.2023,11. Teppichpokal,Olching,2023-0160-08
2023-0164-03,09.04.2023,41. Landshuter Krügerlturnier,Landshut,2023-0164-03
2023-0164-08,09.04.2023,41. Landshuter Krügerlturnier,Landshut,2023-0164-08
2023-0166-05,08.-09.04.2023,56. Internationales Osterturnier,Weinheim,2023-0166-05
2023-0166-06,08.-09.04.2023,56. Internationales Osterturnier,Weinheim,2023-0166-06
2023-0166-07,08.-09.04.2023,56. Internationales Osterturnier,Weinheim,2023-0166-07
2023-0166-08,08.-09.04.2023,56. Internationales Osterturnier,Weinheim,2023-0166-08
2023-0166-09,08.-09.04.2023,56. Internationales Osterturnier,Weinheim,2023-0166-09
2023-0166-10,08.-09.04.2023,56. Internationales Osterturnier,Weinheim,2023-0166-10
2023-0167-05,08.-09.04.2023,56. Internationales Osterturnier,Weinheim,2023-0167-05
2023-0167-07,08.-09.04.2023,56. Internationales Osterturnier,Weinheim,2023-0167-07
2023-0167-08,08.-09.04.2023,56. Internationales Osterturnier,Weinheim,2023-0167-08
2023-0167-09,08.-09.04.2023,56. Internationales Osterturnier,Weinheim,2023-0167-09
2023-0169-02,08.04.2023,Oster EI.nladungsturnier,Hardenberg,2023-0169-02
2023-0169-03,08.04.2023,Oster EI.nladungsturnier,Hardenberg,2023-0169-03
2023-0169-04,08.04.2023,Oster EI.nladungsturnier,Hardenberg,2023-0169-04
2023-0169-05,08.04.2023,Oster EI.nladungsturnier,Hardenberg,2023-0169-05
2023-0169-06,08.04.2023,Oster EI.nladungsturnier,Hardenberg,2023-0169-06
2023-0169-07,08.04.2023,Oster EI.nladungsturnier,Hardenberg,2023-0169-07
2023-0169-08,08.04.2023,Oster EI.nladungsturnier,Hardenberg,2023-0169-08
2023-0169-09,08.04.2023,Oster EI.nladungsturnier,Hardenberg,2023-0169-09
2023-0169-10,08.04.2023,Oster EI.nladungsturnier,Hardenberg,2023-0169-10
2023-0170-06,02.04.2023,1. Spieltag NBV Bezirksliga 3,Herten,2023-0170-06
2023-0170-07,02.04.2023,1. Spieltag NBV Bezirksliga 3,Herten,2023-0170-07
2023-0171-02,02.04.2023,1. Spieltag NBV Bezirksliga 2,Halver,2023-0171-02
2023-0171-07,02.04.2023,1. Spieltag NBV Bezirksliga 2,Halver,2023-0171-07
2023-0172-04,02.04.2023,1. Spieltag NBV Bezirksliga 1,Berg.-Gladbach,2023-0172-04
2023-0175-06,02.04.2023,1. Spieltag 3. Bundesliga Nord Staffel 1,Gladbeck,2023-0175-06
2023-0178-04,02.04.2023,1. Spieltag 2. Bundesliga Nord Staffel 1,Wanne-Eickel,2023-0178-04
2023-0182-06,26.03.2023,WBV-Rangliste,Metzingen,2023-0182-06
2023-0186-03,19.03.2023,13. Ohlsbacher Turnier zum Frühlingserwachen,Ohlsbach,2023-0186-03
2023-0186-04,19.03.2023,13. Ohlsbacher Turnier zum Frühlingserwachen,Ohlsbach,2023-0186-04
2023-0187-03,18.-19.03.2023,11. Erzgebirgspokal,Eibenstock,2023-0187-03
2023-0187-04,18.-19.03.2023,11. Erzgebirgspokal,Eibenstock,2023-0187-04
2023-0187-05,18.-19.03.2023,11. Erzgebirgspokal,Eibenstock,2023-0187-05
2023-0187-06,18.-19.03.2023,11. Erzgebirgspokal,Eibenstock,2023-0187-06
2023-0187-07,18.-19.03.2023,11. Erzgebirgspokal,Eibenstock,2023-0187-07
2023-0187-08,18.-19.03.2023,11. Erzgebirgspokal,Eibenstock,2023-0187-08
2023-0187-09,18.-19.03.2023,11. Erzgebirgspokal,Eibenstock,2023-0187-09
2023-0187-10,18.-19.03.2023,11. Erzgebirgspokal,Eibenstock,2023-0187-10
2023-0189-02,04.-05.03.2023,6. Halveraner Hallenfinale 2023,Halver,2023-0189-02
2023-0189-03,04.-05.03.2023,6. Halveraner Hallenfinale 2023,Halver,2023-0189-03
2023-0189-04,04.-05.03.2023,6. Halveraner Hallenfinale 2023,Halver,2023-0189-04
2023-0189-05,04.-05.03.2023,6. Halveraner Hallenfinale 2023,Halver,2023-0189-05
2023-0189-06,04.-05.03.2023,6. Halveraner Hallenfinale 2023,Halver,2023-0189-06
2023-0189-07,04.-05.03.2023,6. Halveraner Hallenfinale 2023,Halver,2023-0189-07
2023-0189-08,04.-05.03.2023,6. Halveraner Hallenfinale 2023,Halver,2023-0189-08
2023-0189-09,04.-05.03.2023,6. Halveraner Hallenfinale 2023,Halver,2023-0189-09
2023-0189-10,04.-05.03.2023,6. Halveraner Hallenfinale 2023,Halver,2023-0189-10
2023-0189-11,04.-05.03.2023,6. Halveraner Hallenfinale 2023,Halver,2023-0189-11
2023-0193-02,28.-29.01.2023,6. Halveraner Sauerlandcup Indoor,Halver,2023-0193-02
2023-0193-03,28.-29.01.2023,6. Halveraner Sauerlandcup Indoor,Halver,2023-0193-03
2023-0193-04,28.-29.01.2023,6. Halveraner Sauerlandcup Indoor,Halver,2023-0193-04
2023-0193-05,28.-29.01.2023,6. Halveraner Sauerlandcup Indoor,Halver,2023-0193-05
2023-0193-06,28.-29.01.2023,6. Halveraner Sauerlandcup Indoor,Halver,2023-0193-06
2023-0193-07,28.-29.01.2023,6. Halveraner Sauerlandcup Indoor,Halver,2023-0193-07
2023-0193-08,28.-29.01.2023,6. Halveraner Sauerlandcup Indoor,Halver,2023-0193-08
2023-0193-09,28.-29.01.2023,6. Halveraner Sauerlandcup Indoor,Halver,2023-0193-09
2023-0193-10,28.-29.01.2023,6. Halveraner Sauerlandcup Indoor,Halver,2023-0193-10
2023-0194-06,15.01.2023,2. Turnier der NBV-Jugendrangliste 2023,Halver,2023-0194-06
2023-0195-02,07.-08.01.2023,6. Halveraner Seniorencup 2023,Halver,2023-0195-02
2023-0195-03,07.-08.01.2023,6. Halveraner Seniorencup 2023,Halver,2023-0195-03
2023-0195-04,07.-08.01.2023,6. Halveraner Seniorencup 2023,Halver,2023-0195-04
2023-0195-05,07.-08.01.2023,6. Halveraner Seniorencup 2023,Halver,2023-0195-05
2023-0195-06,07.-08.01.2023,6. Halveraner Seniorencup 2023,Halver,2023-0195-06
2023-03-26-Bensheim,2023-03-26,1. Seniorenrangliste/Mannschaftswettbewerb HBSV 2023,Bensheim-Auerbach,2023-03-26-Bensheim
2023-03-26-Mannheim,2023-03-26,Gemeinsamer LM-SpTag MRP-SaarMV,Mannheim,2023-03-26-Mannheim
2023-03-26-Metzingen,2023-03-26,WBV-Rangliste,Metzingen,2023-03-26-Metzingen
2023-04-02-Gladbeck,2023-04-02,1. Spieltag 3. Bundesliga Nord Staffel 1,Gladbeck,2023-04-02-Gladbeck
2023-04-02-Halver_Halle,2023-04-02,1. Spieltag NBV Bezirksliga 2,Halver,2023-04-02-Halver_Halle
2023-04-02-Herten,2023-04-02,1. Spieltag NBV Bezirksliga 3,Herten,2023-04-02-Herten
2023-04-02-Köln_Rath,2023-04-02,1. Spieltag NBV Bezirksliga 1,Berg.-Gladbach,2023-04-02-Köln_Rath
2023-04-02-Neheim_Hüsten,2023-04-02,1. Spieltag 1. Bundesliga Nord,Neheim,2023-04-02-Neheim_Hüsten
2023-04-02-Schriesheim,2023-04-02,1. Spieltag 3. Bundesliga Süd Staffel 2,Schriesheim,2023-04-02-Schriesheim
2023-04-02-Wanne_Eickel,2023-04-02,1. Spieltag 2. Bundesliga Nord Staffel 1,Wanne-Eickel,2023-04-02-Wanne_Eickel
2023-04-08-Weinheim,2023-04-08,Oster EI.nladungsturnier,Hardenberg,2023-04-08-Weinheim
2023-04-09-Landshut,2023-04-09,41. Landshuter Krügerlturnier,Landshut,2023-04-09-Landshut
2023-04-23-Bensheim,2023-04-23,11. Teppichpokal,Olching,2023-04-23-Bensheim
2023-04-23-Bildstock,2023-04-23,11. Teppichpokal,Olching,2023-04-23-Bildstock
2023-04-23-Ingolstadt_Auwaldsee,2023-04-23,11. Teppichpokal,Olching,2023-04-23-Ingolstadt_Auwaldsee
2023-04-23-Olching,2023-04-23,11. Teppichpokal,Olching,2023-04-23-Olching
2023-04-23-Peine,2023-04-23,11. Teppichpokal,Olching,2023-04-23-Peine
2023-04-23-Trappenkamp,2023-04-23,SHMV-Beton Rangliste,Trappenkamp,2023-04-23-Trappenkamp
2023-04-30-Attendorn,2023-04-30,2 Spieltag der NBV Bezirksliga Staffel 2,Herscheid,2023-04-30-Attendorn
2023-04-30-Bad_Godesberg,2023-04-30,2. Spieltag der NBV Bezirksliga Staffel 1,Bonn,2023-04-30-Bad_Godesberg
2023-04-30-Berlin_Marienfelde,2023-04-30,2. Spieltag der 2. Bundesliga Nord Staffel 2,Berlin,2023-04-30-Berlin_Marienfelde
2023-04-30-Herten,2023-04-30,2. Spieltag der Verbandsliga NBV,Herten,2023-04-30-Herten
2023-04-30-Höchberg,2023-04-30,2. Spieltag der 2. Bundesliga Süd Staffel 2,Höchberg,2023-04-30-Höchberg
2023-04-30-Inzlingen,2023-04-30,2. Spieltag der 3. Bundesliga Süd Staffel 2,Inzlingen,2023-04-30-Inzlingen
2023-04-30-Ludwigshafen,2023-04-30,"Gemeinsame VL von MRP-SaarMV, 1.SpTag",Ludwigshafen,2023-04-30-Ludwigshafen
2023-04-30-Neheim_Hüsten,2023-04-30,2. Spieltag der 3. Bundesliga Nord Staffel 1,Neheim,2023-04-30-Neheim_Hüsten
2023-04-30-Schriesheim2,2023-04-30,2. Spieltag der 2. Bundesliga Süd Staffel 1,Schriesheim,2023-04-30-Schriesheim2
2023-04-30-Velbert_Hardenberg,2023-04-30,2. Spieltag der 2. Bundesliga Nord Staffel 1,Hardenberg,2023-04-30-Velbert_Hardenberg
2023-05-07-Ansbach,2023-05-07,9. Grundela Turnier,Ansbach,2023-05-07-Ansbach
2023-05-07-Bad_Wurzach,2023-05-07,WBV Rangliste,Bad Wurzach,2023-05-07-Bad_Wurzach
2023-05-07-Bliesen,2023-05-07,Gemeinsamer LM-SpTag MRP-SaarMVVL,Bliesen,2023-05-07-Bliesen
2023-05-07-Schriesheim,2023-05-07,2. Spieltag der Seniorenliga Baden,Schriesheim,2023-05-07-Schriesheim
2023-05-14-Biebertal,2023-05-14,3.Spieltag der NBV Bezirksliga  Staffel 2,Witten,2023-05-14-Biebertal
2023-05-14-Bochum_Stadtpark,2023-05-14,3. Spieltag 2. Bundesliga Nord Staffel 1,Bochum,2023-05-14-Bochum_Stadtpark
2023-05-14-Bottrop_Overbeckshof,2023-05-14,3.Spieltag der 3. Bundesliga Nord Staffel 1,Bottrop,2023-05-14-Bottrop_Overbeckshof
2023-05-14-Kerpen,2023-05-14,3. Spieltag der NBV Bezirksliga Staffel 1,Kerpen,2023-05-14-Kerpen
2023-05-14-Rodalben,2023-05-14,Verbandsliga Kooperation MRP-SaarMV 2.SpT,Rodalben,2023-05-14-Rodalben
2023-05-14-Ulm,2023-05-14,3. Spieltag der 3. Bundesliga Süd Staffel 1,Ulm,2023-05-14-Ulm
2023-05-14-Wesseling,2023-05-14,2. Spieltag der Kreisliga 3 - NBV WDKM,Wesseling,2023-05-14-Wesseling
2023-05-21-Schriesheim,2023-05-21,Gemeinsamer LM-SpTag MRP-SaarMV Schriesheim,,2023-05-21-Schriesheim
2023-05-28-Metzingen,2023-05-28,38. Sieben-Keltern-Turnier,Metzingen,2023-05-28-Metzingen
2023-06-04-Bad_Urach,2023-06-04,3. Spieltag der WBV-Rangliste,Bad Urach,2023-06-04-Bad_Urach
2023-06-04-Osnabrück,2023-06-04,3. Spieltag der WBV-Rangliste,Bad Urach,2023-06-04-Osnabrück
2023-06-11-Ansbach,2023-06-11,Spieltag der Landesliga Bayern Nord-West,Ansbach,2023-06-11-Ansbach
2023-06-11-Bildstock,2023-06-11,3. Spieltag der Verbandsliga Kooperation MRP-SaarMV,Bildstock,2023-06-11-Bildstock
2023-06-11-Castrop,2023-06-11,4. Spieltag der 2. Bundesliga Nord Staffel 1,Castrop,2023-06-11-Castrop
2023-06-11-Dormagen,2023-06-11,4. Spieltag der Kreisliga Staffel 4,Dormagen,2023-06-11-Dormagen
2023-06-11-Hilden,2023-06-11,4. Spieltag der 3. Bundesliga Nord Staffel 1 in Hilden,Hilden,2023-06-11-Hilden
2023-06-11-Neutraubling,2023-06-11,3. Spieltag Landesliga Bayern Donau und Süd-Ost,Neutraubling,2023-06-11-Neutraubling
2023-06-11-Polling,2023-06-11,4. Spieltag der 3. Bundesliga Süd Staffel 1,Polling,2023-06-11-Polling
2023-06-11-Tuttlingen,2023-06-11,4. Spieltag der 3. Bundesliga Süd Staffel 2,Tuttlingen,2023-06-11-Tuttlingen
2023-06-11-Velbert_Hardenberg,2023-06-11,4.Spieltag der NBV Bezirksliga 2,Hardenberg,2023-06-11-Velbert_Hardenberg
2023-06-11-Wermelskirchen,2023-06-11,4. Spieltag der NBV Bezirksliga 1,Köln,2023-06-11-Wermelskirchen
2023-06-24-Gladbeck,2023-06-24,Gladbeck Cup 2023,Gladbeck,2023-06-24-Gladbeck
2023-07-02-Hammer,2023-07-02,Jubiläumsturnier 40 Jahre MGF Hammer e.V.,Polling,2023-07-02-Hammer
2023-07-16-Brilon,2023-07-16,Sauerland-Cup 2023,Brilon,2023-07-16-Brilon
2023-07-16-Rodalben,2023-07-16,10. Dieter Boltze Gedächtnisturnier,Rodalben,2023-07-16-Rodalben
2023-07-23-Ingolstadt_Baggersee,2023-07-23,Baggersee Cup,Ingolstadt,2023-07-23-Ingolstadt_Baggersee
2023-07-30-Essen_Vogelheim,2023-07-30,5. Spieltag der Landesliga 1,Essen,2023-07-30-Essen_Vogelheim
2023-07-30-Hilden,2023-07-30,5. Spieltag NBV Landesliga Staffel 2,Hilden,2023-07-30-Hilden
2023-07-30-Kerpen,2023-07-30,5. Spieltag der 2. Bundesliga Nord Staffel 1,Kerpen,2023-07-30-Kerpen
2023-07-30-Köln_Ehrenfeld,2023-07-30,5. Spieltag der NBV Bezirksliga 1,Köln,2023-07-30-Köln_Ehrenfeld
2023-07-30-Mainz_Hartenberg,2023-07-30,4. Spieltag der Verbandsliga Kooperation MRP-SaarMV,Mainz,2023-07-30-Mainz_Hartenberg
2023-07-30-Ohlsbach,2023-07-30,5. Spieltag 3. Bundesliga Süd Staffel 2,Ohlsbach,2023-07-30-Ohlsbach
2023-07-30-Witten_Herbede,2023-07-30,5.Spieltag der NBV Bezirksliga Staffel 2,Felderbachtal,2023-07-30-Witten_Herbede
2023-08-06-Höchberg,2023-08-06,31. Höchberger Krackenturnier 2023,Höchberg,2023-08-06-Höchberg
2023-08-06-Landshut,2023-08-06,11. Oachkatzl-Cup,Landshut,2023-08-06-Landshut
2023-08-06-Mainz_Hartenberg,2023-08-06,Rhein-Mai-Turnier,Mainz,2023-08-06-Mainz_Hartenberg
2023-08-20-Olching,2023-08-20,26. Amperpokal,Olching,2023-08-20-Olching
2023-08-27-Bamberg,2023-08-27,20. Fun-Sports-Cup 2023,Bamberg,2023-08-27-Bamberg
2023-09-03-Bad_Godesberg,2023-09-03,57. Siebengebirgsturnier,Bonn,2023-09-03-Bad_Godesberg
2023-09-10-Köln_Rath,2023-09-10,Freundschaftsturnier 2023 BGC Bergisch Gladbach Gierath,Köln,2023-09-10-Köln_Rath
2023-09-10-Murnau_See,2023-09-10,50. Staffelseepokal Turnier,Murnau,2023-09-10-Murnau_See
2023-09-10-Neviges,2023-09-10,1. Spieltag der NBV-Jugendrangliste 2024,Velbert,2023-09-10-Neviges
2023-09-10-Pegnitz,2023-09-10,Schlossbergpokal Pegnitz 2023,Pegnitz,2023-09-10-Pegnitz
2023-09-17-Bad_Godesberg,2023-09-17,5. Spieltag 3. Bundesliga Nord Staffel 1,Bonn,2023-09-17-Bad_Godesberg
2023-09-17-Dormagen_Hackenbroich,2023-09-17,6. Spieltag 2. Bundesliga Nord Staffel 1,Dormagen,2023-09-17-Dormagen_Hackenbroich
2023-09-17-Kerpen,2023-09-17,4. Spieltag Kreisliga 3 NBV,Kerpen,2023-09-17-Kerpen
2023-09-17-Künsebeck,2023-09-17,5. Spieltag 2. Bundesliga Nord Staffel 2,Halle,2023-09-17-Künsebeck
2023-09-17-Ludwigshafen,2023-09-17,5. Spieltag 3. Bundesliga Süd Staffel 3,Ludwigshafen,2023-09-17-Ludwigshafen
2023-09-17-Mannheim,2023-09-17,5. Spieltag der Verbandsliga Kooperation MRP/SaaarMV,Mannheim,2023-09-17-Mannheim
2023-09-17-Rheinau_Freistett,2023-09-17,4. Spieltag Landesliga Baden,Rheinau-Freistett,2023-09-17-Rheinau_Freistett
2023-10-01-Kelheim,2023-10-01,Abschlussturnier,Kelheim,2023-10-01-Kelheim
2023-10-03-Bad_Homburg_Hirschgarten,2023-10-03,19. Hirschgarten – Bembelturnier,Bad Homburg,2023-10-03-Bad_Homburg_Hirschgarten
2023-10-15-Georgsmarienhütte,2023-10-15,Rhein-Ruhr Jugendpokal,Georgsmarienhütte,2023-10-15-Georgsmarienhütte
2023-10-22-Bildstock,2023-10-22,2. Villinger-Park-Benefiz-Turnier,Bildstock,2023-10-22-Bildstock
2023-10-22-Kerpen,2023-10-22,5.  Josef Pecks Gedächtnisturnier,Kerpen,2023-10-22-Kerpen
2023-12-17-Halver_Halle,2023-12-17,6. Adventsturnier des SSC Halver 2023,Halver,2023-12-17-Halver_Halle
2024-0001-04,14.-15.12.2024,7. Halveraner Adventsturnier,Halver,2024-0001-04
2024-0001-05,14.-15.12.2024,7. Halveraner Adventsturnier,Halver,2024-0001-05
2024-0001-06,14.-15.12.2024,7. Halveraner Adventsturnier,Halver,2024-0001-06
2024-0001-07,14.-15.12.2024,7. Halveraner Adventsturnier,Halver,2024-0001-07
2024-0001-08,14.-15.12.2024,7. Halveraner Adventsturnier,Halver,2024-0001-08
2024-0001-09,14.-15.12.2024,7. Halveraner Adventsturnier,Halver,2024-0001-09
2024-0001-10,14.-15.12.2024,7. Halveraner Adventsturnier,Halver,2024-0001-10
2024-0001-11,14.-15.12.2024,7. Halveraner Adventsturnier,Halver,2024-0001-11
2024-0001-12,14.-15.12.2024,7. Halveraner Adventsturnier,Halver,2024-0001-12
2024-0001-13,14.-15.12.2024,7. Halveraner Adventsturnier,Halver,2024-0001-13
2024-0001-14,14.-15.12.2024,7. Halveraner Adventsturnier,Halver,2024-0001-14
2024-0002-03,08.12.2024,1. Nikolausturnier Bad Bodendorf,Bad Bodendorf,2024-0002-03
2024-0002-05,08.12.2024,1. Nikolausturnier Bad Bodendorf,Bad Bodendorf,2024-0002-05
2024-0002-06,08.12.2024,1. Nikolausturnier Bad Bodendorf,Bad Bodendorf,2024-0002-06
2024-0003-03,22.-24.11.2024,1. Bad Nenndorfer Hallenturnier,Nordsehl,2024-0003-03
2024-0003-04,22.-24.11.2024,1. Bad Nenndorfer Hallenturnier,Nordsehl,2024-0003-04
2024-0003-05,22.-24.11.2024,1. Bad Nenndorfer Hallenturnier,Nordsehl,2024-0003-05
2024-0003-06,22.-24.11.2024,1. Bad Nenndorfer Hallenturnier,Nordsehl,2024-0003-06
2024-0003-07,22.-24.11.2024,1. Bad Nenndorfer Hallenturnier,Nordsehl,2024-0003-07
2024-0003-08,22.-24.11.2024,1. Bad Nenndorfer Hallenturnier,Nordsehl,2024-0003-08
2024-0003-09,22.-24.11.2024,1. Bad Nenndorfer Hallenturnier,Nordsehl,2024-0003-09
2024-0005-04,02.-03.11.2024,Jubiläumsturnier 60 Jahe SSC Halver,Halver,2024-0005-04
2024-0005-05,02.-03.11.2024,Jubiläumsturnier 60 Jahe SSC Halver,Halver,2024-0005-05
2024-0005-06,02.-03.11.2024,Jubiläumsturnier 60 Jahe SSC Halver,Halver,2024-0005-06
2024-0005-07,02.-03.11.2024,Jubiläumsturnier 60 Jahe SSC Halver,Halver,2024-0005-07
2024-0005-08,02.-03.11.2024,Jubiläumsturnier 60 Jahe SSC Halver,Halver,2024-0005-08
2024-0005-09,02.-03.11.2024,Jubiläumsturnier 60 Jahe SSC Halver,Halver,2024-0005-09
2024-0005-10,02.-03.11.2024,Jubiläumsturnier 60 Jahe SSC Halver,Halver,2024-0005-10
2024-0005-11,02.-03.11.2024,Jubiläumsturnier 60 Jahe SSC Halver,Halver,2024-0005-11
2024-0005-12,02.-03.11.2024,Jubiläumsturnier 60 Jahe SSC Halver,Halver,2024-0005-12
2024-0005-13,02.-03.11.2024,Jubiläumsturnier 60 Jahe SSC Halver,Halver,2024-0005-13
2024-0006-04,27.10.2024,Rhein-Ruhr Jugendpokal 2024,Herne,2024-0006-04
2024-0006-05,27.10.2024,Rhein-Ruhr Jugendpokal 2024,Herne,2024-0006-05
2024-0006-06,27.10.2024,Rhein-Ruhr Jugendpokal 2024,Herne,2024-0006-06
2024-0006-07,27.10.2024,Rhein-Ruhr Jugendpokal 2024,Herne,2024-0006-07
2024-0007-05,27.10.2024,13. Wanderpokal der MGC Nümbrecht e.V.,Nümbrecht,2024-0007-05
2024-0007-06,27.10.2024,13. Wanderpokal der MGC Nümbrecht e.V.,Nümbrecht,2024-0007-06
2024-0007-07,27.10.2024,13. Wanderpokal der MGC Nümbrecht e.V.,Nümbrecht,2024-0007-07
2024-0007-09,27.10.2024,13. Wanderpokal der MGC Nümbrecht e.V.,Nümbrecht,2024-0007-09
2024-0007-10,27.10.2024,13. Wanderpokal der MGC Nümbrecht e.V.,Nümbrecht,2024-0007-10
2024-0007-11,27.10.2024,13. Wanderpokal der MGC Nümbrecht e.V.,Nümbrecht,2024-0007-11
2024-0007-12,27.10.2024,13. Wanderpokal der MGC Nümbrecht e.V.,Nümbrecht,2024-0007-12
2024-0008-04,27.10.2024,11. Kurpark-Cup,Hamm,2024-0008-04
2024-0008-05,27.10.2024,11. Kurpark-Cup,Hamm,2024-0008-05
2024-0008-06,27.10.2024,11. Kurpark-Cup,Hamm,2024-0008-06
2024-0008-07,27.10.2024,11. Kurpark-Cup,Hamm,2024-0008-07
2024-0008-08,27.10.2024,11. Kurpark-Cup,Hamm,2024-0008-08
2024-0008-09,27.10.2024,11. Kurpark-Cup,Hamm,2024-0008-09
2024-0009-06,13.10.2024,Rangliste Abt. 2,Trappenkamp,2024-0009-06
2024-0010-05,12.-13.10.2024,9. Halleneröffnungsturnier 2024,Halver,2024-0010-05
2024-0010-06,12.-13.10.2024,9. Halleneröffnungsturnier 2024,Halver,2024-0010-06
2024-0010-07,12.-13.10.2024,9. Halleneröffnungsturnier 2024,Halver,2024-0010-07
2024-0010-08,12.-13.10.2024,9. Halleneröffnungsturnier 2024,Halver,2024-0010-08
2024-0010-09,12.-13.10.2024,9. Halleneröffnungsturnier 2024,Halver,2024-0010-09
2024-0010-10,12.-13.10.2024,9. Halleneröffnungsturnier 2024,Halver,2024-0010-10
2024-0010-11,12.-13.10.2024,9. Halleneröffnungsturnier 2024,Halver,2024-0010-11
2024-0010-12,12.-13.10.2024,9. Halleneröffnungsturnier 2024,Halver,2024-0010-12
2024-0010-13,12.-13.10.2024,9. Halleneröffnungsturnier 2024,Halver,2024-0010-13
2024-0018-05,03.10.2024,28. Zwei-Burgen-Turnier,Weinheim,2024-0018-05
2024-0018-06,03.10.2024,28. Zwei-Burgen-Turnier,Weinheim,2024-0018-06
2024-0018-07,03.10.2024,28. Zwei-Burgen-Turnier,Weinheim,2024-0018-07
2024-0018-08,03.10.2024,28. Zwei-Burgen-Turnier,Weinheim,2024-0018-08
2024-0018-09,03.10.2024,28. Zwei-Burgen-Turnier,Weinheim,2024-0018-09
2024-0018-10,03.10.2024,28. Zwei-Burgen-Turnier,Weinheim,2024-0018-10
2024-0018-11,03.10.2024,28. Zwei-Burgen-Turnier,Weinheim,2024-0018-11
2024-0018-12,03.10.2024,28. Zwei-Burgen-Turnier,Weinheim,2024-0018-12
2024-0018-13,03.10.2024,28. Zwei-Burgen-Turnier,Weinheim,2024-0018-13
2024-0018-14,03.10.2024,28. Zwei-Burgen-Turnier,Weinheim,2024-0018-14
2024-0018-15,03.10.2024,28. Zwei-Burgen-Turnier,Weinheim,2024-0018-15
2024-0019-04,03.10.2024,2. Fritz Lierenfeld - Gedächtnispokal,Dormagen,2024-0019-04
2024-0019-05,03.10.2024,2. Fritz Lierenfeld - Gedächtnispokal,Dormagen,2024-0019-05
2024-0019-06,03.10.2024,2. Fritz Lierenfeld - Gedächtnispokal,Dormagen,2024-0019-06
2024-0019-07,03.10.2024,2. Fritz Lierenfeld - Gedächtnispokal,Dormagen,2024-0019-07
2024-0019-08,03.10.2024,2. Fritz Lierenfeld - Gedächtnispokal,Dormagen,2024-0019-08
2024-0019-09,03.10.2024,2. Fritz Lierenfeld - Gedächtnispokal,Dormagen,2024-0019-09
2024-0019-10,03.10.2024,2. Fritz Lierenfeld - Gedächtnispokal,Dormagen,2024-0019-10
2024-0020-08,03.10.2024,20. Hirschgarten - Bembel,Bad Homburg,2024-0020-08
2024-0021-03,29.09.2024,12. Bulmker Park Cup,Gelsenkirchen,2024-0021-03
2024-0021-04,29.09.2024,12. Bulmker Park Cup,Gelsenkirchen,2024-0021-04
2024-0021-05,29.09.2024,12. Bulmker Park Cup,Gelsenkirchen,2024-0021-05
2024-0021-06,29.09.2024,12. Bulmker Park Cup,Gelsenkirchen,2024-0021-06
2024-0021-07,29.09.2024,12. Bulmker Park Cup,Gelsenkirchen,2024-0021-07
2024-0021-08,29.09.2024,12. Bulmker Park Cup,Gelsenkirchen,2024-0021-08
2024-0024-04,29.09.2024,Abschlussturnier des 1. NMC Kelheim,Kelheim,2024-0024-04
2024-0024-05,29.09.2024,Abschlussturnier des 1. NMC Kelheim,Kelheim,2024-0024-05
2024-0025-04,28.-29.09.2024,9. Gerd Becker Gedächtnispokal 2024,Büttgen,2024-0025-04
2024-0025-05,28.-29.09.2024,9. Gerd Becker Gedächtnispokal 2024,Büttgen,2024-0025-05
2024-0025-06,28.-29.09.2024,9. Gerd Becker Gedächtnispokal 2024,Büttgen,2024-0025-06
2024-0025-07,28.-29.09.2024,9. Gerd Becker Gedächtnispokal 2024,Büttgen,2024-0025-07
2024-0025-08,28.-29.09.2024,9. Gerd Becker Gedächtnispokal 2024,Büttgen,2024-0025-08
2024-0025-09,28.-29.09.2024,9. Gerd Becker Gedächtnispokal 2024,Büttgen,2024-0025-09
2024-0025-10,28.-29.09.2024,9. Gerd Becker Gedächtnispokal 2024,Büttgen,2024-0025-10
2024-0025-11,28.-29.09.2024,9. Gerd Becker Gedächtnispokal 2024,Büttgen,2024-0025-11
2024-0025-12,28.-29.09.2024,9. Gerd Becker Gedächtnispokal 2024,Büttgen,2024-0025-12
2024-0028-03,22.09.2024,60. Syburg Cup,Lünen-Syburg,2024-0028-03
2024-0028-05,22.09.2024,60. Syburg Cup,Lünen-Syburg,2024-0028-05
2024-0029-04,22.09.2024,23. Pokalturnier des CGC Illertal Kellmünz,Bad Wörishofen,2024-0029-04
2024-0029-05,22.09.2024,23. Pokalturnier des CGC Illertal Kellmünz,Bad Wörishofen,2024-0029-05
2024-0029-06,22.09.2024,23. Pokalturnier des CGC Illertal Kellmünz,Bad Wörishofen,2024-0029-06
2024-0029-07,22.09.2024,23. Pokalturnier des CGC Illertal Kellmünz,Bad Wörishofen,2024-0029-07
2024-0029-08,22.09.2024,23. Pokalturnier des CGC Illertal Kellmünz,Bad Wörishofen,2024-0029-08
2024-0029-09,22.09.2024,23. Pokalturnier des CGC Illertal Kellmünz,Bad Wörishofen,2024-0029-09
2024-0029-10,22.09.2024,23. Pokalturnier des CGC Illertal Kellmünz,Bad Wörishofen,2024-0029-10
2024-0029-11,22.09.2024,23. Pokalturnier des CGC Illertal Kellmünz,Bad Wörishofen,2024-0029-11
2024-0030-08,22.09.2024,12. Messecup der Minigolfwölfe Rheinstetten 02,Rheinstetten,2024-0030-08
2024-0030-10,22.09.2024,12. Messecup der Minigolfwölfe Rheinstetten 02,Rheinstetten,2024-0030-10
2024-0032-05,15.09.2024,50. Staffelseepokal,Murnau,2024-0032-05
2024-0032-09,15.09.2024,50. Staffelseepokal,Murnau,2024-0032-09
2024-0032-10,15.09.2024,50. Staffelseepokal,Murnau,2024-0032-10
2024-0033-04,15.09.2024,1. Spieltag der NBV-Jugendrangliste 2025,Gladbeck,2024-0033-04
2024-0033-05,15.09.2024,1. Spieltag der NBV-Jugendrangliste 2025,Gladbeck,2024-0033-05
2024-0033-06,15.09.2024,1. Spieltag der NBV-Jugendrangliste 2025,Gladbeck,2024-0033-06
2024-0033-07,15.09.2024,1. Spieltag der NBV-Jugendrangliste 2025,Gladbeck,2024-0033-07
2024-0034-04,14.-15.09.2024,Weininsel-Pokal,Groß-Umstadt,2024-0034-04
2024-0034-05,14.-15.09.2024,Weininsel-Pokal,Groß-Umstadt,2024-0034-05
2024-0034-06,14.-15.09.2024,Weininsel-Pokal,Groß-Umstadt,2024-0034-06
2024-0034-07,14.-15.09.2024,Weininsel-Pokal,Groß-Umstadt,2024-0034-07
2024-0034-08,14.-15.09.2024,Weininsel-Pokal,Groß-Umstadt,2024-0034-08
2024-0034-09,14.-15.09.2024,Weininsel-Pokal,Groß-Umstadt,2024-0034-09
2024-0034-10,14.-15.09.2024,Weininsel-Pokal,Groß-Umstadt,2024-0034-10
2024-0034-11,14.-15.09.2024,Weininsel-Pokal,Groß-Umstadt,2024-0034-11
2024-0035-04,14.-15.09.2024,56. Marathon,Bad Salzuflen,2024-0035-04
2024-0035-05,14.-15.09.2024,56. Marathon,Bad Salzuflen,2024-0035-05
2024-0035-06,14.-15.09.2024,56. Marathon,Bad Salzuflen,2024-0035-06
2024-0035-07,14.-15.09.2024,56. Marathon,Bad Salzuflen,2024-0035-07
2024-0035-08,14.-15.09.2024,56. Marathon,Bad Salzuflen,2024-0035-08
2024-0035-09,14.-15.09.2024,56. Marathon,Bad Salzuflen,2024-0035-09
2024-0035-10,14.-15.09.2024,56. Marathon,Bad Salzuflen,2024-0035-10
2024-0036-04,14.09.2024,24. Deutsche Schwerhörigen Meisterschaft,Süßen,2024-0036-04
2024-0043-04,08.09.2024,5. Spieltag 3. BuLi Nord Staffel 2,Cuxhaven,2024-0043-04
2024-0044-05,08.09.2024,5. Spieltag 3. BuLi Nord Staffel 1,Hilden,2024-0044-05
2024-0046-04,08.09.2024,5. Spieltag 2. BuLi Nord Staffel 2,Künsebeck,2024-0046-04
2024-0050-04,01.09.2024,55. Schloßberg Pokalturnier,Pegnitz,2024-0050-04
2024-0050-08,01.09.2024,55. Schloßberg Pokalturnier,Pegnitz,2024-0050-08
2024-0050-09,01.09.2024,55. Schloßberg Pokalturnier,Pegnitz,2024-0050-09
2024-0051-04,01.09.2024,4. Hildener Stadtpark Open,Hilden,2024-0051-04
2024-0051-05,01.09.2024,4. Hildener Stadtpark Open,Hilden,2024-0051-05
2024-0051-06,01.09.2024,4. Hildener Stadtpark Open,Hilden,2024-0051-06
2024-0051-07,01.09.2024,4. Hildener Stadtpark Open,Hilden,2024-0051-07
2024-0051-08,01.09.2024,4. Hildener Stadtpark Open,Hilden,2024-0051-08
2024-0051-09,01.09.2024,4. Hildener Stadtpark Open,Hilden,2024-0051-09
2024-0052-04,01.09.2024,43. Rheinau-Pokalturnier,Rheinau,2024-0052-04
2024-0052-05,01.09.2024,43. Rheinau-Pokalturnier,Rheinau,2024-0052-05
2024-0052-06,01.09.2024,43. Rheinau-Pokalturnier,Rheinau,2024-0052-06
2024-0052-07,01.09.2024,43. Rheinau-Pokalturnier,Rheinau,2024-0052-07
2024-0053-04,31.08.-01.09.2024,Westdeutsche Meisterschaften System Sterngolf,Hagen,2024-0053-04
2024-0053-05,31.08.-01.09.2024,Westdeutsche Meisterschaften System Sterngolf,Hagen,2024-0053-05
2024-0053-06,31.08.-01.09.2024,Westdeutsche Meisterschaften System Sterngolf,Hagen,2024-0053-06
2024-0053-07,31.08.-01.09.2024,Westdeutsche Meisterschaften System Sterngolf,Hagen,2024-0053-07
2024-0053-08,31.08.-01.09.2024,Westdeutsche Meisterschaften System Sterngolf,Hagen,2024-0053-08
2024-0053-09,31.08.-01.09.2024,Westdeutsche Meisterschaften System Sterngolf,Hagen,2024-0053-09
2024-0053-10,31.08.-01.09.2024,Westdeutsche Meisterschaften System Sterngolf,Hagen,2024-0053-10
2024-0053-11,31.08.-01.09.2024,Westdeutsche Meisterschaften System Sterngolf,Hagen,2024-0053-11
2024-0053-12,31.08.-01.09.2024,Westdeutsche Meisterschaften System Sterngolf,Hagen,2024-0053-12
2024-0054-04,31.08.-01.09.2024,Hessische Einzelmeisterschaften,Bad Homburg,2024-0054-04
2024-0054-05,31.08.-01.09.2024,Hessische Einzelmeisterschaften,Bad Homburg,2024-0054-05
2024-0054-06,31.08.-01.09.2024,Hessische Einzelmeisterschaften,Bad Homburg,2024-0054-06
2024-0054-07,31.08.-01.09.2024,Hessische Einzelmeisterschaften,Bad Homburg,2024-0054-07
2024-0054-08,31.08.-01.09.2024,Hessische Einzelmeisterschaften,Bad Homburg,2024-0054-08
2024-0054-09,31.08.-01.09.2024,Hessische Einzelmeisterschaften,Bad Homburg,2024-0054-09
2024-0054-10,31.08.-01.09.2024,Hessische Einzelmeisterschaften,Bad Homburg,2024-0054-10
2024-0054-11,31.08.-01.09.2024,Hessische Einzelmeisterschaften,Bad Homburg,2024-0054-11
2024-0055-04,30.08.-01.09.2024,German Adventuregolf Masters,Freudenstadt,2024-0055-04
2024-0055-05,30.08.-01.09.2024,German Adventuregolf Masters,Freudenstadt,2024-0055-05
2024-0055-06,30.08.-01.09.2024,German Adventuregolf Masters,Freudenstadt,2024-0055-06
2024-0055-07,30.08.-01.09.2024,German Adventuregolf Masters,Freudenstadt,2024-0055-07
2024-0055-08,30.08.-01.09.2024,German Adventuregolf Masters,Freudenstadt,2024-0055-08
2024-0055-09,30.08.-01.09.2024,German Adventuregolf Masters,Freudenstadt,2024-0055-09
2024-0057-06,25.08.2024,32. Kohlenpott-Cup,Bochum,2024-0057-06
2024-0057-07,25.08.2024,32. Kohlenpott-Cup,Bochum,2024-0057-07
2024-0057-08,25.08.2024,32. Kohlenpott-Cup,Bochum,2024-0057-08
2024-0058-03,22.-24.08.2024,63. Deutsche Meisterschaften System Miniaturgolf,Kassel Vellmar,2024-0058-03
2024-0058-04,22.-24.08.2024,63. Deutsche Meisterschaften System Miniaturgolf,Kassel Vellmar,2024-0058-04
2024-0058-05,22.-24.08.2024,63. Deutsche Meisterschaften System Miniaturgolf,Kassel Vellmar,2024-0058-05
2024-0058-06,22.-24.08.2024,63. Deutsche Meisterschaften System Miniaturgolf,Kassel Vellmar,2024-0058-06
2024-0058-07,22.-24.08.2024,63. Deutsche Meisterschaften System Miniaturgolf,Kassel Vellmar,2024-0058-07
2024-0058-08,22.-24.08.2024,63. Deutsche Meisterschaften System Miniaturgolf,Kassel Vellmar,2024-0058-08
2024-0058-09,22.-24.08.2024,63. Deutsche Meisterschaften System Miniaturgolf,Kassel Vellmar,2024-0058-09
2024-0059-03,18.08.2024,12. Offene Stadtmeisterschaft,Bottrop,2024-0059-03
2024-0059-04,18.08.2024,12. Offene Stadtmeisterschaft,Bottrop,2024-0059-04
2024-0059-05,18.08.2024,12. Offene Stadtmeisterschaft,Bottrop,2024-0059-05
2024-0060-04,18.08.2024,27. Amperpokal,Olching,2024-0060-04
2024-0060-05,18.08.2024,27. Amperpokal,Olching,2024-0060-05
2024-0060-06,18.08.2024,27. Amperpokal,Olching,2024-0060-06
2024-0060-07,18.08.2024,27. Amperpokal,Olching,2024-0060-07
2024-0060-08,18.08.2024,27. Amperpokal,Olching,2024-0060-08
2024-0061-04,15.-17.08.2024,Deutsche Meisterschaften System Cobigolf,Essen,2024-0061-04
2024-0061-05,15.-17.08.2024,Deutsche Meisterschaften System Cobigolf,Essen,2024-0061-05
2024-0061-06,15.-17.08.2024,Deutsche Meisterschaften System Cobigolf,Essen,2024-0061-06
2024-0061-07,15.-17.08.2024,Deutsche Meisterschaften System Cobigolf,Essen,2024-0061-07
2024-0061-08,15.-17.08.2024,Deutsche Meisterschaften System Cobigolf,Essen,2024-0061-08
2024-0061-09,15.-17.08.2024,Deutsche Meisterschaften System Cobigolf,Essen,2024-0061-09
2024-0061-10,15.-17.08.2024,Deutsche Meisterschaften System Cobigolf,Essen,2024-0061-10
2024-0061-11,15.-17.08.2024,Deutsche Meisterschaften System Cobigolf,Essen,2024-0061-11
2024-0061-12,15.-17.08.2024,Deutsche Meisterschaften System Cobigolf,Essen,2024-0061-12
2024-0061-13,15.-17.08.2024,Deutsche Meisterschaften System Cobigolf,Essen,2024-0061-13
2024-0062-06,11.08.2024,Wertheimer Kanne,Wertheim,2024-0062-06
2024-0064-04,10.-11.08.2024,34. Rebland-Turnier,Ohlsbach,2024-0064-04
2024-0064-05,10.-11.08.2024,34. Rebland-Turnier,Ohlsbach,2024-0064-05
2024-0064-06,10.-11.08.2024,34. Rebland-Turnier,Ohlsbach,2024-0064-06
2024-0064-07,10.-11.08.2024,34. Rebland-Turnier,Ohlsbach,2024-0064-07
2024-0064-08,10.-11.08.2024,34. Rebland-Turnier,Ohlsbach,2024-0064-08
2024-0064-09,10.-11.08.2024,34. Rebland-Turnier,Ohlsbach,2024-0064-09
2024-0064-10,10.-11.08.2024,34. Rebland-Turnier,Ohlsbach,2024-0064-10
2024-0065-06,10.-11.08.2024,Monta-Pokal-Turnier,Essen,2024-0065-06
2024-0065-07,10.-11.08.2024,Monta-Pokal-Turnier,Essen,2024-0065-07
2024-0065-08,10.-11.08.2024,Monta-Pokal-Turnier,Essen,2024-0065-08
2024-0065-09,10.-11.08.2024,Monta-Pokal-Turnier,Essen,2024-0065-09
2024-0065-10,10.-11.08.2024,Monta-Pokal-Turnier,Essen,2024-0065-10
2024-0065-11,10.-11.08.2024,Monta-Pokal-Turnier,Essen,2024-0065-11
2024-0065-12,10.-11.08.2024,Monta-Pokal-Turnier,Essen,2024-0065-12
2024-0065-13,10.-11.08.2024,Monta-Pokal-Turnier,Essen,2024-0065-13
2024-0065-14,10.-11.08.2024,Monta-Pokal-Turnier,Essen,2024-0065-14
2024-0066-04,08.-10.08.2024,68. Deutsche Meisterschaften System Beton,Herten,2024-0066-04
2024-0066-05,08.-10.08.2024,68. Deutsche Meisterschaften System Beton,Herten,2024-0066-05
2024-0066-06,08.-10.08.2024,68. Deutsche Meisterschaften System Beton,Herten,2024-0066-06
2024-0066-07,08.-10.08.2024,68. Deutsche Meisterschaften System Beton,Herten,2024-0066-07
2024-0066-08,08.-10.08.2024,68. Deutsche Meisterschaften System Beton,Herten,2024-0066-08
2024-0066-09,08.-10.08.2024,68. Deutsche Meisterschaften System Beton,Herten,2024-0066-09
2024-0066-10,08.-10.08.2024,68. Deutsche Meisterschaften System Beton,Herten,2024-0066-10
2024-0072-04,04.08.2024,Dinkelberg-Cup,Inzlingen,2024-0072-04
2024-0072-05,04.08.2024,Dinkelberg-Cup,Inzlingen,2024-0072-05
2024-0072-06,04.08.2024,Dinkelberg-Cup,Inzlingen,2024-0072-06
2024-0072-07,04.08.2024,Dinkelberg-Cup,Inzlingen,2024-0072-07
2024-0072-08,04.08.2024,Dinkelberg-Cup,Inzlingen,2024-0072-08
2024-0073-03,04.08.2024,32. Höchberger Krackenturnier,Höchberg,2024-0073-03
2024-0074-06,04.08.2024,12. Oachkatzl-Cup,Landshut,2024-0074-06
2024-0074-07,04.08.2024,12. Oachkatzl-Cup,Landshut,2024-0074-07
2024-0074-08,04.08.2024,12. Oachkatzl-Cup,Landshut,2024-0074-08
2024-0075-04,03.-04.08.2024,5. Udo Manz & Emil Schilling-Gedächtnisturnier,Mannheim,2024-0075-04
2024-0075-05,03.-04.08.2024,5. Udo Manz & Emil Schilling-Gedächtnisturnier,Mannheim,2024-0075-05
2024-0075-06,03.-04.08.2024,5. Udo Manz & Emil Schilling-Gedächtnisturnier,Mannheim,2024-0075-06
2024-0075-07,03.-04.08.2024,5. Udo Manz & Emil Schilling-Gedächtnisturnier,Mannheim,2024-0075-07
2024-0075-08,03.-04.08.2024,5. Udo Manz & Emil Schilling-Gedächtnisturnier,Mannheim,2024-0075-08
2024-0075-09,03.-04.08.2024,5. Udo Manz & Emil Schilling-Gedächtnisturnier,Mannheim,2024-0075-09
2024-0075-10,03.-04.08.2024,5. Udo Manz & Emil Schilling-Gedächtnisturnier,Mannheim,2024-0075-10
2024-0077-05,28.07.2024,5. Speiltag Kreisliga 4,Dormagen,2024-0077-05
2024-0077-06,28.07.2024,5. Speiltag Kreisliga 4,Dormagen,2024-0077-06
2024-0077-08,28.07.2024,5. Speiltag Kreisliga 4,Dormagen,2024-0077-08
2024-0079-05,28.07.2024,5. Spieltag NBV Bezirksliga 3,Halver,2024-0079-05
2024-0080-06,28.07.2024,5. Spieltag Landesliga 2,Velbert,2024-0080-06
2024-0091-03,28.07.2024,5. Spieltag 2. Bundesliga Nord Staffel 1,Dorm.-Hackenbroich,2024-0091-03
2024-0095-09,21.07.2024,Dieter u. Uwe Boltze Gedächtnisturnier,Rodalben,2024-0095-09
2024-0097-04,21.07.2024,HochrheinCup,Waldshut,2024-0097-04
2024-0097-07,21.07.2024,HochrheinCup,Waldshut,2024-0097-07
2024-0097-08,21.07.2024,HochrheinCup,Waldshut,2024-0097-08
2024-0097-11,21.07.2024,HochrheinCup,Waldshut,2024-0097-11
2024-0097-12,21.07.2024,HochrheinCup,Waldshut,2024-0097-12
2024-0098-07,17.-19.07.2024,Deutsche Meisterschaften Allgemeine Klasse,Neutraubling,2024-0098-07
2024-0098-08,17.-19.07.2024,Deutsche Meisterschaften Allgemeine Klasse,Neutraubling,2024-0098-08
2024-0100-06,13.-14.07.2024,WDM Endrunde 2024 System Miniaturgolf,Brilon,2024-0100-06
2024-0100-07,13.-14.07.2024,WDM Endrunde 2024 System Miniaturgolf,Brilon,2024-0100-07
2024-0100-08,13.-14.07.2024,WDM Endrunde 2024 System Miniaturgolf,Brilon,2024-0100-08
2024-0100-09,13.-14.07.2024,WDM Endrunde 2024 System Miniaturgolf,Brilon,2024-0100-09
2024-0100-10,13.-14.07.2024,WDM Endrunde 2024 System Miniaturgolf,Brilon,2024-0100-10
2024-0101-04,13.-14.07.2024,WDM Endrunde 2024 System Minigolf,Berg. Gladb. Gierath,2024-0101-04
2024-0101-05,13.-14.07.2024,WDM Endrunde 2024 System Minigolf,Berg. Gladb. Gierath,2024-0101-05
2024-0101-06,13.-14.07.2024,WDM Endrunde 2024 System Minigolf,Berg. Gladb. Gierath,2024-0101-06
2024-0101-07,13.-14.07.2024,WDM Endrunde 2024 System Minigolf,Berg. Gladb. Gierath,2024-0101-07
2024-0101-08,13.-14.07.2024,WDM Endrunde 2024 System Minigolf,Berg. Gladb. Gierath,2024-0101-08
2024-0101-09,13.-14.07.2024,WDM Endrunde 2024 System Minigolf,Berg. Gladb. Gierath,2024-0101-09
2024-0101-10,13.-14.07.2024,WDM Endrunde 2024 System Minigolf,Berg. Gladb. Gierath,2024-0101-10
2024-0101-11,13.-14.07.2024,WDM Endrunde 2024 System Minigolf,Berg. Gladb. Gierath,2024-0101-11
2024-0102-07,07.07.2024,38. Wolnzacher Hopfenperle-Pokalturnier,Wolnzach,2024-0102-07
2024-0103-04,06.-07.07.2024,33. Malerdorf Pokalturnier,Grötzingen,2024-0103-04
2024-0103-05,06.-07.07.2024,33. Malerdorf Pokalturnier,Grötzingen,2024-0103-05
2024-0103-06,06.-07.07.2024,33. Malerdorf Pokalturnier,Grötzingen,2024-0103-06
2024-0103-07,06.-07.07.2024,33. Malerdorf Pokalturnier,Grötzingen,2024-0103-07
2024-0103-08,06.-07.07.2024,33. Malerdorf Pokalturnier,Grötzingen,2024-0103-08
2024-0103-09,06.-07.07.2024,33. Malerdorf Pokalturnier,Grötzingen,2024-0103-09
2024-0103-10,06.-07.07.2024,33. Malerdorf Pokalturnier,Grötzingen,2024-0103-10
2024-0103-11,06.-07.07.2024,33. Malerdorf Pokalturnier,Grötzingen,2024-0103-11
2024-0104-09,04.-06.07.2024,Deutsche Minigolf Jugend-Meisterschaften,Bildstock,2024-0104-09
2024-0104-11,04.-06.07.2024,Deutsche Minigolf Jugend-Meisterschaften,Bildstock,2024-0104-11
2024-0104-13,04.-06.07.2024,Deutsche Minigolf Jugend-Meisterschaften,Bildstock,2024-0104-13
2024-0104-15,04.-06.07.2024,Deutsche Minigolf Jugend-Meisterschaften,Bildstock,2024-0104-15
2024-0106-04,23.06.2024,Freundschaftsturnier des MGC Berg. Gladbach Gierath,Berg. Gladb. Gierath,2024-0106-04
2024-0106-09,23.06.2024,Freundschaftsturnier des MGC Berg. Gladbach Gierath,Berg. Gladb. Gierath,2024-0106-09
2024-0111-05,16.06.2024,12. Wanderpokal des MGC Nümbrecht,Nümbrecht,2024-0111-05
2024-0111-06,16.06.2024,12. Wanderpokal des MGC Nümbrecht,Nümbrecht,2024-0111-06
2024-0111-07,16.06.2024,12. Wanderpokal des MGC Nümbrecht,Nümbrecht,2024-0111-07
2024-0111-09,16.06.2024,12. Wanderpokal des MGC Nümbrecht,Nümbrecht,2024-0111-09
2024-0111-10,16.06.2024,12. Wanderpokal des MGC Nümbrecht,Nümbrecht,2024-0111-10
2024-0111-11,16.06.2024,12. Wanderpokal des MGC Nümbrecht,Nümbrecht,2024-0111-11
2024-0112-03,16.06.2024,12. Kemnader See Open,Felderbachtal,2024-0112-03
2024-0112-04,16.06.2024,12. Kemnader See Open,Felderbachtal,2024-0112-04
2024-0112-05,16.06.2024,12. Kemnader See Open,Felderbachtal,2024-0112-05
2024-0112-06,16.06.2024,12. Kemnader See Open,Felderbachtal,2024-0112-06
2024-0112-07,16.06.2024,12. Kemnader See Open,Felderbachtal,2024-0112-07
2024-0112-08,16.06.2024,12. Kemnader See Open,Felderbachtal,2024-0112-08
2024-0112-09,16.06.2024,12. Kemnader See Open,Felderbachtal,2024-0112-09
2024-0112-10,16.06.2024,12. Kemnader See Open,Felderbachtal,2024-0112-10
2024-0114-04,15.-16.06.2024,39.Rhein-Ahr Pokalturnier,Bad Bodendorf,2024-0114-04
2024-0114-05,15.-16.06.2024,39.Rhein-Ahr Pokalturnier,Bad Bodendorf,2024-0114-05
2024-0114-06,15.-16.06.2024,39.Rhein-Ahr Pokalturnier,Bad Bodendorf,2024-0114-06
2024-0116-04,09.06.2024,4. Spieltag der 2. Bundesliga Nord Staffel 1,Kerpen,2024-0116-04
2024-0124-09,09.06.2024,3. Spieltag der Verbandsliga Baden,Sulzfeld,2024-0124-09
2024-0125-10,09.06.2024,2. Spieltag BMV Landesliga Donau und Süd-Ost,Neutraubling,2024-0125-10
2024-0131-09,02.06.2024,Gemeinsamer Ranglistenspieltag MRP/SaarMV,Traben-Trarbach,2024-0131-09
2024-0132-12,30.-31.05.2024,Bayerische Minigolfmeisterschaft,Ingolstadt,2024-0132-12
2024-0132-13,30.-31.05.2024,Bayerische Minigolfmeisterschaft,Ingolstadt,2024-0132-13
2024-0132-14,30.-31.05.2024,Bayerische Minigolfmeisterschaft,Ingolstadt,2024-0132-14
2024-0132-15,30.-31.05.2024,Bayerische Minigolfmeisterschaft,Ingolstadt,2024-0132-15
2024-0132-16,30.-31.05.2024,Bayerische Minigolfmeisterschaft,Ingolstadt,2024-0132-16
2024-0132-17,30.-31.05.2024,Bayerische Minigolfmeisterschaft,Ingolstadt,2024-0132-17
2024-0134-04,30.05.2024,Assindia-Pokal-Turnier,Essen,2024-0134-04
2024-0134-06,30.05.2024,Assindia-Pokal-Turnier,Essen,2024-0134-06
2024-0134-07,30.05.2024,Assindia-Pokal-Turnier,Essen,2024-0134-07
2024-0134-08,30.05.2024,Assindia-Pokal-Turnier,Essen,2024-0134-08
2024-0134-09,30.05.2024,Assindia-Pokal-Turnier,Essen,2024-0134-09
2024-0134-10,30.05.2024,Assindia-Pokal-Turnier,Essen,2024-0134-10
2024-0134-11,30.05.2024,Assindia-Pokal-Turnier,Essen,2024-0134-11
2024-0136-04,26.05.2024,3. Meisterschaftsspiel NBV Bezirksliga 2,Wanne-Eickel,2024-0136-04
2024-0138-04,26.05.2024,3. Spieltag NBV Bezirksliga 4,Kerpen,2024-0138-04
2024-0139-07,26.05.2024,3. Spieltag NBV Landesliga Staffel 2,Bergisch Land,2024-0139-07
2024-0147-05,26.05.2024,3. Spieltag der 3. Bundesliga Nord Staffel 1,Arnsberg,2024-0147-05
2024-0151-04,19.05.2024,39. Sieben-Kelter-Turnier,Metzingen,2024-0151-04
2024-0151-06,19.05.2024,39. Sieben-Kelter-Turnier,Metzingen,2024-0151-06
2024-0152-04,19.05.2024,24. Hoferkopfturnier,Bildstock,2024-0152-04
2024-0152-05,19.05.2024,24. Hoferkopfturnier,Bildstock,2024-0152-05
2024-0152-06,19.05.2024,24. Hoferkopfturnier,Bildstock,2024-0152-06
2024-0152-07,19.05.2024,24. Hoferkopfturnier,Bildstock,2024-0152-07
2024-0152-08,19.05.2024,24. Hoferkopfturnier,Bildstock,2024-0152-08
2024-0152-09,19.05.2024,24. Hoferkopfturnier,Bildstock,2024-0152-09
2024-0152-10,19.05.2024,24. Hoferkopfturnier,Bildstock,2024-0152-10
2024-0152-11,19.05.2024,24. Hoferkopfturnier,Bildstock,2024-0152-11
2024-0153-04,12.05.2024,10. Ansbacher Grundela-Turnier,Ansbach,2024-0153-04
2024-0153-07,12.05.2024,10. Ansbacher Grundela-Turnier,Ansbach,2024-0153-07
2024-0159-07,05.05.2024,2 Spieltag Kreisliga Staffel 3,Kerpen,2024-0159-07
2024-0162-04,05.05.2024,2. Spieltag der Landesliga 1,Herten,2024-0162-04
2024-0172-04,28.04.2024,2. Spieltag 3. Bundesliga Süd Staffel 1,Bildstock,2024-0172-04
2024-0173-03,28.04.2024,2. Spieltag 3. Bundesliga Nord Staffel 2,Göttingen,2024-0173-03
2024-0174-04,28.04.2024,2. Spieltag 3. Bundesliga Nord Staffel 1,Lüdenscheid,2024-0174-04
2024-0174-09,28.04.2024,2. Spieltag 3. Bundesliga Nord Staffel 1,Lüdenscheid,2024-0174-09
2024-0179-04,21.04.2024,54. Donaupokal,Ingolstadt,2024-0179-04
2024-0179-05,21.04.2024,54. Donaupokal,Ingolstadt,2024-0179-05
2024-0179-06,21.04.2024,54. Donaupokal,Ingolstadt,2024-0179-06
2024-0184-06,21.04.2024,1. Spieltag NBV Bezirksliga Staffel 2,Bottrop,2024-0184-06
2024-0195-06,07.04.2024,12. Teppichpokal,Olching,2024-0195-06
2024-0195-09,07.04.2024,12. Teppichpokal,Olching,2024-0195-09
2024-0195-10,07.04.2024,12. Teppichpokal,Olching,2024-0195-10
2024-0197-09,04.-06.04.2024,Jugend-/U23-Länderpokal,Höchberg,2024-0197-09
2024-0199-03,31.03.2024,42. Krügerl-Turnier,Landshut,2024-0199-03
2024-0199-07,31.03.2024,42. Krügerl-Turnier,Landshut,2024-0199-07
2024-0201-04,30.-31.03.2024,57. Internationales Osterturnier,Weinheim,2024-0201-04
2024-0201-05,30.-31.03.2024,57. Internationales Osterturnier,Weinheim,2024-0201-05
2024-0201-06,30.-31.03.2024,57. Internationales Osterturnier,Weinheim,2024-0201-06
2024-0201-07,30.-31.03.2024,57. Internationales Osterturnier,Weinheim,2024-0201-07
2024-0201-08,30.-31.03.2024,57. Internationales Osterturnier,Weinheim,2024-0201-08
2024-0201-09,30.-31.03.2024,57. Internationales Osterturnier,Weinheim,2024-0201-09
2024-0201-10,30.-31.03.2024,57. Internationales Osterturnier,Weinheim,2024-0201-10
2024-0201-11,30.-31.03.2024,57. Internationales Osterturnier,Weinheim,2024-0201-11
2024-0202-04,30.-31.03.2024,57. Internationales Osterturnier,Weinheim,2024-0202-04
2024-0202-07,30.-31.03.2024,57. Internationales Osterturnier,Weinheim,2024-0202-07
2024-0202-08,30.-31.03.2024,57. Internationales Osterturnier,Weinheim,2024-0202-08
2024-0202-09,30.-31.03.2024,57. Internationales Osterturnier,Weinheim,2024-0202-09
2024-0202-10,30.-31.03.2024,57. Internationales Osterturnier,Weinheim,2024-0202-10
2024-0203-04,30.03.2024,18. OSTER-EInladungsturnier,Velbert,2024-0203-04
2024-0203-05,30.03.2024,18. OSTER-EInladungsturnier,Velbert,2024-0203-05
2024-0203-06,30.03.2024,18. OSTER-EInladungsturnier,Velbert,2024-0203-06
2024-0203-07,30.03.2024,18. OSTER-EInladungsturnier,Velbert,2024-0203-07
2024-0203-08,30.03.2024,18. OSTER-EInladungsturnier,Velbert,2024-0203-08
2024-0203-09,30.03.2024,18. OSTER-EInladungsturnier,Velbert,2024-0203-09
2024-0203-10,30.03.2024,18. OSTER-EInladungsturnier,Velbert,2024-0203-10
2024-0203-11,30.03.2024,18. OSTER-EInladungsturnier,Velbert,2024-0203-11
2024-0203-12,30.03.2024,18. OSTER-EInladungsturnier,Velbert,2024-0203-12
2024-0204-04,24.03.2024,3. Spieltag der NBV-Jugendrangliste 2024,Attendorn,2024-0204-04
2024-0206-04,17.03.2024,14. Turnier zum Frühlingserwachen,Ohlsbach,2024-0206-04
2024-0206-05,17.03.2024,14. Turnier zum Frühlingserwachen,Ohlsbach,2024-0206-05
2024-0207-07,17.03.2024,58. Siebengebirgsturnier,Bonn,2024-0207-07
2024-0207-11,17.03.2024,58. Siebengebirgsturnier,Bonn,2024-0207-11
2024-0210-04,09.-10.03.2024,7. Hallenfinale,Halver,2024-0210-04
2024-0210-05,09.-10.03.2024,7. Hallenfinale,Halver,2024-0210-05
2024-0210-06,09.-10.03.2024,7. Hallenfinale,Halver,2024-0210-06
2024-0210-07,09.-10.03.2024,7. Hallenfinale,Halver,2024-0210-07
2024-0210-08,09.-10.03.2024,7. Hallenfinale,Halver,2024-0210-08
2024-0210-09,09.-10.03.2024,7. Hallenfinale,Halver,2024-0210-09
2024-0210-10,09.-10.03.2024,7. Hallenfinale,Halver,2024-0210-10
2024-0210-11,09.-10.03.2024,7. Hallenfinale,Halver,2024-0210-11
2024-0210-12,09.-10.03.2024,7. Hallenfinale,Halver,2024-0210-12
2024-0210-13,09.-10.03.2024,7. Hallenfinale,Halver,2024-0210-13
2024-0212-04,03.-04.02.2024,7. Sauerland-Cup,Halver,2024-0212-04
2024-0212-05,03.-04.02.2024,7. Sauerland-Cup,Halver,2024-0212-05
2024-0212-06,03.-04.02.2024,7. Sauerland-Cup,Halver,2024-0212-06
2024-0212-07,03.-04.02.2024,7. Sauerland-Cup,Halver,2024-0212-07
2024-0212-08,03.-04.02.2024,7. Sauerland-Cup,Halver,2024-0212-08
2024-0212-09,03.-04.02.2024,7. Sauerland-Cup,Halver,2024-0212-09
2024-0213-05,06.-07.01.2024,7. Halveraner Senioren-Cup 2024,Halver,2024-0213-05
2024-0213-06,06.-07.01.2024,7. Halveraner Senioren-Cup 2024,Halver,2024-0213-06
2024-0213-07,06.-07.01.2024,7. Halveraner Senioren-Cup 2024,Halver,2024-0213-07
2024-0213-08,06.-07.01.2024,7. Halveraner Senioren-Cup 2024,Halver,2024-0213-08
2024-03-17-Bad_Godesberg,2024-03-17,58. Siebengebirgsturnier,Bonn,2024-03-17-Bad_Godesberg
2024-03-24-Attendorn,2024-03-24,3. Spieltag der NBV-Jugendrangliste 2024,Attendorn,2024-03-24-Attendorn
2024-03-24-Neuwied,2024-03-24,Gemeinsamer Ranglistenspieltag MRP und SaarMV,Neuwied,2024-03-24-Neuwied
2024-03-30-Weinheim,2024-03-30,18. OSTER-EInladungsturnier,Velbert,2024-03-30-Weinheim
2024-03-31-Landshut,2024-03-31,42. Krügerl-Turnier,Landshut,2024-03-31-Landshut
2024-04-06-Höchberg,2024-04-06,Jugend-/U23-Länderpokal,Höchberg,2024-04-06-Höchberg
2024-04-06-Höchberg2,2024-04-06,Jugend-/U23-Länderpokal,Höchberg,2024-04-06-Höchberg2
2024-04-07-Olching,2024-04-07,12. Teppichpokal,Olching,2024-04-07-Olching
2024-04-14-Bad_Godesberg,2024-04-14,1. Spieltag 1. Bundesliga Nord,Bonn,2024-04-14-Bad_Godesberg
2024-04-14-Bildstock,2024-04-14,1. Spieltag der Verbandsliga Kooperation MRP/SaarMV,Bildstock,2024-04-14-Bildstock
2024-04-14-Bochum_Stadtpark,2024-04-14,1. Spieltag 2. Bundesliga Nord Staffel 1,Bochum,2024-04-14-Bochum_Stadtpark
2024-04-14-Homburg_Stadtpark,2024-04-14,1. Spieltag 3. Bundesliga Süd Staffel 1,Homburg,2024-04-14-Homburg_Stadtpark
2024-04-14-Ingolstadt_Auwaldsee,2024-04-14,1. Spieltag 3. Bundesliga Süd Staffel 3,Ingolstadt,2024-04-14-Ingolstadt_Auwaldsee
2024-04-14-Neutraubling,2024-04-14,1. Spieltag 2. Bundesliga Süd Staffel 2,Neutraubling,2024-04-14-Neutraubling
2024-04-21-Bottrop_Overbeckshof,2024-04-21,1. Spieltag NBV Bezirksliga Staffel 2,Bottrop,2024-04-21-Bottrop_Overbeckshof
2024-04-21-Ingolstadt_Auwaldsee,2024-04-21,54. Donaupokal,Ingolstadt,2024-04-21-Ingolstadt_Auwaldsee
2024-04-21-Mainz_Hartenberg,2024-04-21,Gemeinsamer Ranglistenspieltag MRP und SaarMV,Mainz,2024-04-21-Mainz_Hartenberg
2024-04-21-Paffendorf,2024-04-21,1. Spieltag NBV Landesliga Staffel 2,Bergheim,2024-04-21-Paffendorf
2024-04-28-Ansbach,2024-04-28,BMV Landesliga Nordwest 1. Spieltag,Ansbach,2024-04-28-Ansbach
2024-04-28-Bamberg,2024-04-28,2. Spieltag 1. Bundesliga Süd,Bamberg,2024-04-28-Bamberg
2024-04-28-Bottrop_Overbeckshof,2024-04-28,2. Spieltag 2. Bundesliga Nord Staffel 1,Bottrop,2024-04-28-Bottrop_Overbeckshof
2024-04-28-Gladbeck,2024-04-28,2. Spieltag 3. Bundesliga Nord Staffel 1,Lüdenscheid,2024-04-28-Gladbeck
2024-04-28-Göttingen_Grone,2024-04-28,2. Spieltag 3. Bundesliga Nord Staffel 2,Göttingen,2024-04-28-Göttingen_Grone
2024-04-28-Ludwigshafen,2024-04-28,2. Spieltag 3. Bundesliga Süd Staffel 2,Ludwigshafen,2024-04-28-Ludwigshafen
2024-04-28-Mannheim,2024-04-28,2. Spieltag der Verbandsliga Kooperation MRP/SaarMV,Mannheim,2024-04-28-Mannheim
2024-04-28-Ohlsbach,2024-04-28,1. Spieltag Landesliga Baden,Ohlsbach,2024-04-28-Ohlsbach
2024-04-28-Olching,2024-04-28,2. Spieltag 3. Bundesliga Süd Staffel 3,Olching,2024-04-28-Olching
2024-05-05-Bildstock,2024-05-05,Gemeinsamer Ranglistenspieltag MRP/SaarMV,Bildstock,2024-05-05-Bildstock
2024-05-05-Dormagen_Hackenbroich,2024-05-05,2. Spieltag der Landesliga 2,Dormagen Brechten,2024-05-05-Dormagen_Hackenbroich
2024-05-05-Herten,2024-05-05,2. Spieltag der Landesliga 1,Herten,2024-05-05-Herten
2024-05-05-Kerpen,2024-05-05,2 Spieltag Kreisliga Staffel 3,Kerpen,2024-05-05-Kerpen
2024-05-05-Velbert_Hardenberg,2024-05-05,2. Spieltag NBV Kreisliga 6,Velbert,2024-05-05-Velbert_Hardenberg
2024-05-12-Ansbach,2024-05-12,10. Ansbacher Grundela-Turnier,Ansbach,2024-05-12-Ansbach
2024-05-19-Metzingen,2024-05-19,39. Sieben-Kelter-Turnier,Metzingen,2024-05-19-Metzingen
2024-05-26-Bad_Bodendorf,2024-05-26,3. Spieltag Kreisliga Staffel 3,Bad Bodendorf,2024-05-26-Bad_Bodendorf
2024-05-26-Hannover,2024-05-26,3. Spieltag Landesliga Nord,Hannover,2024-05-26-Hannover
2024-05-26-Hilden,2024-05-26,3. Spieltag NBV Landesliga Staffel 2,Bergisch Land,2024-05-26-Hilden
2024-05-26-Inzlingen,2024-05-26,3. Spieltag der 3. Bundesliga Süd Staffel 2,Inzlingen,2024-05-26-Inzlingen
2024-05-26-Kerpen,2024-05-26,3. Spieltag NBV Bezirksliga 4,Kerpen,2024-05-26-Kerpen
2024-05-26-Landshut,2024-05-26,1. Spieltag Oberliga Süd (BMV),Landshut,2024-05-26-Landshut
2024-05-26-Mainz_Hartenberg,2024-05-26,3. Spieltag Verbandsliga MRP/SaarMV,Mainz,2024-05-26-Mainz_Hartenberg
2024-05-26-Neheim_Hüsten,2024-05-26,3. Spieltag der 3. Bundesliga Nord Staffel 1,Arnsberg,2024-05-26-Neheim_Hüsten
2024-05-26-Rheinau_Freistett,2024-05-26,2. Spieltag der Landesliga Baden,Rheinau-Freistett,2024-05-26-Rheinau_Freistett
2024-05-26-Velbert_Hardenberg,2024-05-26,3. Spieltag der 2. Bundesliga Nord Staffel 1,Velbert,2024-05-26-Velbert_Hardenberg
2024-05-26-Wanne_Eickel,2024-05-26,3. Meisterschaftsspiel NBV Bezirksliga 2,Wanne-Eickel,2024-05-26-Wanne_Eickel
2024-05-26-Weinheim,2024-05-26,2. Spieltag der Vebandsliga Baden,Weinheim,2024-05-26-Weinheim
2024-05-26-Wertheim,2024-05-26,2. Spieltag Landesliga Nord-West,Wertheim,2024-05-26-Wertheim
2024-06-02-Kerpen,2024-06-02,6. Josef Pecks Gedächtnisturnier,Kerpen,2024-06-02-Kerpen
2024-06-02-Traben_Trarbach,2024-06-02,Gemeinsamer Ranglistenspieltag MRP/SaarMV,Traben-Trarbach,2024-06-02-Traben_Trarbach
2024-06-09-Bad_Bocklet,2024-06-09,3. Spieltag BMV Landesliga Nordwest,Bad Bocklet,2024-06-09-Bad_Bocklet
2024-06-09-Bensheim,2024-06-09,4.Spieltag der 3. Bundesliga Süd Staffel 2,Bensheim-Auerbach,2024-06-09-Bensheim
2024-06-09-Bochum_Langendreer,2024-06-09,4. Spieltag der NBV Bezirksliga 2,Bochum,2024-06-09-Bochum_Langendreer
2024-06-09-Gevelsberg,2024-06-09,4. Spieltag der NBV Landesliga 2,Ennepetal,2024-06-09-Gevelsberg
2024-06-09-Göttingen_Grone,2024-06-09,3. Spieltag der 2. Bundesliga Nord Staffel 2,Göttingen,2024-06-09-Göttingen_Grone
2024-06-09-Höchberg,2024-06-09,3. Spieltag der 2. Bundesliga Süd Staffel 2,Höchberg,2024-06-09-Höchberg
2024-06-09-Inzlingen,2024-06-09,3. Spieltag der Landesliga Baden,Inzlingen,2024-06-09-Inzlingen
2024-06-09-Kerpen,2024-06-09,4. Spieltag der 2. Bundesliga Nord Staffel 1,Kerpen,2024-06-09-Kerpen
2024-06-09-Köln_Rath,2024-06-09,4. Spieltag der Kreisliga Staffel 3 beim ACR,Berg. Gladb. Gierath,2024-06-09-Köln_Rath
2024-06-09-Ludwigshafen,2024-06-09,4. Spieltag der Verbandsliga Kooperation MRP/SaarMV,Ludwigshafen,2024-06-09-Ludwigshafen
2024-06-09-Mainz_Hartenberg,2024-06-09,3. Spieltag 3. Bundesliga Süd Staffel 1,Mainz,2024-06-09-Mainz_Hartenberg
2024-06-09-Neutraubling,2024-06-09,2. Spieltag BMV Landesliga Donau und Süd-Ost,Neutraubling,2024-06-09-Neutraubling
2024-06-09-Sulzfeld,2024-06-09,3. Spieltag der Verbandsliga Baden,Sulzfeld,2024-06-09-Sulzfeld
2024-06-09-Ulm,2024-06-09,3. Spieltag der 3. Bundesliga Süd Staffel 3,Ulm,2024-06-09-Ulm
2024-06-15-Gladbeck,2024-06-15,Gladbeck Cup 2024,Gladbeck,2024-06-15-Gladbeck
2024-06-23-Hagen,2024-06-23,Freundschaftsturnier des MGC Berg. Gladbach Gierath,Berg. Gladb. Gierath,2024-06-23-Hagen
2024-06-23-Köln_Rath,2024-06-23,Freundschaftsturnier des MGC Berg. Gladbach Gierath,Berg. Gladb. Gierath,2024-06-23-Köln_Rath
2024-07-07-Wolnzach,2024-07-07,38. Wolnzacher Hopfenperle-Pokalturnier,Wolnzach,2024-07-07-Wolnzach
2024-07-21-Karlsfeld,2024-07-21,Karlsfelder-See-Pokal,München,2024-07-21-Karlsfeld
2024-07-21-Rodalben,2024-07-21,Dieter u. Uwe Boltze Gedächtnisturnier,Rodalben,2024-07-21-Rodalben
2024-07-21-Waldshut,2024-07-21,HochrheinCup,Waldshut,2024-07-21-Waldshut
2024-07-28-Bamberg,2024-07-28,3. Spieltag Oberliga Nord Bayern,Bamberg,2024-07-28-Bamberg
2024-07-28-Dormagen,2024-07-28,5. Speiltag Kreisliga 4,Dormagen,2024-07-28-Dormagen
2024-07-28-Dormagen_Hackenbroich,2024-07-28,5. Spieltag 2. Bundesliga Nord Staffel 1,Dorm.-Hackenbroich,2024-07-28-Dormagen_Hackenbroich
2024-07-28-Halver_Halle,2024-07-28,5. Spieltag NBV Bezirksliga 3,Halver,2024-07-28-Halver_Halle
2024-07-28-Hammer,2024-07-28,4. Spieltag 3. Bundesliga Süd Staffel 3,Hammer,2024-07-28-Hammer
2024-07-28-Rodalben,2024-07-28,5. Spieltag Verbandsliga Kooperation MRP/SaarMV,Rodalben,2024-07-28-Rodalben
2024-07-28-Schriesheim,2024-07-28,4. Spieltag 3. Bundesliga Süd Staffel 1,Schriesheim,2024-07-28-Schriesheim
2024-07-28-Velbert_Hardenberg,2024-07-28,5. Spieltag Landesliga 2,Velbert,2024-07-28-Velbert_Hardenberg
2024-07-28-Wanne_Eickel,2024-07-28,5. Spieltag Kreisliga 6,Herne,2024-07-28-Wanne_Eickel
2024-08-04-Höchberg,2024-08-04,32. Höchberger Krackenturnier,Höchberg,2024-08-04-Höchberg
2024-08-04-Landshut,2024-08-04,12. Oachkatzl-Cup,Landshut,2024-08-04-Landshut
2024-08-11-Mainz_Hartenberg,2024-08-11,59. Rhein-Main-Turnier,Mainz,2024-08-11-Mainz_Hartenberg
2024-08-11-Wertheim,2024-08-11,Wertheimer Kanne,Wertheim,2024-08-11-Wertheim
2024-08-25-Bamberg,2024-08-25,21. Fun-Sports Cup,Bamberg,2024-08-25-Bamberg
2024-08-25-Bochum_Langendreer,2024-08-25,32. Kohlenpott-Cup,Bochum,2024-08-25-Bochum_Langendreer
2024-09-01-Pegnitz,2024-09-01,55. Schloßberg Pokalturnier,Pegnitz,2024-09-01-Pegnitz
2024-09-08-Bad_Kreuznach,2024-09-08,6. Spieltag Verbandsliga Kooperation MRP-SaarMV,Bad Kreuznach,2024-09-08-Bad_Kreuznach
2024-09-08-Cuxhaven,2024-09-08,5. Spieltag 3. BuLi Nord Staffel 2,Cuxhaven,2024-09-08-Cuxhaven
2024-09-08-Hilden,2024-09-08,5. Spieltag 3. BuLi Nord Staffel 1,Hilden,2024-09-08-Hilden
2024-09-08-Künsebeck,2024-09-08,5. Spieltag 2. BuLi Nord Staffel 2,Künsebeck,2024-09-08-Künsebeck
2024-09-08-Pegnitz,2024-09-08,5. Spieltag 2. BuLi Süd Staffel 2,Pegnitz,2024-09-08-Pegnitz
2024-09-08-Traben_Trarbach,2024-09-08,5. Spieltag 3. BuLi Süd Staffel 1,Traben-Trarbach,2024-09-08-Traben_Trarbach
2024-09-08-Wanne_Eickel,2024-09-08,6. Spieltag 2. BuLi Nord Staffel 1,Herne,2024-09-08-Wanne_Eickel
2024-09-08-Weinheim,2024-09-08,4. Spieltag Baden-Landesliga,Weinheim,2024-09-08-Weinheim
2024-09-08-Wolnzach,2024-09-08,4. Spieltag BMV-Oberliga Nord und Landesliga Donau und Südost,Wolnzach,2024-09-08-Wolnzach
2024-09-15-Murnau_See,2024-09-15,50. Staffelseepokal,Murnau,2024-09-15-Murnau_See
2024-09-22-Lünen,2024-09-22,60. Syburg Cup,Lünen-Syburg,2024-09-22-Lünen
2024-09-22-Rheinstetten,2024-09-22,12. Messecup der Minigolfwölfe Rheinstetten 02,Rheinstetten,2024-09-22-Rheinstetten
2024-09-29-Kelheim,2024-09-29,Abschlussturnier des 1. NMC Kelheim,Kelheim,2024-09-29-Kelheim
2024-09-29-Trappenkamp,2024-09-29,Landeseinzelmeisterschaft im SHMV,Trappenkamp,2024-09-29-Trappenkamp
2024-10-03-Bad_Homburg_Hirschgarten,2024-10-03,20. Hirschgarten - Bembel,Bad Homburg,2024-10-03-Bad_Homburg_Hirschgarten
2024-10-13-Trappenkamp,2024-10-13,Rangliste Abt. 2,Trappenkamp,2024-10-13-Trappenkamp
2025-0001-04,13.12.2025,8. Halveraner Adventsturnier 2025,Halver,2025-0001-04
2025-0001-06,13.12.2025,8. Halveraner Adventsturnier 2025,Halver,2025-0001-06
2025-0001-07,13.12.2025,8. Halveraner Adventsturnier 2025,Halver,2025-0001-07
2025-0001-08,13.12.2025,8. Halveraner Adventsturnier 2025,Halver,2025-0001-08
2025-0001-10,13.12.2025,8. Halveraner Adventsturnier 2025,Halver,2025-0001-10
2025-0002-03,28.-30.11.2025,3. Bad Nenndorfer Hallenturnier,Nordsehl,2025-0002-03
2025-0002-04,28.-30.11.2025,3. Bad Nenndorfer Hallenturnier,Nordsehl,2025-0002-04
2025-0002-05,28.-30.11.2025,3. Bad Nenndorfer Hallenturnier,Nordsehl,2025-0002-05
2025-0002-06,28.-30.11.2025,3. Bad Nenndorfer Hallenturnier,Nordsehl,2025-0002-06
2025-0002-07,28.-30.11.2025,3. Bad Nenndorfer Hallenturnier,Nordsehl,2025-0002-07
2025-0002-08,28.-30.11.2025,3. Bad Nenndorfer Hallenturnier,Nordsehl,2025-0002-08
2025-0002-09,28.-30.11.2025,3. Bad Nenndorfer Hallenturnier,Nordsehl,2025-0002-09
2025-0002-10,28.-30.11.2025,3. Bad Nenndorfer Hallenturnier,Nordsehl,2025-0002-10
2025-0003-04,22.11.2025,2. Long-Distance-Cup,Halver,2025-0003-04
2025-0004-04,01.-02.11.2025,9. Hallenmeisterschaft,Halver,2025-0004-04
2025-0004-05,01.-02.11.2025,9. Hallenmeisterschaft,Halver,2025-0004-05
2025-0004-06,01.-02.11.2025,9. Hallenmeisterschaft,Halver,2025-0004-06
2025-0004-07,01.-02.11.2025,9. Hallenmeisterschaft,Halver,2025-0004-07
2025-0004-08,01.-02.11.2025,9. Hallenmeisterschaft,Halver,2025-0004-08
2025-0004-09,01.-02.11.2025,9. Hallenmeisterschaft,Halver,2025-0004-09
2025-0004-10,01.-02.11.2025,9. Hallenmeisterschaft,Halver,2025-0004-10
2025-0007-04,25.-26.10.2025,38. Erftpokal,Paffendorf,2025-0007-04
2025-0007-05,25.-26.10.2025,38. Erftpokal,Paffendorf,2025-0007-05
2025-0007-06,25.-26.10.2025,38. Erftpokal,Paffendorf,2025-0007-06
2025-0007-07,25.-26.10.2025,38. Erftpokal,Paffendorf,2025-0007-07
2025-0007-08,25.-26.10.2025,38. Erftpokal,Paffendorf,2025-0007-08
2025-0007-09,25.-26.10.2025,38. Erftpokal,Paffendorf,2025-0007-09
2025-0009-04,12.10.2025,WBV-Adventuregolfrangliste,Freudenstadt,2025-0009-04
2025-0010-04,12.10.2025,Rhein-Ruhr Jugendpokal,Attendorn,2025-0010-04
2025-0010-05,12.10.2025,Rhein-Ruhr Jugendpokal,Attendorn,2025-0010-05
2025-0010-06,12.10.2025,Rhein-Ruhr Jugendpokal,Attendorn,2025-0010-06
2025-0011-09,12.10.2025,Abschlussturnier Kelheim,Kelheim,2025-0011-09
2025-0012-04,11.-12.10.2025,10. Halleneröffnungsturnier,Halver,2025-0012-04
2025-0012-05,11.-12.10.2025,10. Halleneröffnungsturnier,Halver,2025-0012-05
2025-0012-06,11.-12.10.2025,10. Halleneröffnungsturnier,Halver,2025-0012-06
2025-0012-07,11.-12.10.2025,10. Halleneröffnungsturnier,Halver,2025-0012-07
2025-0012-08,11.-12.10.2025,10. Halleneröffnungsturnier,Halver,2025-0012-08
2025-0012-09,11.-12.10.2025,10. Halleneröffnungsturnier,Halver,2025-0012-09
2025-0012-10,11.-12.10.2025,10. Halleneröffnungsturnier,Halver,2025-0012-10
2025-0012-11,11.-12.10.2025,10. Halleneröffnungsturnier,Halver,2025-0012-11
2025-0015-06,04.-05.10.2025,BMV Regionale Aufstiegsspiele,Höchberg,2025-0015-06
2025-0016-04,04.10.2025,1. Ensinger Adventuregolf-Turnier,Vaihingen/Enz,2025-0016-04
2025-0016-05,04.10.2025,1. Ensinger Adventuregolf-Turnier,Vaihingen/Enz,2025-0016-05
2025-0016-06,04.10.2025,1. Ensinger Adventuregolf-Turnier,Vaihingen/Enz,2025-0016-06
2025-0018-04,03.10.2025,29. Zwei-Burgen-Turnier,Weinheim,2025-0018-04
2025-0018-05,03.10.2025,29. Zwei-Burgen-Turnier,Weinheim,2025-0018-05
2025-0018-06,03.10.2025,29. Zwei-Burgen-Turnier,Weinheim,2025-0018-06
2025-0018-07,03.10.2025,29. Zwei-Burgen-Turnier,Weinheim,2025-0018-07
2025-0018-08,03.10.2025,29. Zwei-Burgen-Turnier,Weinheim,2025-0018-08
2025-0018-09,03.10.2025,29. Zwei-Burgen-Turnier,Weinheim,2025-0018-09
2025-0018-10,03.10.2025,29. Zwei-Burgen-Turnier,Weinheim,2025-0018-10
2025-0018-11,03.10.2025,29. Zwei-Burgen-Turnier,Weinheim,2025-0018-11
2025-0018-12,03.10.2025,29. Zwei-Burgen-Turnier,Weinheim,2025-0018-12
2025-0018-13,03.10.2025,29. Zwei-Burgen-Turnier,Weinheim,2025-0018-13
2025-0018-14,03.10.2025,29. Zwei-Burgen-Turnier,Weinheim,2025-0018-14
2025-0018-16,03.10.2025,29. Zwei-Burgen-Turnier,Weinheim,2025-0018-16
2025-0022-04,27.-28.09.2025,10. Gerd Becker-Gedächtnisturnier,Kaarst,2025-0022-04
2025-0022-05,27.-28.09.2025,10. Gerd Becker-Gedächtnisturnier,Kaarst,2025-0022-05
2025-0022-06,27.-28.09.2025,10. Gerd Becker-Gedächtnisturnier,Kaarst,2025-0022-06
2025-0022-07,27.-28.09.2025,10. Gerd Becker-Gedächtnisturnier,Kaarst,2025-0022-07
2025-0022-08,27.-28.09.2025,10. Gerd Becker-Gedächtnisturnier,Kaarst,2025-0022-08
2025-0022-09,27.-28.09.2025,10. Gerd Becker-Gedächtnisturnier,Kaarst,2025-0022-09
2025-0022-10,27.-28.09.2025,10. Gerd Becker-Gedächtnisturnier,Kaarst,2025-0022-10
2025-0025-04,21.09.2025,5. Hildener Stadtpark Open 2025,Hilden,2025-0025-04
2025-0025-05,21.09.2025,5. Hildener Stadtpark Open 2025,Hilden,2025-0025-05
2025-0025-06,21.09.2025,5. Hildener Stadtpark Open 2025,Hilden,2025-0025-06
2025-0025-07,21.09.2025,5. Hildener Stadtpark Open 2025,Hilden,2025-0025-07
2025-0025-09,21.09.2025,5. Hildener Stadtpark Open 2025,Hilden,2025-0025-09
2025-0025-10,21.09.2025,5. Hildener Stadtpark Open 2025,Hilden,2025-0025-10
2025-0026-04,21.09.2025,24. Pokalturnier des CGC Illertal-Kellmünz,Illertal-Kellmünz,2025-0026-04
2025-0026-05,21.09.2025,24. Pokalturnier des CGC Illertal-Kellmünz,Illertal-Kellmünz,2025-0026-05
2025-0026-06,21.09.2025,24. Pokalturnier des CGC Illertal-Kellmünz,Illertal-Kellmünz,2025-0026-06
2025-0026-07,21.09.2025,24. Pokalturnier des CGC Illertal-Kellmünz,Illertal-Kellmünz,2025-0026-07
2025-0026-08,21.09.2025,24. Pokalturnier des CGC Illertal-Kellmünz,Illertal-Kellmünz,2025-0026-08
2025-0026-09,21.09.2025,24. Pokalturnier des CGC Illertal-Kellmünz,Illertal-Kellmünz,2025-0026-09
2025-0026-10,21.09.2025,24. Pokalturnier des CGC Illertal-Kellmünz,Illertal-Kellmünz,2025-0026-10
2025-0026-11,21.09.2025,24. Pokalturnier des CGC Illertal-Kellmünz,Illertal-Kellmünz,2025-0026-11
2025-0029-08,21.09.2025,Staffelsee Pokal Turnier,Murnau,2025-0029-08
2025-0029-09,21.09.2025,Staffelsee Pokal Turnier,Murnau,2025-0029-09
2025-0029-11,21.09.2025,Staffelsee Pokal Turnier,Murnau,2025-0029-11
2025-0029-12,21.09.2025,Staffelsee Pokal Turnier,Murnau,2025-0029-12
2025-0030-04,20.-21.09.2025,Hessische Einzelmeisterschaften 2025,Kahl,2025-0030-04
2025-0030-05,20.-21.09.2025,Hessische Einzelmeisterschaften 2025,Kahl,2025-0030-05
2025-0030-06,20.-21.09.2025,Hessische Einzelmeisterschaften 2025,Kahl,2025-0030-06
2025-0030-07,20.-21.09.2025,Hessische Einzelmeisterschaften 2025,Kahl,2025-0030-07
2025-0030-08,20.-21.09.2025,Hessische Einzelmeisterschaften 2025,Kahl,2025-0030-08
2025-0030-09,20.-21.09.2025,Hessische Einzelmeisterschaften 2025,Kahl,2025-0030-09
2025-0030-10,20.-21.09.2025,Hessische Einzelmeisterschaften 2025,Kahl,2025-0030-10
2025-0031-03,20.09.2025,Cobigolf-Ranglistenturnier 2025,Illertal-Kellmünz,2025-0031-03
2025-0031-04,20.09.2025,Cobigolf-Ranglistenturnier 2025,Illertal-Kellmünz,2025-0031-04
2025-0031-05,20.09.2025,Cobigolf-Ranglistenturnier 2025,Illertal-Kellmünz,2025-0031-05
2025-0031-06,20.09.2025,Cobigolf-Ranglistenturnier 2025,Illertal-Kellmünz,2025-0031-06
2025-0031-07,20.09.2025,Cobigolf-Ranglistenturnier 2025,Illertal-Kellmünz,2025-0031-07
2025-0031-08,20.09.2025,Cobigolf-Ranglistenturnier 2025,Illertal-Kellmünz,2025-0031-08
2025-0031-10,20.09.2025,Cobigolf-Ranglistenturnier 2025,Illertal-Kellmünz,2025-0031-10
2025-0032-04,14.09.2025,4. Karlsberg Cup,Homburg,2025-0032-04
2025-0033-04,14.09.2025,51. Gemeindepokal Ilvesheim,Ilvesheim,2025-0033-04
2025-0033-05,14.09.2025,51. Gemeindepokal Ilvesheim,Ilvesheim,2025-0033-05
2025-0033-06,14.09.2025,51. Gemeindepokal Ilvesheim,Ilvesheim,2025-0033-06
2025-0033-07,14.09.2025,51. Gemeindepokal Ilvesheim,Ilvesheim,2025-0033-07
2025-0033-08,14.09.2025,51. Gemeindepokal Ilvesheim,Ilvesheim,2025-0033-08
2025-0033-09,14.09.2025,51. Gemeindepokal Ilvesheim,Ilvesheim,2025-0033-09
2025-0033-10,14.09.2025,51. Gemeindepokal Ilvesheim,Ilvesheim,2025-0033-10
2025-0033-11,14.09.2025,51. Gemeindepokal Ilvesheim,Ilvesheim,2025-0033-11
2025-0033-12,14.09.2025,51. Gemeindepokal Ilvesheim,Ilvesheim,2025-0033-12
2025-0034-04,14.09.2025,9. Weininsel Pokal,Groß-Umstadt,2025-0034-04
2025-0034-05,14.09.2025,9. Weininsel Pokal,Groß-Umstadt,2025-0034-05
2025-0034-06,14.09.2025,9. Weininsel Pokal,Groß-Umstadt,2025-0034-06
2025-0034-07,14.09.2025,9. Weininsel Pokal,Groß-Umstadt,2025-0034-07
2025-0034-09,14.09.2025,9. Weininsel Pokal,Groß-Umstadt,2025-0034-09
2025-0034-10,14.09.2025,9. Weininsel Pokal,Groß-Umstadt,2025-0034-10
2025-0034-11,14.09.2025,9. Weininsel Pokal,Groß-Umstadt,2025-0034-11
2025-0038-04,13.-14.09.2025,57. Marathon-Turnier,Bad Salzuflen,2025-0038-04
2025-0038-05,13.-14.09.2025,57. Marathon-Turnier,Bad Salzuflen,2025-0038-05
2025-0038-06,13.-14.09.2025,57. Marathon-Turnier,Bad Salzuflen,2025-0038-06
2025-0038-07,13.-14.09.2025,57. Marathon-Turnier,Bad Salzuflen,2025-0038-07
2025-0038-08,13.-14.09.2025,57. Marathon-Turnier,Bad Salzuflen,2025-0038-08
2025-0038-09,13.-14.09.2025,57. Marathon-Turnier,Bad Salzuflen,2025-0038-09
2025-0038-10,13.-14.09.2025,57. Marathon-Turnier,Bad Salzuflen,2025-0038-10
2025-0038-11,13.-14.09.2025,57. Marathon-Turnier,Bad Salzuflen,2025-0038-11
2025-0040-09,07.09.2025,61. Syburg Cup,Lünen,2025-0040-09
2025-0048-06,07.09.2025,4. Spieltag Bayernliga des BMV,Illertissen,2025-0048-06
2025-0051-04,07.09.2025,5. Spieltag 3. Bundesliga Nord Staffel 2,Cuxhaven,2025-0051-04
2025-0059-04,06.-07.09.2025,Westdeutsche Meisterschaften System Stergolf,Georgsmarienhütte,2025-0059-04
2025-0059-05,06.-07.09.2025,Westdeutsche Meisterschaften System Stergolf,Georgsmarienhütte,2025-0059-05
2025-0059-06,06.-07.09.2025,Westdeutsche Meisterschaften System Stergolf,Georgsmarienhütte,2025-0059-06
2025-0059-07,06.-07.09.2025,Westdeutsche Meisterschaften System Stergolf,Georgsmarienhütte,2025-0059-07
2025-0059-08,06.-07.09.2025,Westdeutsche Meisterschaften System Stergolf,Georgsmarienhütte,2025-0059-08
2025-0059-09,06.-07.09.2025,Westdeutsche Meisterschaften System Stergolf,Georgsmarienhütte,2025-0059-09
2025-0059-10,06.-07.09.2025,Westdeutsche Meisterschaften System Stergolf,Georgsmarienhütte,2025-0059-10
2025-0059-11,06.-07.09.2025,Westdeutsche Meisterschaften System Stergolf,Georgsmarienhütte,2025-0059-11
2025-0059-12,06.-07.09.2025,Westdeutsche Meisterschaften System Stergolf,Georgsmarienhütte,2025-0059-12
2025-0060-04,30.08.2025,25. Deutsche Minigolfmeisterschaft des Deuschen Schwerhörigen-Sport-Verbandes e.V.,Hohenwarte,2025-0060-04
2025-0061-04,31.08.2025,33. Kohlenpott-Cup 2025,Bochum,2025-0061-04
2025-0061-08,31.08.2025,33. Kohlenpott-Cup 2025,Bochum,2025-0061-08
2025-0061-10,31.08.2025,33. Kohlenpott-Cup 2025,Bochum,2025-0061-10
2025-0062-03,28.-30.08.2025,69. Deutsche Meisterschaften System Beton,Landshut,2025-0062-03
2025-0062-04,28.-30.08.2025,69. Deutsche Meisterschaften System Beton,Landshut,2025-0062-04
2025-0062-05,28.-30.08.2025,69. Deutsche Meisterschaften System Beton,Landshut,2025-0062-05
2025-0062-06,28.-30.08.2025,69. Deutsche Meisterschaften System Beton,Landshut,2025-0062-06
2025-0062-07,28.-30.08.2025,69. Deutsche Meisterschaften System Beton,Landshut,2025-0062-07
2025-0062-08,28.-30.08.2025,69. Deutsche Meisterschaften System Beton,Landshut,2025-0062-08
2025-0062-09,28.-30.08.2025,69. Deutsche Meisterschaften System Beton,Landshut,2025-0062-09
2025-0063-04,24.08.2025,44. Rheinau-Pokalturnier,Rheinau,2025-0063-04
2025-0063-05,24.08.2025,44. Rheinau-Pokalturnier,Rheinau,2025-0063-05
2025-0063-06,24.08.2025,44. Rheinau-Pokalturnier,Rheinau,2025-0063-06
2025-0063-07,24.08.2025,44. Rheinau-Pokalturnier,Rheinau,2025-0063-07
2025-0063-08,24.08.2025,44. Rheinau-Pokalturnier,Rheinau,2025-0063-08
2025-0063-09,24.08.2025,44. Rheinau-Pokalturnier,Rheinau,2025-0063-09
2025-0063-10,24.08.2025,44. Rheinau-Pokalturnier,Rheinau,2025-0063-10
2025-0063-11,24.08.2025,44. Rheinau-Pokalturnier,Rheinau,2025-0063-11
2025-0065-03,23.-24.08.2025,21. Peiner Eulen Pokal Jubiläumsturnier,Peine,2025-0065-03
2025-0065-04,23.-24.08.2025,21. Peiner Eulen Pokal Jubiläumsturnier,Peine,2025-0065-04
2025-0065-05,23.-24.08.2025,21. Peiner Eulen Pokal Jubiläumsturnier,Peine,2025-0065-05
2025-0065-06,23.-24.08.2025,21. Peiner Eulen Pokal Jubiläumsturnier,Peine,2025-0065-06
2025-0065-07,23.-24.08.2025,21. Peiner Eulen Pokal Jubiläumsturnier,Peine,2025-0065-07
2025-0065-08,23.-24.08.2025,21. Peiner Eulen Pokal Jubiläumsturnier,Peine,2025-0065-08
2025-0065-09,23.-24.08.2025,21. Peiner Eulen Pokal Jubiläumsturnier,Peine,2025-0065-09
2025-0065-10,23.-24.08.2025,21. Peiner Eulen Pokal Jubiläumsturnier,Peine,2025-0065-10
2025-0070-04,14.-16.08.2025,64. Deutsche Meisterschaften System Miniaturgolf,Hemer,2025-0070-04
2025-0070-05,14.-16.08.2025,64. Deutsche Meisterschaften System Miniaturgolf,Hemer,2025-0070-05
2025-0070-06,14.-16.08.2025,64. Deutsche Meisterschaften System Miniaturgolf,Hemer,2025-0070-06
2025-0070-07,14.-16.08.2025,64. Deutsche Meisterschaften System Miniaturgolf,Hemer,2025-0070-07
2025-0070-08,14.-16.08.2025,64. Deutsche Meisterschaften System Miniaturgolf,Hemer,2025-0070-08
2025-0070-09,14.-16.08.2025,64. Deutsche Meisterschaften System Miniaturgolf,Hemer,2025-0070-09
2025-0070-10,14.-16.08.2025,64. Deutsche Meisterschaften System Miniaturgolf,Hemer,2025-0070-10
2025-0071-03,09.-10.08.2025,Malerdorf Pokal-Turnier,Grötzingen,2025-0071-03
2025-0071-04,09.-10.08.2025,Malerdorf Pokal-Turnier,Grötzingen,2025-0071-04
2025-0071-05,09.-10.08.2025,Malerdorf Pokal-Turnier,Grötzingen,2025-0071-05
2025-0071-06,09.-10.08.2025,Malerdorf Pokal-Turnier,Grötzingen,2025-0071-06
2025-0071-07,09.-10.08.2025,Malerdorf Pokal-Turnier,Grötzingen,2025-0071-07
2025-0071-08,09.-10.08.2025,Malerdorf Pokal-Turnier,Grötzingen,2025-0071-08
2025-0071-09,09.-10.08.2025,Malerdorf Pokal-Turnier,Grötzingen,2025-0071-09
2025-0071-10,09.-10.08.2025,Malerdorf Pokal-Turnier,Grötzingen,2025-0071-10
2025-0071-11,09.-10.08.2025,Malerdorf Pokal-Turnier,Grötzingen,2025-0071-11
2025-0073-04,09.-10.08.2025,35. Rebland-Turnier,Ohlsbach,2025-0073-04
2025-0073-05,09.-10.08.2025,35. Rebland-Turnier,Ohlsbach,2025-0073-05
2025-0073-06,09.-10.08.2025,35. Rebland-Turnier,Ohlsbach,2025-0073-06
2025-0073-07,09.-10.08.2025,35. Rebland-Turnier,Ohlsbach,2025-0073-07
2025-0073-08,09.-10.08.2025,35. Rebland-Turnier,Ohlsbach,2025-0073-08
2025-0073-09,09.-10.08.2025,35. Rebland-Turnier,Ohlsbach,2025-0073-09
2025-0073-10,09.-10.08.2025,35. Rebland-Turnier,Ohlsbach,2025-0073-10
2025-0078-04,02.-03.08.2025,6. Udo Mainz & Udo Schilling-Gedächtnisturnier,Mannheim,2025-0078-04
2025-0078-05,02.-03.08.2025,6. Udo Mainz & Udo Schilling-Gedächtnisturnier,Mannheim,2025-0078-05
2025-0078-06,02.-03.08.2025,6. Udo Mainz & Udo Schilling-Gedächtnisturnier,Mannheim,2025-0078-06
2025-0078-07,02.-03.08.2025,6. Udo Mainz & Udo Schilling-Gedächtnisturnier,Mannheim,2025-0078-07
2025-0078-08,02.-03.08.2025,6. Udo Mainz & Udo Schilling-Gedächtnisturnier,Mannheim,2025-0078-08
2025-0078-09,02.-03.08.2025,6. Udo Mainz & Udo Schilling-Gedächtnisturnier,Mannheim,2025-0078-09
2025-0078-10,02.-03.08.2025,6. Udo Mainz & Udo Schilling-Gedächtnisturnier,Mannheim,2025-0078-10
2025-0079-03,03.08.2025,53. Münchner-Kindl-Pokal-Turnier,Straßlach,2025-0079-03
2025-0080-05,03.08.2025,33. Höchberger Krackenturnier 2025,Höchberg,2025-0080-05
2025-0080-08,03.08.2025,33. Höchberger Krackenturnier 2025,Höchberg,2025-0080-08
2025-0081-07,02.-03.08.2025,Deister-Polak-Turnier,Bad Nenndorf,2025-0081-07
2025-0081-08,02.-03.08.2025,Deister-Polak-Turnier,Bad Nenndorf,2025-0081-08
2025-0081-09,02.-03.08.2025,Deister-Polak-Turnier,Bad Nenndorf,2025-0081-09
2025-0081-10,02.-03.08.2025,Deister-Polak-Turnier,Bad Nenndorf,2025-0081-10
2025-0081-11,02.-03.08.2025,Deister-Polak-Turnier,Bad Nenndorf,2025-0081-11
2025-0083-07,01.-02.08.2025,Sauerland-Cup 2025,Brilon,2025-0083-07
2025-0083-08,01.-02.08.2025,Sauerland-Cup 2025,Brilon,2025-0083-08
2025-0083-09,01.-02.08.2025,Sauerland-Cup 2025,Brilon,2025-0083-09
2025-0094-06,27.07.2025,3. Spieltag Bayernliga 2025 des BMV,Bad Berneck,2025-0094-06
2025-0095-08,27.07.2025,3. Spieltag WBV-Landesliga,Bad Mergentheim,2025-0095-08
2025-0097-05,27.07.2025,4. Spieltag Verbandsliga Schleswig-Holstein,Harrislee,2025-0097-05
2025-0108-04,20.07.2025,13. EDEKA-Cup der Minigolfwölfe Rheinstetten,Rheinstetten,2025-0108-04
2025-0108-05,20.07.2025,13. EDEKA-Cup der Minigolfwölfe Rheinstetten,Rheinstetten,2025-0108-05
2025-0108-06,20.07.2025,13. EDEKA-Cup der Minigolfwölfe Rheinstetten,Rheinstetten,2025-0108-06
2025-0108-07,20.07.2025,13. EDEKA-Cup der Minigolfwölfe Rheinstetten,Rheinstetten,2025-0108-07
2025-0108-08,20.07.2025,13. EDEKA-Cup der Minigolfwölfe Rheinstetten,Rheinstetten,2025-0108-08
2025-0108-09,20.07.2025,13. EDEKA-Cup der Minigolfwölfe Rheinstetten,Rheinstetten,2025-0108-09
2025-0108-10,20.07.2025,13. EDEKA-Cup der Minigolfwölfe Rheinstetten,Rheinstetten,2025-0108-10
2025-0108-11,20.07.2025,13. EDEKA-Cup der Minigolfwölfe Rheinstetten,Rheinstetten,2025-0108-11
2025-0111-05,20.07.2025,15. Kurpark-Open 2025,Bad Berneck,2025-0111-05
2025-0112-08,20.07.2025,Karlsfelder-See-Pokal des Münchener MGC,München,2025-0112-08
2025-0113-07,20.07.2025,13. Oachkatzl-Cup 2025,Landshut,2025-0113-07
2025-0114-08,16.-19.07.2025,26. Deutsche Minigolf-Meisterschaften,Hilzingen,2025-0114-08
2025-0114-09,16.-19.07.2025,26. Deutsche Minigolf-Meisterschaften,Hilzingen,2025-0114-09
2025-0117-07,13.07.2025,Baggerseecup,Ingolstadt,2025-0117-07
2025-0117-08,13.07.2025,Baggerseecup,Ingolstadt,2025-0117-08
2025-0118-04,12.-13.07.2025,Gladbeck Cup 2025,Gladbeck,2025-0118-04
2025-0118-05,12.-13.07.2025,Gladbeck Cup 2025,Gladbeck,2025-0118-05
2025-0118-06,12.-13.07.2025,Gladbeck Cup 2025,Gladbeck,2025-0118-06
2025-0118-07,12.-13.07.2025,Gladbeck Cup 2025,Gladbeck,2025-0118-07
2025-0118-08,12.-13.07.2025,Gladbeck Cup 2025,Gladbeck,2025-0118-08
2025-0118-09,12.-13.07.2025,Gladbeck Cup 2025,Gladbeck,2025-0118-09
2025-0118-10,12.-13.07.2025,Gladbeck Cup 2025,Gladbeck,2025-0118-10
2025-0119-06,12.-13.07.2025,49. Monta-Pokal-Turnier,Essen,2025-0119-06
2025-0119-07,12.-13.07.2025,49. Monta-Pokal-Turnier,Essen,2025-0119-07
2025-0119-08,12.-13.07.2025,49. Monta-Pokal-Turnier,Essen,2025-0119-08
2025-0119-09,12.-13.07.2025,49. Monta-Pokal-Turnier,Essen,2025-0119-09
2025-0119-10,12.-13.07.2025,49. Monta-Pokal-Turnier,Essen,2025-0119-10
2025-0119-11,12.-13.07.2025,49. Monta-Pokal-Turnier,Essen,2025-0119-11
2025-0119-12,12.-13.07.2025,49. Monta-Pokal-Turnier,Essen,2025-0119-12
2025-0120-08,06.07.2025,2. Spieltag der WBV-Verbandsliga,Ingelfingen,2025-0120-08
2025-0121-06,06.07.2025,39. Wolnzacher Hopfenperle-Pokalturnier,Wolnzach,2025-0121-06
2025-0121-08,06.07.2025,39. Wolnzacher Hopfenperle-Pokalturnier,Wolnzach,2025-0121-08
2025-0122-07,05.-06.07.2025,WDM Endrunde des NBV 2025 (Miniaturgolf),Dormagen,2025-0122-07
2025-0122-08,05.-06.07.2025,WDM Endrunde des NBV 2025 (Miniaturgolf),Dormagen,2025-0122-08
2025-0122-09,05.-06.07.2025,WDM Endrunde des NBV 2025 (Miniaturgolf),Dormagen,2025-0122-09
2025-0122-10,05.-06.07.2025,WDM Endrunde des NBV 2025 (Miniaturgolf),Dormagen,2025-0122-10
2025-0122-11,05.-06.07.2025,WDM Endrunde des NBV 2025 (Miniaturgolf),Dormagen,2025-0122-11
2025-0122-12,05.-06.07.2025,WDM Endrunde des NBV 2025 (Miniaturgolf),Dormagen,2025-0122-12
2025-0123-05,05.-06.07.2025,WDM Endrunde des NBV 2025 (Beton),Bonn,2025-0123-05
2025-0123-06,05.-06.07.2025,WDM Endrunde des NBV 2025 (Beton),Bonn,2025-0123-06
2025-0123-07,05.-06.07.2025,WDM Endrunde des NBV 2025 (Beton),Bonn,2025-0123-07
2025-0123-08,05.-06.07.2025,WDM Endrunde des NBV 2025 (Beton),Bonn,2025-0123-08
2025-0123-09,05.-06.07.2025,WDM Endrunde des NBV 2025 (Beton),Bonn,2025-0123-09
2025-0123-10,05.-06.07.2025,WDM Endrunde des NBV 2025 (Beton),Bonn,2025-0123-10
2025-0124-16,03.-05.07.2025,Deutsche Minigolf-Jugendmeisterschaften 2025,Herne,2025-0124-16
2025-0124-17,03.-05.07.2025,Deutsche Minigolf-Jugendmeisterschaften 2025,Herne,2025-0124-17
2025-0124-18,03.-05.07.2025,Deutsche Minigolf-Jugendmeisterschaften 2025,Herne,2025-0124-18
2025-0124-19,03.-05.07.2025,Deutsche Minigolf-Jugendmeisterschaften 2025,Herne,2025-0124-19
2025-0126-04,06.07.2025,Hochrhein-Pokal,Waldshut,2025-0126-04
2025-0126-05,06.07.2025,Hochrhein-Pokal,Waldshut,2025-0126-05
2025-0126-07,06.07.2025,Hochrhein-Pokal,Waldshut,2025-0126-07
2025-0126-08,06.07.2025,Hochrhein-Pokal,Waldshut,2025-0126-08
2025-0126-09,06.07.2025,Hochrhein-Pokal,Waldshut,2025-0126-09
2025-0127-03,04.07.2025,Cobigolf-Trophy,Waldshut,2025-0127-03
2025-0127-04,04.07.2025,Cobigolf-Trophy,Waldshut,2025-0127-04
2025-0127-05,04.07.2025,Cobigolf-Trophy,Waldshut,2025-0127-05
2025-0127-06,04.07.2025,Cobigolf-Trophy,Waldshut,2025-0127-06
2025-0127-07,04.07.2025,Cobigolf-Trophy,Waldshut,2025-0127-07
2025-0127-08,04.07.2025,Cobigolf-Trophy,Waldshut,2025-0127-08
2025-0127-09,04.07.2025,Cobigolf-Trophy,Waldshut,2025-0127-09
2025-0127-10,04.07.2025,Cobigolf-Trophy,Waldshut,2025-0127-10
2025-0128-04,29.06.2025,Jubiläumsturnier 60 Jahre MGC Sulzfeld,Sulzfeld,2025-0128-04
2025-0128-05,29.06.2025,Jubiläumsturnier 60 Jahre MGC Sulzfeld,Sulzfeld,2025-0128-05
2025-0128-06,29.06.2025,Jubiläumsturnier 60 Jahre MGC Sulzfeld,Sulzfeld,2025-0128-06
2025-0128-07,29.06.2025,Jubiläumsturnier 60 Jahre MGC Sulzfeld,Sulzfeld,2025-0128-07
2025-0128-08,29.06.2025,Jubiläumsturnier 60 Jahre MGC Sulzfeld,Sulzfeld,2025-0128-08
2025-0128-09,29.06.2025,Jubiläumsturnier 60 Jahre MGC Sulzfeld,Sulzfeld,2025-0128-09
2025-0128-10,29.06.2025,Jubiläumsturnier 60 Jahre MGC Sulzfeld,Sulzfeld,2025-0128-10
2025-0128-11,29.06.2025,Jubiläumsturnier 60 Jahre MGC Sulzfeld,Sulzfeld,2025-0128-11
2025-0128-12,29.06.2025,Jubiläumsturnier 60 Jahre MGC Sulzfeld,Sulzfeld,2025-0128-12
2025-0129-04,29.06.2025,12. Kurparkcup,Hamm,2025-0129-04
2025-0129-05,29.06.2025,12. Kurparkcup,Hamm,2025-0129-05
2025-0129-06,29.06.2025,12. Kurparkcup,Hamm,2025-0129-06
2025-0129-07,29.06.2025,12. Kurparkcup,Hamm,2025-0129-07
2025-0129-08,29.06.2025,12. Kurparkcup,Hamm,2025-0129-08
2025-0132-06,21.-22.06.2025,Breitensport-Publikumsturnier (Fun Event),Dormagen,2025-0132-06
2025-0133-11,18.-20.06.2025,Bayerische Minigolfmeisterschaft 2025,Ingolstadt,2025-0133-11
2025-0133-12,18.-20.06.2025,Bayerische Minigolfmeisterschaft 2025,Ingolstadt,2025-0133-12
2025-0133-17,18.-20.06.2025,Bayerische Minigolfmeisterschaft 2025,Ingolstadt,2025-0133-17
2025-0133-18,18.-20.06.2025,Bayerische Minigolfmeisterschaft 2025,Ingolstadt,2025-0133-18
2025-0135-06,15.06.2025,4. Spieltag der NBV-Kreisliga 2,Dormagen,2025-0135-06
2025-0137-06,15.06.2025,4. Spieltag der NBV-Bezirksliga 3,Lünen,2025-0137-06
2025-0142-03,15.06.2025,4. Spieltag der NBV-Landesliga 2,Büttgen,2025-0142-03
2025-0143-07,15.06.2025,3. Spieltag der Verbandsliga Baden,Inzlingen,2025-0143-07
2025-0150-04,08.06.2025,Breitensportfinale des DMV,Künzell,2025-0150-04
2025-0150-05,08.06.2025,Breitensportfinale des DMV,Künzell,2025-0150-05
2025-0150-06,08.06.2025,Breitensportfinale des DMV,Künzell,2025-0150-06
2025-0150-07,08.06.2025,Breitensportfinale des DMV,Künzell,2025-0150-07
2025-0151-04,08.06.2025,40. Sieben-Keltern-Turnier,Metzingen,2025-0151-04
2025-0151-05,08.06.2025,40. Sieben-Keltern-Turnier,Metzingen,2025-0151-05
2025-0151-06,08.06.2025,40. Sieben-Keltern-Turnier,Metzingen,2025-0151-06
2025-0152-05,08.06.2025,25. Hoferkopfturnier des BGC Bildstock,Friedrichsthal,2025-0152-05
2025-0152-08,08.06.2025,25. Hoferkopfturnier des BGC Bildstock,Friedrichsthal,2025-0152-08
2025-0153-08,07.-08.06.2025,Pfingstturnier beim MSK Neheim-Hüsten e.V.,Arnsberg,2025-0153-08
2025-0155-06,01.06.2025,40. Rhein-Ahr-Pokalturnier,Bad Bodendorf,2025-0155-06
2025-0156-03,01.06.2025,39. Assindia-Pokal,Essen,2025-0156-03
2025-0156-04,01.06.2025,39. Assindia-Pokal,Essen,2025-0156-04
2025-0156-05,01.06.2025,39. Assindia-Pokal,Essen,2025-0156-05
2025-0156-06,01.06.2025,39. Assindia-Pokal,Essen,2025-0156-06
2025-0156-07,01.06.2025,39. Assindia-Pokal,Essen,2025-0156-07
2025-0156-08,01.06.2025,39. Assindia-Pokal,Essen,2025-0156-08
2025-0156-09,01.06.2025,39. Assindia-Pokal,Essen,2025-0156-09
2025-0156-10,01.06.2025,39. Assindia-Pokal,Essen,2025-0156-10
2025-0157-04,31.05.2025,3. Fritz Lierenfeld - Gedächtnispokal,Dormagen,2025-0157-04
2025-0158-04,31.05.-01.06.2025,Badische Meisterschaften,Singen,2025-0158-04
2025-0158-05,31.05.-01.06.2025,Badische Meisterschaften,Singen,2025-0158-05
2025-0158-06,31.05.-01.06.2025,Badische Meisterschaften,Singen,2025-0158-06
2025-0158-07,31.05.-01.06.2025,Badische Meisterschaften,Singen,2025-0158-07
2025-0158-08,31.05.-01.06.2025,Badische Meisterschaften,Singen,2025-0158-08
2025-0158-09,31.05.-01.06.2025,Badische Meisterschaften,Singen,2025-0158-09
2025-0158-10,31.05.-01.06.2025,Badische Meisterschaften,Singen,2025-0158-10
2025-0158-11,31.05.-01.06.2025,Badische Meisterschaften,Singen,2025-0158-11
2025-0159-04,31.05.-01.06.2025,3. German Adventuregolf Masters 2025,Winterberg,2025-0159-04
2025-0159-05,31.05.-01.06.2025,3. German Adventuregolf Masters 2025,Winterberg,2025-0159-05
2025-0159-06,31.05.-01.06.2025,3. German Adventuregolf Masters 2025,Winterberg,2025-0159-06
2025-0159-07,31.05.-01.06.2025,3. German Adventuregolf Masters 2025,Winterberg,2025-0159-07
2025-0160-04,30.05.-01.06.2025,36. Elbe-Weser-Pokalturnier,Cuxhaven,2025-0160-04
2025-0160-05,30.05.-01.06.2025,36. Elbe-Weser-Pokalturnier,Cuxhaven,2025-0160-05
2025-0160-06,30.05.-01.06.2025,36. Elbe-Weser-Pokalturnier,Cuxhaven,2025-0160-06
2025-0160-07,30.05.-01.06.2025,36. Elbe-Weser-Pokalturnier,Cuxhaven,2025-0160-07
2025-0160-08,30.05.-01.06.2025,36. Elbe-Weser-Pokalturnier,Cuxhaven,2025-0160-08
2025-0160-09,30.05.-01.06.2025,36. Elbe-Weser-Pokalturnier,Cuxhaven,2025-0160-09
2025-0160-10,30.05.-01.06.2025,36. Elbe-Weser-Pokalturnier,Cuxhaven,2025-0160-10
2025-0160-11,30.05.-01.06.2025,36. Elbe-Weser-Pokalturnier,Cuxhaven,2025-0160-11
2025-0162-04,25.05.2025,55. Donaupokal,Ingolstadt,2025-0162-04
2025-0162-05,25.05.2025,55. Donaupokal,Ingolstadt,2025-0162-05
2025-0164-05,18.05.2025,3. Spieltag der NBV Kreisliga 6,Brilon,2025-0164-05
2025-0168-07,18.05.2025,3. Spieltag der NBV-Bezirksliga 4,Herscheid,2025-0168-07
2025-0169-07,18.05.2025,3. Spieltag der NBV-Bezirksliga 1,Köln,2025-0169-07
2025-0176-04,18.05.2025,2. Spieltag der MRP Verbandsliga,Bad Kreuznach,2025-0176-04
2025-0177-06,18.05.2025,2. Spieltag der Bayernliga,Ingolstadt,2025-0177-06
2025-0185-03,11.05.2025,2. Ranglisten Turnier MVBN,Bad Nenndorf,2025-0185-03
2025-0185-04,11.05.2025,2. Ranglisten Turnier MVBN,Bad Nenndorf,2025-0185-04
2025-0185-05,11.05.2025,2. Ranglisten Turnier MVBN,Bad Nenndorf,2025-0185-05
2025-0185-06,11.05.2025,2. Ranglisten Turnier MVBN,Bad Nenndorf,2025-0185-06
2025-0185-07,11.05.2025,2. Ranglisten Turnier MVBN,Bad Nenndorf,2025-0185-07
2025-0185-08,11.05.2025,2. Ranglisten Turnier MVBN,Bad Nenndorf,2025-0185-08
2025-0185-09,11.05.2025,2. Ranglisten Turnier MVBN,Bad Nenndorf,2025-0185-09
2025-0185-10,11.05.2025,2. Ranglisten Turnier MVBN,Bad Nenndorf,2025-0185-10
2025-0188-04,04.05.2025,"2. Spieltag, NBV-Kreisliga 4",Gelsenkirchen,2025-0188-04
2025-0189-04,04.05.2025,2. Spieltag der Kreisliga Staffel 6,Halver,2025-0189-04
2025-0189-08,04.05.2025,2. Spieltag der Kreisliga Staffel 6,Halver,2025-0189-08
2025-0190-06,04.05.2025,2. Spieltag der Kreisliga Staffel 2,Büttgen,2025-0190-06
2025-0192-06,04.05.2025,2. Spieltag der NBV-Bezirksliga1,Berg. Gladb. Gierath,2025-0192-06
2025-0193-08,04.05.2025,2. Spieltag der Bezirksliga 4 NBV,Arnsberg,2025-0193-08
2025-0196-04,04.05.2025,1. Spieltag WBV - Landesliga,Ingelfinen,2025-0196-04
2025-0202-08,04.05.2025,2. Spieltag der Verbandsliga BBS,Ohlsbach,2025-0202-08
2025-0218-07,13.04.2025,MRP Landesmeisterschaft 1. Spieltag,Mainz,2025-0218-07
2025-0220-05,06.04.2025,1. Spieltag der Kreisliga Staffel 2,Mönchengladbach,2025-0220-05
2025-0222-05,06.04.2025,1. Spieltag der NBV Bezirksliga Staffel,Halver,2025-0222-05
2025-0223-04,06.04.2025,1. Spieltag der NBVKreisliga Staffel 1,Köln-Porz,2025-0223-04
2025-0224-04,06.04.2025,1. Spieltag der MRP Landesliga,Mainz,2025-0224-04
2025-0228-07,06.04.2025,1. Spieltag Verbandsliga MVBN,Bad Nenndorf,2025-0228-07
2025-0233-06,06.04.2025,1. Spieltag der 2. Bundesliga Süd Staffel 2,Neutraubling,2025-0233-06
2025-0238-05,30.03.2025,﻿59. Siebengebirgsturnier ﻿,Bad Godesberg,2025-0238-05
2025-0238-06,30.03.2025,﻿59. Siebengebirgsturnier ﻿,Bad Godesberg,2025-0238-06
2025-0238-07,30.03.2025,﻿59. Siebengebirgsturnier ﻿,Bad Godesberg,2025-0238-07
2025-0239-04,﻿23.03.2025 ﻿,﻿14. Bulmker park Cup ﻿,Gelsenkirchen,2025-0239-04
2025-0239-05,﻿23.03.2025 ﻿,﻿14. Bulmker park Cup ﻿,Gelsenkirchen,2025-0239-05
2025-0239-06,﻿23.03.2025 ﻿,﻿14. Bulmker park Cup ﻿,Gelsenkirchen,2025-0239-06
2025-0239-07,﻿23.03.2025 ﻿,﻿14. Bulmker park Cup ﻿,Gelsenkirchen,2025-0239-07
2025-0239-08,﻿23.03.2025 ﻿,﻿14. Bulmker park Cup ﻿,Gelsenkirchen,2025-0239-08
2025-0239-09,﻿23.03.2025 ﻿,﻿14. Bulmker park Cup ﻿,Gelsenkirchen,2025-0239-09
2025-0239-10,﻿23.03.2025 ﻿,﻿14. Bulmker park Cup ﻿,Gelsenkirchen,2025-0239-10
2025-0239-11,﻿23.03.2025 ﻿,﻿14. Bulmker park Cup ﻿,Gelsenkirchen,2025-0239-11
2025-0240-03,﻿16.03.2025 ﻿,﻿15. Ohlsbacher Turnier zum Frühlingserwachen ﻿,Ohlsbach,2025-0240-03
2025-0240-04,﻿16.03.2025 ﻿,﻿15. Ohlsbacher Turnier zum Frühlingserwachen ﻿,Ohlsbach,2025-0240-04
2025-0241-04,﻿08.-09.03.2025 ﻿,﻿8. Hallenfinale des SSC Halver 2025 ﻿,Halver,2025-0241-04
2025-0241-05,﻿08.-09.03.2025 ﻿,﻿8. Hallenfinale des SSC Halver 2025 ﻿,Halver,2025-0241-05
2025-0241-06,﻿08.-09.03.2025 ﻿,﻿8. Hallenfinale des SSC Halver 2025 ﻿,Halver,2025-0241-06
2025-0241-07,﻿08.-09.03.2025 ﻿,﻿8. Hallenfinale des SSC Halver 2025 ﻿,Halver,2025-0241-07
2025-0241-08,﻿08.-09.03.2025 ﻿,﻿8. Hallenfinale des SSC Halver 2025 ﻿,Halver,2025-0241-08
2025-0241-09,﻿08.-09.03.2025 ﻿,﻿8. Hallenfinale des SSC Halver 2025 ﻿,Halver,2025-0241-09
2025-0241-10,﻿08.-09.03.2025 ﻿,﻿8. Hallenfinale des SSC Halver 2025 ﻿,Halver,2025-0241-10
2025-0241-11,﻿08.-09.03.2025 ﻿,﻿8. Hallenfinale des SSC Halver 2025 ﻿,Halver,2025-0241-11
2025-0242-03,﻿08.-09.03.2025 ﻿,﻿24 Stunden Marathon Děčín ﻿,﻿Děčín ﻿,2025-0242-03
2025-0243-04,﻿28.02.-02.03.2025 ﻿,﻿1. Niederrhein-Hallenpokal 2025 ﻿,Mönchengladbach,2025-0243-04
2025-0243-05,﻿28.02.-02.03.2025 ﻿,﻿1. Niederrhein-Hallenpokal 2025 ﻿,Mönchengladbach,2025-0243-05
2025-0243-06,﻿28.02.-02.03.2025 ﻿,﻿1. Niederrhein-Hallenpokal 2025 ﻿,Mönchengladbach,2025-0243-06
2025-0243-07,﻿28.02.-02.03.2025 ﻿,﻿1. Niederrhein-Hallenpokal 2025 ﻿,Mönchengladbach,2025-0243-07
2025-0243-08,﻿28.02.-02.03.2025 ﻿,﻿1. Niederrhein-Hallenpokal 2025 ﻿,Mönchengladbach,2025-0243-08
2025-0243-09,﻿28.02.-02.03.2025 ﻿,﻿1. Niederrhein-Hallenpokal 2025 ﻿,Mönchengladbach,2025-0243-09
2025-0243-10,﻿28.02.-02.03.2025 ﻿,﻿1. Niederrhein-Hallenpokal 2025 ﻿,Mönchengladbach,2025-0243-10
2025-0243-11,﻿28.02.-02.03.2025 ﻿,﻿1. Niederrhein-Hallenpokal 2025 ﻿,Mönchengladbach,2025-0243-11
2025-0243-12,﻿28.02.-02.03.2025 ﻿,﻿1. Niederrhein-Hallenpokal 2025 ﻿,Mönchengladbach,2025-0243-12
2025-0245-04,﻿07.-09.02.2025 ﻿,﻿2. Bad Nenndorfer Hallenturnier ﻿,Bad Nenndorf,2025-0245-04
2025-0245-05,﻿07.-09.02.2025 ﻿,﻿2. Bad Nenndorfer Hallenturnier ﻿,Bad Nenndorf,2025-0245-05
2025-0245-06,﻿07.-09.02.2025 ﻿,﻿2. Bad Nenndorfer Hallenturnier ﻿,Bad Nenndorf,2025-0245-06
2025-0245-07,﻿07.-09.02.2025 ﻿,﻿2. Bad Nenndorfer Hallenturnier ﻿,Bad Nenndorf,2025-0245-07
2025-0245-08,﻿07.-09.02.2025 ﻿,﻿2. Bad Nenndorfer Hallenturnier ﻿,Bad Nenndorf,2025-0245-08
2025-0245-09,﻿07.-09.02.2025 ﻿,﻿2. Bad Nenndorfer Hallenturnier ﻿,Bad Nenndorf,2025-0245-09
2025-0245-10,﻿07.-09.02.2025 ﻿,﻿2. Bad Nenndorfer Hallenturnier ﻿,Bad Nenndorf,2025-0245-10
2025-0246-04,01.-02.02.2025,﻿8. Sauerland-Cup Indoor des SSC Halver 2025 ﻿,Halver,2025-0246-04
2025-0246-05,01.-02.02.2025,﻿8. Sauerland-Cup Indoor des SSC Halver 2025 ﻿,Halver,2025-0246-05
2025-0246-06,01.-02.02.2025,﻿8. Sauerland-Cup Indoor des SSC Halver 2025 ﻿,Halver,2025-0246-06
2025-0246-07,01.-02.02.2025,﻿8. Sauerland-Cup Indoor des SSC Halver 2025 ﻿,Halver,2025-0246-07
2025-0246-08,01.-02.02.2025,﻿8. Sauerland-Cup Indoor des SSC Halver 2025 ﻿,Halver,2025-0246-08
2025-0246-09,01.-02.02.2025,﻿8. Sauerland-Cup Indoor des SSC Halver 2025 ﻿,Halver,2025-0246-09
2025-0246-10,01.-02.02.2025,﻿8. Sauerland-Cup Indoor des SSC Halver 2025 ﻿,Halver,2025-0246-10
2025-0246-11,01.-02.02.2025,﻿8. Sauerland-Cup Indoor des SSC Halver 2025 ﻿,Halver,2025-0246-11
2025-0246-12,01.-02.02.2025,﻿8. Sauerland-Cup Indoor des SSC Halver 2025 ﻿,Halver,2025-0246-12
2025-0249-04,19.01.2025,2. Turnier - NBV Jugendrangliste 2025,﻿beim NBV Jugendausschuss ﻿,2025-0249-04
2025-0249-05,19.01.2025,2. Turnier - NBV Jugendrangliste 2025,﻿beim NBV Jugendausschuss ﻿,2025-0249-05
2025-0249-06,19.01.2025,2. Turnier - NBV Jugendrangliste 2025,﻿beim NBV Jugendausschuss ﻿,2025-0249-06
2025-0249-07,19.01.2025,2. Turnier - NBV Jugendrangliste 2025,﻿beim NBV Jugendausschuss ﻿,2025-0249-07
2025-0250-04,﻿19.01.2025 ﻿,Fun-Sports Stiftungsturnier 2025,﻿Burkunstadt,2025-0250-04
2025-0250-05,﻿19.01.2025 ﻿,Fun-Sports Stiftungsturnier 2025,﻿Burkunstadt,2025-0250-05
2025-0251-03,10.-12.01.2025,3. Nordsehler Hallenturnier,Nordsehl,2025-0251-03
2025-0251-04,10.-12.01.2025,3. Nordsehler Hallenturnier,Nordsehl,2025-0251-04
2025-0251-05,10.-12.01.2025,3. Nordsehler Hallenturnier,Nordsehl,2025-0251-05
2025-0251-06,10.-12.01.2025,3. Nordsehler Hallenturnier,Nordsehl,2025-0251-06
2025-0251-07,10.-12.01.2025,3. Nordsehler Hallenturnier,Nordsehl,2025-0251-07
2025-0251-08,10.-12.01.2025,3. Nordsehler Hallenturnier,Nordsehl,2025-0251-08
2025-0252-04,﻿04.-05.01.2025,﻿8. Halveraner Senioren-Cup ﻿,Halver ﻿,2025-0252-04
2025-0252-05,﻿04.-05.01.2025,﻿8. Halveraner Senioren-Cup ﻿,Halver ﻿,2025-0252-05
2025-0252-06,﻿04.-05.01.2025,﻿8. Halveraner Senioren-Cup ﻿,Halver ﻿,2025-0252-06
2025-0252-07,﻿04.-05.01.2025,﻿8. Halveraner Senioren-Cup ﻿,Halver ﻿,2025-0252-07
2025-0252-08,﻿04.-05.01.2025,﻿8. Halveraner Senioren-Cup ﻿,Halver ﻿,2025-0252-08
2025-03-30-Bad_Godesberg,2025-03-30,﻿59. Siebengebirgsturnier ﻿,Bad Godesberg,2025-03-30-Bad_Godesberg
2025-03-30-Homburg_Stadtpark,2025-03-30,﻿MRP-Pokal u. regionale Runde DMV-Pokal ﻿,Homburg,2025-03-30-Homburg_Stadtpark
2025-04-06-Bad_Godesberg,2025-04-06,1. Spieltag der NBV-Bezirksliga1,Bad Godesberg,2025-04-06-Bad_Godesberg
2025-04-06-Bad_Nenndorf,2025-04-06,1. Spieltag Verbandsliga MVBN,Bad Nenndorf,2025-04-06-Bad_Nenndorf
2025-04-06-Berlin_Tempelhof,2025-04-06,1. Spieltag der 3. Bundesliga Nord Staffel 3,Berlin Tempelhof,2025-04-06-Berlin_Tempelhof
2025-04-06-Gelsenkirchen_Bulmke,2025-04-06,1. Spieltag der 3. Bundesliga Nord Staffel 1,Lüdenscheid,2025-04-06-Gelsenkirchen_Bulmke
2025-04-06-Halver_Halle,2025-04-06,1. Spieltag der NBV Bezirksliga Staffel,Halver,2025-04-06-Halver_Halle
2025-04-06-Herten,2025-04-06,1. Spieltag der MRP Landesliga,Mainz,2025-04-06-Herten
2025-04-06-Kerpen,2025-04-06,﻿1. Spieltag der 2. Bundesliga Nord Staffel 1 ﻿,Kerpen,2025-04-06-Kerpen
2025-04-06-Köln_Freizeitinsel,2025-04-06,1. Spieltag der NBVKreisliga Staffel 1,Köln-Porz,2025-04-06-Köln_Freizeitinsel
2025-04-06-Ludwigshafen,2025-04-06,1. Spieltag der MRP Verbandsliga,Ludwigshafen,2025-04-06-Ludwigshafen
2025-04-06-Mainz_Hartenberg,2025-04-06,1. Spieltag der MRP Landesliga,Mainz,2025-04-06-Mainz_Hartenberg
2025-04-06-Mönchengladbach,2025-04-06,1. Spieltag der Kreisliga Staffel 2,Mönchengladbach,2025-04-06-Mönchengladbach
2025-04-06-Neutraubling,2025-04-06,1. Spieltag der 2. Bundesliga Süd Staffel 2,Neutraubling,2025-04-06-Neutraubling
2025-04-13-Mainz_Hartenberg,2025-04-13,MRP Landesmeisterschaft 1. Spieltag,Mainz,2025-04-13-Mainz_Hartenberg
2025-05-04-Büttgen,2025-05-04,2. Spieltag der Kreisliga Staffel 2,Büttgen,2025-05-04-Büttgen
2025-05-04-Gelsenkirchen_Bulmke,2025-05-04,"2. Spieltag, NBV-Kreisliga 4",Gelsenkirchen,2025-05-04-Gelsenkirchen_Bulmke
2025-05-04-Halver_Halle,2025-05-04,2. Spieltag der Kreisliga Staffel 6,Halver,2025-05-04-Halver_Halle
2025-05-04-Hilden,2025-05-04,2. Spieltag der NBV Landesliga 2,Hilden,2025-05-04-Hilden
2025-05-04-Ingelfingen,2025-05-04,1. Spieltag WBV - Landesliga,Ingelfinen,2025-05-04-Ingelfingen
2025-05-04-Köln_Ehrenfeld,2025-05-04,2. Spieltag der NBV Kreisliga 1,Köln,2025-05-04-Köln_Ehrenfeld
2025-05-04-Köln_Rath,2025-05-04,2. Spieltag der NBV-Bezirksliga1,Berg. Gladb. Gierath,2025-05-04-Köln_Rath
2025-05-04-Neheim_Hüsten,2025-05-04,2. Spieltag der Bezirksliga 4 NBV,Arnsberg,2025-05-04-Neheim_Hüsten
2025-05-04-Ohlsbach,2025-05-04,1. Spieltag der Landesliga BBS,Ohlsbach,2025-05-04-Ohlsbach
2025-05-04-Ohlsbach2,2025-05-04,2. Spieltag der Verbandsliga BBS,Ohlsbach,2025-05-04-Ohlsbach2
2025-05-04-Rodalben,2025-05-04,MRP Landesliga 2. Spieltag,Rodalben,2025-05-04-Rodalben
2025-05-11-Ludwigshafen,2025-05-11,MRP Landesmeisterschaft 2. Spieltag,Ludwigshafen,2025-05-11-Ludwigshafen
2025-05-11-Rheinstetten,2025-05-11,2. Spieltag der Seniorenliga BBS,Rheinstetten,2025-05-11-Rheinstetten
2025-05-18-Attendorn,2025-05-18,3. Spieltag der NBV-Bezirksliga 4,Herscheid,2025-05-18-Attendorn
2025-05-18-Bad_Kreuznach,2025-05-18,2. Spieltag der MRP Verbandsliga,Bad Kreuznach,2025-05-18-Bad_Kreuznach
2025-05-18-Bad_Nenndorf,2025-05-18,3. Spieltag der Landesliga Nord MVBN,Bad Nenndorf,2025-05-18-Bad_Nenndorf
2025-05-18-Bochum_Langendreer,2025-05-18,3. Spieltag der NBV Kreisliga 3,Bochum,2025-05-18-Bochum_Langendreer
2025-05-18-Brilon,2025-05-18,3. Spieltag der NBV Kreisliga 6,Brilon,2025-05-18-Brilon
2025-05-18-Hannover,2025-05-18,3. Spieltag der 1. Bundesliga Nord,Hannover,2025-05-18-Hannover
2025-05-18-Höchberg,2025-05-18,3. Spieltag der 2. Bundesliga Süd Staffel 2,Höchberg,2025-05-18-Höchberg
2025-05-18-Köln_Ehrenfeld,2025-05-18,3. Spieltag der NBV-Bezirksliga 1,Köln,2025-05-18-Köln_Ehrenfeld
2025-05-18-Mannheim,2025-05-18,3. Spieltag der MRP Landesliga,Mannheim,2025-05-18-Mannheim
2025-05-18-Rheinau_Freistett,2025-05-18,2. Spieltag der Landesliga Baden,Rheinau-Freistett,2025-05-18-Rheinau_Freistett
2025-05-18-Velbert_Hardenberg,2025-05-18,3. Spieltag der NBV Landesliga 2,Velbert,2025-05-18-Velbert_Hardenberg
2025-05-25-Bensheim,2025-05-25,3. Ranglistenspieltag / Mannschaftswettbewerb Senioren / Jugend im HBSV,Bensheim,2025-05-25-Bensheim
2025-05-31-Dormagen,2025-05-31,3. Fritz Lierenfeld - Gedächtnispokal,Dormagen,2025-05-31-Dormagen
2025-06-01-Bad_Bodendorf,2025-06-01,40. Rhein-Ahr-Pokalturnier,Bad Bodendorf,2025-06-01-Bad_Bodendorf
2025-06-08-Bildstock,2025-06-08,25. Hoferkopfturnier des BGC Bildstock,Friedrichsthal,2025-06-08-Bildstock
2025-06-08-Metzingen,2025-06-08,40. Sieben-Keltern-Turnier,Metzingen,2025-06-08-Metzingen
2025-06-08-Neheim_Hüsten,2025-06-08,Pfingstturnier beim MSK Neheim-Hüsten e.V.,Arnsberg,2025-06-08-Neheim_Hüsten
2025-06-15-Attendorn,2025-06-15,4. Spieltag der NBV-Kreisliga 6,Attendorn,2025-06-15-Attendorn
2025-06-15-Bad_Bodendorf,2025-06-15,4. Spieltag der NBV-Bezirksliga 1,Bad Bodendorf,2025-06-15-Bad_Bodendorf
2025-06-15-Bildstock,2025-06-15,3. Spieltag der MRP-Verbandsliga,Friedrichsthal,2025-06-15-Bildstock
2025-06-15-Büttgen,2025-06-15,4. Spieltag der NBV-Landesliga 2,Büttgen,2025-06-15-Büttgen
2025-06-15-Dormagen,2025-06-15,4. Spieltag der NBV-Kreisliga 2,Dormagen,2025-06-15-Dormagen
2025-06-15-Dudweiler,2025-06-15,4. Spieltag der MRP-Landesliga,Dudweiler,2025-06-15-Dudweiler
2025-06-15-Hilden,2025-06-15,4. Spieltag der 3. Bundesliga Nord Staffel 1,Hilden,2025-06-15-Hilden
2025-06-15-Inzlingen,2025-06-15,3. Spieltag der Verbandsliga Baden,Inzlingen,2025-06-15-Inzlingen
2025-06-15-Lünen,2025-06-15,4. Spieltag der NBV-Bezirksliga 3,Lünen,2025-06-15-Lünen
2025-06-15-Wanne_Eickel,2025-06-15,4. Spieltag der 2. Bundesliga Nord Staffel 1,Herne,2025-06-15-Wanne_Eickel
2025-06-20-Ingolstadt_Auwaldsee,2025-06-20,Bayerische Minigolfmeisterschaft 2025,Ingolstadt,2025-06-20-Ingolstadt_Auwaldsee
2025-06-20-Ingolstadt_Auwaldsee2,2025-06-20,Bayerische Minigolfmeisterschaft 2025,Ingolstadt,2025-06-20-Ingolstadt_Auwaldsee2
2025-07-06-Ingelfingen,2025-07-06,2. Spieltag der WBV-Verbandsliga,Ingelfingen,2025-07-06-Ingelfingen
2025-07-06-Waldshut,2025-07-06,Hochrhein-Pokal,Waldshut,2025-07-06-Waldshut
2025-07-06-Wolnzach,2025-07-06,39. Wolnzacher Hopfenperle-Pokalturnier,Wolnzach,2025-07-06-Wolnzach
2025-07-13-Ingolstadt_Baggersee,2025-07-13,Baggerseecup,Ingolstadt,2025-07-13-Ingolstadt_Baggersee
2025-07-19-Hilzingen,2025-07-19,26. Deutsche Minigolf-Meisterschaften,Hilzingen,2025-07-19-Hilzingen
2025-07-19-Hilzingen2,2025-07-19,26. Deutsche Minigolf-Meisterschaften,Hilzingen,2025-07-19-Hilzingen2
2025-07-20-Bad_Berneck,2025-07-20,15. Kurpark-Open 2025,Bad Berneck,2025-07-20-Bad_Berneck
2025-07-20-Harrislee,2025-07-20,30. GrenzCup,Harrislee,2025-07-20-Harrislee
2025-07-20-Karlsfeld,2025-07-20,Karlsfelder-See-Pokal des Münchener MGC,München,2025-07-20-Karlsfeld
2025-07-20-Landshut,2025-07-20,13. Oachkatzl-Cup 2025,Landshut,2025-07-20-Landshut
2025-07-20-Rodalben,2025-07-20,Dieter & Uwe Boltze Gedächtnisturnier,Rodalben,2025-07-20-Rodalben
2025-07-27-Essen_Vogelheim,2025-07-27,5. Spieltag NBV-Landesliga 1,Essen,2025-07-27-Essen_Vogelheim
2025-07-27-Gladbeck,2025-07-27,5. Spieltag NBV-Kreisliga 5,Gladbeck,2025-07-27-Gladbeck
2025-07-27-Harrislee,2025-07-27,4. Spieltag Verbandsliga Schleswig-Holstein,Harrislee,2025-07-27-Harrislee
2025-07-27-Karlsfeld,2025-07-27,3. Spieltag Landesliga MItte des BMV,München,2025-07-27-Karlsfeld
2025-07-27-Kerpen,2025-07-27,5. Spieltag NBV-Landesliga 2,Kerpen,2025-07-27-Kerpen
2025-07-27-Rodalben,2025-07-27,4. Spieltag MRP Verbandsliga,Rodalben,2025-07-27-Rodalben
2025-07-27-Schriesheim,2025-07-27,4. Spieltag 3. Bundesliga Süd Staffel 1,Schriesheim,2025-07-27-Schriesheim
2025-07-27-Schriesheim2,2025-07-27,3. Spieltag 3. Bundesliga Süd Staffel 2,Schriesheim,2025-07-27-Schriesheim2
2025-07-27-Tütebelle,2025-07-27,5. Spieltag NBV-Bezirksliga 4,Hemer,2025-07-27-Tütebelle
2025-07-27-Ulm,2025-07-27,3. Spieltag 3. Bundesliga Süd Staffel 3,Ulm,2025-07-27-Ulm
2025-07-27-Wanne_Eickel,2025-07-27,5. Spieltag NBV-Bezirksliga 3,Herne,2025-07-27-Wanne_Eickel
2025-07-27-Wermelskirchen,2025-07-27,5. Spieltag NBV-Beziksliga 1,Wermelskirchen,2025-07-27-Wermelskirchen
2025-08-03-Höchberg,2025-08-03,33. Höchberger Krackenturnier 2025,Höchberg,2025-08-03-Höchberg
2025-08-03-Straßlach,2025-08-03,53. Münchner-Kindl-Pokal-Turnier,Straßlach,2025-08-03-Straßlach
2025-08-10-Wertheim,2025-08-10,Wertheimer Kanne (Pokalturnier),Wertheim,2025-08-10-Wertheim
2025-08-24-Bamberg,2025-08-24,22. Fun-Sports Cup 2025,Bamberg,2025-08-24-Bamberg
2025-08-31-Bochum_Langendreer,2025-08-31,33. Kohlenpott-Cup 2025,Bochum,2025-08-31-Bochum_Langendreer
2025-09-07-Cuxhaven,2025-09-07,5. Spieltag 3. Bundesliga Nord Staffel 2,Cuxhaven,2025-09-07-Cuxhaven
2025-09-07-Dormagen_Hackenbroich,2025-09-07,6. Spieltag 2. Bundesliga Nord Staffel 1,Dormagen,2025-09-07-Dormagen_Hackenbroich
2025-09-07-Gladbeck,2025-09-07,5. Spieltag 3. Bundesliga Nord Staffel 1,Gladbeck,2025-09-07-Gladbeck
2025-09-07-Hammer,2025-09-07,4. Spieltag 3. Bundesliga Süd Staffel 3,Hammer,2025-09-07-Hammer
2025-09-07-Herten,2025-09-07,5. Spieltag 2. Bundesliga Nord Staffel 2,Herten,2025-09-07-Herten
2025-09-07-Lünen,2025-09-07,61. Syburg Cup,Lünen,2025-09-07-Lünen
2025-09-07-Mainz_Hartenberg,2025-09-07,5. Spieltag MRP Verbandsliga,Mainz,2025-09-07-Mainz_Hartenberg
2025-09-07-Oberkochen,2025-09-07,4. Spieltag WBV-Landesliga,Oberkochen,2025-09-07-Oberkochen
2025-09-07-Pegnitz,2025-09-07,4. Spieltag Landesliga Nord-Ost des BMV,Pegnitz,2025-09-07-Pegnitz
2025-09-07-Tuttlingen,2025-09-07,5. Spieltag Verbandsliga Baden,Tuttlingen,2025-09-07-Tuttlingen
2025-09-07-Wertheim,2025-09-07,4. Spieltag Landesliga Nord-West des BMV,Wertheim,2025-09-07-Wertheim
2025-09-07-Wolnzach,2025-09-07,3. Spieltag Landesliga Bayern-Donau Süd-Ost,Wolnzach,2025-09-07-Wolnzach
2025-09-14-Homburg_Stadtpark,2025-09-14,4. Karlsberg Cup,Homburg,2025-09-14-Homburg_Stadtpark
2025-09-14-Ingolstadt_Auwaldsee,2025-09-14,Nachholspieltag BMV Landesliga Donau und Süd-Ost,Ingolstadt,2025-09-14-Ingolstadt_Auwaldsee
2025-09-14-Kelheim,2025-09-14,3. Bundesliga Süd Staffel 3 (Nachholspieltag),Kelheim,2025-09-14-Kelheim
2025-09-21-Kerpen,2025-09-21,7. Josef Pecks Gedächtnisturnier,Kerpen,2025-09-21-Kerpen
2025-09-21-Murnau_See,2025-09-21,Staffelsee Pokal Turnier,Murnau,2025-09-21-Murnau_See
2025-09-28-Neutraubling,2025-09-28,Walhalla-Pokal 2025 - 50 Jahre BGC Neutraubling,Neutraubling,2025-09-28-Neutraubling
2025-10-12-Freudenstadt,2025-10-12,WBV-Adventuregolfrangliste,Freudenstadt,2025-10-12-Freudenstadt
2025-10-12-Kelheim,2025-10-12,Abschlussturnier Kelheim,Kelheim,2025-10-12-Kelheim
2025-12-13-Halver_Halle,2025-12-13,8. Halveraner Adventsturnier 2025,Halver,2025-12-13-Halver_Halle
